id_actif,actif,famille,groupe,site,zone,localisation,source,corrective_count,preventive_count,total_maintenance_count
1,Inclinomètre 1,Equipement d'instrumentation,Clinomètre,TM2,TM02,DPC MED2,preventive,0,1,1
2,Inclinomètre 2,Equipement d'instrumentation,Clinomètre,TM2,TM02,DPC MED2,preventive,0,1,1
3,Inclinomètre 3,Equipement d'instrumentation,Clinomètre,TM2,TM02,DPC MED2,preventive,0,1,1
4,Inclinomètre 4,Equipement d'instrumentation,Clinomètre,TM2,TM02,DPC MED2,preventive,0,1,1
5,Inclinomètre 5,Equipement d'instrumentation,Clinomètre,TM2,TM02,DPC MED2,preventive,0,1,1
6,Inclinomètre 6,Equipement d'instrumentation,Clinomètre,TM2,TM02,DPC MED2,preventive,0,1,1
7,Inclinomètre 7,Equipement d'instrumentation,Clinomètre,TM2,TM02,DPC MED2,preventive,0,1,1
8,Inclinomètre 8,Equipement d'instrumentation,Clinomètre,TM2,TM02,DPC MED2,preventive,0,1,1
9,Inclinomètre 9,Equipement d'instrumentation,Clinomètre,TM2,TM02,DPC MED2,preventive,0,1,1
10,Inclinomètre 10,Equipement d'instrumentation,Clinomètre,TM2,TM02,DPC MED2,preventive,0,1,1
11,Inclinomètre 11,Equipement d'instrumentation,Clinomètre,TM2,TM02,DPC MED2,preventive,0,1,1
12,Inclinomètre 12,Equipement d'instrumentation,Clinomètre,TM2,TM02,DPC MED2,preventive,0,1,1
13,Inclinomètre 13,Equipement d'instrumentation,Clinomètre,TM2,TM02,DPC MED2,preventive,0,1,1
14,Inclinomètre 14,Equipement d'instrumentation,Clinomètre,TM2,TM02,DPC MED2,preventive,0,1,1
15,Inclinomètre 15,Equipement d'instrumentation,Clinomètre,TM2,TM02,DPC MED2,preventive,0,1,1
16,Inclinomètre 16,Equipement d'instrumentation,Clinomètre,TM2,TM02,DPC MED2,preventive,0,1,1
17,Inclinomètre 17,Equipement d'instrumentation,Clinomètre,TM2,TM02,DPC MED2,preventive,0,1,1
18,Inclinomètre 18,Equipement d'instrumentation,Clinomètre,TM2,TM02,DPC MED2,"corrective, preventive",1,1,2
19,Inclinomètre 19,Equipement d'instrumentation,Clinomètre,TM2,TM02,DPC MED2,preventive,0,1,1
20,Inclinomètre 20,Equipement d'instrumentation,Clinomètre,TM2,TM02,DPC MED2,preventive,0,1,1
21,Inclinomètre 21,Equipement d'instrumentation,Clinomètre,TM2,TM02,DPC MED2,preventive,0,1,1
22,Inclinomètre 22,Equipement d'instrumentation,Clinomètre,TM2,TM02,DPC MED2,preventive,0,1,1
23,Inclinomètre 23,Equipement d'instrumentation,Clinomètre,TM2,TM02,DPC MED2,preventive,0,1,1
24,Inclinomètre 24,Equipement d'instrumentation,Clinomètre,TM2,TM02,DPC MED2,preventive,0,1,1
25,Inclinomètre 25,Equipement d'instrumentation,Clinomètre,TM2,TM02,DPC MED2,preventive,0,1,1
26,Inclinomètre 26,Equipement d'instrumentation,Clinomètre,TM2,TM02,DPC MED2,preventive,0,1,1
27,Joint-metre 1,Equipement d'instrumentation,Joint-metre,TM2,TM02,DPC MED2,preventive,0,1,1
28,Joint-metre 2,Equipement d'instrumentation,Joint-metre,TM2,TM02,DPC MED2,preventive,0,1,1
29,Joint-metre 3,Equipement d'instrumentation,Joint-metre,TM2,TM02,DPC MED2,preventive,0,1,1
30,Joint-metre 4,Equipement d'instrumentation,Joint-metre,TM2,TM02,DPC MED2,preventive,0,1,1
31,Joint-metre 5,Equipement d'instrumentation,Joint-metre,TM2,TM02,DPC MED2,preventive,0,1,1
32,Joint-metre 6,Equipement d'instrumentation,Joint-metre,TM2,TM02,DPC MED2,preventive,0,1,1
33,Joint-metre 7,Equipement d'instrumentation,Joint-metre,TM2,TM02,DPC MED2,preventive,0,1,1
34,Joint-metre 8,Equipement d'instrumentation,Joint-metre,TM2,TM02,DPC MED2,preventive,0,1,1
35,Joint-metre 9,Equipement d'instrumentation,Joint-metre,TM2,TM02,DPC MED2,preventive,0,1,1
36,Joint-metre 10,Equipement d'instrumentation,Joint-metre,TM2,TM02,DPC MED2,preventive,0,1,1
37,Joint-metre 11,Equipement d'instrumentation,Joint-metre,TM2,TM02,DPC MED2,preventive,0,1,1
38,Joint-metre 12,Equipement d'instrumentation,Joint-metre,TM2,TM02,DPC MED2,preventive,0,1,1
39,Joint-metre 13,Equipement d'instrumentation,Joint-metre,TM2,TM02,DPC MED2,preventive,0,1,1
40,Joint-metre 14,Equipement d'instrumentation,Joint-metre,TM2,TM02,DPC MED2,preventive,0,1,1
41,Joint-metre 15,Equipement d'instrumentation,Joint-metre,TM2,TM02,DPC MED2,preventive,0,1,1
42,Joint-metre 16,Equipement d'instrumentation,Joint-metre,TM2,TM02,DPC MED2,preventive,0,1,1
43,Joint-metre 17,Equipement d'instrumentation,Joint-metre,TM2,TM02,DPC MED2,preventive,0,1,1
44,Joint-metre 18,Equipement d'instrumentation,Joint-metre,TM2,TM02,DPC MED2,preventive,0,1,1
45,Joint-metre 19,Equipement d'instrumentation,Joint-metre,TM2,TM02,DPC MED2,preventive,0,1,1
46,Joint-metre 20,Equipement d'instrumentation,Joint-metre,TM2,TM02,DPC MED2,preventive,0,1,1
47,Joint-metre 21,Equipement d'instrumentation,Joint-metre,TM2,TM02,DPC MED2,preventive,0,1,1
48,Joint-metre 22,Equipement d'instrumentation,Joint-metre,TM2,TM02,DPC MED2,preventive,0,1,1
49,Joint-metre 23,Equipement d'instrumentation,Joint-metre,TM2,TM02,DPC MED2,preventive,0,1,1
50,Joint-metre 24,Equipement d'instrumentation,Joint-metre,TM2,TM02,DPC MED2,preventive,0,1,1
51,Joint-metre 25,Equipement d'instrumentation,Joint-metre,TM2,TM02,DPC MED2,preventive,0,1,1
52,Joint-metre 26,Equipement d'instrumentation,Joint-metre,TM2,TM02,DPC MED2,preventive,0,1,1
53,Joint-metre 27,Equipement d'instrumentation,Joint-metre,TM2,TM02,DPC MED2,preventive,0,1,1
54,Joint-metre 28,Equipement d'instrumentation,Joint-metre,TM2,TM02,DPC MED2,preventive,0,1,1
55,Joint-metre 29,Equipement d'instrumentation,Joint-metre,TM2,TM02,DPC MED2,preventive,0,1,1
56,Joint-metre 30,Equipement d'instrumentation,Joint-metre,TM2,TM02,DPC MED2,preventive,0,1,1
57,Joint-metre 31,Equipement d'instrumentation,Joint-metre,TM2,TM02,DPC MED2,preventive,0,1,1
58,Joint-metre 32,Equipement d'instrumentation,Joint-metre,TM2,TM02,DPC MED2,preventive,0,1,1
59,Joint-metre 33,Equipement d'instrumentation,Joint-metre,TM2,TM02,DPC MED2,preventive,0,1,1
60,Joint-metre 34,Equipement d'instrumentation,Joint-metre,TM2,TM02,DPC MED2,preventive,0,1,1
61,Joint-metre 35,Equipement d'instrumentation,Joint-metre,TM2,TM02,DPC MED2,preventive,0,1,1
62,Joint-metre 36,Equipement d'instrumentation,Joint-metre,TM2,TM02,DPC MED2,preventive,0,1,1
63,Joint-metre 37,Equipement d'instrumentation,Joint-metre,TM2,TM02,DPC MED2,preventive,0,1,1
64,Joint-metre 38,Equipement d'instrumentation,Joint-metre,TM2,TM02,DPC MED2,preventive,0,1,1
65,Joint-metre 39,Equipement d'instrumentation,Joint-metre,TM2,TM02,DPC MED2,preventive,0,1,1
66,Joint-metre 40,Equipement d'instrumentation,Joint-metre,TM2,TM02,DPC MED2,preventive,0,1,1
67,Joint-metre 41,Equipement d'instrumentation,Joint-metre,TM2,TM02,DPC MED2,preventive,0,1,1
68,Joint-metre 42,Equipement d'instrumentation,Joint-metre,TM2,TM02,DPC MED2,preventive,0,1,1
69,Joint-metre 43,Equipement d'instrumentation,Joint-metre,TM2,TM02,DPC MED2,preventive,0,1,1
70,Joint-metre 44,Equipement d'instrumentation,Joint-metre,TM2,TM02,DPC MED2,preventive,0,1,1
71,Joint-metre 45,Equipement d'instrumentation,Joint-metre,TM2,TM02,DPC MED2,preventive,0,1,1
72,Joint-metre 46,Equipement d'instrumentation,Joint-metre,TM2,TM02,DPC MED2,preventive,0,1,1
73,Joint-metre 47,Equipement d'instrumentation,Joint-metre,TM2,TM02,DPC MED2,preventive,0,1,1
74,Joint-metre 48,Equipement d'instrumentation,Joint-metre,TM2,TM02,DPC MED2,preventive,0,1,1
75,Joint-metre 49,Equipement d'instrumentation,Joint-metre,TM2,TM02,DPC MED2,preventive,0,1,1
76,Joint-metre 50,Equipement d'instrumentation,Joint-metre,TM2,TM02,DPC MED2,preventive,0,1,1
77,Joint-metre 51,Equipement d'instrumentation,Joint-metre,TM2,TM02,DPC MED2,preventive,0,1,1
78,Joint-metre 52,Equipement d'instrumentation,Joint-metre,TM2,TM02,DPC MED2,preventive,0,1,1
79,Joint-metre 53,Equipement d'instrumentation,Joint-metre,TM2,TM02,DPC MED2,preventive,0,1,1
80,Joint-metre 54,Equipement d'instrumentation,Joint-metre,TM2,TM02,DPC MED2,preventive,0,1,1
81,Joint-metre 55,Equipement d'instrumentation,Joint-metre,TM2,TM02,DPC MED2,preventive,0,1,1
82,Joint-metre 56,Equipement d'instrumentation,Joint-metre,TM2,TM02,DPC MED2,preventive,0,1,1
83,Joint-metre 57,Equipement d'instrumentation,Joint-metre,TM2,TM02,DPC MED2,preventive,0,1,1
84,Joint-metre 58,Equipement d'instrumentation,Joint-metre,TM2,TM02,DPC MED2,preventive,0,1,1
85,Joint-metre 59,Equipement d'instrumentation,Joint-metre,TM2,TM02,DPC MED2,preventive,0,1,1
86,Joint-metre 60,Equipement d'instrumentation,Joint-metre,TM2,TM02,DPC MED2,preventive,0,1,1
87,Joint-metre 61,Equipement d'instrumentation,Joint-metre,TM2,TM02,DPC MED2,preventive,0,1,1
88,Joint-metre 62,Equipement d'instrumentation,Joint-metre,TM2,TM02,DPC MED2,preventive,0,1,1
89,Joint-metre 63,Equipement d'instrumentation,Joint-metre,TM2,TM02,DPC MED2,preventive,0,1,1
90,Joint-metre 64,Equipement d'instrumentation,Joint-metre,TM2,TM02,DPC MED2,preventive,0,1,1
91,Joint-metre 65,Equipement d'instrumentation,Joint-metre,TM2,TM02,DPC MED2,preventive,0,1,1
92,Joint-metre 66,Equipement d'instrumentation,Joint-metre,TM2,TM02,DPC MED2,preventive,0,1,1
93,Joint-metre 67,Equipement d'instrumentation,Joint-metre,TM2,TM02,DPC MED2,preventive,0,1,1
94,Joint-metre 68,Equipement d'instrumentation,Joint-metre,TM2,TM02,DPC MED2,preventive,0,1,1
95,Joint-metre 69,Equipement d'instrumentation,Joint-metre,TM2,TM02,DPC MED2,preventive,0,1,1
96,Joint-metre 70,Equipement d'instrumentation,Joint-metre,TM2,TM02,DPC MED2,preventive,0,1,1
97,Joint-metre 71,Equipement d'instrumentation,Joint-metre,TM2,TM02,DPC MED2,preventive,0,1,1
98,Joint-metre 72,Equipement d'instrumentation,Joint-metre,TM2,TM02,DPC MED2,preventive,0,1,1
99,Joint-metre 73,Equipement d'instrumentation,Joint-metre,TM2,TM02,DPC MED2,preventive,0,1,1
100,Joint-metre 74,Equipement d'instrumentation,Joint-metre,TM2,TM02,DPC MED2,preventive,0,1,1
101,Joint-metre 75,Equipement d'instrumentation,Joint-metre,TM2,TM02,DPC MED2,preventive,0,1,1
102,Joint-metre 76,Equipement d'instrumentation,Joint-metre,TM2,TM02,DPC MED2,preventive,0,1,1
103,Joint-metre 77,Equipement d'instrumentation,Joint-metre,TM2,TM02,DPC MED2,preventive,0,1,1
104,Joint-metre 78,Equipement d'instrumentation,Joint-metre,TM2,TM02,DPC MED2,preventive,0,1,1
105,Joint-metre 79,Equipement d'instrumentation,Joint-metre,TM2,TM02,DPC MED2,preventive,0,1,1
106,Joint-metre 80,Equipement d'instrumentation,Joint-metre,TM2,TM02,DPC MED2,preventive,0,1,1
107,Joint-metre 81,Equipement d'instrumentation,Joint-metre,TM2,TM02,DPC MED2,preventive,0,1,1
108,Joint-metre 82,Equipement d'instrumentation,Joint-metre,TM2,TM02,DPC MED2,preventive,0,1,1
109,Joint-metre 83,Equipement d'instrumentation,Joint-metre,TM2,TM02,DPC MED2,preventive,0,1,1
110,Joint-metre 84,Equipement d'instrumentation,Joint-metre,TM2,TM02,DPC MED2,preventive,0,1,1
111,Joint-metre 85,Equipement d'instrumentation,Joint-metre,TM2,TM02,DPC MED2,preventive,0,1,1
112,Joint-metre 86,Equipement d'instrumentation,Joint-metre,TM2,TM02,DPC MED2,preventive,0,1,1
113,Joint-metre 87,Equipement d'instrumentation,Joint-metre,TM2,TM02,DPC MED2,preventive,0,1,1
114,Joint-metre 88,Equipement d'instrumentation,Joint-metre,TM2,TM02,DPC MED2,preventive,0,1,1
115,Joint-metre 89,Equipement d'instrumentation,Joint-metre,TM2,TM02,DPC MED2,preventive,0,1,1
116,Joint-metre 90,Equipement d'instrumentation,Joint-metre,TM2,TM02,DPC MED2,preventive,0,1,1
117,Joint-metre 91,Equipement d'instrumentation,Joint-metre,TM2,TM02,DPC MED2,preventive,0,1,1
118,Joint-metre 92,Equipement d'instrumentation,Joint-metre,TM2,TM02,DPC MED2,preventive,0,1,1
119,Joint-metre 93,Equipement d'instrumentation,Joint-metre,TM2,TM02,DPC MED2,preventive,0,1,1
120,Joint-metre 94,Equipement d'instrumentation,Joint-metre,TM2,TM02,DPC MED2,"corrective, preventive",1,1,2
121,Joint-metre 95,Equipement d'instrumentation,Joint-metre,TM2,TM02,DPC MED2,preventive,0,1,1
122,Joint-metre 96,Equipement d'instrumentation,Joint-metre,TM2,TM02,DPC MED2,preventive,0,1,1
123,Joint-metre 97,Equipement d'instrumentation,Joint-metre,TM2,TM02,DPC MED2,preventive,0,1,1
124,Joint-metre 98,Equipement d'instrumentation,Joint-metre,TM2,TM02,DPC MED2,preventive,0,1,1
125,Joint-metre 99,Equipement d'instrumentation,Joint-metre,TM2,TM02,DPC MED2,preventive,0,1,1
126,Pendule inversé 1,Equipement d'instrumentation,Pendule inversé,TM2,TM02,DPC MED2,preventive,0,1,1
127,Pendule inversé 2,Equipement d'instrumentation,Pendule inversé,TM2,TM02,DPC MED2,preventive,0,1,1
128,Pendule inversé 3,Equipement d'instrumentation,Pendule inversé,TM2,TM02,DPC MED2,preventive,0,1,1
129,Pendule inversé 4,Equipement d'instrumentation,Pendule inversé,TM2,TM02,DPC MED2,preventive,0,1,1
130,Pendule inversé 5,Equipement d'instrumentation,Pendule inversé,TM2,TM02,DPC MED2,preventive,0,1,1
131,Feu de guidage,Equipement de balisage maritime,Feu de guidage,TM2,TM02,Feu de guidage,preventive,0,1,1
132,Feu de musoir tribord,Equipement de balisage maritime,Feu de musoir tribord,TM2,TM02,Feu de musoir tribord,preventive,0,1,1
134,Feu de passe tribord,Equipement de balisage maritime,Feu de passe tribord,TM2,TM02,Feu de passe tribord,preventive,0,1,1
135,Feu de musoir babord,Equipement de balisage maritime,Feu de musoir babord,TM2,TM02,Feu de musoir babord,preventive,0,1,1
136,Feu de passe bâbord,Equipement de balisage maritime,Feu de passe babord,TM2,TM02,Feu de passe bâbord,preventive,0,1,1
137,Feu d'alignement musoir,Equipement de balisage maritime,Feu d'alignement,TM2,TM02,Feu d'alignement musoir,preventive,0,1,1
138,Feu d'alignement (Tenant extérieur),Equipement de balisage maritime,Feu d'alignement,TM2,TM02,DSC MED2,preventive,0,1,1
139,Feu d'extrémité musoir 1,Equipement de balisage maritime,Feu d'extrémité,TM2,TM02,Feu d'extrémité,preventive,0,1,1
140,Feu axe cercle d'evitage,Equipement de balisage maritime,Feu cercle d'evitage,TM2,TM02,DPC MED2,preventive,0,1,1
141,Feu axe début d'evitage ,Equipement de balisage maritime,Feu début cercle d'evitage,TM2,TM02,DPC MED2,preventive,0,1,1
142,Feu d'extrémité tenon,Equipement de balisage maritime,Feu d'extrémité,TM2,TM02,DPC MED2,preventive,0,1,1
143,Bouée maritime RM,Equipement de balisage maritime,Bouée maritime,TM2,TM02,Bouée maritime,preventive,0,1,1
144,Bouée maritime PI,Equipement de balisage maritime,Bouée maritime,TM2,TM02,Bouée maritime,preventive,0,1,1
146,Station météo Tenon TM2,Equipement météorologique et hydrographique,Station météo,TM2,TM02,DPC MED2,"corrective, preventive",2,1,3
148,Transformateur PC 1,Equipement de Protection cathodique,Transformateur protection cathodique,TM2,TM02,DPC MED2,corrective,1,0,1
177,Feu d'extrémité TCC,Equipement de balisage maritime,Feu d'extrémité,TM1,TM01,Feu d'extrémité,preventive,0,1,1
180,Feu de musoir bâbord,Equipement de balisage maritime,Feu de musoir babord,TM1,TM01,Feu de musoir bâbord,preventive,0,1,1
181,Feu de musoir tribord,Equipement de balisage maritime,Feu de musoir tribord,TM1,TM01,Feu de musoir tribord,"corrective, preventive",2,1,3
183,Feu de musoir tribord,Equipement de balisage maritime,Feu de musoir tribord,PPR,PPR01,Feu de musoir tribord,preventive,0,1,1
184,Feu de musoir babord,Equipement de balisage maritime,Feu de musoir babord,PPR,PPR01,Feu de musoir babord,preventive,0,1,1
186,Station météo Poste N1,Equipement météorologique et hydrographique,Station météo,PPR,PPR01,Poste N1,"corrective, preventive",1,1,2
187,Station météo Poste N4,Equipement météorologique et hydrographique,Station météo,PPR,PPR01,Poste N4,"corrective, preventive",1,1,2
188,Feu de quai bâbord rouge,Equipement de balisage maritime,Feu d'extrémité,PPR,PPR01,Feu d'extrémité,preventive,0,1,1
189,Feu d'extrémité quai 2 Blanc,Equipement de balisage maritime,Feu d'extrémité,PPR,PPR01,Feu d'extrémité,preventive,0,1,1
190,Feu d'extrémité quai 4 Blanc,Equipement de balisage maritime,Feu d'extrémité,PPR,PPR01,Feu d'extrémité,"corrective, preventive",1,1,2
191,Feu d'extrémité quai 6 Blanc,Equipement de balisage maritime,Feu d'extrémité,PPR,PPR01,Feu d'extrémité,preventive,0,1,1
192,Feu de quai tribord vert,Equipement de balisage maritime,Feu d'extrémité,PPR,PPR01,Feu d'extrémité,preventive,0,1,1
193,Bouée latérale rouge,Equipement de balisage maritime,Bouée maritime,TM1,TM01,Bouée maritime,preventive,0,1,1
194,Feu de l'ilot nord,Equipement de balisage maritime,Feu d'extrémité,TM1,TM01,Feu d'extrémité,preventive,0,1,1
224,Transformateur PC DPC 1,Equipement de Protection cathodique,Transformateur protection cathodique,TM1,TM01,DPC MED1,corrective,1,0,1
234,Transformateur PC TCC 1,Equipement de Protection cathodique,Transformateur protection cathodique,TM1,TM01,Car Carrier,corrective,1,0,1
238,Transformateur PC 12 Lot2,Equipement de Protection cathodique,Transformateur protection cathodique,TM1,TM01,Quai Vraquiers,corrective,2,0,2
239,Transformateur PC 13 Lot2,Equipement de Protection cathodique,Transformateur protection cathodique,TM1,TM01,Quai Vraquiers,corrective,3,0,3
240,Transformateur PC 14 Lot2,Equipement de Protection cathodique,Transformateur protection cathodique,TM1,TM01,Quai Vraquiers,corrective,1,0,1
241,Transformateur PC 15 Lot2,Equipement de Protection cathodique,Transformateur protection cathodique,TM1,TM01,Quai Vraquiers,corrective,1,0,1
243,Transformateur PC 1 JETTY 1-2,Equipement de Protection cathodique,Transformateur protection cathodique,PPR,PPR01,PPR,corrective,1,0,1
245,Transformateur PC 4 JETTY 7,Equipement de Protection cathodique,Transformateur protection cathodique,PPR,PPR01,PPR,corrective,1,0,1
253,Feu d'alignement antérieur-jour,Equipement de balisage maritime,Feu d'alignement,TM1,TM01,Feu d'alignement,preventive,0,1,1
254,Feu d'alignement postérieur-jour,Equipement de balisage maritime,Feu d'alignement,TM1,TM01,Feu d'alignement,preventive,0,1,1
255,Feu de guidage,Equipement de balisage maritime,Feu de guidage,TM1,TM01,Feu de guidage,"corrective, preventive",1,1,2
286,Voirie,Voies de circulation,Voie de roulement,TM1,ZEXT01,RN16,corrective,1,0,1
287,Voirie,Voies de circulation,Voie de roulement,TM1,ZEXT01,RN16,corrective,1,0,1
290,Voirie,Voies de circulation,Voie de roulement,TM1,ZEXT01,RN16,corrective,1,0,1
294,Voirie,Voies de circulation,Voie de roulement,TM1,TM01,Voirie,corrective,1,0,1
295,Voirie,Voies de circulation,Voie de roulement,TM1,ZEXT01,RN16,corrective,1,0,1
296,Voirie,Voies de circulation,Voie de roulement,TM1,ZEXT01,RN16,corrective,1,0,1
297,Voirie,Voies de circulation,Voie de roulement,TM1,TM01,Voirie,corrective,1,0,1
298,Voirie,Voies de circulation,Voie de roulement,TM1,ZEXT01,RN16,corrective,2,0,2
302,Voirie,Voies de circulation,Voie de roulement,TM1,ZEXT01,RN16,corrective,1,0,1
306,Voirie,Voies de circulation,Voie de roulement,TM1,TM01,Voirie,corrective,1,0,1
313,Voirie,Voies de circulation,Voie de roulement,TM1,ZEXT01,RN16,preventive,0,13,13
318,Voirie,Voies de circulation,Voie de roulement,TM1,TM01,Voirie,corrective,1,0,1
324,Voirie,Voies de circulation,Voie de roulement,TM1,TM01,Voirie,corrective,1,0,1
328,Voirie,Voies de circulation,Voie de roulement,PPR,PPR01,Voirie,corrective,1,0,1
336,Voirie,Voies de circulation,Voie de roulement,PPR,PPR01,Voirie,corrective,1,0,1
344,Voirie,Voies de circulation,Voie de roulement,TM1,TM01,Voirie,corrective,6,0,6
346,Voirie,Voies de circulation,Voie de roulement,TM1,TM01,Voirie,preventive,0,13,13
354,Voirie,Voies de circulation,Voie de roulement,TM1,TM01,Voirie,corrective,1,0,1
356,Voirie,Voies de circulation,Voie de roulement,TM1,TM01,Voirie,corrective,1,0,1
358,Voirie,Voies de circulation,Voie de roulement,TM1,TM01,Voirie,corrective,1,0,1
362,Voirie,Voies de circulation,Voie de roulement,PPR,PPR01,Voirie,corrective,1,0,1
364,Voirie,Voies de circulation,Voie de roulement,PPR,PPR01,Voirie,preventive,0,13,13
373,Voirie,Voies de circulation,Voie de roulement,PPR,PPR01,Voirie,corrective,1,0,1
375,Voirie,Voies de circulation,Voie de roulement,TM1,TM01,Voirie,corrective,1,0,1
383,Voirie,Voies de circulation,Voie de roulement,PPR,PPR01,Voirie,corrective,2,0,2
384,Voirie,Voies de circulation,Voie de roulement,PPR,PPR01,Voirie,corrective,5,0,5
389,Voirie,Voies de circulation,Voie de roulement,PPR,PPR01,Voirie,corrective,1,0,1
393,Voirie,Voies de circulation,Voie de roulement,TM1,TM01,Voirie,corrective,2,0,2
394,Voirie,Voies de circulation,Voie de roulement,PPR,PPR01,Voirie,corrective,3,0,3
396,Voirie,Voies de circulation,Voie de roulement,TM1,TM01,Voirie,corrective,1,0,1
409,Voirie,Voies de circulation,Voie de roulement,TM1,TM01,Voirie,corrective,1,0,1
419,Voirie,Voies de circulation,Voie de roulement,TM1,TM01,Voirie,corrective,1,0,1
420,Voirie,Voies de circulation,Voie de roulement,TM1,TM01,Voirie,corrective,1,0,1
424,Voirie,Voies de circulation,Voie de roulement,TM1,ZEXT01,RN16,corrective,1,0,1
425,Voirie,Voies de circulation,Voie de roulement,MEDHUB,ZFL01,Voirie,corrective,2,0,2
430,Voirie,Voies de circulation,Voie de roulement,MEDHUB,ZFL01,Voirie,corrective,1,0,1
432,Voirie,Voies de circulation,Voie de roulement,TM1,TM01,Voirie,corrective,1,0,1
433,Voirie,Voies de circulation,Voie de roulement,TM1,TM01,Voirie,corrective,1,0,1
437,Voirie,Voies de circulation,Voie de roulement,TM1,TM01,Voirie,corrective,2,0,2
447,Voirie,Voies de circulation,Voie de roulement,TM1,TM01,Voirie,corrective,2,0,2
455,Voirie,Voies de circulation,Voie de roulement,TM1,TM01,Voirie,corrective,2,0,2
462,Voirie,Voies de circulation,Voie de roulement,TM1,TM01,Voirie,corrective,1,0,1
463,Voirie,Voies de circulation,Voie de roulement,TM2,TM02,Voirie,corrective,4,0,4
465,Voirie,Voies de circulation,Voie de roulement,TM1,TM01,Voirie,corrective,1,0,1
467,Voirie,Voies de circulation,Voie de roulement,TM1,TM01,Voirie,corrective,2,0,2
469,Voirie,Voies de circulation,Voie de roulement,MEDHUB,ZFL01,Voirie,corrective,2,0,2
470,Voirie,Voies de circulation,Voie de roulement,TM1,TM01,Voirie,corrective,1,0,1
471,Voirie,Voies de circulation,Voie de roulement,TM1,TM01,Voirie,corrective,3,0,3
475,Voirie,Voies de circulation,Voie de roulement,TM1,TM01,Voirie,corrective,1,0,1
476,Voirie,Voies de circulation,Voie de roulement,TM1,TM01,Voirie,corrective,3,0,3
478,Voirie,Voies de circulation,Voie de roulement,TM1,TM01,Voirie,corrective,1,0,1
487,Voirie,Voies de circulation,Voie de roulement,TM1,TM01,Voirie,corrective,7,0,7
488,Voirie,Voies de circulation,Voie de roulement,PPR,PPR01,Voirie,corrective,2,0,2
489,Voirie,Voies de circulation,Voie de roulement,PPR,PPR01,Voirie,corrective,1,0,1
491,Voirie,Voies de circulation,Voie de roulement,TM1,TM01,Voirie,corrective,1,0,1
492,Voirie,Voies de circulation,Voie de roulement,TM2,TM02,Voirie,corrective,2,0,2
494,Voirie,Voies de circulation,Voie de roulement,TM1,TM01,Voirie,corrective,2,0,2
498,Voirie,Voies de circulation,Voie de roulement,TM1,TM01,Voirie,corrective,2,0,2
501,Voirie,Voies de circulation,Voie de roulement,PPR,PPR01,Voirie,corrective,2,0,2
505,Voirie,Voies de circulation,Voie de roulement,TM1,TM01,Voirie,corrective,1,0,1
506,Voirie,Voies de circulation,Voie de roulement,TM1,TM01,Voirie,corrective,3,0,3
507,Voirie,Voies de circulation,Voie de roulement,TM1,TM01,Voirie,corrective,2,0,2
509,Voirie,Voies de circulation,Voie de roulement,TM1,TM01,Voirie,corrective,1,0,1
514,Voirie,Voies de circulation,Voie de roulement,PPR,PPR01,Voirie,corrective,1,0,1
534,Voirie,Voies de circulation,Voie de roulement,TM1,TM01,Voirie,corrective,2,0,2
535,Voirie,Voies de circulation,Voie de roulement,TM1,TM01,Voirie,corrective,2,0,2
549,Voirie,Voies de circulation,Voie de roulement,TM1,ZEXT01,RN16,corrective,1,0,1
550,Voirie,Voies de circulation,Voie de roulement,TM1,ZEXT01,RN16,corrective,1,0,1
555,Voirie,Voies de circulation,Voie de roulement,TM2,TM02,Voirie,corrective,1,0,1
557,Voirie,Voies de circulation,Voie de roulement,TM2,TM02,Voirie,corrective,1,0,1
569,Voirie,Voies de circulation,Voie de roulement,TM1,TM01,Voirie,corrective,1,0,1
1380,Tronçon 1,Ouvrages de protection,Digue à talus,PPR,PPR01,Digue secondaire à talus 2,preventive,0,1,1
1391,Tronçon 2,Ouvrages de protection,Digue à talus,PPR,PPR01,Digue secondaire à talus 2,preventive,0,1,1
1401,Tronçon 1,Ouvrages de protection,Digue à talus,TM1,TM01,Digue secondaire à talus 1,preventive,0,1,1
1402,Tronçon 2,Ouvrages de protection,Digue à talus,TM1,TM01,Digue secondaire à talus 1,preventive,0,1,1
1452,Caisson 43,Ouvrages de protection,Digue à caisson,TM2,TM02,Digue principale à caisson 3,corrective,1,0,1
1566,Caisson 19,Ouvrages de protection,Digue à caisson,PPR,PPR01,Digue principale à caisson 2,corrective,2,0,2
1567,Caisson 20,Ouvrages de protection,Digue à caisson,PPR,PPR01,Digue principale à caisson 2,corrective,2,0,2
1568,Caisson 21,Ouvrages de protection,Digue à caisson,PPR,PPR01,Digue principale à caisson 2,corrective,1,0,1
1569,Caisson 22,Ouvrages de protection,Digue à caisson,PPR,PPR01,Digue principale à caisson 2,corrective,1,0,1
1570,Caisson 23,Ouvrages de protection,Digue à caisson,PPR,PPR01,Digue principale à caisson 2,corrective,1,0,1
1624,Tronçon 1,Ouvrages de chargement et déchargement,Quai de service,TM1,TM01,Quai de service 1,preventive,0,1,1
1625,Tronçon 2,Ouvrages de chargement et déchargement,Quai de service,TM1,TM01,Quai de service 1,"corrective, preventive",2,1,3
1627,Tronçon 1,Ouvrages de chargement et déchargement,Quai Vraquiers,TM1,TM01,Quai Vraquiers ,preventive,0,1,1
1628,Tronçon 2,Ouvrages de chargement et déchargement,Quai Vraquiers,TM1,TM01,Quai Vraquiers ,preventive,0,1,1
1640,Rampe d'accès 1,Ouvrages de chargement et déchargement,Rampes d'accès (OUV),PPR,PPR01,Rampe d'accès 1,preventive,0,1,1
1641,Rampe d'accès 2,Ouvrages de chargement et déchargement,Rampes d'accès (OUV),PPR,PPR01,Rampe d'accès 2,preventive,0,1,1
1642,Rampe d'accès 3,Ouvrages de chargement et déchargement,Rampes d'accès (OUV),PPR,PPR01,Rampe d'accès 3,preventive,0,1,1
1643,Rampe d'accès 4,Ouvrages de chargement et déchargement,Rampes d'accès (OUV),PPR,PPR01,Rampe d'accès 4,preventive,0,1,1
1644,Rampe d'accès 5,Ouvrages de chargement et déchargement,Rampes d'accès (OUV),PPR,PPR01,Rampe d'accès 5,preventive,0,1,1
1645,Rampe d'accès 6,Ouvrages de chargement et déchargement,Rampes d'accès (OUV),PPR,PPR01,Rampe d'accès 6,preventive,0,1,1
1646,Rampe d'accès 7,Ouvrages de chargement et déchargement,Rampes d'accès (OUV),PPR,PPR01,Rampe d'accès 7,preventive,0,1,1
1647,Rampe d'accès 8,Ouvrages de chargement et déchargement,Rampes d'accès (OUV),PPR,PPR01,Rampe d'accès 8,preventive,0,1,1
1653,Duc d'Albe 1,Ouvrages de chargement et déchargement,Duc d'Albe,PPR,PPR01,Duc d'Albe 1,preventive,0,1,1
1654,Duc d'Albe 2,Ouvrages de chargement et déchargement,Duc d'Albe,PPR,PPR01,Duc d'Albe 2,preventive,0,1,1
1655,Duc d'Albe 3,Ouvrages de chargement et déchargement,Duc d'Albe,PPR,PPR01,Duc d'Albe 3,preventive,0,1,1
1656,Duc d'Albe 4,Ouvrages de chargement et déchargement,Duc d'Albe,PPR,PPR01,Duc d'Albe 4,preventive,0,1,1
1657,Duc d'Albe 5,Ouvrages de chargement et déchargement,Duc d'Albe,PPR,PPR01,Duc d'Albe 5,preventive,0,1,1
1658,Pont cadre 1,Ouvrages d'arts,Pont cadre,TM1,TM01,Pont cadre 1,preventive,0,1,1
1659,Pont à poutre 10,Ouvrages d'arts,Pont à poutre,PPR,PPR01,Pont à poutre 10,preventive,0,1,1
1660,Pont à poutre 10bis,Ouvrages d'arts,Pont à poutre,PPR,PPR01,Pont à poutre 10bis,preventive,0,1,1
1661,Pont dalots 11,Ouvrages d'arts,Pont dalots,TM1,TM01,Pont dalots 11,preventive,0,1,1
1662,Pont dalots 13,Ouvrages d'arts,Pont dalots,TM1,TM01,Pont dalots 13,preventive,0,1,1
1663,Pont cadre 14,Ouvrages d'arts,Pont cadre,PPR,PPR01,Pont cadre 14,"corrective, preventive",1,1,2
1664,Pont à poutre 2,Ouvrages d'arts,Pont à poutre,TM1,TM01,Pont à poutre 2,preventive,0,1,1
1665,Pont dalots 3,Ouvrages d'arts,Pont dalots,TM1,TM01,Pont dalots 3,preventive,0,1,1
1666,Pont dalots 4,Ouvrages d'arts,Pont dalots,TM1,TM01,Pont dalots 4,preventive,0,1,1
1667,Pont dalots 5,Ouvrages d'arts,Pont dalots,TM1,TM01,Pont dalots 5,preventive,0,1,1
1668,Pont dalots 5B,Ouvrages d'arts,Pont dalots,TM1,TM01,Pont dalots 5B,preventive,0,1,1
1669,Pont à poutre 6,Ouvrages d'arts,Pont à poutre,TM1,TM01,Pont à poutre 6,preventive,0,1,1
1670,Pont dalots 7,Ouvrages d'arts,Pont dalots,TM1,TM01,Pont dalots 7,preventive,0,1,1
1671,Pont dalots 7bis,Ouvrages d'arts,Pont dalots,TM1,TM01,Pont dalots 7bis,preventive,0,1,1
1673,Pont cadre 9,Ouvrages d'arts,Pont cadre,PPR,PPR01,Pont cadre 9,preventive,0,1,1
1908,Plot 9,Ouvrages de chargement et déchargement,Quai flottent,TM2,TM02,Quai flottent N1,corrective,1,0,1
1930,Zone 8-1,Bassin,Bassin,TM2,TM02,Bassin TM2,preventive,0,89,89
1949,Tronçon 11,Ouvrages de soutènement,Clouée,TM2,TM02,Clouée 1 ,corrective,1,0,1
1951,Bornes de recharge vehicule electriques GATE 3,Equipement Electrique,Bornes de recharge,PPR,GATE3,GATE3,preventive,0,1,1
1954,Rampes Poste N3,"Equipement de sécurité, contôle et exploitation",Rampe mobile,PPR,PPR01,Poste N3,"corrective, preventive",1,92,93
1955,Rampes Poste N4,"Equipement de sécurité, contôle et exploitation",Rampe mobile,PPR,PPR01,Poste N4,preventive,0,92,92
1956,Potence QS,"Equipement de sécurité, contôle et exploitation",Potence,TM1,TM01,Quai de service ,corrective,1,0,1
1958,Feu d'alignement (Postérieur),Equipement de balisage maritime,Feu d'alignement,TM2,ZEXT01,Feu d'alignement,preventive,0,1,1
1959,Passerelle Simple Poste 1,"Equipement de sécurité, contôle et exploitation",Passerelle,PPR,PPR01,Poste N1,preventive,0,91,91
1960,Passerelle Simple Poste 3,"Equipement de sécurité, contôle et exploitation",Passerelle,PPR,PPR01,Poste N3,"corrective, preventive",1,91,92
1961,Passerelle Double Poste 4,"Equipement de sécurité, contôle et exploitation",Passerelle,PPR,PPR01,Poste N4,preventive,0,91,91
1962,Passerelle Double Poste 6,"Equipement de sécurité, contôle et exploitation",Passerelle,PPR,PPR01,Poste N6,"corrective, preventive",2,91,93
1963,Radar vitesse1 Voie périphérique PPR,Equipement de signalisation,Radar vitesse,TM1,TM01,Voie périphérique PPR,preventive,0,1,1
1964,Radar vitesse2 Voie périphérique PPR,Equipement de signalisation,Radar vitesse,TM1,TM01,Voie périphérique PPR,preventive,0,1,1
1965,Radar vitesse3 Voie périphérique TM1,Equipement de signalisation,Radar vitesse,TM1,TM01,Voie périphérique TM1,preventive,0,1,1
1966,Radar vitesse4 Voie périphérique TM1,Equipement de signalisation,Radar vitesse,TM1,TM01,Voie périphérique TM1,preventive,0,1,1
1967,Pont Bascule 60T 1 TMD,"Equipement de sécurité, contôle et exploitation",Pont bascule,TM1,TM01,TMD,corrective,1,0,1
1968,Pont Bascule 60T 2 TMD,"Equipement de sécurité, contôle et exploitation",Pont bascule,TM1,TM01,TMD,"corrective, preventive",1,1,2
1971,Pont Bascule 60T 1 SasImport,"Equipement de sécurité, contôle et exploitation",Pont bascule,TM1,SAS IMPORT,Sas Import,preventive,0,1,1
1972,Pont Bascule 1 60T SasExport,"Equipement de sécurité, contôle et exploitation",Pont bascule,TM1,SAS EXPORT,SAS EXPORT,corrective,1,0,1
1974,Pont Bascule 1 60T TerminalFerroviaire,"Equipement de sécurité, contôle et exploitation",Pont bascule,TM1,TM01,Terminal Ferroviaire,"corrective, preventive",2,1,3
1980,Portail 2 TMD,"Equipement de sécurité, contôle et exploitation",Portail,TM1,TM01,TMD,corrective,3,0,3
1981,Barrière 3 TC2,"Equipement de sécurité, contôle et exploitation",Barrière,TM1,TM01,TC2,preventive,0,2,2
1982,Barrière 1 TC2,"Equipement de sécurité, contôle et exploitation",Barrière,TM1,TM01,TC2,"corrective, preventive",2,2,4
1983,Barrière 2 TC2,"Equipement de sécurité, contôle et exploitation",Barrière,TM1,TM01,TC2,"corrective, preventive",1,2,3
1984,Barrière 4 TC2,"Equipement de sécurité, contôle et exploitation",Barrière,TM1,TM01,TC2,preventive,0,2,2
1985,Barrière 5 TC2,"Equipement de sécurité, contôle et exploitation",Barrière,TM1,TM01,TC2,"corrective, preventive",2,2,4
1986,Barrière 6 TC2,"Equipement de sécurité, contôle et exploitation",Barrière,TM1,TM01,TC2,preventive,0,2,2
1987,Barrière 1 Pont Howar,"Equipement de sécurité, contôle et exploitation",Barrière,TM1,TM01,Pont Houar,"corrective, preventive",1,2,3
1988,Barrière 2 Pont Howar,"Equipement de sécurité, contôle et exploitation",Barrière,TM1,TM01,Pont Houar,preventive,0,2,2
1989,Barrière 3 Pont Howar,"Equipement de sécurité, contôle et exploitation",Barrière,TM1,TM01,Pont Houar,"corrective, preventive",2,2,4
1990,Barrière 4 Pont Howar,"Equipement de sécurité, contôle et exploitation",Barrière,TM1,TM01,Pont Houar,preventive,0,2,2
1991,Barrière Entrée TM2,"Equipement de sécurité, contôle et exploitation",Barrière,TM2,TM02,TM2,preventive,0,2,2
1992,Barrière Sortie Gâte3,"Equipement de sécurité, contôle et exploitation",Barrière,PPR,GATE3,GATE3,"corrective, preventive",2,2,4
1993,Bollard 13 - 200T,"Equipement de sécurité, contôle et exploitation",Bollard,TM1,TM01,Quai Vraquiers,preventive,0,2,2
1994,Bollard 14 - 200T,"Equipement de sécurité, contôle et exploitation",Bollard,TM1,TM01,Quai Vraquiers,preventive,0,2,2
1995,Bollard 15 - 200T,Ouvrages d'amarrage et d'accostage,Bollard,TM2,TM02,Terminal à conteneurs 4 (TC4),preventive,0,1,1
1996,Bollard 16 - 200T,Ouvrages d'amarrage et d'accostage,Bollard,TM2,TM02,Terminal à conteneurs 4 (TC4),preventive,0,1,1
1997,Bollard 17 - 200T,Ouvrages d'amarrage et d'accostage,Bollard,TM2,TM02,Terminal à conteneurs 4 (TC4),preventive,0,1,1
1998,Bollard 18 - 200T,Ouvrages d'amarrage et d'accostage,Bollard,TM2,TM02,Terminal à conteneurs 4 (TC4),preventive,0,1,1
1999,Bollard 19 - 200T,Ouvrages d'amarrage et d'accostage,Bollard,TM2,TM02,Terminal à conteneurs 4 (TC4),preventive,0,1,1
2000,Bollard 20 - 200T,Ouvrages d'amarrage et d'accostage,Bollard,TM2,TM02,Terminal à conteneurs 4 (TC4),preventive,0,1,1
2001,Bollard 21 - 200T,Ouvrages d'amarrage et d'accostage,Bollard,TM2,TM02,Terminal à conteneurs 4 (TC4),preventive,0,1,1
2002,Bollard 22 - 200T,Ouvrages d'amarrage et d'accostage,Bollard,TM2,TM02,Terminal à conteneurs 4 (TC4),preventive,0,1,1
2003,Bollard 23 - 200T,Ouvrages d'amarrage et d'accostage,Bollard,TM2,TM02,Terminal à conteneurs 4 (TC4),preventive,0,1,1
2004,Bollard 24 - 200T,Ouvrages d'amarrage et d'accostage,Bollard,TM2,TM02,Terminal à conteneurs 4 (TC4),preventive,0,1,1
2005,Bollard 25 - 200T,Ouvrages d'amarrage et d'accostage,Bollard,TM2,TM02,Terminal à conteneurs 4 (TC4),preventive,0,1,1
2006,Bollard 26 - 200T,Ouvrages d'amarrage et d'accostage,Bollard,TM2,TM02,Terminal à conteneurs 4 (TC4),preventive,0,1,1
2007,Bollard 27 - 200T,Ouvrages d'amarrage et d'accostage,Bollard,TM2,TM02,Terminal à conteneurs 4 (TC4),preventive,0,1,1
2008,Bollard 28 - 200T,"Equipement de sécurité, contôle et exploitation",Bollard,TM1,SAS EXPORT,Batiment 4-G,"corrective, preventive",1,1,2
2009,Bollard 29 - 200T,Ouvrages d'amarrage et d'accostage,Bollard,TM2,TM02,Terminal à conteneurs 4 (TC4),preventive,0,1,1
2010,Porte Sectionnelle 5 (SasExport-Bat4-ZoneFrigo),"Equipement de sécurité, contôle et exploitation",Porte sectionnelle,TM1,SAS EXPORT,Batiment 4-G,"corrective, preventive",2,1,3
2011,Bollard 31 - 200T,Ouvrages d'amarrage et d'accostage,Bollard,TM2,TM02,Terminal à conteneurs 4 (TC4),preventive,0,1,1
2012,Bollard 32 - 200T,Ouvrages d'amarrage et d'accostage,Bollard,TM2,TM02,Terminal à conteneurs 4 (TC4),preventive,0,1,1
2013,Bollard 33 - 200T,Ouvrages d'amarrage et d'accostage,Bollard,TM2,TM02,Terminal à conteneurs 4 (TC4),preventive,0,1,1
2014,Bollard 34 - 200T,Ouvrages d'amarrage et d'accostage,Bollard,TM2,TM02,Terminal à conteneurs 4 (TC4),preventive,0,1,1
2015,Bollard 35 - 200T,"Equipement de sécurité, contôle et exploitation",Bollard,TM1,SAS EXPORT,Batiment 4-G,"corrective, preventive",1,1,2
2016,Bollard 36 - 200T,Ouvrages d'amarrage et d'accostage,Bollard,TM2,TM02,Terminal à conteneurs 4 (TC4),preventive,0,1,1
2017,Bollard 37 - 200T,Ouvrages d'amarrage et d'accostage,Bollard,TM2,TM02,Terminal à conteneurs 4 (TC4),preventive,0,1,1
2018,Bollard 38 - 200T,Ouvrages d'amarrage et d'accostage,Bollard,TM2,TM02,Terminal à conteneurs 4 (TC4),preventive,0,1,1
2019,Bollard 39 - 200T,"Equipement de sécurité, contôle et exploitation",Bollard,TM1,SAS EXPORT,Batiment 8-F,"corrective, preventive",1,1,2
2020,Bollard 40 - 200T,Ouvrages d'amarrage et d'accostage,Bollard,TM2,TM02,Terminal à conteneurs 4 (TC4),preventive,0,1,1
2021,Bollard 41 - 200T,Ouvrages d'amarrage et d'accostage,Bollard,TM2,TM02,Terminal à conteneurs 4 (TC4),preventive,0,1,1
2022,Bollard 42 - 200T,Ouvrages d'amarrage et d'accostage,Bollard,TM2,TM02,Terminal à conteneurs 4 (TC4),preventive,0,1,1
2023,Bollard 43 - 200T,Ouvrages d'amarrage et d'accostage,Bollard,TM2,TM02,Terminal à conteneurs 4 (TC4),preventive,0,1,1
2024,Bollard 44 - 200T,"Equipement de sécurité, contôle et exploitation",Bollard,TM1,SAS EXPORT,Batiment 8-F,"corrective, preventive",1,1,2
2025,Bollard 45 - 200T,"Equipement de sécurité, contôle et exploitation",Bollard,TM1,SAS EXPORT,Batiment 8-F,"corrective, preventive",1,1,2
2026,Bollard 46 - 200T,Ouvrages d'amarrage et d'accostage,Bollard,TM2,TM02,Terminal à conteneurs 4 (TC4),preventive,0,1,1
2027,Bollard 47 - 200T,"Equipement de sécurité, contôle et exploitation",Bollard,TM1,SAS EXPORT,Batiment 8-F,"corrective, preventive",1,1,2
2028,Bollard 48 - 200T,Ouvrages d'amarrage et d'accostage,Bollard,TM2,TM02,Terminal à conteneurs 4 (TC4),preventive,0,1,1
2029,Bollard 49 - 200T,Ouvrages d'amarrage et d'accostage,Bollard,TM2,TM02,Terminal à conteneurs 4 (TC4),preventive,0,1,1
2030,Bollard 50 - 200T,Ouvrages d'amarrage et d'accostage,Bollard,TM2,TM02,Terminal à conteneurs 4 (TC4),preventive,0,1,1
2031,Bollard 51 - 200T,Ouvrages d'amarrage et d'accostage,Bollard,TM2,TM02,Terminal à conteneurs 4 (TC4),preventive,0,1,1
2032,Bollard 52 - 200T,Ouvrages d'amarrage et d'accostage,Bollard,TM2,TM02,Terminal à conteneurs 4 (TC4),preventive,0,1,1
2033,Bollard 53 - 200T,Ouvrages d'amarrage et d'accostage,Bollard,TM2,TM02,Terminal à conteneurs 4 (TC4),preventive,0,1,1
2034,Bollard 54 - 200T,Ouvrages d'amarrage et d'accostage,Bollard,TM2,TM02,Terminal à conteneurs 4 (TC4),preventive,0,1,1
2035,Bollard 55 - 200T,Ouvrages d'amarrage et d'accostage,Bollard,TM2,TM02,Terminal à conteneurs 4 (TC4),preventive,0,1,1
2036,Bollard 56 - 200T,Ouvrages d'amarrage et d'accostage,Bollard,TM2,TM02,Terminal à conteneurs 4 (TC4),preventive,0,1,1
2037,Bollard 57 - 200T,"Equipement de sécurité, contôle et exploitation",Bollard,TM1,SAS IMPORT,Batiment Depotage,"corrective, preventive",1,1,2
2038,Bollard 58 - 200T,Ouvrages d'amarrage et d'accostage,Bollard,TM2,TM02,Terminal à conteneurs 4 (TC4),preventive,0,1,1
2039,Bollard 59 - 200T,Ouvrages d'amarrage et d'accostage,Bollard,TM2,TM02,Terminal à conteneurs 4 (TC4),preventive,0,1,1
2040,Bollard 60 - 200T,Ouvrages d'amarrage et d'accostage,Bollard,TM2,TM02,Terminal à conteneurs 4 (TC4),preventive,0,1,1
2041,Bollard 61 - 200T,Ouvrages d'amarrage et d'accostage,Bollard,TM2,TM02,Terminal à conteneurs 4 (TC4),preventive,0,1,1
2042,Bollard 62 - 200T,Ouvrages d'amarrage et d'accostage,Bollard,TM2,TM02,Terminal à conteneurs 4 (TC4),preventive,0,1,1
2043,Défense 01,Ouvrages d'amarrage et d'accostage,Défense,TM2,TM02,Terminal à conteneurs 4 (TC4),preventive,0,1,1
2044,Défense 02,Ouvrages d'amarrage et d'accostage,Défense,TM2,TM02,Terminal à conteneurs 4 (TC4),preventive,0,1,1
2045,Défense 03,Ouvrages d'amarrage et d'accostage,Défense,TM2,TM02,Terminal à conteneurs 4 (TC4),preventive,0,1,1
2046,Défense 04,Ouvrages d'amarrage et d'accostage,Défense,TM2,TM02,Terminal à conteneurs 4 (TC4),preventive,0,1,1
2047,Défense 05,Ouvrages d'amarrage et d'accostage,Défense,TM2,TM02,Terminal à conteneurs 4 (TC4),preventive,0,1,1
2048,Défense 06,Ouvrages d'amarrage et d'accostage,Défense,TM2,TM02,Terminal à conteneurs 4 (TC4),preventive,0,1,1
2049,Défense 07,Ouvrages d'amarrage et d'accostage,Défense,TM2,TM02,Terminal à conteneurs 4 (TC4),preventive,0,1,1
2050,Défense 08,"Equipement de sécurité, contôle et exploitation",Défense,TM1,SAS IMPORT,Batiment Depotage,"corrective, preventive",1,1,2
2051,Défense 09,Ouvrages d'amarrage et d'accostage,Défense,TM2,TM02,Terminal à conteneurs 4 (TC4),preventive,0,1,1
2052,Défense 10,Ouvrages d'amarrage et d'accostage,Défense,TM2,TM02,Terminal à conteneurs 4 (TC4),preventive,0,1,1
2053,Défense 11,Ouvrages d'amarrage et d'accostage,Défense,TM2,TM02,Terminal à conteneurs 4 (TC4),preventive,0,1,1
2054,Défense 12,Ouvrages d'amarrage et d'accostage,Défense,TM2,TM02,Terminal à conteneurs 4 (TC4),preventive,0,1,1
2055,Défense 13,Ouvrages d'amarrage et d'accostage,Défense,TM2,TM02,Terminal à conteneurs 4 (TC4),preventive,0,1,1
2056,Défense 14,Ouvrages d'amarrage et d'accostage,Défense,TM2,TM02,Terminal à conteneurs 4 (TC4),preventive,0,1,1
2057,Défense 15,Ouvrages d'amarrage et d'accostage,Défense,TM2,TM02,Terminal à conteneurs 4 (TC4),preventive,0,1,1
2058,Défense 16,Ouvrages d'amarrage et d'accostage,Défense,TM2,TM02,Terminal à conteneurs 4 (TC4),preventive,0,1,1
2059,Défense 17,Ouvrages d'amarrage et d'accostage,Défense,TM2,TM02,Terminal à conteneurs 4 (TC4),preventive,0,1,1
2060,Défense 18,Ouvrages d'amarrage et d'accostage,Défense,TM2,TM02,Terminal à conteneurs 4 (TC4),preventive,0,1,1
2061,Défense 19,"Equipement de sécurité, contôle et exploitation",Défense,TM1,SAS IMPORT,Batiment Depotage,"corrective, preventive",1,1,2
2062,Défense 20,Ouvrages d'amarrage et d'accostage,Défense,TM2,TM02,Terminal à conteneurs 4 (TC4),preventive,0,1,1
2063,Défense 21,Ouvrages d'amarrage et d'accostage,Défense,TM2,TM02,Terminal à conteneurs 4 (TC4),preventive,0,1,1
2064,Défense 22,Ouvrages d'amarrage et d'accostage,Défense,TM2,TM02,Terminal à conteneurs 4 (TC4),preventive,0,1,1
2065,Défense 23,Ouvrages d'amarrage et d'accostage,Défense,TM2,TM02,Terminal à conteneurs 4 (TC4),preventive,0,1,1
2066,Défense 24,Ouvrages d'amarrage et d'accostage,Défense,TM2,TM02,Terminal à conteneurs 4 (TC4),preventive,0,1,1
2067,Défense 25,Ouvrages d'amarrage et d'accostage,Défense,TM2,TM02,Terminal à conteneurs 4 (TC4),preventive,0,1,1
2068,Défense 26,Ouvrages d'amarrage et d'accostage,Défense,TM2,TM02,Terminal à conteneurs 4 (TC4),preventive,0,1,1
2069,Défense 27,Ouvrages d'amarrage et d'accostage,Défense,TM2,TM02,Terminal à conteneurs 4 (TC4),preventive,0,1,1
2070,Défense 28,Ouvrages d'amarrage et d'accostage,Défense,TM2,TM02,Terminal à conteneurs 4 (TC4),preventive,0,1,1
2071,Défense 29,Ouvrages d'amarrage et d'accostage,Défense,TM2,TM02,Terminal à conteneurs 4 (TC4),preventive,0,1,1
2072,Défense 30,Ouvrages d'amarrage et d'accostage,Défense,TM2,TM02,Terminal à conteneurs 4 (TC4),preventive,0,1,1
2073,Défense 31,Ouvrages d'amarrage et d'accostage,Défense,TM2,TM02,Terminal à conteneurs 4 (TC4),preventive,0,1,1
2074,Défense 32,Ouvrages d'amarrage et d'accostage,Défense,TM2,TM02,Terminal à conteneurs 4 (TC4),preventive,0,1,1
2075,Défense 33,Ouvrages d'amarrage et d'accostage,Défense,TM2,TM02,Terminal à conteneurs 4 (TC4),preventive,0,1,1
2076,Défense 34,Ouvrages d'amarrage et d'accostage,Défense,TM2,TM02,Terminal à conteneurs 4 (TC4),preventive,0,1,1
2077,Défense 35,Ouvrages d'amarrage et d'accostage,Défense,TM2,TM02,Terminal à conteneurs 4 (TC4),preventive,0,1,1
2078,Défense 36,Ouvrages d'amarrage et d'accostage,Défense,TM2,TM02,Terminal à conteneurs 4 (TC4),preventive,0,1,1
2079,Défense 37,Ouvrages d'amarrage et d'accostage,Défense,TM2,TM02,Terminal à conteneurs 4 (TC4),preventive,0,1,1
2080,Défense 38,Ouvrages d'amarrage et d'accostage,Défense,TM2,TM02,Terminal à conteneurs 4 (TC4),preventive,0,1,1
2081,Défense 39,Ouvrages d'amarrage et d'accostage,Défense,TM2,TM02,Terminal à conteneurs 4 (TC4),preventive,0,1,1
2082,Défense 40,Ouvrages d'amarrage et d'accostage,Défense,TM2,TM02,Terminal à conteneurs 4 (TC4),preventive,0,1,1
2083,Défense 41,Ouvrages d'amarrage et d'accostage,Défense,TM2,TM02,Terminal à conteneurs 4 (TC4),preventive,0,1,1
2084,Défense 42,Ouvrages d'amarrage et d'accostage,Défense,TM2,TM02,Terminal à conteneurs 4 (TC4),preventive,0,1,1
2085,Quai Niveleur 2 (SasExport-Bat4-ZoneFrigo),"Equipement de sécurité, contôle et exploitation",Quai niveleur,TM1,SAS EXPORT,Batiment 4-G,"corrective, preventive",3,1,4
2086,Défense 44,Ouvrages d'amarrage et d'accostage,Défense,TM2,TM02,Terminal à conteneurs 4 (TC4),preventive,0,1,1
2087,Défense 45,"Equipement de sécurité, contôle et exploitation",Défense,TM1,SAS EXPORT,Batiment 4-G,"corrective, preventive",1,1,2
2088,Défense 46,Ouvrages d'amarrage et d'accostage,Défense,TM2,TM02,Terminal à conteneurs 4 (TC4),preventive,0,1,1
2089,Défense 47,"Equipement de sécurité, contôle et exploitation",Défense,TM1,SAS EXPORT,Batiment 4-G,"corrective, preventive",1,1,2
2090,Défense 48,"Equipement de sécurité, contôle et exploitation",Défense,TM1,SAS EXPORT,Batiment 4-G,"corrective, preventive",1,1,2
2091,Défense 49,Ouvrages d'amarrage et d'accostage,Défense,TM2,TM02,Terminal à conteneurs 4 (TC4),preventive,0,1,1
2092,Défense 50,Ouvrages d'amarrage et d'accostage,Défense,TM2,TM02,Terminal à conteneurs 4 (TC4),preventive,0,1,1
2093,Défense 51,Ouvrages d'amarrage et d'accostage,Défense,TM2,TM02,Terminal à conteneurs 4 (TC4),preventive,0,1,1
2094,Défense 52,Ouvrages d'amarrage et d'accostage,Défense,TM2,TM02,Terminal à conteneurs 4 (TC4),preventive,0,1,1
2095,Défense 53,Ouvrages d'amarrage et d'accostage,Défense,TM2,TM02,Terminal à conteneurs 4 (TC4),preventive,0,1,1
2096,Défense 54,Ouvrages d'amarrage et d'accostage,Défense,TM2,TM02,Terminal à conteneurs 4 (TC4),preventive,0,1,1
2097,Défense 55,"Equipement de sécurité, contôle et exploitation",Défense,TM1,SAS EXPORT,Batiment 4-G,"corrective, preventive",1,1,2
2098,Défense 56,"Equipement de sécurité, contôle et exploitation",Défense,TM1,SAS EXPORT,Batiment 4-G,"corrective, preventive",1,1,2
2099,Défense 57,Ouvrages d'amarrage et d'accostage,Défense,TM2,TM02,Terminal à conteneurs 4 (TC4),preventive,0,1,1
2100,Défense 58,Ouvrages d'amarrage et d'accostage,Défense,TM2,TM02,Terminal à conteneurs 4 (TC4),preventive,0,1,1
2101,Défense 59,Ouvrages d'amarrage et d'accostage,Défense,TM2,TM02,Terminal à conteneurs 4 (TC4),preventive,0,1,1
2102,Défense 60,"Equipement de sécurité, contôle et exploitation",Défense,TM1,SAS EXPORT,Batiment 4-G,"corrective, preventive",1,1,2
2103,Défense 61,Ouvrages d'amarrage et d'accostage,Défense,TM2,TM02,Terminal à conteneurs 4 (TC4),preventive,0,1,1
2104,Défense 62,Ouvrages d'amarrage et d'accostage,Défense,TM2,TM02,Terminal à conteneurs 4 (TC4),preventive,0,1,1
2105,Défense 63,Ouvrages d'amarrage et d'accostage,Défense,TM2,TM02,Terminal à conteneurs 4 (TC4),preventive,0,1,1
2106,Défense 64,Ouvrages d'amarrage et d'accostage,Défense,TM2,TM02,Terminal à conteneurs 4 (TC4),preventive,0,1,1
2107,Défense 65,Ouvrages d'amarrage et d'accostage,Défense,TM2,TM02,Terminal à conteneurs 4 (TC4),preventive,0,1,1
2108,Défense 66,Ouvrages d'amarrage et d'accostage,Défense,TM2,TM02,Terminal à conteneurs 4 (TC4),preventive,0,1,1
2109,Défense 67,Ouvrages d'amarrage et d'accostage,Défense,TM2,TM02,Terminal à conteneurs 4 (TC4),preventive,0,1,1
2110,Défense 68,Ouvrages d'amarrage et d'accostage,Défense,TM2,TM02,Terminal à conteneurs 4 (TC4),preventive,0,1,1
2111,Défense 69,Ouvrages d'amarrage et d'accostage,Défense,TM2,TM02,Terminal à conteneurs 4 (TC4),preventive,0,1,1
2112,Défense 70,Ouvrages d'amarrage et d'accostage,Défense,TM2,TM02,Terminal à conteneurs 4 (TC4),preventive,0,1,1
2113,Défense 71,Ouvrages d'amarrage et d'accostage,Défense,TM2,TM02,Terminal à conteneurs 4 (TC4),preventive,0,1,1
2114,Défense 72,Ouvrages d'amarrage et d'accostage,Défense,TM2,TM02,Terminal à conteneurs 4 (TC4),preventive,0,1,1
2115,Défense 73,Ouvrages d'amarrage et d'accostage,Défense,TM2,TM02,Terminal à conteneurs 4 (TC4),preventive,0,1,1
2116,Défense 74,Ouvrages d'amarrage et d'accostage,Défense,TM2,TM02,Terminal à conteneurs 4 (TC4),preventive,0,1,1
2117,Défense 75,Ouvrages d'amarrage et d'accostage,Défense,TM2,TM02,Terminal à conteneurs 4 (TC4),preventive,0,1,1
2118,Défense 76,Ouvrages d'amarrage et d'accostage,Défense,TM2,TM02,Terminal à conteneurs 4 (TC4),preventive,0,1,1
2119,Défense 77,Ouvrages d'amarrage et d'accostage,Défense,TM2,TM02,Terminal à conteneurs 4 (TC4),preventive,0,1,1
2120,Défense 78,Ouvrages d'amarrage et d'accostage,Défense,TM2,TM02,Terminal à conteneurs 4 (TC4),preventive,0,1,1
2121,Défense 79,Ouvrages d'amarrage et d'accostage,Défense,TM2,TM02,Terminal à conteneurs 4 (TC4),preventive,0,1,1
2122,Défense 80,Ouvrages d'amarrage et d'accostage,Défense,TM2,TM02,Terminal à conteneurs 4 (TC4),preventive,0,1,1
2123,Défense 81,Ouvrages d'amarrage et d'accostage,Défense,TM2,TM02,Terminal à conteneurs 4 (TC4),preventive,0,1,1
2124,Défense 82,Ouvrages d'amarrage et d'accostage,Défense,TM2,TM02,Terminal à conteneurs 4 (TC4),preventive,0,1,1
2125,Défense 83,Ouvrages d'amarrage et d'accostage,Défense,TM2,TM02,Terminal à conteneurs 4 (TC4),preventive,0,1,1
2126,Défense 84,Ouvrages d'amarrage et d'accostage,Défense,TM2,TM02,Terminal à conteneurs 4 (TC4),preventive,0,1,1
2127,Défense 85,Ouvrages d'amarrage et d'accostage,Défense,TM2,TM02,Terminal à conteneurs 4 (TC4),preventive,0,1,1
2128,Défense 86,"Equipement de sécurité, contôle et exploitation",Défense,TM1,SAS IMPORT,Batiment Depotage,"corrective, preventive",1,1,2
2129,Défense 87,Ouvrages d'amarrage et d'accostage,Défense,TM2,TM02,Terminal à conteneurs 4 (TC4),preventive,0,1,1
2130,Défense 88,"Equipement de sécurité, contôle et exploitation",Défense,TM1,SAS IMPORT,Batiment Depotage,"corrective, preventive",1,1,2
2131,Défense 89,"Equipement de sécurité, contôle et exploitation",Défense,TM1,SAS IMPORT,Batiment Depotage,"corrective, preventive",1,1,2
2132,Défense 90,Ouvrages d'amarrage et d'accostage,Défense,TM2,TM02,Terminal à conteneurs 4 (TC4),preventive,0,1,1
2133,Défense 91,Ouvrages d'amarrage et d'accostage,Défense,TM2,TM02,Terminal à conteneurs 4 (TC4),preventive,0,1,1
2134,Défense 92,Ouvrages d'amarrage et d'accostage,Défense,TM2,TM02,Terminal à conteneurs 4 (TC4),preventive,0,1,1
2135,Défense 93,Ouvrages d'amarrage et d'accostage,Défense,TM2,TM02,Terminal à conteneurs 4 (TC4),preventive,0,1,1
2136,Défense 94,Ouvrages d'amarrage et d'accostage,Défense,TM2,TM02,Terminal à conteneurs 4 (TC4),preventive,0,1,1
2137,Défense 95,Ouvrages d'amarrage et d'accostage,Défense,TM2,TM02,Terminal à conteneurs 4 (TC4),preventive,0,1,1
2138,Défense 96,Ouvrages d'amarrage et d'accostage,Défense,TM2,TM02,Terminal à conteneurs 4 (TC4),preventive,0,1,1
2139,Défense 97,Ouvrages d'amarrage et d'accostage,Défense,TM2,TM02,Terminal à conteneurs 4 (TC4),preventive,0,1,1
2140,Défense 98,Ouvrages d'amarrage et d'accostage,Défense,TM2,TM02,Terminal à conteneurs 4 (TC4),preventive,0,1,1
2141,Défense 99,Ouvrages d'amarrage et d'accostage,Défense,TM2,TM02,Terminal à conteneurs 4 (TC4),preventive,0,1,1
2142,Quai Niveleur 14 (SasImport-DalleCentral-ZoneB),"Equipement de sécurité, contôle et exploitation",Quai niveleur,TM1,SAS IMPORT,Batiment Depotage,"corrective, preventive",2,1,3
2143,Défense 101,Ouvrages d'amarrage et d'accostage,Défense,TM2,TM02,Terminal à conteneurs 4 (TC4),preventive,0,1,1
2144,Défense 102,Ouvrages d'amarrage et d'accostage,Défense,TM2,TM02,Terminal à conteneurs 4 (TC4),preventive,0,1,1
2145,Emblème,Equipement Electrique,Emblème,TM1,ZEXT01,Emblème,"corrective, preventive",1,2,3
2146,Défense 104,Ouvrages d'amarrage et d'accostage,Défense,TM2,TM02,Terminal à conteneurs 4 (TC4),preventive,0,1,1
2147,Défense 105,Ouvrages d'amarrage et d'accostage,Défense,TM2,TM02,Terminal à conteneurs 4 (TC4),preventive,0,1,1
2148,Défense 106,Ouvrages d'amarrage et d'accostage,Défense,TM2,TM02,Terminal à conteneurs 4 (TC4),preventive,0,1,1
2149,Défense 107,Ouvrages d'amarrage et d'accostage,Défense,TM2,TM02,Terminal à conteneurs 4 (TC4),preventive,0,1,1
2150,Défense 108,Ouvrages d'amarrage et d'accostage,Défense,TM2,TM02,Terminal à conteneurs 4 (TC4),preventive,0,1,1
2151,Défense 109,Ouvrages d'amarrage et d'accostage,Défense,TM2,TM02,Terminal à conteneurs 4 (TC4),preventive,0,1,1
2152,Défense 110,Ouvrages d'amarrage et d'accostage,Défense,TM2,TM02,Terminal à conteneurs 4 (TC4),preventive,0,1,1
2153,Défense 111,Ouvrages d'amarrage et d'accostage,Défense,TM2,TM02,Terminal à conteneurs 4 (TC4),preventive,0,1,1
2154,Défense 112,Ouvrages d'amarrage et d'accostage,Défense,TM2,TM02,Terminal à conteneurs 4 (TC4),preventive,0,1,1
2155,Défense 113,Ouvrages d'amarrage et d'accostage,Défense,TM2,TM02,Terminal à conteneurs 4 (TC4),preventive,0,1,1
2156,Défense 114,Ouvrages d'amarrage et d'accostage,Défense,TM2,TM02,Terminal à conteneurs 4 (TC4),preventive,0,1,1
2157,Défense 115,Ouvrages d'amarrage et d'accostage,Défense,TM2,TM02,Terminal à conteneurs 4 (TC4),preventive,0,1,1
2158,Défense 116,Ouvrages d'amarrage et d'accostage,Défense,TM2,TM02,Terminal à conteneurs 4 (TC4),preventive,0,1,1
2159,Défense 117,Ouvrages d'amarrage et d'accostage,Défense,TM2,TM02,Terminal à conteneurs 4 (TC4),preventive,0,1,1
2160,Défense 118,Ouvrages d'amarrage et d'accostage,Défense,TM2,TM02,Terminal à conteneurs 4 (TC4),preventive,0,1,1
2161,Défense 119,Ouvrages d'amarrage et d'accostage,Défense,TM2,TM02,Terminal à conteneurs 4 (TC4),preventive,0,1,1
2162,Défense 120,Ouvrages d'amarrage et d'accostage,Défense,TM2,TM02,Terminal à conteneurs 4 (TC4),preventive,0,1,1
2163,Défense 121,Ouvrages d'amarrage et d'accostage,Défense,TM2,TM02,Terminal à conteneurs 4 (TC4),preventive,0,1,1
2164,Défense 122,Ouvrages d'amarrage et d'accostage,Défense,TM2,TM02,Terminal à conteneurs 4 (TC4),preventive,0,1,1
2165,Défense 123,Ouvrages d'amarrage et d'accostage,Défense,TM2,TM02,Terminal à conteneurs 4 (TC4),preventive,0,1,1
2166,Défense 124,Ouvrages d'amarrage et d'accostage,Défense,TM2,TM02,Terminal à conteneurs 4 (TC4),preventive,0,1,1
2167,Bollard 01 - 100T,Ouvrages d'amarrage et d'accostage,Bollard,TM2,TM02,Quai de service 2,preventive,0,1,1
2168,Bollard 02 - 100T,Ouvrages d'amarrage et d'accostage,Bollard,TM2,TM02,Quai de service 2,preventive,0,1,1
2169,Bollard 03 - 100T,Ouvrages d'amarrage et d'accostage,Bollard,TM2,TM02,Quai de service 2,preventive,0,1,1
2170,Bollard 04 - 100T,Ouvrages d'amarrage et d'accostage,Bollard,TM2,TM02,Quai de service 2,preventive,0,1,1
2171,Bollard 05 - 100T,Ouvrages d'amarrage et d'accostage,Bollard,TM2,TM02,Quai de service 2,preventive,0,1,1
2172,Bollard 06 - 100T,Ouvrages d'amarrage et d'accostage,Bollard,TM2,TM02,Quai de service 2,preventive,0,1,1
2173,Bollard 07 - 100T,Ouvrages d'amarrage et d'accostage,Bollard,TM2,TM02,Quai de service 2,preventive,0,1,1
2174,Bollard 08 - 100T,Ouvrages d'amarrage et d'accostage,Bollard,TM2,TM02,Quai de service 2,preventive,0,1,1
2175,Bollard 09 - 100T,Equipement Electrique,Bollard,TM1,TM02,Quai de service 2,"corrective, preventive",1,1,2
2176,Bollard 10 - 100T,Ouvrages d'amarrage et d'accostage,Bollard,TM2,TM02,Quai de service 2,preventive,0,1,1
2177,Bollard 11 - 100T,Ouvrages d'amarrage et d'accostage,Bollard,TM2,TM02,Quai de service 2,preventive,0,1,1
2178,Bollard 12 - 100T,Ouvrages d'amarrage et d'accostage,Bollard,TM2,TM02,Quai de service 2,preventive,0,1,1
2179,Bollard 13 - 100T,Ouvrages d'amarrage et d'accostage,Bollard,TM2,TM02,Quai de service 2,preventive,0,1,1
2180,Défense 01,Ouvrages d'amarrage et d'accostage,Défense,TM2,TM02,Quai de service 2,preventive,0,1,1
2181,Défense 02,Ouvrages d'amarrage et d'accostage,Défense,TM2,TM02,Quai de service 2,preventive,0,1,1
2182,Défense 03,Ouvrages d'amarrage et d'accostage,Défense,TM2,TM02,Quai de service 2,preventive,0,1,1
2183,Défense 04,Ouvrages d'amarrage et d'accostage,Défense,TM2,TM02,Quai de service 2,preventive,0,1,1
2184,Défense 05,Ouvrages d'amarrage et d'accostage,Défense,TM2,TM02,Quai de service 2,preventive,0,1,1
2185,Défense 06,Ouvrages d'amarrage et d'accostage,Défense,TM2,TM02,Quai de service 2,preventive,0,1,1
2186,Défense 07,Ouvrages d'amarrage et d'accostage,Défense,TM2,TM02,Quai de service 2,preventive,0,1,1
2187,Défense 08,Ouvrages d'amarrage et d'accostage,Défense,TM2,TM02,Quai de service 2,preventive,0,1,1
2188,Défense 09,Ouvrages d'amarrage et d'accostage,Défense,TM2,TM02,Quai de service 2,preventive,0,1,1
2189,Défense 10,Ouvrages d'amarrage et d'accostage,Défense,TM2,TM02,Quai de service 2,preventive,0,1,1
2190,Défense 11,Ouvrages d'amarrage et d'accostage,Défense,TM2,TM02,Quai de service 2,preventive,0,1,1
2191,Défense 12,Ouvrages d'amarrage et d'accostage,Défense,TM2,TM02,Quai de service 2,preventive,0,1,1
2192,Défense 13,Ouvrages d'amarrage et d'accostage,Défense,TM2,TM02,Quai de service 2,preventive,0,1,1
2193,Défense 14,Ouvrages d'amarrage et d'accostage,Défense,TM2,TM02,Quai de service 2,preventive,0,1,1
2194,Défense 15,Ouvrages d'amarrage et d'accostage,Défense,TM2,TM02,Quai de service 2,preventive,0,1,1
2195,Défense 16,Ouvrages d'amarrage et d'accostage,Défense,TM2,TM02,Quai de service 2,preventive,0,1,1
2196,Défense 17,Ouvrages d'amarrage et d'accostage,Défense,TM2,TM02,Quai de service 2,preventive,0,1,1
2197,Défense 18,Ouvrages d'amarrage et d'accostage,Défense,TM2,TM02,Quai de service 2,preventive,0,1,1
2198,Défense 19,Ouvrages d'amarrage et d'accostage,Défense,TM2,TM02,Quai de service 2,preventive,0,1,1
2199,Défense 20,Ouvrages d'amarrage et d'accostage,Défense,TM2,TM02,Quai de service 2,preventive,0,1,1
2200,Défense 21,Ouvrages d'amarrage et d'accostage,Défense,TM2,TM02,Quai de service 2,preventive,0,1,1
2201,Défense 22,Ouvrages d'amarrage et d'accostage,Défense,TM2,TM02,Quai de service 2,preventive,0,1,1
2202,Défense 23,Ouvrages d'amarrage et d'accostage,Défense,TM2,TM02,Quai de service 2,preventive,0,1,1
2203,Défense 24,Ouvrages d'amarrage et d'accostage,Défense,TM2,TM02,Quai de service 2,preventive,0,1,1
2204,Défense 25,Ouvrages d'amarrage et d'accostage,Défense,TM2,TM02,Quai de service 2,preventive,0,1,1
2238,Défense 201,Ouvrages d'amarrage et d'accostage,Défense,TM2,TM02,Terminal à conteneurs 3 (TC3),preventive,0,1,1
2239,Défense 202,Ouvrages d'amarrage et d'accostage,Défense,TM2,TM02,Terminal à conteneurs 3 (TC3),preventive,0,1,1
2240,Défense 203,Ouvrages d'amarrage et d'accostage,Défense,TM2,TM02,Terminal à conteneurs 3 (TC3),preventive,0,1,1
2241,Défense 204,Ouvrages d'amarrage et d'accostage,Défense,TM2,TM02,Terminal à conteneurs 3 (TC3),preventive,0,1,1
2242,Défense 205,Ouvrages d'amarrage et d'accostage,Défense,TM2,TM02,Terminal à conteneurs 3 (TC3),preventive,0,1,1
2243,Défense 206,Ouvrages d'amarrage et d'accostage,Défense,TM2,TM02,Terminal à conteneurs 3 (TC3),preventive,0,1,1
2244,Défense 207,Ouvrages d'amarrage et d'accostage,Défense,TM2,TM02,Terminal à conteneurs 3 (TC3),preventive,0,1,1
2245,Défense 208,Ouvrages d'amarrage et d'accostage,Défense,TM2,TM02,Terminal à conteneurs 3 (TC3),preventive,0,1,1
2246,Défense 209,Ouvrages d'amarrage et d'accostage,Défense,TM2,TM02,Terminal à conteneurs 3 (TC3),preventive,0,1,1
2247,Défense 210,Ouvrages d'amarrage et d'accostage,Défense,TM2,TM02,Terminal à conteneurs 3 (TC3),preventive,0,1,1
2248,Défense 211,Ouvrages d'amarrage et d'accostage,Défense,TM2,TM02,Terminal à conteneurs 3 (TC3),preventive,0,1,1
2249,Défense 212,Ouvrages d'amarrage et d'accostage,Défense,TM2,TM02,Terminal à conteneurs 3 (TC3),preventive,0,1,1
2250,Défense 213,Ouvrages d'amarrage et d'accostage,Défense,TM2,TM02,Terminal à conteneurs 3 (TC3),preventive,0,1,1
2251,Défense 214,Ouvrages d'amarrage et d'accostage,Défense,TM2,TM02,Terminal à conteneurs 3 (TC3),preventive,0,1,1
2252,Défense 215,Ouvrages d'amarrage et d'accostage,Défense,TM2,TM02,Terminal à conteneurs 3 (TC3),preventive,0,1,1
2253,Défense 216,Ouvrages d'amarrage et d'accostage,Défense,TM2,TM02,Terminal à conteneurs 3 (TC3),preventive,0,1,1
2254,Défense 217,Ouvrages d'amarrage et d'accostage,Défense,TM2,TM02,Terminal à conteneurs 3 (TC3),preventive,0,1,1
2255,Défense 218,Ouvrages d'amarrage et d'accostage,Défense,TM2,TM02,Terminal à conteneurs 3 (TC3),preventive,0,1,1
2256,Défense 219,Equipement de balisage maritime,Défense,TM1,TM01,Feu à secteur,preventive,0,2,2
2257,Défense 220,Equipement de balisage maritime,Défense,TM2,TM02,Feu de guidage,preventive,0,2,2
2258,Défense 221,Equipement de balisage maritime,Défense,TM2,TM01,Feu d'alignement,preventive,0,2,2
2259,Défense 222,Ouvrages d'amarrage et d'accostage,Défense,TM2,TM02,Terminal à conteneurs 3 (TC3),preventive,0,1,1
2260,Défense 223,Ouvrages d'amarrage et d'accostage,Défense,TM2,TM02,Terminal à conteneurs 3 (TC3),preventive,0,1,1
2261,Défense 224,Ouvrages d'amarrage et d'accostage,Défense,TM2,TM02,Terminal à conteneurs 3 (TC3),preventive,0,1,1
2262,Défense 225,Ouvrages d'amarrage et d'accostage,Défense,TM2,TM02,Terminal à conteneurs 3 (TC3),preventive,0,1,1
2263,Défense 226,Ouvrages d'amarrage et d'accostage,Défense,TM2,TM02,Terminal à conteneurs 3 (TC3),preventive,0,1,1
2264,Défense 227,Ouvrages d'amarrage et d'accostage,Défense,TM2,TM02,Terminal à conteneurs 3 (TC3),preventive,0,1,1
2265,Défense 228,Ouvrages d'amarrage et d'accostage,Défense,TM2,TM02,Terminal à conteneurs 3 (TC3),preventive,0,1,1
2266,Défense 229,Ouvrages d'amarrage et d'accostage,Défense,TM2,TM02,Terminal à conteneurs 3 (TC3),preventive,0,1,1
2267,Défense 230,Ouvrages d'amarrage et d'accostage,Défense,TM2,TM02,Terminal à conteneurs 3 (TC3),preventive,0,1,1
2268,Défense 231,Ouvrages d'amarrage et d'accostage,Défense,TM2,TM02,Terminal à conteneurs 3 (TC3),preventive,0,1,1
2269,Défense 232,Ouvrages d'amarrage et d'accostage,Défense,TM2,TM02,Terminal à conteneurs 3 (TC3),preventive,0,1,1
2270,Défense 233,Ouvrages d'amarrage et d'accostage,Défense,TM2,TM02,Terminal à conteneurs 3 (TC3),preventive,0,1,1
2271,Défense 234,Ouvrages d'amarrage et d'accostage,Défense,TM2,TM02,Terminal à conteneurs 3 (TC3),preventive,0,1,1
2272,Défense 235,Ouvrages d'amarrage et d'accostage,Défense,TM2,TM02,Terminal à conteneurs 3 (TC3),preventive,0,1,1
2273,Défense 236,Ouvrages d'amarrage et d'accostage,Défense,TM2,TM02,Terminal à conteneurs 3 (TC3),preventive,0,1,1
2274,Défense 237,Ouvrages d'amarrage et d'accostage,Défense,TM2,TM02,Terminal à conteneurs 3 (TC3),preventive,0,1,1
2275,Défense 238,Ouvrages d'amarrage et d'accostage,Défense,TM2,TM02,Terminal à conteneurs 3 (TC3),preventive,0,1,1
2276,Défense 239,Ouvrages d'amarrage et d'accostage,Défense,TM2,TM02,Terminal à conteneurs 3 (TC3),preventive,0,1,1
2277,Défense 240,Ouvrages d'amarrage et d'accostage,Défense,TM2,TM02,Terminal à conteneurs 3 (TC3),preventive,0,1,1
2278,Défense 241,Ouvrages d'amarrage et d'accostage,Défense,TM2,TM02,Terminal à conteneurs 3 (TC3),preventive,0,1,1
2279,Défense 242,Ouvrages d'amarrage et d'accostage,Défense,TM2,TM02,Terminal à conteneurs 3 (TC3),preventive,0,1,1
2280,Défense 243,Ouvrages d'amarrage et d'accostage,Défense,TM2,TM02,Terminal à conteneurs 3 (TC3),preventive,0,1,1
2281,Défense 244,Ouvrages d'amarrage et d'accostage,Défense,TM2,TM02,Terminal à conteneurs 3 (TC3),preventive,0,1,1
2282,Défense 245,Ouvrages d'amarrage et d'accostage,Défense,TM2,TM02,Terminal à conteneurs 3 (TC3),preventive,0,1,1
2283,Défense 246,Ouvrages d'amarrage et d'accostage,Défense,TM2,TM02,Terminal à conteneurs 3 (TC3),preventive,0,1,1
2284,Défense 247,Ouvrages d'amarrage et d'accostage,Défense,TM2,TM02,Terminal à conteneurs 3 (TC3),preventive,0,1,1
2285,Défense 248,Ouvrages d'amarrage et d'accostage,Défense,TM2,TM02,Terminal à conteneurs 3 (TC3),preventive,0,1,1
2286,Défense 249,Ouvrages d'amarrage et d'accostage,Défense,TM2,TM02,Terminal à conteneurs 3 (TC3),preventive,0,1,1
2287,Défense 250,Ouvrages d'amarrage et d'accostage,Défense,TM2,TM02,Terminal à conteneurs 3 (TC3),preventive,0,1,1
2288,Défense 251,Ouvrages d'amarrage et d'accostage,Défense,TM2,TM02,Terminal à conteneurs 3 (TC3),preventive,0,1,1
2289,Défense 252,Ouvrages d'amarrage et d'accostage,Défense,TM2,TM02,Terminal à conteneurs 3 (TC3),preventive,0,1,1
2290,Défense 253,Ouvrages d'amarrage et d'accostage,Défense,TM2,TM02,Terminal à conteneurs 3 (TC3),preventive,0,1,1
2291,Défense 254,Ouvrages d'amarrage et d'accostage,Défense,TM2,TM02,Terminal à conteneurs 3 (TC3),preventive,0,1,1
2292,Défense 255,Ouvrages d'amarrage et d'accostage,Défense,TM2,TM02,Terminal à conteneurs 3 (TC3),preventive,0,1,1
2293,Défense 256,Ouvrages d'amarrage et d'accostage,Défense,TM2,TM02,Terminal à conteneurs 3 (TC3),preventive,0,1,1
2294,Défense 257,Ouvrages d'amarrage et d'accostage,Défense,TM2,TM02,Terminal à conteneurs 3 (TC3),preventive,0,1,1
2295,Défense 258,Ouvrages d'amarrage et d'accostage,Défense,TM2,TM02,Terminal à conteneurs 3 (TC3),preventive,0,1,1
2296,Défense 259,Ouvrages d'amarrage et d'accostage,Défense,TM2,TM02,Terminal à conteneurs 3 (TC3),preventive,0,1,1
2297,Défense 260,Ouvrages d'amarrage et d'accostage,Défense,TM2,TM02,Terminal à conteneurs 3 (TC3),preventive,0,1,1
2298,Défense 261,Ouvrages d'amarrage et d'accostage,Défense,TM2,TM02,Terminal à conteneurs 3 (TC3),preventive,0,1,1
2299,Défense 262,Ouvrages d'amarrage et d'accostage,Défense,TM2,TM02,Terminal à conteneurs 3 (TC3),preventive,0,1,1
2300,Défense 263,Ouvrages d'amarrage et d'accostage,Défense,TM2,TM02,Terminal à conteneurs 3 (TC3),preventive,0,1,1
2301,Défense 264,Ouvrages d'amarrage et d'accostage,Défense,TM2,TM02,Terminal à conteneurs 3 (TC3),preventive,0,1,1
2302,Défense 265,Ouvrages d'amarrage et d'accostage,Défense,TM2,TM02,Terminal à conteneurs 3 (TC3),preventive,0,1,1
2303,Défense 266,Ouvrages d'amarrage et d'accostage,Défense,TM2,TM02,Terminal à conteneurs 3 (TC3),preventive,0,1,1
2304,Défense 267,Ouvrages d'amarrage et d'accostage,Défense,TM2,TM02,Terminal à conteneurs 3 (TC3),preventive,0,1,1
2305,Défense 268,Ouvrages d'amarrage et d'accostage,Défense,TM2,TM02,Terminal à conteneurs 3 (TC3),preventive,0,1,1
2306,Défense 269,Ouvrages d'amarrage et d'accostage,Défense,TM2,TM02,Terminal à conteneurs 3 (TC3),preventive,0,1,1
2307,Défense 270,Ouvrages d'amarrage et d'accostage,Défense,TM2,TM02,Terminal à conteneurs 3 (TC3),preventive,0,1,1
2308,Défense 271,Ouvrages d'amarrage et d'accostage,Défense,TM2,TM02,Terminal à conteneurs 3 (TC3),preventive,0,1,1
2309,Défense 272,Ouvrages d'amarrage et d'accostage,Défense,TM2,TM02,Terminal à conteneurs 3 (TC3),preventive,0,1,1
2310,Défense 273,Ouvrages d'amarrage et d'accostage,Défense,TM2,TM02,Terminal à conteneurs 3 (TC3),preventive,0,1,1
2311,Défense 274,Ouvrages d'amarrage et d'accostage,Défense,TM2,TM02,Terminal à conteneurs 3 (TC3),preventive,0,1,1
2312,Défense 275,Ouvrages d'amarrage et d'accostage,Défense,TM2,TM02,Terminal à conteneurs 3 (TC3),preventive,0,1,1
2313,Défense 276,Ouvrages d'amarrage et d'accostage,Défense,TM2,TM02,Terminal à conteneurs 3 (TC3),preventive,0,1,1
2314,Défense 277,Ouvrages d'amarrage et d'accostage,Défense,TM2,TM02,Terminal à conteneurs 3 (TC3),preventive,0,1,1
2315,Défense 278,Ouvrages d'amarrage et d'accostage,Défense,TM2,TM02,Terminal à conteneurs 3 (TC3),preventive,0,1,1
2316,Défense 279,Ouvrages d'amarrage et d'accostage,Défense,TM2,TM02,Terminal à conteneurs 3 (TC3),preventive,0,1,1
2317,Bollard 101 - 300T,Ouvrages d'amarrage et d'accostage,Bollard,TM2,TM02,Terminal à conteneurs 3 (TC3),preventive,0,1,1
2318,Bollard 102 - 300T,Ouvrages d'amarrage et d'accostage,Bollard,TM2,TM02,Terminal à conteneurs 3 (TC3),preventive,0,1,1
2319,Bollard 103 - 300T,Ouvrages d'amarrage et d'accostage,Bollard,TM2,TM02,Terminal à conteneurs 3 (TC3),preventive,0,1,1
2320,Bollard 104 - 300T,Ouvrages d'amarrage et d'accostage,Bollard,TM2,TM02,Terminal à conteneurs 3 (TC3),preventive,0,1,1
2321,Bollard 105 - 300T,Ouvrages d'amarrage et d'accostage,Bollard,TM2,TM02,Terminal à conteneurs 3 (TC3),preventive,0,1,1
2322,Bollard 106 - 300T,Ouvrages d'amarrage et d'accostage,Bollard,TM2,TM02,Terminal à conteneurs 3 (TC3),preventive,0,1,1
2323,Bollard 107 - 300T,Ouvrages d'amarrage et d'accostage,Bollard,TM2,TM02,Terminal à conteneurs 3 (TC3),preventive,0,1,1
2324,Bollard 108 - 300T,Ouvrages d'amarrage et d'accostage,Bollard,TM2,TM02,Terminal à conteneurs 3 (TC3),preventive,0,1,1
2325,Bollard 109 - 300T,Ouvrages d'amarrage et d'accostage,Bollard,TM2,TM02,Terminal à conteneurs 3 (TC3),preventive,0,1,1
2326,Bollard 110 - 300T,Ouvrages d'amarrage et d'accostage,Bollard,TM2,TM02,Terminal à conteneurs 3 (TC3),preventive,0,1,1
2327,Bollard 111 - 300T,Ouvrages d'amarrage et d'accostage,Bollard,TM2,TM02,Terminal à conteneurs 3 (TC3),preventive,0,1,1
2328,Bollard 112 - 300T,Ouvrages d'amarrage et d'accostage,Bollard,TM2,TM02,Terminal à conteneurs 3 (TC3),preventive,0,1,1
2329,Bollard 113 - 300T,Ouvrages d'amarrage et d'accostage,Bollard,TM2,TM02,Terminal à conteneurs 3 (TC3),preventive,0,1,1
2330,Bollard 114 - 300T,Ouvrages d'amarrage et d'accostage,Bollard,TM2,TM02,Terminal à conteneurs 3 (TC3),preventive,0,1,1
2331,Bollard 115 - 300T,Ouvrages d'amarrage et d'accostage,Bollard,TM2,TM02,Terminal à conteneurs 3 (TC3),preventive,0,1,1
2332,Bollard 116 - 300T,Ouvrages d'amarrage et d'accostage,Bollard,TM2,TM02,Terminal à conteneurs 3 (TC3),preventive,0,1,1
2333,Bollard 117 - 300T,Ouvrages d'amarrage et d'accostage,Bollard,TM2,TM02,Terminal à conteneurs 3 (TC3),preventive,0,1,1
2334,Bollard 118 - 300T,Ouvrages d'amarrage et d'accostage,Bollard,TM2,TM02,Terminal à conteneurs 3 (TC3),preventive,0,1,1
2335,Bollard 119 - 300T,Ouvrages d'amarrage et d'accostage,Bollard,TM2,TM02,Terminal à conteneurs 3 (TC3),preventive,0,1,1
2336,Bollard 120 - 300T,Ouvrages d'amarrage et d'accostage,Bollard,TM2,TM02,Terminal à conteneurs 3 (TC3),preventive,0,1,1
2337,Bollard 121 - 300T,Ouvrages d'amarrage et d'accostage,Bollard,TM2,TM02,Terminal à conteneurs 3 (TC3),preventive,0,1,1
2338,Bollard 122 - 300T,Ouvrages d'amarrage et d'accostage,Bollard,TM2,TM02,Terminal à conteneurs 3 (TC3),preventive,0,1,1
2339,Bollard 123 - 300T,Ouvrages d'amarrage et d'accostage,Bollard,TM2,TM02,Terminal à conteneurs 3 (TC3),preventive,0,1,1
2340,Bollard 124 - 300T,Ouvrages d'amarrage et d'accostage,Bollard,TM2,TM02,Terminal à conteneurs 3 (TC3),preventive,0,1,1
2341,Bollard 125 - 300T,Ouvrages d'amarrage et d'accostage,Bollard,TM2,TM02,Terminal à conteneurs 3 (TC3),preventive,0,1,1
2342,Bollard 126 - 300T,Ouvrages d'amarrage et d'accostage,Bollard,TM2,TM02,Terminal à conteneurs 3 (TC3),preventive,0,1,1
2343,Bollard 127 - 300T,Ouvrages d'amarrage et d'accostage,Bollard,TM2,TM02,Terminal à conteneurs 3 (TC3),preventive,0,1,1
2344,Bollard 128 - 300T,Ouvrages d'amarrage et d'accostage,Bollard,TM2,TM02,Terminal à conteneurs 3 (TC3),preventive,0,1,1
2345,Bollard 129 - 300T,Ouvrages d'amarrage et d'accostage,Bollard,TM2,TM02,Terminal à conteneurs 3 (TC3),preventive,0,1,1
2346,Bollard 130 - 300T,Ouvrages d'amarrage et d'accostage,Bollard,TM2,TM02,Terminal à conteneurs 3 (TC3),preventive,0,1,1
2347,Bollard 131 - 300T,Ouvrages d'amarrage et d'accostage,Bollard,TM2,TM02,Terminal à conteneurs 3 (TC3),preventive,0,1,1
2348,Bollard 132 - 300T,Ouvrages d'amarrage et d'accostage,Bollard,TM2,TM02,Terminal à conteneurs 3 (TC3),preventive,0,1,1
2349,Bollard 133 - 300T,Ouvrages d'amarrage et d'accostage,Bollard,TM2,TM02,Terminal à conteneurs 3 (TC3),preventive,0,1,1
2350,Bollard 134 - 300T,Ouvrages d'amarrage et d'accostage,Bollard,TM2,TM02,Terminal à conteneurs 3 (TC3),preventive,0,1,1
2351,Bollard 135 - 300T,Ouvrages d'amarrage et d'accostage,Bollard,TM2,TM02,Terminal à conteneurs 3 (TC3),preventive,0,1,1
2352,Bollard 136 - 300T,Ouvrages d'amarrage et d'accostage,Bollard,TM2,TM02,Terminal à conteneurs 3 (TC3),preventive,0,1,1
2353,Bollard 137 - 300T,Ouvrages d'amarrage et d'accostage,Bollard,TM2,TM02,Terminal à conteneurs 3 (TC3),preventive,0,1,1
2354,Bollard 138 - 300T,Ouvrages d'amarrage et d'accostage,Bollard,TM2,TM02,Terminal à conteneurs 3 (TC3),preventive,0,1,1
2355,Bollard 139 - 300T,Ouvrages d'amarrage et d'accostage,Bollard,TM2,TM02,Terminal à conteneurs 3 (TC3),preventive,0,1,1
2356,Bollard 140 - 300T,Ouvrages d'amarrage et d'accostage,Bollard,TM2,TM02,Terminal à conteneurs 3 (TC3),preventive,0,1,1
2382,Bollard 1 - 30T,Ouvrages d'amarrage et d'accostage,Bollard,TM2,TM02,Quai flottent 1 (remorqueur),preventive,0,1,1
2383,Bollard 2 - 30T,Ouvrages d'amarrage et d'accostage,Bollard,TM2,TM02,Quai flottent 1 (remorqueur),preventive,0,1,1
2384,Bollard 3 - 30T,Ouvrages d'amarrage et d'accostage,Bollard,TM2,TM02,Quai flottent 1 (remorqueur),preventive,0,1,1
2385,Bollard 4 - 30T,Ouvrages d'amarrage et d'accostage,Bollard,TM2,TM02,Quai flottent 1 (remorqueur),preventive,0,1,1
2386,Bollard 5 - 30T,Ouvrages d'amarrage et d'accostage,Bollard,TM2,TM02,Quai flottent 1 (remorqueur),preventive,0,1,1
2387,Bollard 6 - 30T,Ouvrages d'amarrage et d'accostage,Bollard,TM2,TM02,Quai flottent 1 (remorqueur),preventive,0,1,1
2388,Bollard 7 - 30T,Ouvrages d'amarrage et d'accostage,Bollard,TM2,TM02,Quai flottent 1 (remorqueur),preventive,0,1,1
2389,Bollard 8 - 30T,Ouvrages d'amarrage et d'accostage,Bollard,TM2,TM02,Quai flottent 1 (remorqueur),preventive,0,1,1
2390,Bollard 9 - 30T,Ouvrages d'amarrage et d'accostage,Bollard,TM2,TM02,Quai flottent 1 (remorqueur),preventive,0,1,1
2391,Bollard 10 - 30T,Ouvrages d'amarrage et d'accostage,Bollard,TM2,TM02,Quai flottent 1 (remorqueur),preventive,0,1,1
2392,Bollard 11 - 30T,Ouvrages d'amarrage et d'accostage,Bollard,TM2,TM02,Quai flottent 1 (remorqueur),preventive,0,1,1
2393,Bollard 12 - 30T,Ouvrages d'amarrage et d'accostage,Bollard,TM2,TM02,Quai flottent 1 (remorqueur),preventive,0,1,1
2394,Bollard 13 - 30T,Ouvrages d'amarrage et d'accostage,Bollard,TM2,TM02,Quai flottent 1 (remorqueur),preventive,0,1,1
2395,Bollard 14 - 30T,Ouvrages d'amarrage et d'accostage,Bollard,TM2,TM02,Quai flottent 1 (remorqueur),preventive,0,1,1
2396,Bollard 15 - 30T,Ouvrages d'amarrage et d'accostage,Bollard,TM2,TM02,Quai flottent 1 (remorqueur),preventive,0,1,1
2397,Bollard 16 - 30T,Ouvrages d'amarrage et d'accostage,Bollard,TM2,TM02,Quai flottent 1 (remorqueur),preventive,0,1,1
2398,Bollard 17 - 30T,Ouvrages d'amarrage et d'accostage,Bollard,TM2,TM02,Quai flottent 1 (remorqueur),preventive,0,1,1
2399,Bollard 18 - 30T,Ouvrages d'amarrage et d'accostage,Bollard,TM2,TM02,Quai flottent 1 (remorqueur),preventive,0,1,1
2400,Bollard 19 - 30T,Ouvrages d'amarrage et d'accostage,Bollard,TM2,TM02,Quai flottent 1 (remorqueur),preventive,0,1,1
2401,Bollard 1 - 30T,Ouvrages d'amarrage et d'accostage,Bollard,TM2,TM02,Quai flottent 2 (pilotine),preventive,0,1,1
2402,Bollard 2 - 30T,Ouvrages d'amarrage et d'accostage,Bollard,TM2,TM02,Quai flottent 2 (pilotine),preventive,0,1,1
2403,Bollard 3 - 30T,Ouvrages d'amarrage et d'accostage,Bollard,TM2,TM02,Quai flottent 2 (pilotine),preventive,0,1,1
2404,Bollard 4 - 30T,Ouvrages d'amarrage et d'accostage,Bollard,TM2,TM02,Quai flottent 2 (pilotine),preventive,0,1,1
2405,Bollard 5 - 30T,Ouvrages d'amarrage et d'accostage,Bollard,TM2,TM02,Quai flottent 2 (pilotine),preventive,0,1,1
2406,Bollard 6 - 30T,Ouvrages d'amarrage et d'accostage,Bollard,TM2,TM02,Quai flottent 2 (pilotine),preventive,0,1,1
2407,Bollard 7 - 30T,Ouvrages d'amarrage et d'accostage,Bollard,TM2,TM02,Quai flottent 2 (pilotine),preventive,0,1,1
2408,Bollard 8 - 30T,Ouvrages d'amarrage et d'accostage,Bollard,TM2,TM02,Quai flottent 2 (pilotine),preventive,0,1,1
2409,Bollard 9 - 30T,Ouvrages d'amarrage et d'accostage,Bollard,TM2,TM02,Quai flottent 2 (pilotine),preventive,0,1,1
2410,Bollard 10 - 30T,Ouvrages d'amarrage et d'accostage,Bollard,TM2,TM02,Quai flottent 2 (pilotine),preventive,0,1,1
2411,Bollard 11 - 30T,Ouvrages d'amarrage et d'accostage,Bollard,TM2,TM02,Quai flottent 2 (pilotine),preventive,0,1,1
2412,Bollard 12 - 30T,Ouvrages d'amarrage et d'accostage,Bollard,TM2,TM02,Quai flottent 2 (pilotine),preventive,0,1,1
2413,Bollard 13 - 30T,Ouvrages d'amarrage et d'accostage,Bollard,TM2,TM02,Quai flottent 2 (pilotine),preventive,0,1,1
2414,Bollard 14 - 30T,Ouvrages d'amarrage et d'accostage,Bollard,TM2,TM02,Quai flottent 2 (pilotine),preventive,0,1,1
2415,Bollard 15 - 30T,Ouvrages d'amarrage et d'accostage,Bollard,TM2,TM02,Quai flottent 2 (pilotine),preventive,0,1,1
2416,Bollard 16 - 30T,Ouvrages d'amarrage et d'accostage,Bollard,TM2,TM02,Quai flottent 2 (pilotine),preventive,0,1,1
2417,Bollard 17 - 30T,Ouvrages d'amarrage et d'accostage,Bollard,TM2,TM02,Quai flottent 2 (pilotine),preventive,0,1,1
2418,Bollard 18 - 30T,Ouvrages d'amarrage et d'accostage,Bollard,TM2,TM02,Quai flottent 2 (pilotine),preventive,0,1,1
2419,Bollard 19 - 30T,Ouvrages d'amarrage et d'accostage,Bollard,TM2,TM02,Quai flottent 2 (pilotine),preventive,0,1,1
2420,Bollard 20 - 30T,Ouvrages d'amarrage et d'accostage,Bollard,TM2,TM02,Quai flottent 2 (pilotine),preventive,0,1,1
2421,Défense 01,Ouvrages d'amarrage et d'accostage,Défense,TM2,TM02,Quai flottent 2 (pilotine),preventive,0,1,1
2422,Défense 02,Ouvrages d'amarrage et d'accostage,Défense,TM2,TM02,Quai flottent 2 (pilotine),preventive,0,1,1
2423,Défense 03,Ouvrages d'amarrage et d'accostage,Défense,TM2,TM02,Quai flottent 2 (pilotine),preventive,0,1,1
2424,Défense 04,Ouvrages d'amarrage et d'accostage,Défense,TM2,TM02,Quai flottent 2 (pilotine),preventive,0,1,1
2425,Défense 05,Ouvrages d'amarrage et d'accostage,Défense,TM2,TM02,Quai flottent 2 (pilotine),preventive,0,1,1
2426,Défense 06,Ouvrages d'amarrage et d'accostage,Défense,TM2,TM02,Quai flottent 2 (pilotine),preventive,0,1,1
2427,Défense 07,Ouvrages d'amarrage et d'accostage,Défense,TM2,TM02,Quai flottent 2 (pilotine),preventive,0,1,1
2428,Défense 08,Ouvrages d'amarrage et d'accostage,Défense,TM2,TM02,Quai flottent 2 (pilotine),preventive,0,1,1
2429,Défense 09,Ouvrages d'amarrage et d'accostage,Défense,TM2,TM02,Quai flottent 2 (pilotine),preventive,0,1,1
2430,Défense 10,Ouvrages d'amarrage et d'accostage,Défense,TM2,TM02,Quai flottent 2 (pilotine),preventive,0,1,1
2431,Défense 11,Ouvrages d'amarrage et d'accostage,Défense,TM2,TM02,Quai flottent 2 (pilotine),preventive,0,1,1
2432,Défense 12,Ouvrages d'amarrage et d'accostage,Défense,TM2,TM02,Quai flottent 2 (pilotine),preventive,0,1,1
2433,Défense 13,Ouvrages d'amarrage et d'accostage,Défense,TM2,TM02,Quai flottent 2 (pilotine),preventive,0,1,1
2434,Défense 14,Ouvrages d'amarrage et d'accostage,Défense,TM2,TM02,Quai flottent 2 (pilotine),preventive,0,1,1
2435,Défense 15,Ouvrages d'amarrage et d'accostage,Défense,TM2,TM02,Quai flottent 2 (pilotine),preventive,0,1,1
2436,Défense 01,Ouvrages d'amarrage et d'accostage,Défense,TM2,TM02,Quai flottent 1 (remorqueur),preventive,0,1,1
2437,Défense 02,Ouvrages d'amarrage et d'accostage,Défense,TM2,TM02,Quai flottent 1 (remorqueur),preventive,0,1,1
2438,Défense 03,Ouvrages d'amarrage et d'accostage,Défense,TM2,TM02,Quai flottent 1 (remorqueur),preventive,0,1,1
2439,Défense 04,Ouvrages d'amarrage et d'accostage,Défense,TM2,TM02,Quai flottent 1 (remorqueur),preventive,0,1,1
2440,Défense 05,Ouvrages d'amarrage et d'accostage,Défense,TM2,TM02,Quai flottent 1 (remorqueur),preventive,0,1,1
2441,Défense 06,Ouvrages d'amarrage et d'accostage,Défense,TM2,TM02,Quai flottent 1 (remorqueur),preventive,0,1,1
2442,Défense 07,Ouvrages d'amarrage et d'accostage,Défense,TM2,TM02,Quai flottent 1 (remorqueur),preventive,0,1,1
2443,Défense 08,Ouvrages d'amarrage et d'accostage,Défense,TM2,TM02,Quai flottent 1 (remorqueur),preventive,0,1,1
2444,Défense 09,Ouvrages d'amarrage et d'accostage,Défense,TM2,TM02,Quai flottent 1 (remorqueur),preventive,0,1,1
2445,Défense 10,Ouvrages d'amarrage et d'accostage,Défense,TM2,TM02,Quai flottent 1 (remorqueur),preventive,0,1,1
2446,Défense 11,Ouvrages d'amarrage et d'accostage,Défense,TM2,TM02,Quai flottent 1 (remorqueur),preventive,0,1,1
2447,Défense 12,Ouvrages d'amarrage et d'accostage,Défense,TM2,TM02,Quai flottent 1 (remorqueur),preventive,0,1,1
2448,Défense 13,Ouvrages d'amarrage et d'accostage,Défense,TM2,TM02,Quai flottent 1 (remorqueur),preventive,0,1,1
2449,Défense 14,Ouvrages d'amarrage et d'accostage,Défense,TM2,TM02,Quai flottent 1 (remorqueur),preventive,0,1,1
2450,Défense 15,Ouvrages d'amarrage et d'accostage,Défense,TM2,TM02,Quai flottent 1 (remorqueur),preventive,0,1,1
2451,Défense 16,Ouvrages d'amarrage et d'accostage,Défense,TM2,TM02,Quai flottent 1 (remorqueur),preventive,0,1,1
2452,Défense 17,Ouvrages d'amarrage et d'accostage,Défense,TM2,TM02,Quai flottent 1 (remorqueur),preventive,0,1,1
2453,Défense 18,Ouvrages d'amarrage et d'accostage,Défense,TM2,TM02,Quai flottent 1 (remorqueur),preventive,0,1,1
2454,Défense 19,Ouvrages d'amarrage et d'accostage,Défense,TM2,TM02,Quai flottent 1 (remorqueur),preventive,0,1,1
2455,Défense 20,Ouvrages d'amarrage et d'accostage,Défense,TM2,TM02,Quai flottent 1 (remorqueur),preventive,0,1,1
2456,Défense 21,Ouvrages d'amarrage et d'accostage,Défense,TM2,TM02,Quai flottent 1 (remorqueur),preventive,0,1,1
2457,Défense 22,Ouvrages d'amarrage et d'accostage,Défense,TM2,TM02,Quai flottent 1 (remorqueur),preventive,0,1,1
2458,Défense 23,Ouvrages d'amarrage et d'accostage,Défense,TM2,TM02,Quai flottent 1 (remorqueur),preventive,0,1,1
2459,Défense 24,Ouvrages d'amarrage et d'accostage,Défense,TM2,TM02,Quai flottent 1 (remorqueur),preventive,0,1,1
2460,Défense 25,Ouvrages d'amarrage et d'accostage,Défense,TM2,TM02,Quai flottent 1 (remorqueur),preventive,0,1,1
2461,Défense 26,Ouvrages d'amarrage et d'accostage,Défense,TM2,TM02,Quai flottent 1 (remorqueur),preventive,0,1,1
2462,Défense 27,Ouvrages d'amarrage et d'accostage,Défense,TM2,TM02,Quai flottent 1 (remorqueur),preventive,0,1,1
2463,Défense 28,Ouvrages d'amarrage et d'accostage,Défense,TM2,TM02,Quai flottent 1 (remorqueur),preventive,0,1,1
2464,Défense 29,Ouvrages d'amarrage et d'accostage,Défense,TM2,TM02,Quai flottent 1 (remorqueur),preventive,0,1,1
2465,Défense 30,Ouvrages d'amarrage et d'accostage,Défense,TM2,TM02,Quai flottent 1 (remorqueur),preventive,0,1,1
2466,Défense 31,Ouvrages d'amarrage et d'accostage,Défense,TM2,TM02,Quai flottent 1 (remorqueur),preventive,0,1,1
2467,Défense 32,Ouvrages d'amarrage et d'accostage,Défense,TM2,TM02,Quai flottent 1 (remorqueur),preventive,0,1,1
2468,Défense 33,Ouvrages d'amarrage et d'accostage,Défense,TM2,TM02,Quai flottent 1 (remorqueur),preventive,0,1,1
2469,Défense 34,Ouvrages d'amarrage et d'accostage,Défense,TM2,TM02,Quai flottent 1 (remorqueur),preventive,0,1,1
2470,Défense 35,Ouvrages d'amarrage et d'accostage,Défense,TM2,TM02,Quai flottent 1 (remorqueur),preventive,0,1,1
2471,Défense 36,Ouvrages d'amarrage et d'accostage,Défense,TM2,TM02,Quai flottent 1 (remorqueur),preventive,0,1,1
2472,Défense 37,Ouvrages d'amarrage et d'accostage,Défense,TM2,TM02,Quai flottent 1 (remorqueur),preventive,0,1,1
2473,Défense 38,Ouvrages d'amarrage et d'accostage,Défense,TM2,TM02,Quai flottent 1 (remorqueur),preventive,0,1,1
2474,Défense 39,Ouvrages d'amarrage et d'accostage,Défense,TM2,TM02,Quai flottent 1 (remorqueur),preventive,0,1,1
4428,Mat d'éclairage 5 ,Equipement Electrique,Mat d'éclairage,PPR,GATE2,GATE2,preventive,0,2,2
4429,Mat d'éclairage 6 ,Equipement Electrique,Mat d'éclairage,PPR,GATE2,GATE2,preventive,0,2,2
4430,Mat d'éclairage 7 ,Equipement Electrique,Mat d'éclairage,PPR,PPR01,PPR,preventive,0,2,2
4431,Mat d'éclairage 8 ,Equipement Electrique,Mat d'éclairage,PPR,PPR01,PPR,preventive,0,2,2
4432,Mat d'éclairage 9 ,Equipement Electrique,Mat d'éclairage,PPR,PPR01,PPR,preventive,0,2,2
4433,Mat d'éclairage 10 ,Equipement Electrique,Mat d'éclairage,PPR,PPR01,PPR,preventive,0,2,2
4434,Mat d'éclairage 11 ,Equipement Electrique,Mat d'éclairage,PPR,PPR01,PPR,preventive,0,2,2
4435,Mat d'éclairage 12 ,Equipement Electrique,Mat d'éclairage,PPR,PPR01,PPR,preventive,0,2,2
4436,Mat d'éclairage 13 ,Equipement Electrique,Mat d'éclairage,PPR,PPR01,PPR,preventive,0,2,2
4437,Mat d'éclairage 14 ,Equipement Electrique,Mat d'éclairage,PPR,GATE3,GATE3,preventive,0,2,2
4438,Mat d'éclairage 15 ,Equipement Electrique,Mat d'éclairage,PPR,GATE3,GATE3,preventive,0,2,2
4439,Mat d'éclairage 16 ,Equipement Electrique,Mat d'éclairage,PPR,GATE3,GATE3,preventive,0,2,2
4440,Mat d'éclairage 17 ,Equipement Electrique,Mat d'éclairage,PPR,GATE3,GATE3,preventive,0,2,2
4441,Mat d'éclairage 18 ,Equipement Electrique,Mat d'éclairage,PPR,PPR01,PPR,preventive,0,2,2
4451,Mat d'éclairage 10 ,Equipement Electrique,Mat d'éclairage,TM1,SAS EXPORT,SAS EXPORT,"corrective, preventive",1,1,2
4452,Mat d'éclairage 11 ,Equipement Electrique,Mat d'éclairage,TM1,SAS EXPORT,SAS EXPORT,preventive,0,1,1
4453,Mat d'éclairage 12 ,Equipement Electrique,Mat d'éclairage,TM1,SAS EXPORT,SAS EXPORT,preventive,0,1,1
4454,Mat d'éclairage 13 ,Equipement Electrique,Mat d'éclairage,TM1,SAS EXPORT,SAS EXPORT,preventive,0,1,1
4455,Mat d'éclairage 14 ,Equipement Electrique,Mat d'éclairage,TM1,SAS EXPORT,SAS EXPORT,"corrective, preventive",1,1,2
4456,Mat d'éclairage 15 ,Equipement Electrique,Mat d'éclairage,TM1,SAS EXPORT,SAS EXPORT,preventive,0,1,1
4457,Mat d'éclairage 16 ,Equipement Electrique,Mat d'éclairage,TM1,SAS EXPORT,SAS EXPORT,preventive,0,1,1
4458,Mat d'éclairage 17 ,Equipement Electrique,Mat d'éclairage,TM1,SAS EXPORT,SAS EXPORT,preventive,0,1,1
4459,Mat d'éclairage 18 ,Equipement Electrique,Mat d'éclairage,TM1,SAS EXPORT,SAS EXPORT,preventive,0,1,1
4460,Mat d'éclairage 19 ,Equipement Electrique,Mat d'éclairage,TM1,SAS EXPORT,SAS EXPORT,preventive,0,1,1
4462,Mat d'éclairage 21 ,Equipement Electrique,Mat d'éclairage,TM1,SAS EXPORT,SAS EXPORT,"corrective, preventive",1,1,2
4463,Mat d'éclairage 22 ,Equipement Electrique,Mat d'éclairage,TM1,SAS EXPORT,SAS EXPORT,"corrective, preventive",1,1,2
4464,Mat d'éclairage 23 ,Equipement Electrique,Mat d'éclairage,TM1,SAS EXPORT,SAS EXPORT,preventive,0,1,1
4474,Mat d'éclairage 33 ,Equipement Electrique,Mat d'éclairage,TM1,SAS IMPORT,Sas Import,preventive,0,2,2
4475,Mat d'éclairage 34 ,Equipement Electrique,Mat d'éclairage,TM1,SAS IMPORT,Sas Import,preventive,0,2,2
4476,Mat d'éclairage 35 ,Equipement Electrique,Mat d'éclairage,TM1,SAS IMPORT,Sas Import,preventive,0,2,2
4477,Mat d'éclairage 36 ,Equipement Electrique,Mat d'éclairage,TM1,SAS IMPORT,Sas Import,"corrective, preventive",1,2,3
4478,Mat d'éclairage 37 ,Equipement Electrique,Mat d'éclairage,TM1,SAS IMPORT,Sas Import,preventive,0,2,2
4479,Mat d'éclairage 38 ,Equipement Electrique,Mat d'éclairage,TM1,SAS IMPORT,Sas Import,preventive,0,1,1
4480,Mat d'éclairage 39 ,Equipement Electrique,Mat d'éclairage,TM1,SAS IMPORT,Sas Import,preventive,0,1,1
4481,Mat d'éclairage 40 ,Equipement Electrique,Mat d'éclairage,TM1,SAS IMPORT,Sas Import,preventive,0,1,1
4482,Mat d'éclairage 41 ,Equipement Electrique,Mat d'éclairage,TM1,SAS IMPORT,Sas Import,preventive,0,1,1
4483,Mat d'éclairage 42 ,Equipement Electrique,Mat d'éclairage,TM1,TM01,Voie périphérique PPR,corrective,1,0,1
4484,Mat d'éclairage 43 ,Equipement Electrique,Mat d'éclairage,TM1,TM01,Voie périphérique PPR,corrective,1,0,1
4485,Mat d'éclairage 44 ,Equipement Electrique,Mat d'éclairage,TM1,TM01,Voie périphérique TM1,corrective,1,0,1
4487,Mat d'éclairage 46 ,Equipement Electrique,Mat d'éclairage,TM1,TM01,Quai de service ,corrective,2,0,2
4490,Candélabre 1 ,Equipement Electrique,Candélabre,TM1,TM01,Quai de service ,preventive,0,2,2
4491,Candélabre 2 ,Equipement Electrique,Candélabre,TM1,TM01,Quai de service ,preventive,0,2,2
4492,Candélabre 3 ,Equipement Electrique,Candélabre,TM1,TM01,Quai de service ,preventive,0,2,2
4493,Candélabre 4 ,Equipement Electrique,Candélabre,TM1,TM01,Quai de service ,preventive,0,2,2
4494,Candélabre 5 ,Equipement Electrique,Candélabre,TM1,TM01,Quai de service ,preventive,0,2,2
4495,Candélabre 6 ,Equipement Electrique,Candélabre,TM1,TM01,Quai de service ,preventive,0,2,2
4496,Candélabre 7 ,Equipement Electrique,Candélabre,TM1,TM01,Quai de service ,preventive,0,2,2
4497,Candélabre 8 ,Equipement Electrique,Candélabre,TM1,TM01,Quai de service ,preventive,0,2,2
4498,Candélabre 9 ,Equipement Electrique,Candélabre,TM1,TM01,Quai de service ,preventive,0,2,2
4499,Candélabre 10 ,Equipement Electrique,Candélabre,TM1,TM01,Quai de service ,preventive,0,2,2
4500,Candélabre 11 ,Equipement Electrique,Candélabre,TM1,TM01,Quai de service ,preventive,0,2,2
4501,Candélabre 12 ,Equipement Electrique,Candélabre,TM1,TM01,Quai de service ,preventive,0,2,2
4502,Candélabre 13 ,Equipement Electrique,Candélabre,TM1,TM01,Quai de service ,preventive,0,2,2
4503,Candélabre 14 ,Equipement Electrique,Candélabre,TM1,TM01,Quai de service ,preventive,0,2,2
4504,Candélabre 15 ,Equipement Electrique,Candélabre,TM1,TM01,Quai de service ,preventive,0,2,2
4505,Candélabre 16 ,Equipement Electrique,Candélabre,TM1,TM01,Quai de service ,preventive,0,2,2
4506,Candélabre 17 ,Equipement Electrique,Candélabre,TM1,TM01,Quai de service ,preventive,0,2,2
4507,Candélabre 18 ,Equipement Electrique,Candélabre,TM1,TM01,Quai de service ,preventive,0,2,2
4508,Candélabre 19 ,Equipement Electrique,Candélabre,TM1,TM01,Quai de service ,preventive,0,2,2
4509,Candélabre 20 ,Equipement Electrique,Candélabre,TM1,TM01,Quai de service ,preventive,0,2,2
4510,Candélabre 21 ,Equipement Electrique,Candélabre,TM1,TM01,Quai de service ,preventive,0,2,2
4511,Candélabre 22 ,Equipement Electrique,Candélabre,TM1,TM01,Quai de service ,preventive,0,2,2
4512,Candélabre 23 ,Equipement Electrique,Candélabre,TM1,TM01,Quai de service ,preventive,0,2,2
4513,Candélabre 24 ,Equipement Electrique,Candélabre,TM1,TM01,Quai de service ,preventive,0,2,2
4514,Candélabre 25 ,Equipement Electrique,Candélabre,TM1,TM01,Quai de service ,preventive,0,2,2
4515,Candélabre 26 ,Equipement Electrique,Candélabre,TM1,TM01,Quai de service ,preventive,0,2,2
4516,Candélabre 27 ,Equipement Electrique,Candélabre,TM1,TM01,Quai de service ,preventive,0,2,2
4517,Candélabre 28 ,Equipement Electrique,Candélabre,TM1,TM01,Quai de service ,preventive,0,1,1
4518,Candélabre 29 ,Equipement Electrique,Candélabre,TM1,TM01,Quai de service ,preventive,0,1,1
4519,Candélabre 30 ,Equipement Electrique,Candélabre,TM1,TM01,Quai de service ,preventive,0,1,1
4520,Candélabre 31 ,Equipement Electrique,Candélabre,TM1,TM01,Quai de service ,preventive,0,1,1
4521,Candélabre 32 ,Equipement Electrique,Candélabre,TM1,TM01,Quai de service ,preventive,0,1,1
4522,Candélabre 33 ,Equipement Electrique,Candélabre,TM1,TM01,Quai de service ,preventive,0,1,1
4523,Candélabre 34 ,Equipement Electrique,Candélabre,TM1,TM01,Quai de service ,preventive,0,1,1
4524,Candélabre 35 ,Equipement Electrique,Candélabre,TM1,TM01,Quai de service ,preventive,0,1,1
4525,Candélabre 36 ,Equipement Electrique,Candélabre,TM1,TM01,Quai de service ,preventive,0,1,1
4526,Candélabre 37 ,Equipement Electrique,Candélabre,TM1,TM01,Quai de service ,preventive,0,1,1
4527,Candélabre 38 ,Equipement Electrique,Candélabre,TM1,TM01,Quai de service ,preventive,0,1,1
4528,Candélabre 39 ,Equipement Electrique,Candélabre,TM1,TM01,Quai de service ,preventive,0,1,1
4529,Candélabre 40 ,Equipement Electrique,Candélabre,TM1,TM01,Quai de service ,preventive,0,1,1
4530,Candélabre 41 ,Equipement Electrique,Candélabre,TM1,TM01,Quai de service ,preventive,0,1,1
4531,Candélabre 42 ,Equipement Electrique,Candélabre,TM1,TM01,Quai de service ,preventive,0,1,1
4532,Candélabre 43 ,Equipement Electrique,Candélabre,TM1,TM01,Quai de service ,preventive,0,1,1
4533,Candélabre 44 ,Equipement Electrique,Candélabre,TM1,TM01,Quai de service ,preventive,0,1,1
4534,Candélabre 45 ,Equipement Electrique,Candélabre,TM1,TM01,Voie périphérique TM1,preventive,0,1,1
4535,Candélabre 46 ,Equipement Electrique,Candélabre,TM1,TM01,Voie périphérique TM1,preventive,0,1,1
4536,Candélabre 47 ,Equipement Electrique,Candélabre,TM1,TM01,Voie périphérique TM1,preventive,0,1,1
4537,Candélabre 48 ,Equipement Electrique,Candélabre,TM1,TM01,Voie périphérique TM1,preventive,0,1,1
4538,Candélabre 49 ,Equipement Electrique,Candélabre,TM1,TM01,Voie périphérique TM1,preventive,0,1,1
4539,Candélabre 50 ,Equipement Electrique,Candélabre,TM1,TM01,Voie périphérique TM1,preventive,0,1,1
4540,Candélabre 51 ,Equipement Electrique,Candélabre,TM1,TM01,Voie périphérique TM1,preventive,0,1,1
4541,Candélabre 52 ,Equipement Electrique,Candélabre,TM1,TM01,Voie périphérique TM1,preventive,0,1,1
4542,Candélabre 53 ,Equipement Electrique,Candélabre,TM1,TM01,Voie périphérique TM1,preventive,0,1,1
4543,Candélabre 54 ,Equipement Electrique,Candélabre,TM1,TM01,Voie périphérique TM1,preventive,0,1,1
4544,Candélabre 55 ,Equipement Electrique,Candélabre,TM1,TM01,Voie périphérique TM1,preventive,0,1,1
4545,Candélabre 56 ,Equipement Electrique,Candélabre,TM1,TM01,Voie périphérique TM1,preventive,0,1,1
4546,Candélabre 57 ,Equipement Electrique,Candélabre,TM1,TM01,Voie périphérique TM1,preventive,0,1,1
4547,Candélabre 58 ,Equipement Electrique,Candélabre,TM1,TM01,Voie périphérique TM1,preventive,0,1,1
4548,Candélabre 59 ,Equipement Electrique,Candélabre,TM1,TM01,Voie périphérique TM1,preventive,0,1,1
4549,Candélabre 60 ,Equipement Electrique,Candélabre,TM1,TM01,Voie périphérique TM1,preventive,0,1,1
4550,Candélabre 61 ,Equipement Electrique,Candélabre,TM1,TM01,Voie périphérique TM1,preventive,0,1,1
4551,Candélabre 62 ,Equipement Electrique,Candélabre,TM1,TM01,Voie périphérique TM1,preventive,0,1,1
4552,Candélabre 63 ,Equipement Electrique,Candélabre,TM1,TM01,Voie périphérique TM1,preventive,0,1,1
4553,Candélabre 64 ,Equipement Electrique,Candélabre,TM1,TM01,Voie périphérique TM1,preventive,0,1,1
4554,Candélabre 65 ,Equipement Electrique,Candélabre,TM1,TM01,Voie périphérique TM1,preventive,0,1,1
4555,Candélabre 66 ,Equipement Electrique,Candélabre,TM1,TM01,Voie périphérique TM1,preventive,0,1,1
4556,Candélabre 67 ,Equipement Electrique,Candélabre,TM1,TM01,Voie périphérique TM1,preventive,0,1,1
4557,Candélabre 68 ,Equipement Electrique,Candélabre,TM1,TM01,Voie périphérique TM1,preventive,0,1,1
4558,Candélabre 69 ,Equipement Electrique,Candélabre,TM1,TM01,Voie périphérique TM1,preventive,0,1,1
4559,Candélabre 70 ,Equipement Electrique,Candélabre,TM1,TM01,Voie périphérique TM1,preventive,0,1,1
4560,Candélabre 71 ,Equipement Electrique,Candélabre,TM1,TM01,Voie périphérique TM1,preventive,0,1,1
4561,Candélabre 72 ,Equipement Electrique,Candélabre,TM1,TM01,Voie périphérique TM1,preventive,0,1,1
4562,Candélabre 73 ,Equipement Electrique,Candélabre,TM1,TM01,Voie périphérique TM1,preventive,0,1,1
4563,Candélabre 74 ,Equipement Electrique,Candélabre,TM1,TM01,Voie périphérique TM1,preventive,0,1,1
4564,Candélabre 75 ,Equipement Electrique,Candélabre,TM1,TM01,Voie périphérique TM1,preventive,0,1,1
4565,Candélabre 76 ,Equipement Electrique,Candélabre,TM1,TM01,Voie périphérique TM1,preventive,0,1,1
4566,Candélabre 77 ,Equipement Electrique,Candélabre,TM1,TM01,Voie périphérique TM1,preventive,0,1,1
4567,Candélabre 78 ,Equipement Electrique,Candélabre,TM1,TM01,Voie périphérique TM1,preventive,0,1,1
4568,Candélabre 79 ,Equipement Electrique,Candélabre,TM1,TM01,Voie périphérique TM1,preventive,0,1,1
4569,Candélabre 80 ,Equipement Electrique,Candélabre,TM1,TM01,Voie périphérique TM1,preventive,0,1,1
4570,Candélabre 81 ,Equipement Electrique,Candélabre,TM1,TM01,Voie périphérique TM1,preventive,0,1,1
4571,Candélabre 82 ,Equipement Electrique,Candélabre,TM1,TM01,Voie périphérique TM1,preventive,0,1,1
4572,Candélabre 83 ,Equipement Electrique,Candélabre,TM1,TM01,Voie périphérique TM1,preventive,0,1,1
4573,Candélabre 84 ,Equipement Electrique,Candélabre,TM1,TM01,Voie périphérique TM1,preventive,0,1,1
4574,Candélabre 85 ,Equipement Electrique,Candélabre,TM1,TM01,Voie périphérique TM1,preventive,0,1,1
4575,Candélabre 86 ,Equipement Electrique,Candélabre,TM1,TM01,Voie périphérique TM1,preventive,0,1,1
4576,Candélabre 87 ,Equipement Electrique,Candélabre,TM1,TM01,Voie périphérique TM1,preventive,0,1,1
4577,Candélabre 88 ,Equipement Electrique,Candélabre,TM1,TM01,Voie périphérique TM1,"corrective, preventive",1,1,2
4578,Candélabre 89 ,Equipement Electrique,Candélabre,TM1,TM01,Voie périphérique TM1,preventive,0,1,1
4579,Candélabre 90 ,Equipement Electrique,Candélabre,TM1,TM01,Voie périphérique TM1,preventive,0,1,1
4580,Candélabre 91 ,Equipement Electrique,Candélabre,TM1,TM01,Voie périphérique TM1,preventive,0,1,1
4581,Candélabre 92 ,Equipement Electrique,Candélabre,TM1,TM01,Voie périphérique TM1,preventive,0,1,1
4582,Candélabre 93 ,Equipement Electrique,Candélabre,TM1,TM01,Voie périphérique TM1,preventive,0,1,1
4583,Candélabre 94 ,Equipement Electrique,Candélabre,TM1,TM01,Voie périphérique TM1,preventive,0,1,1
4584,Candélabre 95 ,Equipement Electrique,Candélabre,TM1,TM01,Voie périphérique TM1,preventive,0,1,1
4585,Candélabre 96 ,Equipement Electrique,Candélabre,TM1,TM01,Voie périphérique TM1,preventive,0,1,1
4586,Candélabre 97 ,Equipement Electrique,Candélabre,TM1,TM01,Voie périphérique TM1,preventive,0,1,1
4587,Candélabre 98 ,Equipement Electrique,Candélabre,TM1,TM01,Voie périphérique TM1,preventive,0,1,1
4588,Candélabre 99 ,Equipement Electrique,Candélabre,TM1,TM01,Voie périphérique TM1,preventive,0,1,1
4589,Candélabre 100 ,Equipement Electrique,Candélabre,TM1,TM01,Voie périphérique TM1,preventive,0,1,1
4590,Candélabre 101 ,Equipement Electrique,Candélabre,TM1,TM01,Voie périphérique TM1,preventive,0,1,1
4591,Candélabre 102 ,Equipement Electrique,Candélabre,TM1,TM01,Voie périphérique TM1,preventive,0,1,1
4592,Candélabre 103 ,Equipement Electrique,Candélabre,TM1,TM01,Voie périphérique TM1,preventive,0,1,1
4593,Candélabre 104 ,Equipement Electrique,Candélabre,TM1,TM01,Voie périphérique TM1,preventive,0,1,1
4594,Candélabre 105 ,Equipement Electrique,Candélabre,TM1,TM01,Voie périphérique TM1,preventive,0,1,1
4595,Candélabre 106 ,Equipement Electrique,Candélabre,TM1,TM01,Voie périphérique TM1,preventive,0,1,1
4596,Candélabre 107 ,Equipement Electrique,Candélabre,TM1,TM01,Voie périphérique TM1,preventive,0,1,1
4597,Candélabre 108 ,Equipement Electrique,Candélabre,TM1,TM01,Voie périphérique TM1,preventive,0,1,1
4598,Candélabre 109 ,Equipement Electrique,Candélabre,TM1,TM01,Voie périphérique TM1,preventive,0,1,1
4599,Candélabre 110 ,Equipement Electrique,Candélabre,TM1,TM01,Voie périphérique TM1,preventive,0,1,1
4600,Candélabre 111 ,Equipement Electrique,Candélabre,TM1,TM01,Voie périphérique TM1,preventive,0,1,1
4601,Candélabre 112 ,Equipement Electrique,Candélabre,TM1,TM01,Voie périphérique TM1,preventive,0,1,1
4602,Candélabre 113 ,Equipement Electrique,Candélabre,TM1,TM01,Voie périphérique TM1,preventive,0,1,1
4603,Candélabre 114 ,Equipement Electrique,Candélabre,TM1,TM01,Voie périphérique TM1,preventive,0,1,1
4604,Candélabre 115 ,Equipement Electrique,Candélabre,TM1,TM01,Voie périphérique TM1,preventive,0,1,1
4605,Candélabre 116 ,Equipement Electrique,Candélabre,TM1,TM01,Voie périphérique TM1,preventive,0,1,1
4606,Candélabre 117 ,Equipement Electrique,Candélabre,TM1,TM01,Voie périphérique TM1,preventive,0,1,1
4607,Candélabre 118 ,Equipement Electrique,Candélabre,TM1,TM01,Voie périphérique TM1,preventive,0,1,1
4608,Candélabre 119 ,Equipement Electrique,Candélabre,TM1,TM01,Voie périphérique TM1,preventive,0,1,1
4609,Candélabre 120 ,Equipement Electrique,Candélabre,TM1,TM01,Voie périphérique TM1,preventive,0,1,1
4610,Candélabre 121 ,Equipement Electrique,Candélabre,TM1,TM01,Voie périphérique TM1,preventive,0,1,1
4611,Candélabre 122 ,Equipement Electrique,Candélabre,TM1,TM01,Voie périphérique TM1,preventive,0,1,1
4612,Candélabre 123 ,Equipement Electrique,Candélabre,TM1,TM01,Voie périphérique TM1,preventive,0,1,1
4613,Candélabre 124 ,Equipement Electrique,Candélabre,TM1,TM01,Voie périphérique TM1,preventive,0,1,1
4614,Candélabre 125 ,Equipement Electrique,Candélabre,TM1,TM01,Voie périphérique TM1,preventive,0,1,1
4615,Candélabre 126 ,Equipement Electrique,Candélabre,TM1,TM01,Voie périphérique TM1,preventive,0,1,1
4616,Candélabre 127 ,Equipement Electrique,Candélabre,TM1,TM01,Voie périphérique TM1,preventive,0,1,1
4617,Candélabre 128 ,Equipement Electrique,Candélabre,TM1,TM01,Voie périphérique TM1,preventive,0,1,1
4618,Candélabre 129 ,Equipement Electrique,Candélabre,TM1,TM01,Voie périphérique TM1,preventive,0,1,1
4619,Candélabre 130 ,Equipement Electrique,Candélabre,TM1,TM01,Voie périphérique TM1,preventive,0,1,1
4620,Candélabre 131 ,Equipement Electrique,Candélabre,TM1,TM01,Voie périphérique TM1,preventive,0,1,1
4621,Candélabre 132 ,Equipement Electrique,Candélabre,TM1,TM01,Voie périphérique TM1,preventive,0,1,1
4622,Candélabre 133 ,Equipement Electrique,Candélabre,TM1,TM01,Voie périphérique TM1,preventive,0,1,1
4623,Candélabre 134 ,Equipement Electrique,Candélabre,TM1,TM01,Voie périphérique TM1,preventive,0,1,1
4624,Candélabre 135 ,Equipement Electrique,Candélabre,TM1,TM01,Voie périphérique TM1,preventive,0,1,1
4625,Candélabre 136 ,Equipement Electrique,Candélabre,TM1,TM01,Voie périphérique TM1,preventive,0,1,1
4626,Candélabre 137 ,Equipement Electrique,Candélabre,TM1,TM01,Voie périphérique TM1,preventive,0,1,1
4627,Candélabre 138 ,Equipement Electrique,Candélabre,TM1,TM01,Voie périphérique TM1,preventive,0,1,1
4628,Candélabre 139 ,Equipement Electrique,Candélabre,TM1,TM01,Voie périphérique TM1,preventive,0,1,1
4629,Candélabre 140 ,Equipement Electrique,Candélabre,TM1,TM01,Voie périphérique TM1,preventive,0,1,1
4630,Candélabre 141 ,Equipement Electrique,Candélabre,TM1,TM01,Voie périphérique TM1,preventive,0,1,1
4631,Candélabre 142 ,Equipement Electrique,Candélabre,TM1,TM01,Voie périphérique TM1,preventive,0,1,1
4632,Candélabre 143 ,Equipement Electrique,Candélabre,TM1,TM01,Voie périphérique TM1,preventive,0,1,1
4633,Candélabre 144 ,Equipement Electrique,Candélabre,TM1,TM01,Voie périphérique TM1,"corrective, preventive",1,1,2
4634,Candélabre 145 ,Equipement Electrique,Candélabre,TM1,TM01,Voie périphérique TM1,preventive,0,1,1
4635,Candélabre 146 ,Equipement Electrique,Candélabre,TM1,TM01,Voie périphérique TM1,preventive,0,1,1
4636,Candélabre 147 ,Equipement Electrique,Candélabre,TM1,TM01,Voie périphérique TM1,"corrective, preventive",1,1,2
4637,Candélabre 148 ,Equipement Electrique,Candélabre,TM1,TM01,Voie périphérique TM1,preventive,0,1,1
4638,Candélabre 149 ,Equipement Electrique,Candélabre,TM1,TM01,Voie périphérique TM1,preventive,0,1,1
4639,Candélabre 150 ,Equipement Electrique,Candélabre,TM1,TM01,Voie périphérique TM1,preventive,0,1,1
4640,Candélabre 151 ,Equipement Electrique,Candélabre,TM1,TM01,Voie périphérique TM1,preventive,0,1,1
4641,Candélabre 152 ,Equipement Electrique,Candélabre,TM1,TM01,Voie périphérique TM1,preventive,0,1,1
4642,Candélabre 153 ,Equipement Electrique,Candélabre,TM1,TM01,Voie périphérique TM1,preventive,0,1,1
4643,Candélabre 154 ,Equipement Electrique,Candélabre,TM1,TM01,Voie périphérique TM1,preventive,0,1,1
4644,Candélabre 155 ,Equipement Electrique,Candélabre,TM1,TM01,Voie périphérique TM1,preventive,0,1,1
4645,Candélabre 156 ,Equipement Electrique,Candélabre,TM1,TM01,Voie périphérique TM1,preventive,0,1,1
4646,Candélabre 157 ,Equipement Electrique,Candélabre,TM1,TM01,Voie périphérique TM1,preventive,0,1,1
4647,Candélabre 158 ,Equipement Electrique,Candélabre,TM1,TM01,Voie périphérique TM1,preventive,0,1,1
4648,Candélabre 159 ,Equipement Electrique,Candélabre,TM1,TM01,Voie périphérique TM1,preventive,0,1,1
4649,Candélabre 160 ,Equipement Electrique,Candélabre,TM1,TM01,Voie périphérique TM1,preventive,0,1,1
4650,Candélabre 161 ,Equipement Electrique,Candélabre,TM1,TM01,Voie périphérique TM1,preventive,0,1,1
4651,Candélabre 162 ,Equipement Electrique,Candélabre,TM1,TM01,Voie périphérique TM1,preventive,0,1,1
4652,Candélabre 163 ,Equipement Electrique,Candélabre,TM1,TM01,Voie périphérique TM1,preventive,0,1,1
4653,Candélabre 164 ,Equipement Electrique,Candélabre,TM1,TM01,Voie périphérique TM1,preventive,0,1,1
4654,Candélabre 165 ,Equipement Electrique,Candélabre,TM1,TM01,Voie périphérique TM1,preventive,0,1,1
4655,Candélabre 166 ,Equipement Electrique,Candélabre,TM1,TM01,Voie périphérique TM1,preventive,0,1,1
4656,Candélabre 167 ,Equipement Electrique,Candélabre,TM1,TM01,Voie périphérique TM1,"corrective, preventive",1,1,2
4657,Candélabre 168 ,Equipement Electrique,Candélabre,TM1,TM01,Voie périphérique TM1,preventive,0,1,1
4658,Candélabre 169 ,Equipement Electrique,Candélabre,TM1,TM01,Voie périphérique TM1,preventive,0,1,1
4659,Candélabre 170 ,Equipement Electrique,Candélabre,TM1,TM01,Voie périphérique TM1,preventive,0,1,1
4660,Candélabre 171 ,Equipement Electrique,Candélabre,TM1,TM01,Voie périphérique TM1,preventive,0,1,1
4661,Candélabre 172 ,Equipement Electrique,Candélabre,TM1,TM01,Voie périphérique TM1,"corrective, preventive",1,1,2
4662,Candélabre 173 ,Equipement Electrique,Candélabre,TM1,TM01,Voie périphérique TM1,preventive,0,1,1
4663,Candélabre 174 ,Equipement Electrique,Candélabre,TM1,TM01,Voie périphérique TM1,preventive,0,1,1
4664,Candélabre 175 ,Equipement Electrique,Candélabre,TM1,TM01,Voie périphérique TM1,preventive,0,1,1
4665,Candélabre 176 ,Equipement Electrique,Candélabre,TM1,TM01,Voie périphérique TM1,preventive,0,1,1
4666,Candélabre 177 ,Equipement Electrique,Candélabre,TM1,TM01,Voie périphérique TM1,preventive,0,1,1
4667,Candélabre 178 ,Equipement Electrique,Candélabre,TM1,TM01,Voie périphérique TM1,preventive,0,1,1
4668,Candélabre 179 ,Equipement Electrique,Candélabre,TM1,TM01,Voie périphérique TM1,"corrective, preventive",2,1,3
4669,Candélabre 180 ,Equipement Electrique,Candélabre,TM1,TM01,Voie périphérique TM1,preventive,0,1,1
4670,Candélabre 181 ,Equipement Electrique,Candélabre,TM1,TM01,Voie périphérique TM1,preventive,0,1,1
4671,Candélabre 182 ,Equipement Electrique,Candélabre,TM1,TM01,Voie périphérique TM1,preventive,0,1,1
4672,Candélabre 183 ,Equipement Electrique,Candélabre,TM1,TM01,Voie périphérique TM1,preventive,0,1,1
4673,Candélabre 184 ,Equipement Electrique,Candélabre,TM1,TM01,Voie périphérique TM1,preventive,0,1,1
4674,Candélabre 185 ,Equipement Electrique,Candélabre,TM1,TM01,Voie périphérique TM1,preventive,0,1,1
4675,Candélabre 186 ,Equipement Electrique,Candélabre,TM1,TM01,Voie périphérique TM1,preventive,0,1,1
4676,Candélabre 187 ,Equipement Electrique,Candélabre,TM1,TM01,Voie périphérique TM1,preventive,0,1,1
4677,Candélabre 188 ,Equipement Electrique,Candélabre,TM1,TM01,Voie périphérique TM1,preventive,0,1,1
4678,Candélabre 189 ,Equipement Electrique,Candélabre,TM1,TM01,Voie périphérique TM1,preventive,0,1,1
4679,Candélabre 190 ,Equipement Electrique,Candélabre,TM1,TM01,Voie périphérique TM1,preventive,0,1,1
4680,Candélabre 191 ,Equipement Electrique,Candélabre,TM1,TM01,Voie périphérique TM1,preventive,0,1,1
4681,Candélabre 192 ,Equipement Electrique,Candélabre,TM1,TM01,Voie périphérique TM1,preventive,0,1,1
4682,Candélabre 193 ,Equipement Electrique,Candélabre,TM1,TM01,Voie périphérique TM1,preventive,0,1,1
4683,Candélabre 194 ,Equipement Electrique,Candélabre,TM1,TM01,Voie périphérique TM1,preventive,0,1,1
4684,Candélabre 195 ,Equipement Electrique,Candélabre,TM1,TM01,Voie périphérique TM1,preventive,0,1,1
4685,Candélabre 196 ,Equipement Electrique,Candélabre,TM1,TM01,Voie périphérique TM1,preventive,0,1,1
4686,Candélabre 197 ,Equipement Electrique,Candélabre,TM1,TM01,Voie périphérique TM1,preventive,0,1,1
4687,Candélabre 198 ,Equipement Electrique,Candélabre,TM1,TM01,Voie périphérique TM1,preventive,0,1,1
4688,Candélabre 199 ,Equipement Electrique,Candélabre,TM1,TM01,Voie périphérique TM1,preventive,0,1,1
4689,Candélabre 200 ,Equipement Electrique,Candélabre,TM1,TM01,Voie périphérique TM1,preventive,0,1,1
4690,Candélabre 201 ,Equipement Electrique,Candélabre,TM1,TM01,Voie périphérique TM1,preventive,0,1,1
4691,Candélabre 202 ,Equipement Electrique,Candélabre,TM1,TM01,Voie périphérique TM1,preventive,0,1,1
4692,Candélabre 203 ,Equipement Electrique,Candélabre,TM1,TM01,Voie périphérique TM1,preventive,0,1,1
4693,Candélabre 204 ,Equipement Electrique,Candélabre,TM1,TM01,Voie périphérique TM1,preventive,0,1,1
4694,Candélabre 205 ,Equipement Electrique,Candélabre,TM1,TM01,Voie périphérique TM1,preventive,0,1,1
4695,Candélabre 206 ,Equipement Electrique,Candélabre,TM1,ZEXT01,RN16,preventive,0,1,1
4697,Candélabre 208 ,Equipement Electrique,Candélabre,TM1,SAS EXPORT,SAS EXPORT,preventive,0,1,1
4698,Candélabre 209 ,Equipement Electrique,Candélabre,TM1,SAS EXPORT,SAS EXPORT,preventive,0,1,1
4701,Candélabre 212 ,Equipement Electrique,Candélabre,TM1,SAS EXPORT,SAS EXPORT,preventive,0,1,1
4702,Candélabre 213 ,Equipement Electrique,Candélabre,TM1,SAS EXPORT,SAS EXPORT,"corrective, preventive",1,1,2
4703,Candélabre 214 ,Equipement Electrique,Candélabre,TM1,SAS EXPORT,SAS EXPORT,preventive,0,1,1
4705,Candélabre 216 ,Equipement Electrique,Candélabre,TM1,SAS EXPORT,SAS EXPORT,preventive,0,1,1
4708,Candélabre 219 ,Equipement Electrique,Candélabre,TM1,SAS EXPORT,SAS EXPORT,preventive,0,1,1
4709,Candélabre 220 ,Equipement Electrique,Candélabre,TM1,SAS EXPORT,SAS EXPORT,preventive,0,1,1
4710,Candélabre 221 ,Equipement Electrique,Candélabre,TM1,SAS EXPORT,SAS EXPORT,preventive,0,1,1
4711,Candélabre 222 ,Equipement Electrique,Candélabre,TM1,SAS EXPORT,SAS EXPORT,preventive,0,1,1
4712,Candélabre 223 ,Equipement Electrique,Candélabre,TM1,SAS EXPORT,SAS EXPORT,preventive,0,1,1
4713,Candélabre 224 ,Equipement Electrique,Candélabre,TM1,SAS EXPORT,SAS EXPORT,preventive,0,1,1
4714,Candélabre 225 ,Equipement Electrique,Candélabre,TM1,SAS EXPORT,SAS EXPORT,preventive,0,1,1
4715,Candélabre 226 ,Equipement Electrique,Candélabre,TM1,SAS EXPORT,SAS EXPORT,preventive,0,1,1
4716,Candélabre 227 ,Equipement Electrique,Candélabre,TM1,SAS EXPORT,SAS EXPORT,"corrective, preventive",1,1,2
4717,Candélabre 228 ,Equipement Electrique,Candélabre,TM1,SAS EXPORT,SAS EXPORT,preventive,0,1,1
4718,Candélabre 229 ,Equipement Electrique,Candélabre,TM1,SAS EXPORT,SAS EXPORT,preventive,0,1,1
4719,Candélabre 230 ,Equipement Electrique,Candélabre,TM1,SAS EXPORT,SAS EXPORT,"corrective, preventive",3,1,4
4720,Candélabre 231 ,Equipement Electrique,Candélabre,TM1,SAS EXPORT,SAS EXPORT,preventive,0,1,1
4721,Candélabre 232 ,Equipement Electrique,Candélabre,TM1,SAS EXPORT,SAS EXPORT,preventive,0,1,1
4722,Candélabre 233 ,Equipement Electrique,Candélabre,TM1,SAS EXPORT,SAS EXPORT,preventive,0,1,1
4723,Candélabre 234 ,Equipement Electrique,Candélabre,TM1,SAS EXPORT,SAS EXPORT,"corrective, preventive",1,1,2
4725,Candélabre 236 ,Equipement Electrique,Candélabre,MEDHUB,ZFL01,Candélabre,preventive,0,1,1
4726,Candélabre 237,Equipement Electrique,Candélabre,MEDHUB,ZFL01,Candélabre,preventive,0,2,2
4727,Candélabre 238 ,Equipement Electrique,Candélabre,MEDHUB,ZFL01,Candélabre,preventive,0,2,2
4728,Candélabre 239 ,Equipement Electrique,Candélabre,TM1,SAS IMPORT,Sas Import,preventive,0,1,1
4729,Candélabre 240 ,Equipement Electrique,Candélabre,TM1,SAS IMPORT,Sas Import,preventive,0,1,1
4730,Candélabre 241 ,Equipement Electrique,Candélabre,TM1,SAS IMPORT,Sas Import,preventive,0,1,1
4731,Candélabre 242 ,Equipement Electrique,Candélabre,TM1,SAS IMPORT,Sas Import,preventive,0,1,1
4732,Candélabre 243 ,Equipement Electrique,Candélabre,TM1,SAS IMPORT,Sas Import,preventive,0,1,1
4733,Candélabre 244 ,Equipement Electrique,Candélabre,TM1,SAS IMPORT,Sas Import,preventive,0,1,1
4734,Candélabre 245 ,Equipement Electrique,Candélabre,TM1,SAS IMPORT,Sas Import,preventive,0,1,1
4735,Candélabre 246 ,Equipement Electrique,Candélabre,MEDHUB,ZFL01,Candélabre,preventive,0,2,2
4736,Candélabre 247 ,Equipement Electrique,Candélabre,MEDHUB,ZFL01,Candélabre,preventive,0,2,2
4737,Candélabre 248 ,Equipement Electrique,Candélabre,TM1,SAS IMPORT,Sas Import,preventive,0,1,1
4738,Candélabre 1 ,Equipement Electrique,Candélabre,PPR,PPR01,Voie périphérique PPR,preventive,0,2,2
4739,Candélabre 2 ,Equipement Electrique,Candélabre,PPR,PPR01,Voie périphérique PPR,preventive,0,2,2
4740,Candélabre 3 ,Equipement Electrique,Candélabre,PPR,PPR01,Voie périphérique PPR,preventive,0,2,2
4741,Candélabre 4 ,Equipement Electrique,Candélabre,PPR,PPR01,Voie périphérique PPR,preventive,0,2,2
4742,Candélabre 5 ,Equipement Electrique,Candélabre,PPR,PPR01,Voie périphérique PPR,preventive,0,2,2
4743,Candélabre 6 ,Equipement Electrique,Candélabre,PPR,PPR01,Voie périphérique PPR,preventive,0,2,2
4744,Candélabre 7 ,Equipement Electrique,Candélabre,PPR,PPR01,Voie périphérique PPR,"corrective, preventive",1,2,3
4745,Candélabre 8 ,Equipement Electrique,Candélabre,PPR,PPR01,Voie périphérique PPR,preventive,0,2,2
4746,Candélabre 9 ,Equipement Electrique,Candélabre,PPR,PPR01,Voie périphérique PPR,preventive,0,2,2
4747,Candélabre 10 ,Equipement Electrique,Candélabre,PPR,PPR01,Voie périphérique PPR,preventive,0,2,2
4748,Candélabre 11 ,Equipement Electrique,Candélabre,PPR,PPR01,Voie périphérique PPR,preventive,0,2,2
4749,Candélabre 12 ,Equipement Electrique,Candélabre,PPR,PPR01,Voie périphérique PPR,preventive,0,2,2
4750,Candélabre 13 ,Equipement Electrique,Candélabre,PPR,PPR01,Voie périphérique PPR,preventive,0,2,2
4751,Candélabre 14 ,Equipement Electrique,Candélabre,PPR,PPR01,Voie périphérique PPR,preventive,0,2,2
4752,Candélabre 15 ,Equipement Electrique,Candélabre,PPR,PPR01,Voie périphérique PPR,"corrective, preventive",1,2,3
4753,Candélabre 16 ,Equipement Electrique,Candélabre,PPR,PPR01,Voie périphérique PPR,preventive,0,2,2
4754,Candélabre 17 ,Equipement Electrique,Candélabre,PPR,PPR01,Voie périphérique PPR,"corrective, preventive",1,2,3
4755,Candélabre 18 ,Equipement Electrique,Candélabre,PPR,PPR01,Voie périphérique PPR,preventive,0,2,2
4756,Candélabre 19 ,Equipement Electrique,Candélabre,PPR,PPR01,Voie périphérique PPR,preventive,0,2,2
4757,Candélabre 20 ,Equipement Electrique,Candélabre,PPR,PPR01,Voie périphérique PPR,preventive,0,2,2
4758,Candélabre 21 ,Equipement Electrique,Candélabre,PPR,PPR01,Voie périphérique PPR,preventive,0,2,2
4759,Candélabre 22 ,Equipement Electrique,Candélabre,PPR,PPR01,Voie périphérique PPR,preventive,0,2,2
4760,Candélabre 23 ,Equipement Electrique,Candélabre,PPR,PPR01,Voie périphérique PPR,preventive,0,2,2
4761,Candélabre 24 ,Equipement Electrique,Candélabre,PPR,PPR01,Voie périphérique PPR,preventive,0,2,2
4762,Candélabre 25 ,Equipement Electrique,Candélabre,PPR,PPR01,Voie périphérique PPR,preventive,0,2,2
4763,Candélabre 26 ,Equipement Electrique,Candélabre,PPR,PPR01,Voie périphérique PPR,preventive,0,2,2
4764,Candélabre 27 ,Equipement Electrique,Candélabre,PPR,PPR01,Voie périphérique PPR,"corrective, preventive",1,2,3
4765,Candélabre 28 ,Equipement Electrique,Candélabre,PPR,PPR01,Voie périphérique TM2 ,preventive,0,2,2
4766,Candélabre 29 ,Equipement Electrique,Candélabre,PPR,PPR01,Voie périphérique TM2 ,preventive,0,2,2
4767,Candélabre 30 ,Equipement Electrique,Candélabre,PPR,PPR01,Voie périphérique TM2 ,preventive,0,2,2
4768,Candélabre 31 ,Equipement Electrique,Candélabre,PPR,PPR01,Voie périphérique PPR,preventive,0,2,2
4769,Candélabre 32 ,Equipement Electrique,Candélabre,PPR,PPR01,Voie périphérique PPR,preventive,0,2,2
4770,Candélabre 33 ,Equipement Electrique,Candélabre,PPR,PPR01,Voie périphérique PPR,preventive,0,2,2
4771,Candélabre 34 ,Equipement Electrique,Candélabre,PPR,PPR01,Voie périphérique PPR,preventive,0,2,2
4772,Candélabre 35 ,Equipement Electrique,Candélabre,PPR,PPR01,Voie périphérique PPR,preventive,0,2,2
4773,Candélabre 36 ,Equipement Electrique,Candélabre,PPR,PPR01,Voie périphérique PPR,preventive,0,2,2
4774,Candélabre 37 ,Equipement Electrique,Candélabre,PPR,PPR01,Voie périphérique PPR,preventive,0,2,2
4775,Candélabre 38 ,Equipement Electrique,Candélabre,PPR,PPR01,Voie périphérique PPR,preventive,0,2,2
4776,Candélabre 39 ,Equipement Electrique,Candélabre,PPR,PPR01,Voie périphérique PPR,preventive,0,2,2
4777,Candélabre 40 ,Equipement Electrique,Candélabre,PPR,PPR01,Voie périphérique PPR,preventive,0,2,2
4778,Candélabre 41 ,Equipement Electrique,Candélabre,PPR,PPR01,Voie périphérique PPR,preventive,0,2,2
4779,Candélabre 42 ,Equipement Electrique,Candélabre,PPR,PPR01,Voie périphérique PPR,preventive,0,2,2
4780,Candélabre 43 ,Equipement Electrique,Candélabre,PPR,PPR01,Voie périphérique PPR,preventive,0,2,2
4781,Candélabre 44 ,Equipement Electrique,Candélabre,PPR,PPR01,Voie périphérique PPR,preventive,0,2,2
4782,Candélabre 45 ,Equipement Electrique,Candélabre,PPR,PPR01,Voie périphérique PPR,preventive,0,2,2
4783,Candélabre 46 ,Equipement Electrique,Candélabre,PPR,PPR01,Voie périphérique PPR,preventive,0,2,2
4784,Candélabre 47 ,Equipement Electrique,Candélabre,PPR,PPR01,Voie périphérique PPR,preventive,0,2,2
4785,Candélabre 48 ,Equipement Electrique,Candélabre,PPR,PPR01,Voie périphérique PPR,preventive,0,2,2
4786,Candélabre 49 ,Equipement Electrique,Candélabre,PPR,PPR01,Voie périphérique PPR,preventive,0,2,2
4787,Candélabre 50 ,Equipement Electrique,Candélabre,PPR,PPR01,Voie périphérique PPR,preventive,0,2,2
4788,Candélabre 51 ,Equipement Electrique,Candélabre,PPR,PPR01,Voie périphérique PPR,preventive,0,2,2
4789,Candélabre 52 ,Equipement Electrique,Candélabre,PPR,PPR01,Voie périphérique PPR,preventive,0,2,2
4790,Candélabre 53 ,Equipement Electrique,Candélabre,PPR,PPR01,Voie périphérique PPR,preventive,0,2,2
4791,Candélabre 54 ,Equipement Electrique,Candélabre,PPR,PPR01,Voie périphérique PPR,preventive,0,2,2
4792,Candélabre 55 ,Equipement Electrique,Candélabre,PPR,PPR01,Voie périphérique PPR,preventive,0,2,2
4793,Candélabre 56 ,Equipement Electrique,Candélabre,PPR,PPR01,Voie périphérique PPR,preventive,0,2,2
4794,Candélabre 57 ,Equipement Electrique,Candélabre,PPR,PPR01,Voie périphérique PPR,preventive,0,2,2
4795,Candélabre 58 ,Equipement Electrique,Candélabre,PPR,PPR01,Voie périphérique PPR,preventive,0,2,2
4796,Candélabre 59 ,Equipement Electrique,Candélabre,PPR,PPR01,Voie périphérique PPR,preventive,0,2,2
4797,Candélabre 60 ,Equipement Electrique,Candélabre,PPR,PPR01,Voie périphérique PPR,preventive,0,2,2
4798,Candélabre 61 ,Equipement Electrique,Candélabre,PPR,PPR01,Voie périphérique PPR,preventive,0,2,2
4800,Candélabre 63 ,Equipement Electrique,Candélabre,PPR,PPR01,Voie périphérique PPR,preventive,0,2,2
4801,Candélabre 64 ,Equipement Electrique,Candélabre,PPR,PPR01,Voie périphérique PPR,preventive,0,2,2
4802,Candélabre 65 ,Equipement Electrique,Candélabre,PPR,PPR01,Voie périphérique PPR,preventive,0,2,2
4803,Candélabre 66 ,Equipement Electrique,Candélabre,PPR,PPR01,Voie périphérique PPR,preventive,0,2,2
4804,Candélabre 67 ,Equipement Electrique,Candélabre,PPR,PPR01,Voie périphérique PPR,preventive,0,2,2
4805,Candélabre 68 ,Equipement Electrique,Candélabre,PPR,PPR01,Voie périphérique PPR,preventive,0,2,2
4806,Candélabre 69 ,Equipement Electrique,Candélabre,PPR,PPR01,Voie périphérique PPR,preventive,0,2,2
4807,Candélabre 70 ,Equipement Electrique,Candélabre,PPR,PPR01,Voie périphérique PPR,preventive,0,2,2
4808,Candélabre 71 ,Equipement Electrique,Candélabre,PPR,PPR01,Voie périphérique PPR,preventive,0,2,2
4809,Candélabre 72 ,Equipement Electrique,Candélabre,PPR,PPR01,Voie périphérique PPR,preventive,0,2,2
4810,Candélabre 73 ,Equipement Electrique,Candélabre,PPR,PPR01,Voie périphérique PPR,preventive,0,2,2
4811,Candélabre 74 ,Equipement Electrique,Candélabre,PPR,PPR01,Voie périphérique PPR,preventive,0,1,1
4812,Candélabre 75 ,Equipement Electrique,Candélabre,PPR,PPR01,Voie périphérique PPR,preventive,0,2,2
4813,Candélabre 76 ,Equipement Electrique,Candélabre,PPR,PPR01,Voie périphérique PPR,preventive,0,2,2
4814,Candélabre 77 ,Equipement Electrique,Candélabre,PPR,PPR01,Voie périphérique PPR,preventive,0,2,2
4815,Candélabre 78 ,Equipement Electrique,Candélabre,PPR,PPR01,Voie périphérique PPR,preventive,0,2,2
4816,Candélabre 79 ,Equipement Electrique,Candélabre,PPR,PPR01,Voie périphérique PPR,preventive,0,2,2
4817,Candélabre 80 ,Equipement Electrique,Candélabre,PPR,PPR01,Voie périphérique PPR,preventive,0,2,2
4818,Candélabre 81 ,Equipement Electrique,Candélabre,PPR,PPR01,Voie périphérique PPR,preventive,0,2,2
4819,Candélabre 82 ,Equipement Electrique,Candélabre,PPR,PPR01,Voie périphérique PPR,preventive,0,3,3
4820,Candélabre 83 ,Equipement Electrique,Candélabre,PPR,PPR01,Voie périphérique PPR,preventive,0,3,3
4821,Candélabre 84 ,Equipement Electrique,Candélabre,PPR,PPR01,Voie périphérique PPR,"corrective, preventive",1,3,4
4822,Candélabre 85 ,Equipement Electrique,Candélabre,PPR,PPR01,Voie périphérique PPR,preventive,0,2,2
4823,Candélabre 86 ,Equipement Electrique,Candélabre,PPR,PPR01,Voie périphérique PPR,preventive,0,2,2
4824,Candélabre 87 ,Equipement Electrique,Candélabre,PPR,PPR01,Voie périphérique PPR,preventive,0,2,2
4825,Candélabre 88 ,Equipement Electrique,Candélabre,PPR,PPR01,Voie périphérique PPR,preventive,0,2,2
4826,Candélabre 89 ,Equipement Electrique,Candélabre,PPR,PPR01,Voie périphérique PPR,preventive,0,2,2
4827,Candélabre 90 ,Equipement Electrique,Candélabre,PPR,PPR01,Voie périphérique PPR,preventive,0,2,2
4828,Candélabre 91 ,Equipement Electrique,Candélabre,PPR,PPR01,Voie périphérique TM2 ,preventive,0,2,2
4829,Candélabre 92 ,Equipement Electrique,Candélabre,PPR,PPR01,Voie périphérique PPR,preventive,0,2,2
4830,Candélabre 93 ,Equipement Electrique,Candélabre,PPR,PPR01,Voie périphérique PPR,preventive,0,2,2
4831,Candélabre 94 ,Equipement Electrique,Candélabre,PPR,PPR01,Voie périphérique PPR,preventive,0,2,2
4832,Candélabre 95 ,Equipement Electrique,Candélabre,PPR,PPR01,Voie périphérique PPR,preventive,0,2,2
4833,Candélabre 96 ,Equipement Electrique,Candélabre,PPR,PPR01,Voie périphérique PPR,preventive,0,2,2
4834,Candélabre 97 ,Equipement Electrique,Candélabre,PPR,PPR01,Voie périphérique PPR,"corrective, preventive",1,2,3
4835,Candélabre 98 ,Equipement Electrique,Candélabre,PPR,PPR01,Voie périphérique PPR,preventive,0,2,2
4836,Candélabre 99 ,Equipement Electrique,Candélabre,PPR,PPR01,Voie périphérique PPR,preventive,0,2,2
4837,Candélabre 100 ,Equipement Electrique,Candélabre,PPR,PPR01,Voie périphérique PPR,preventive,0,2,2
4838,Candélabre 101 ,Equipement Electrique,Candélabre,PPR,PPR01,Voie périphérique PPR,preventive,0,2,2
4839,Candélabre 102 ,Equipement Electrique,Candélabre,PPR,PPR01,Voie périphérique PPR,"corrective, preventive",1,2,3
4840,Candélabre 103 ,Equipement Electrique,Candélabre,PPR,PPR01,Voie périphérique PPR,preventive,0,2,2
4841,Candélabre 104 ,Equipement Electrique,Candélabre,PPR,PPR01,Voie périphérique PPR,preventive,0,2,2
4842,Candélabre 105 ,Equipement Electrique,Candélabre,PPR,PPR01,Voie périphérique PPR,preventive,0,2,2
4843,Candélabre 106 ,Equipement Electrique,Candélabre,PPR,PPR01,Voie périphérique PPR,preventive,0,2,2
4844,Candélabre 107 ,Equipement Electrique,Candélabre,PPR,PPR01,Voie périphérique PPR,preventive,0,2,2
4845,Candélabre 108 ,Equipement Electrique,Candélabre,PPR,PPR01,Voie périphérique PPR,preventive,0,2,2
4846,Candélabre 109 ,Equipement Electrique,Candélabre,PPR,PPR01,Voie périphérique TM2 ,preventive,0,2,2
4847,Candélabre 110 ,Equipement Electrique,Candélabre,PPR,PPR01,Voie périphérique PPR,preventive,0,2,2
4848,Candélabre 111 ,Equipement Electrique,Candélabre,PPR,PPR01,Voie périphérique PPR,preventive,0,2,2
4849,Candélabre 112 ,Equipement Electrique,Candélabre,PPR,PPR01,PPR,preventive,0,2,2
4850,Candélabre 113 ,Equipement Electrique,Candélabre,PPR,PPR01,PPR,preventive,0,2,2
4851,Candélabre 114 ,Equipement Electrique,Candélabre,PPR,PPR01,PPR,preventive,0,2,2
4852,Candélabre 115 ,Equipement Electrique,Candélabre,PPR,PPR01,PPR,preventive,0,2,2
4853,Candélabre 116 ,Equipement Electrique,Candélabre,PPR,PPR01,PPR,preventive,0,2,2
4854,Candélabre 117 ,Equipement Electrique,Candélabre,PPR,PPR01,PPR,preventive,0,2,2
4855,Candélabre 118 ,Equipement Electrique,Candélabre,PPR,PPR01,PPR,preventive,0,2,2
4856,Candélabre 119 ,Equipement Electrique,Candélabre,PPR,PPR01,PPR,preventive,0,2,2
4857,Candélabre 120 ,Equipement Electrique,Candélabre,PPR,PPR01,PPR,preventive,0,2,2
4858,Candélabre 121 ,Equipement Electrique,Candélabre,PPR,PPR01,PPR,preventive,0,2,2
4859,Candélabre 122 ,Equipement Electrique,Candélabre,PPR,PPR01,PPR,preventive,0,2,2
4860,Candélabre 123 ,Equipement Electrique,Candélabre,PPR,PPR01,PPR,preventive,0,2,2
4861,Candélabre 124 ,Equipement Electrique,Candélabre,PPR,PPR01,PPR,preventive,0,2,2
4862,Candélabre 125 ,Equipement Electrique,Candélabre,PPR,PPR01,PPR,preventive,0,2,2
4863,Candélabre 126 ,Equipement Electrique,Candélabre,PPR,PPR01,PPR,preventive,0,2,2
4864,Candélabre 127 ,Equipement Electrique,Candélabre,PPR,PPR01,PPR,preventive,0,2,2
4865,Candélabre 128 ,Equipement Electrique,Candélabre,PPR,PPR01,PPR,preventive,0,2,2
4866,Candélabre 129 ,Equipement Electrique,Candélabre,PPR,PPR01,PPR,preventive,0,2,2
4867,Candélabre 130 ,Equipement Electrique,Candélabre,PPR,PPR01,PPR,preventive,0,2,2
4868,Candélabre 131 ,Equipement Electrique,Candélabre,PPR,GATE2,GATE2,preventive,0,2,2
4869,Candélabre 132 ,Equipement Electrique,Candélabre,PPR,GATE2,GATE2,preventive,0,2,2
4870,Candélabre 133 ,Equipement Electrique,Candélabre,PPR,GATE2,GATE2,preventive,0,2,2
4871,Candélabre 134 ,Equipement Electrique,Candélabre,PPR,GATE2,GATE2,preventive,0,2,2
4872,Candélabre 135 ,Equipement Electrique,Candélabre,PPR,GATE2,GATE2,preventive,0,2,2
4873,Candélabre 136 ,Equipement Electrique,Candélabre,PPR,GATE2,GATE2,preventive,0,2,2
4874,Candélabre 137 ,Equipement Electrique,Candélabre,PPR,GATE2,GATE2,preventive,0,2,2
4875,Candélabre 138 ,Equipement Electrique,Candélabre,PPR,GATE2,GATE2,preventive,0,2,2
4876,Candélabre 139 ,Equipement Electrique,Candélabre,PPR,GATE2,GATE2,preventive,0,2,2
4877,Candélabre 140 ,Equipement Electrique,Candélabre,PPR,GATE2,GATE2,preventive,0,2,2
4878,Candélabre 141 ,Equipement Electrique,Candélabre,PPR,GATE2,GATE2,preventive,0,2,2
4879,Candélabre 142 ,Equipement Electrique,Candélabre,PPR,GATE2,GATE2,preventive,0,2,2
4880,Candélabre 143 ,Equipement Electrique,Candélabre,PPR,GATE2,GATE2,preventive,0,2,2
4881,Candélabre 144 ,Equipement Electrique,Candélabre,PPR,GATE2,GATE2,preventive,0,2,2
4882,Candélabre 145 ,Equipement Electrique,Candélabre,PPR,GATE2,GATE2,preventive,0,2,2
4883,Candélabre 146 ,Equipement Electrique,Candélabre,PPR,GATE2,GATE2,preventive,0,2,2
4884,Candélabre 147 ,Equipement Electrique,Candélabre,PPR,GATE2,GATE2,preventive,0,2,2
4885,Candélabre 148 ,Equipement Electrique,Candélabre,PPR,GATE2,GATE2,preventive,0,2,2
4886,Candélabre 149 ,Equipement Electrique,Candélabre,PPR,GATE2,GATE2,preventive,0,2,2
4887,Candélabre 150 ,Equipement Electrique,Candélabre,PPR,GATE2,GATE2,preventive,0,2,2
4888,Candélabre 151 ,Equipement Electrique,Candélabre,PPR,GATE2,GATE2,preventive,0,2,2
4889,Candélabre 152 ,Equipement Electrique,Candélabre,PPR,GATE2,GATE2,preventive,0,2,2
4890,Candélabre 153 ,Equipement Electrique,Candélabre,PPR,GATE2,GATE2,preventive,0,2,2
4891,Candélabre 154 ,Equipement Electrique,Candélabre,PPR,GATE2,GATE2,preventive,0,2,2
4892,Candélabre 155 ,Equipement Electrique,Candélabre,PPR,GATE2,GATE2,preventive,0,2,2
4893,Candélabre 156 ,Equipement Electrique,Candélabre,PPR,GATE2,GATE2,preventive,0,2,2
4894,Candélabre 157 ,Equipement Electrique,Candélabre,PPR,GATE2,GATE2,preventive,0,2,2
4895,Candélabre 158 ,Equipement Electrique,Candélabre,PPR,GATE2,GATE2,preventive,0,2,2
4896,Candélabre 159 ,Equipement Electrique,Candélabre,PPR,GATE2,GATE2,preventive,0,2,2
4897,Candélabre 160 ,Equipement Electrique,Candélabre,PPR,GATE2,GATE2,preventive,0,2,2
4898,Candélabre 1 ,Equipement Electrique,Candélabre,TM1,ZEXT01,RN16,"corrective, preventive",1,1,2
4899,Candélabre 2 ,Equipement Electrique,Candélabre,TM1,ZEXT01,Voie périphérique MEDHUB,preventive,0,1,1
4900,Candélabre 3 ,Equipement Electrique,Candélabre,TM1,ZEXT01,Voie périphérique MEDHUB,preventive,0,1,1
4901,Candélabre 4 ,Equipement Electrique,Candélabre,TM1,ZEXT01,Voie périphérique MEDHUB,preventive,0,1,1
4902,Candélabre 5 ,Equipement Electrique,Candélabre,TM1,ZEXT01,Voie périphérique MEDHUB,preventive,0,1,1
4903,Candélabre 6 ,Equipement Electrique,Candélabre,TM1,ZEXT01,Voie périphérique MEDHUB,preventive,0,1,1
4904,Candélabre 7 ,Equipement Electrique,Candélabre,TM1,ZEXT01,Voie périphérique MEDHUB,preventive,0,1,1
4905,Candélabre 8 ,Equipement Electrique,Candélabre,TM1,ZEXT01,Voie périphérique MEDHUB,preventive,0,1,1
4906,Candélabre 9 ,Equipement Electrique,Candélabre,TM1,ZEXT01,Voie périphérique MEDHUB,preventive,0,1,1
4907,Candélabre 10 ,Equipement Electrique,Candélabre,TM1,ZEXT01,Voie périphérique MEDHUB,preventive,0,1,1
4908,Candélabre 11 ,Equipement Electrique,Candélabre,TM1,ZEXT01,Voie périphérique MEDHUB,preventive,0,1,1
4909,Candélabre 12 ,Equipement Electrique,Candélabre,TM1,ZEXT01,Voie périphérique MEDHUB,preventive,0,1,1
4910,Candélabre 13 ,Equipement Electrique,Candélabre,TM1,ZEXT01,Voie périphérique MEDHUB,preventive,0,1,1
4911,Candélabre 14 ,Equipement Electrique,Candélabre,TM1,ZEXT01,Voie périphérique MEDHUB,preventive,0,1,1
4912,Candélabre 15 ,Equipement Electrique,Candélabre,TM1,ZEXT01,Voie périphérique MEDHUB,preventive,0,1,1
4913,Candélabre 16 ,Equipement Electrique,Candélabre,TM1,ZEXT01,Voie périphérique MEDHUB,preventive,0,1,1
4914,Candélabre 17 ,Equipement Electrique,Candélabre,TM1,ZEXT01,Voie périphérique MEDHUB,preventive,0,1,1
4915,Candélabre 18 ,Equipement Electrique,Candélabre,TM1,ZEXT01,Voie périphérique MEDHUB,preventive,0,1,1
4916,Candélabre 19 ,Equipement Electrique,Candélabre,TM1,ZEXT01,Voie périphérique MEDHUB,preventive,0,1,1
4917,Candélabre 20 ,Equipement Electrique,Candélabre,TM1,ZEXT01,Voie périphérique MEDHUB,preventive,0,1,1
4918,Candélabre 21 ,Equipement Electrique,Candélabre,TM1,ZEXT01,Voie périphérique MEDHUB,preventive,0,1,1
4919,Candélabre 22 ,Equipement Electrique,Candélabre,TM1,ZEXT01,Voie périphérique MEDHUB,preventive,0,1,1
4920,Candélabre 23 ,Equipement Electrique,Candélabre,TM1,ZEXT01,Voie périphérique MEDHUB,preventive,0,1,1
4921,Candélabre 24 ,Equipement Electrique,Candélabre,TM1,ZEXT01,Voie périphérique MEDHUB,preventive,0,1,1
4922,Candélabre 25 ,Equipement Electrique,Candélabre,TM1,ZEXT01,Voie périphérique MEDHUB,preventive,0,1,1
4923,Candélabre 26 ,Equipement Electrique,Candélabre,TM1,ZEXT01,Voie périphérique MEDHUB,preventive,0,1,1
4924,Candélabre 27 ,Equipement Electrique,Candélabre,TM1,ZEXT01,Voie périphérique MEDHUB,preventive,0,1,1
4925,Candélabre 28 ,Equipement Electrique,Candélabre,TM1,ZEXT01,Voie périphérique MEDHUB,preventive,0,1,1
4926,Candélabre 29 ,Equipement Electrique,Candélabre,TM1,ZEXT01,Voie périphérique MEDHUB,preventive,0,1,1
4927,Candélabre 30 ,Equipement Electrique,Candélabre,TM1,ZEXT01,Voie périphérique MEDHUB,preventive,0,1,1
4928,Candélabre 31 ,Equipement Electrique,Candélabre,TM1,ZEXT01,Voie périphérique MEDHUB,preventive,0,1,1
4929,Candélabre 32 ,Equipement Electrique,Candélabre,TM1,ZEXT01,Voie périphérique MEDHUB,preventive,0,1,1
4930,Candélabre 33 ,Equipement Electrique,Candélabre,TM1,ZEXT01,Voie périphérique MEDHUB,preventive,0,1,1
4931,Candélabre 34 ,Equipement Electrique,Candélabre,TM1,ZEXT01,Voie périphérique MEDHUB,preventive,0,1,1
4932,Candélabre 35 ,Equipement Electrique,Candélabre,TM1,ZEXT01,Voie périphérique MEDHUB,preventive,0,1,1
4933,Candélabre 36 ,Equipement Electrique,Candélabre,TM1,ZEXT01,Voie périphérique MEDHUB,preventive,0,1,1
4934,Candélabre 37 ,Equipement Electrique,Candélabre,TM1,ZEXT01,Voie périphérique MEDHUB,preventive,0,1,1
4935,Candélabre 38 ,Equipement Electrique,Candélabre,TM1,ZEXT01,Voie périphérique MEDHUB,preventive,0,1,1
4936,Candélabre 39 ,Equipement Electrique,Candélabre,MEDHUB,ZFL02,Voie périphérique MEDHUB,preventive,0,1,1
4937,Candélabre 40 ,Equipement Electrique,Candélabre,MEDHUB,ZFL02,Voie périphérique MEDHUB,"corrective, preventive",1,1,2
4938,Candélabre 41 ,Equipement Electrique,Candélabre,MEDHUB,ZFL02,Voie périphérique MEDHUB,preventive,0,1,1
4939,Candélabre 42 ,Equipement Electrique,Candélabre,MEDHUB,ZFL02,Voie périphérique MEDHUB,preventive,0,1,1
4944,Candélabre 47 ,Equipement Electrique,Candélabre,MEDHUB,ZFL02,Voie périphérique MEDHUB,corrective,1,0,1
4950,Candélabre 53 ,Equipement Electrique,Candélabre,MEDHUB,ZFL02,Voie périphérique MEDHUB,corrective,1,0,1
4952,Candélabre 55 ,Equipement Electrique,Candélabre,MEDHUB,ZFL02,Voie périphérique MEDHUB,corrective,1,0,1
5028,Candélabre 131 ,Equipement Electrique,Candélabre,TM1,ZEXT01,RN16,preventive,0,2,2
5029,Candélabre 132 ,Equipement Electrique,Candélabre,TM1,ZEXT01,RN16,preventive,0,2,2
5030,Candélabre 133 ,Equipement Electrique,Candélabre,TM1,ZEXT01,RN16,preventive,0,2,2
5031,Candélabre 134 ,Equipement Electrique,Candélabre,TM1,ZEXT01,RN16,preventive,0,2,2
5032,Candélabre 135 ,Equipement Electrique,Candélabre,TM1,ZEXT01,RN16,preventive,0,2,2
5033,Candélabre 136 ,Equipement Electrique,Candélabre,TM1,ZEXT01,RN16,preventive,0,2,2
5034,Candélabre 137 ,Equipement Electrique,Candélabre,TM1,ZEXT01,RN16,preventive,0,2,2
5035,Candélabre 138 ,Equipement Electrique,Candélabre,TM1,ZEXT01,RN16,preventive,0,2,2
5036,Candélabre 139 ,Equipement Electrique,Candélabre,TM1,ZEXT01,RN16,preventive,0,2,2
5037,Candélabre 140 ,Equipement Electrique,Candélabre,TM1,ZEXT01,RN16,preventive,0,2,2
5038,Candélabre 141 ,Equipement Electrique,Candélabre,TM1,ZEXT01,RN16,preventive,0,2,2
5039,Candélabre 142 ,Equipement Electrique,Candélabre,TM1,ZEXT01,RN16,preventive,0,2,2
5040,Candélabre 143 ,Equipement Electrique,Candélabre,TM1,ZEXT01,RN16,preventive,0,2,2
5041,Candélabre 144 ,Equipement Electrique,Candélabre,TM1,ZEXT01,RN16,preventive,0,2,2
5042,Candélabre 145 ,Equipement Electrique,Candélabre,TM1,ZEXT01,RN16,preventive,0,2,2
5043,Candélabre 146 ,Equipement Electrique,Candélabre,TM1,ZEXT01,RN16,preventive,0,2,2
5044,Candélabre 147 ,Equipement Electrique,Candélabre,TM1,ZEXT01,RN16,preventive,0,2,2
5045,Candélabre 148 ,Equipement Electrique,Candélabre,TM1,ZEXT01,RN16,preventive,0,2,2
5046,Candélabre 149 ,Equipement Electrique,Candélabre,TM1,ZEXT01,RN16,preventive,0,2,2
5047,Candélabre 150 ,Equipement Electrique,Candélabre,TM1,ZEXT01,RN16,preventive,0,2,2
5048,Candélabre 151 ,Equipement Electrique,Candélabre,TM1,ZEXT01,RN16,preventive,0,2,2
5049,Candélabre 152 ,Equipement Electrique,Candélabre,TM1,ZEXT01,RN16,preventive,0,2,2
5050,Candélabre 153 ,Equipement Electrique,Candélabre,TM1,ZEXT01,RN16,preventive,0,2,2
5051,Candélabre 154 ,Equipement Electrique,Candélabre,TM1,ZEXT01,RN16,preventive,0,2,2
5052,Candélabre 155 ,Equipement Electrique,Candélabre,TM1,ZEXT01,RN16,preventive,0,2,2
5053,Candélabre 156 ,Equipement Electrique,Candélabre,TM1,ZEXT01,RN16,preventive,0,2,2
5054,Candélabre 157 ,Equipement Electrique,Candélabre,TM1,ZEXT01,RN16,preventive,0,2,2
5055,Candélabre 158 ,Equipement Electrique,Candélabre,TM1,ZEXT01,RN16,preventive,0,2,2
5056,Candélabre 159 ,Equipement Electrique,Candélabre,TM1,ZEXT01,RN16,preventive,0,2,2
5057,Candélabre 160 ,Equipement Electrique,Candélabre,TM1,ZEXT01,RN16,preventive,0,2,2
5058,Candélabre 161 ,Equipement Electrique,Candélabre,TM1,ZEXT01,RN16,preventive,0,2,2
5059,Candélabre 162 ,Equipement Electrique,Candélabre,TM1,ZEXT01,RN16,preventive,0,2,2
5060,Candélabre 163 ,Equipement Electrique,Candélabre,TM1,ZEXT01,RN16,preventive,0,2,2
5061,Candélabre 164 ,Equipement Electrique,Candélabre,TM1,ZEXT01,RN16,preventive,0,2,2
5062,Candélabre 165 ,Equipement Electrique,Candélabre,TM1,ZEXT01,RN16,preventive,0,2,2
5063,Candélabre 166 ,Equipement Electrique,Candélabre,TM1,ZEXT01,RN16,preventive,0,2,2
5064,Candélabre 167 ,Equipement Electrique,Candélabre,TM1,ZEXT01,RN16,preventive,0,2,2
5065,Candélabre 168 ,Equipement Electrique,Candélabre,TM1,ZEXT01,RN16,preventive,0,2,2
5066,Candélabre 169 ,Equipement Electrique,Candélabre,TM1,ZEXT01,RN16,preventive,0,2,2
5067,Candélabre 170 ,Equipement Electrique,Candélabre,TM1,ZEXT01,RN16,preventive,0,2,2
5068,Candélabre 171 ,Equipement Electrique,Candélabre,TM1,ZEXT01,RN16,preventive,0,2,2
5069,Candélabre 172 ,Equipement Electrique,Candélabre,TM1,ZEXT01,RN16,preventive,0,2,2
5070,Candélabre 173 ,Equipement Electrique,Candélabre,TM1,ZEXT01,RN16,preventive,0,2,2
5071,Candélabre 174 ,Equipement Electrique,Candélabre,TM1,ZEXT01,RN16,preventive,0,2,2
5072,Candélabre 175 ,Equipement Electrique,Candélabre,TM1,ZEXT01,RN16,preventive,0,2,2
5073,Candélabre 176 ,Equipement Electrique,Candélabre,TM1,ZEXT01,RN16,preventive,0,2,2
5074,Candélabre 177 ,Equipement Electrique,Candélabre,TM1,ZEXT01,RN16,preventive,0,2,2
5075,Candélabre 178 ,Equipement Electrique,Candélabre,TM1,ZEXT01,RN16,preventive,0,2,2
5076,Candélabre 179 ,Equipement Electrique,Candélabre,TM1,ZEXT01,RN16,preventive,0,2,2
5077,Candélabre 180 ,Equipement Electrique,Candélabre,TM1,ZEXT01,RN16,preventive,0,2,2
5078,Candélabre 181 ,Equipement Electrique,Candélabre,TM1,ZEXT01,RN16,preventive,0,2,2
5079,Candélabre 182 ,Equipement Electrique,Candélabre,TM1,ZEXT01,RN16,preventive,0,2,2
5080,Candélabre 183 ,Equipement Electrique,Candélabre,TM1,ZEXT01,RN16,preventive,0,2,2
5081,Candélabre 184 ,Equipement Electrique,Candélabre,TM1,ZEXT01,RN16,preventive,0,2,2
5082,Candélabre 185 ,Equipement Electrique,Candélabre,TM1,ZEXT01,RN16,preventive,0,2,2
5083,Candélabre 186 ,Equipement Electrique,Candélabre,TM1,ZEXT01,RN16,preventive,0,2,2
5084,Candélabre 187 ,Equipement Electrique,Candélabre,TM1,ZEXT01,RN16,preventive,0,2,2
5085,Candélabre 188 ,Equipement Electrique,Candélabre,TM1,ZEXT01,RN16,preventive,0,2,2
5086,Candélabre 189 ,Equipement Electrique,Candélabre,TM1,ZEXT01,RN16,preventive,0,2,2
5087,Candélabre 190 ,Equipement Electrique,Candélabre,TM1,ZEXT01,RN16,preventive,0,2,2
5088,Candélabre 191 ,Equipement Electrique,Candélabre,TM1,ZEXT01,RN16,preventive,0,2,2
5089,Candélabre 192 ,Equipement Electrique,Candélabre,TM1,ZEXT01,RN16,preventive,0,2,2
5090,Candélabre 193 ,Equipement Electrique,Candélabre,TM1,ZEXT01,RN16,preventive,0,2,2
5091,Candélabre 194 ,Equipement Electrique,Candélabre,TM1,ZEXT01,RN16,preventive,0,2,2
5092,Candélabre 195 ,Equipement Electrique,Candélabre,TM1,ZEXT01,RN16,preventive,0,2,2
5093,Candélabre 196 ,Equipement Electrique,Candélabre,TM1,ZEXT01,RN16,preventive,0,2,2
5151,Onduleur-LT-TM2-JCP-03,Equipement Electrique,Onduleur,TM2,TM02,DPC MED2,preventive,0,1,1
5152,Onduleur-LT-TM2-JCP-05,Equipement Electrique,Onduleur,TM2,TM02,DPC MED2,preventive,0,1,1
5153,Onduleur-LT-PTR1-03,Equipement Electrique,Onduleur,TM2,TM02,PTR1,preventive,0,1,1
5154,Onduleur-LT3-RDC-TGBT,Equipement Electrique,Onduleur,TM2,TM02,LIO 3 ,preventive,0,1,1
5155,Onduleur-LT-RDC-BPNG-TGBT,Equipement Electrique,Onduleur,TM2,TM02,PNG,preventive,0,1,1
5156,Onduleur-LT-TM2-BPNG-1ETG-TGBT,Equipement Electrique,Onduleur,TM2,TM02,PNG,preventive,0,1,1
5157,Onduleur-LT-TM2-JCP-07,Equipement Electrique,Onduleur,TM2,TM02,DPC MED2,preventive,0,1,1
5158,Onduleur-LT-PTR1-02,Equipement Electrique,Onduleur,TM2,TM02,PTR1,preventive,0,1,1
5159,Onduleur-LT-PTR1-01,Equipement Electrique,Onduleur,TM2,TM02,PTR1,"corrective, preventive",1,1,2
5160,Onduleur-LT-SAS4-ZB-TGBT,Equipement Electrique,Onduleur,PPR,GATE3,GATE3,preventive,0,1,1
5161,Onduleur-LT-56,Equipement Electrique,Onduleur,PPR,PPR01,PPR,preventive,0,1,1
5162,Onduleur-LT-BAT.ADM-TGBT 01,Equipement Electrique,Onduleur,PPR,PPR01,Bâtiment ADM,preventive,0,1,1
5163,Onduleur-LT-BAT.ADM-TGBT 02,Equipement Electrique,Onduleur,PPR,PPR01,Bâtiment ADM,preventive,0,1,1
5164,Onduleur-LT-BAT-ADM02-TELECOM,Equipement Electrique,Onduleur,PPR,PPR01,Bâtiment ADM,preventive,0,1,1
5165,Onduleur-LT4-SURETE,Equipement Electrique,Onduleur,PPR,TM01,GATE2,preventive,0,1,1
5166,Onduleur-LT-GATE2-POLICE,Equipement Electrique,Onduleur,PPR,GATE2,GATE2,preventive,0,1,1
5167,Onduleur-LT-GATE2-POLICE-BAT,Equipement Electrique,Onduleur,PPR,GATE2,GATE2,preventive,0,1,1
5168,Onduleur-LT-GATE2-TGBT-01,Equipement Electrique,Onduleur,PPR,GATE2,GATE2,preventive,0,1,1
5169,Onduleur-LT-BELVEDERE-01,Equipement Electrique,Onduleur,TM1,TMPC01,BELVEDERE,preventive,0,1,1
5170,Onduleur-LT2-SRV-TGBT 02,Equipement Electrique,Onduleur,TM1,TM01,Local serveur,"corrective, preventive",1,1,2
5171,Onduleur-LT2-SRV-TGBT 01,Equipement Electrique,Onduleur,TM1,TM01,Local serveur,"corrective, preventive",1,1,2
5172,Onduleur2-LT2-OND-TGBT-OUEST ,Equipement Electrique,Onduleur,TM1,TM01,LIO Ouest,preventive,0,1,1
5173,Onduleur1-LT2-OND-TGBT-OUEST,Equipement Electrique,Onduleur,TM1,TMPC01,LIO Ouest,preventive,0,1,1
5174,Onduleur3-LT2-OND-TGBT-OUEST,Equipement Electrique,Onduleur,TM1,TM01,LIO Ouest,"corrective, preventive",1,1,2
5175,Onduleur-LT-TMPC.S1-N22-02,Equipement Electrique,Onduleur,TM1,TMPC01,TMPC,preventive,0,1,1
5176,Onduleur-LT-TMPC.S1-N27-02,Equipement Electrique,Onduleur,TM1,TMPC01,TMPC,"corrective, preventive",2,1,3
5177,Onduleur-LT-TMPC.S1-N22-01,Equipement Electrique,Onduleur,TM1,TMPC01,TMPC,preventive,0,1,1
5178,Onduleur-LT-TMPC.S1-N27-01,Equipement Electrique,Onduleur,TM1,TMPC01,TMPC,preventive,0,1,1
5179,Onduleur-LT-TMPC-S2-N27-AUDI 01,Equipement Electrique,Onduleur,TM1,TMPC01,TMPC,preventive,0,1,1
5180,Onduleur-LT-TMPC-S2-N27-AUDI 02,Equipement Electrique,Onduleur,TM1,TMPC01,TMPC,preventive,0,1,1
5181,Onduleur-LT-TMPC.S3-N11-01,Equipement Electrique,Onduleur,TM1,TMPC01,TMPC,"corrective, preventive",2,1,3
5182,Onduleur-LT-TMPC.S4-N18-01,Equipement Electrique,Onduleur,TM1,TMPC01,TMPC,preventive,0,1,1
5183,Onduleur-LT-TMPC.S7-N18-01,Equipement Electrique,Onduleur,TM1,TMPC01,TMPC,preventive,0,1,1
5184,Onduleur-LT-TMPC.S8-N22-04,Equipement Electrique,Onduleur,TM1,TMPC01,TMPC,preventive,0,1,1
5185,Onduleur-LT-TVCU,Equipement Electrique,Onduleur,TM1,TM01,TVCU,preventive,0,1,1
5186,Onduleur-LT-SSE-BAT-K-TELECOM,Equipement Electrique,Onduleur,TM1,SAS EXPORT,Sas Export PNG,preventive,0,1,1
5187,Onduleur-LT-SSE-BAT.A-TGBT2,Equipement Electrique,Onduleur,TM1,SAS EXPORT,Batiment 1-A,preventive,0,1,1
5188,Onduleur-LT-SSE-BAT.B-TGBT,Equipement Electrique,Onduleur,TM1,SAS EXPORT,Batiment 2-B,preventive,0,1,1
5189,Onduleur-LT-SSE-BAT.G-TELECOM,Equipement Electrique,Onduleur,TM1,SAS EXPORT,Batiment 4-G,preventive,0,1,1
5190,Onduleur-LT-SSE-BAT.C-TGBT,Equipement Electrique,Onduleur,TM1,SAS EXPORT,Batiment 3-C,preventive,0,1,1
5191,Onduleur-LT-SSE-BAT.D-TGBT-02,Equipement Electrique,Onduleur,TM1,SAS EXPORT,Batiment 5-D,preventive,0,1,1
5192,Onduleur-LT-SSE-BAT.D-TGBT,Equipement Electrique,Onduleur,TM1,SAS EXPORT,Batiment 5-D,preventive,0,1,1
5194,Onduleur-LT-SSE-BAT.E-TGBT,Equipement Electrique,Onduleur,TM1,SAS EXPORT,Batiment 6-E,preventive,0,1,1
5195,Onduleur-LT-SSE-BAT.F-TELECOM1,Equipement Electrique,Onduleur,TM1,SAS EXPORT,Batiment 8-F,preventive,0,1,1
5196,Onduleur-LT-ZFL-DHL-MEDHUB,Equipement Electrique,Onduleur,MEDHUB,ZFL01,Entrepôt 61,preventive,0,1,1
5197,Onduleur1-LT-ZFL-MEDHUB,Equipement Electrique,Onduleur,MEDHUB,ZFL01,Entrepôt 71,preventive,0,1,1
5198,Onduleur-LT-HEBERTEC,Equipement Electrique,Onduleur,MEDHUB,ZFL01,Entrepôt 71,preventive,0,1,1
5199,Onduleur-LT-QS-C3,Equipement Electrique,Onduleur,TM1,TM01,Quai de service ,"corrective, preventive",2,1,3
5200,Onduleur2-LT-ZVIC-TELECOM,Equipement Electrique,Onduleur,TM1,TM01,ZVIC,preventive,0,1,1
5201,Onduleur-LT-DSC-TGBT-01,Equipement Electrique,Onduleur,TM1,TM01,Quai de service ,preventive,0,1,1
5202,Onduleur-LT-DSC-TGBT -02,Equipement Electrique,Onduleur,TM1,TM01,Quai de service ,preventive,0,1,1
5203,Onduleur-LT-CAP-EXT,Equipement Electrique,Onduleur,TM1,ZEXT01,VTS,preventive,0,1,1
5204,Onduleur-ZFL-PNG,Equipement Electrique,Onduleur,MEDHUB,ZFL01,PNG ZFL,preventive,0,1,1
5205,Onduleur-MEDHUB BOLORE,Equipement Electrique,Onduleur,MEDHUB,ZFL01,Entrepôt 120,preventive,0,1,1
5206,Onduleur-LT-SAS-IMPORT 1-TGBT,Equipement Electrique,Onduleur,TM1,SAS IMPORT,Sas Import,"corrective, preventive",1,1,2
5207,Onduleur-LT1-RDC-TGBT 03,Equipement Electrique,Onduleur,TM1,TM01,LIO 1,preventive,0,1,1
5208,Onduleur-LT1-RDC-TGBT,Equipement Electrique,Onduleur,TM1,TM01,LIO 1,preventive,0,1,1
5209,Onduleur-LT1-RDC-TGBT 02,Equipement Electrique,Onduleur,TM1,TM01,LIO 1,preventive,0,1,1
5210,Onduleur-SCANNER FIXE 01,Equipement Electrique,Onduleur,TM1,SAS EXPORT,Scanner Fix,preventive,0,1,1
5211,Onduleur-SCANNER FIXE 02,Equipement Electrique,Onduleur,TM1,SAS EXPORT,Scanner Fix,preventive,0,1,1
5212,Onduleur-LT-SAS-IMPORT-BAT-BNG,Equipement Electrique,Onduleur,TM1,SAS IMPORT,Sas Import,"corrective, preventive",1,1,2
5213,Onduleur-LT-SAS-IMPORT-TELECOM,Equipement Electrique,Onduleur,TM1,SAS IMPORT,Sas Import,preventive,0,1,1
5214,Onduleur-LT-SIMULATEUR-TGBT,Equipement Electrique,Onduleur,TM1,SAS IMPORT,Simulateur,preventive,0,1,1
5215,Onduleur-LT-SAS-IMPORT 2-TGBT,Equipement Electrique,Onduleur,TM1,SAS IMPORT,Sas Import,preventive,0,1,1
5216,Onduleur-LOT140-BUR5,Equipement Electrique,Onduleur,MEDHUB,ZFL01,Entrepôt 140,preventive,0,1,1
5217,Onduleur-JOBSON,Equipement Electrique,Onduleur,MEDHUB,ZFL01,Entrepôt 140,preventive,0,1,1
5218,Onduleur-LOT 140 BUR 6,Equipement Electrique,Onduleur,MEDHUB,ZFL01,Entrepôt 140,preventive,0,1,1
5403,Candélabre 166 ,Equipement Electrique,Candélabre,TM2,TM02,Voie périphérique TM2 ,corrective,1,0,1
5407,Candélabre 170 ,Equipement Electrique,Candélabre,TM2,TM02,Voie périphérique TM2 ,corrective,1,0,1
5420,Candélabre 183 ,Equipement Electrique,Candélabre,TM2,TM02,Voie périphérique TM2 ,corrective,2,0,2
5421,Candélabre 184 ,Equipement Electrique,Candélabre,TM2,TM02,Voie périphérique TM2 ,corrective,1,0,1
5441,Candélabre 204 ,Equipement Electrique,Candélabre,TM2,TM02,Voie périphérique TM2 ,corrective,1,0,1
5474,Candélabre 237 ,Equipement Electrique,Candélabre,TM2,TM02,Voie périphérique TM2 ,corrective,1,0,1
5580,Groupe électrogène Sas Import 1,Equipement Electrique,Groupe électrogène,TM1,SAS IMPORT,Sas Import,preventive,0,14,14
5581,Groupe électrogène PRG3,Equipement Electrique,Groupe électrogène,PPR,PPR01,PRG3,preventive,0,14,14
5582,Groupe électrogène PTR2 TM1,Equipement Electrique,Groupe électrogène,TM1,TM01,PTR2 TM1,"corrective, preventive",1,14,15
5583,Groupe électrogène CTI OUEST,Equipement Electrique,Groupe électrogène,TM1,TMPC01,TMPC,preventive,0,14,14
5584,Groupe électrogène CTI EST,Equipement Electrique,Groupe électrogène,TM1,TMPC01,TMPC,preventive,0,14,14
5585,Groupe électrogène PPR1,Equipement Electrique,Groupe électrogène,PPR,PPR01,PPR1,preventive,0,14,14
5586,Groupe électrogène PPR2,Equipement Electrique,Groupe électrogène,PPR,PPR01,PPR2,preventive,0,14,14
5587,Groupe électrogène PTR1 TM2,Equipement Electrique,Groupe électrogène,TM2,TM02,PTR1 TM2,preventive,0,14,14
5588,Groupe électrogène PTR2 TM2,Equipement Electrique,Groupe électrogène,TM2,TM02,PTR2 TM2,preventive,0,14,14
5589,Groupe électrogène PTR3 TM2,Equipement Electrique,Groupe électrogène,TM2,TM02,PTR3 TM2,preventive,0,14,14
5590,Groupe électrogène Sas Import 2,Equipement Electrique,Groupe électrogène,TM1,SAS IMPORT,Sas Import,preventive,0,14,14
5591,Groupe électrogène QS TM1,Equipement Electrique,Groupe électrogène,TM1,TM01,Quai de service ,preventive,0,14,14
5592,Groupe électrogène PTEC1,Equipement Electrique,Groupe électrogène,TM1,TM01,PTEC1,preventive,0,14,14
5593,Groupe électrogène PRG1,Equipement Electrique,Groupe électrogène,TM1,TM01,PRG1,"corrective, preventive",1,14,15
5594,Groupe électrogène LIO OUEST,Equipement Electrique,Groupe électrogène,TM1,TM01,LIO Ouest,preventive,0,14,14
5595,Groupe électrogène DATACENTER,Equipement Electrique,Groupe électrogène,TM1,TM01,Data Center,preventive,0,14,14
5596,Groupe électrogène PPR3,Equipement Electrique,Groupe électrogène,PPR,PPR01,PRG3,preventive,0,14,14
5597,Groupe électrogène PPR4,Equipement Electrique,Groupe électrogène,PPR,PPR01,PPR4,preventive,0,14,14
5598,Groupe électrogène Sas Export 2,Equipement Electrique,Groupe électrogène,TM1,SAS EXPORT,SAS EXPORT,preventive,0,14,14
5599,Groupe électrogène Sas Export 1,Equipement Electrique,Groupe électrogène,TM1,SAS EXPORT,SAS EXPORT,preventive,0,14,14
5600,Groupe électrogène LIO EST,Equipement Electrique,Groupe électrogène,TM1,ZEXT01,LIO EST,preventive,0,14,14
5601,Groupe électrogène Belveder,Equipement Electrique,Groupe électrogène,TM1,TMPC01,BELVEDERE,preventive,0,14,14
5602,Groupe électrogène Gâte 2,Equipement Electrique,Groupe électrogène,PPR,GATE2,GATE2,preventive,0,14,14
5603,Groupe électrogène PTC2,Equipement Electrique,Groupe électrogène,TM1,TM01,PTC2,preventive,0,14,14
5604,Groupe électrogène PTC 3,Equipement Electrique,Groupe électrogène,TM1,TM01,PTC3,preventive,0,14,14
5605,Groupe électrogène Gâte 3,Equipement Electrique,Groupe électrogène,PPR,GATE3,GATE3,preventive,0,14,14
5606,Groupe électrogène TMSA,Equipement Electrique,Groupe électrogène,TM1,ZEXT01,Club TM,preventive,0,14,14
5607,Groupe électrogène Groupe mobile,Equipement Electrique,Groupe électrogène,PPR,GATE3,GATE3,preventive,0,14,14
5608,Groupe électrogène LOT 120,Equipement Electrique,Groupe électrogène,MEDHUB,ZFL01,Entrepôt 120,"corrective, preventive",1,14,15
5609,Groupe électrogène LOT 61,Equipement Electrique,Groupe électrogène,MEDHUB,ZFL01,Entrepôt 61,preventive,0,14,14
5610,Groupe électrogène LOT 71,Equipement Electrique,Groupe électrogène,MEDHUB,ZFL01,Entrepôt 71,preventive,0,14,14
5611,Groupe électrogène LOT 60-70,Equipement Electrique,Groupe électrogène,MEDHUB,ZFL01,Entrepôt 60,"corrective, preventive",3,14,17
5612,Groupe électrogène LOT 80-90,Equipement Electrique,Groupe électrogène,MEDHUB,ZFL01,Entrepôt 90,preventive,0,14,14
5613,Groupe électrogène LOT 92,Equipement Electrique,Groupe électrogène,MEDHUB,ZFL01,Entrepôt 92-102,preventive,0,14,14
5614,Groupe électrogène LOT 82,Equipement Electrique,Groupe électrogène,MEDHUB,ZFL01,Entrepôt 82,preventive,0,14,14
5615,Groupe électrogène STATION RADIO,Equipement Electrique,Groupe électrogène,TM2,ZEXT01,Station Radio,preventive,0,14,14
5616,Groupe électrogène RADAR VTS,Equipement Electrique,Groupe électrogène,TM1,ZEXT01,RADAR VTS,preventive,0,14,14
5617,Groupe électrogène CAPITAINERIE,Equipement Electrique,Groupe électrogène,TM1,ZEXT01,VTS,preventive,0,14,14
5659,Groupe électrogène RADAR FNIDEK,Equipement Electrique,Groupe électrogène,TM1,ZEXT01,RADAR FNIDEK,preventive,0,14,14
5664,Centrale incendie PNG 1re etage,Equipement de protection contre incendie,Centrale de détection d'incendie,TM2,TM02,PNG,preventive,0,1,1
5665,Centrale incendie CDI LIO 3,Equipement de protection contre incendie,Centrale de détection d'incendie,TM2,TM02,LIO 3 ,preventive,0,1,1
5669,Centrale incendie  HANGAR MARSA MAROC,Equipement de protection contre incendie,Centrale de détection d'incendie,TM1,TM01,TMD,"corrective, preventive",4,1,5
5670,Centrale incendie 1 PARKING A ETAGES,Equipement de protection contre incendie,Centrale de détection d'incendie,TM1,TM01,Parking Renault,preventive,0,1,1
5671,Centrale incendie  Entrepôt  130,Equipement de protection contre incendie,Centrale de détection d'incendie,MEDHUB,ZFL01,Entrepôt 130,"corrective, preventive",4,4,8
5672,Centrale incendie  Entrepôt  140,Equipement de protection contre incendie,Centrale de détection d'incendie,MEDHUB,ZFL01,Entrepôt 140,"corrective, preventive",2,4,6
5673,Centrale incendie  SAS EXP BAT 1,Equipement de protection contre incendie,Centrale de détection d'incendie,TM1,SAS EXPORT,Batiment 1-A,preventive,0,2,2
5674,Centrale incendie  SAS EXP BAT 2,Equipement de protection contre incendie,Centrale de détection d'incendie,TM1,SAS EXPORT,Batiment 2-B,"corrective, preventive",1,1,2
5675,Centrale incendie  SAS EXP BAT 3,Equipement de protection contre incendie,Centrale de détection d'incendie,TM1,SAS EXPORT,Batiment 3-C,preventive,0,1,1
5676,Centrale incendie  SAS EXP BAT 5,Equipement de protection contre incendie,Centrale de détection d'incendie,TM1,SAS EXPORT,Batiment 5-D,preventive,0,1,1
5677,Centrale incendie  SAS EXP BAT 6,Equipement de protection contre incendie,Centrale de détection d'incendie,TM1,SAS EXPORT,Batiment 6-E,"corrective, preventive",1,1,2
5678,Centrale incendie  SAS EXP BAT 7,Equipement de protection contre incendie,Centrale de détection d'incendie,TM1,SAS EXPORT,Batiment 7-H,"corrective, preventive",1,1,2
5679,Centrale incendie  SAS EXP BAT 8,Equipement de protection contre incendie,Centrale de détection d'incendie,TM1,SAS EXPORT,Batiment 8-F,"corrective, preventive",1,1,2
5680,Centrale incendie BATIMENT SUSPENDUE DOUANES GATE 2,Equipement de protection contre incendie,Centrale de détection d'incendie,PPR,GATE2,GATE2,preventive,0,1,1
5681,Centrale incendie BATIMENT SUSPENDUE POLICES GATE 2,Equipement de protection contre incendie,Centrale de détection d'incendie,PPR,GATE2,GATE2,preventive,0,1,1
5682,Centrale incendie  LOCAL SERVEURS,Equipement de protection contre incendie,Centrale de détection d'incendie,TM1,TM01,Local serveur,preventive,0,1,1
5684,Centrale incendie  LIO OUEST,Equipement de protection contre incendie,Centrale de détection d'incendie,TM1,TM01,LIO Ouest,preventive,0,1,1
5686,Centrale incendie  BATIMENT ZVIC,Equipement de protection contre incendie,Centrale de détection d'incendie,TM1,TM01,ZVIC,"corrective, preventive",1,1,2
5687,Centrale incendie  SAS IMPORT ENTREE,Equipement de protection contre incendie,Centrale de détection d'incendie,TM1,SAS IMPORT,Sas Import,preventive,0,1,1
5689,Centrale incendie  DALLE CENTRALE,Equipement de protection contre incendie,Centrale de détection d'incendie,TM1,SAS IMPORT,Batiment Depotage,"corrective, preventive",1,1,2
5690,Centrale incendie  SAS IMPORT SORTIE,Equipement de protection contre incendie,Centrale de détection d'incendie,TM1,SAS IMPORT,Sas Import,preventive,0,1,1
5691,Centrale incendie  BATIMENT REGIONALE DES DOUANES,Equipement de protection contre incendie,Centrale de détection d'incendie,TM1,SAS IMPORT,Batiment Douane,"corrective, preventive",1,1,2
5693,Centrale incendie  CLUB TANGER MED,Equipement de protection contre incendie,Centrale de détection d'incendie,TM1,ZEXT01,Club TM,"corrective, preventive",2,1,3
5694,Centrale incendie  TMPC SECTEUR 2,Equipement de protection contre incendie,Centrale de détection d'incendie,TM1,TMPC01,TMPC,"corrective, preventive",3,1,4
5695,Centrale incendie  TMPC SECTEUR 5,Equipement de protection contre incendie,Centrale de détection d'incendie,TM1,TMPC01,TMPC,"corrective, preventive",4,1,5
5696,Centrale incendie  TMPC SECTEUR 6,Equipement de protection contre incendie,Centrale de détection d'incendie,TM1,TMPC01,TMPC,preventive,0,1,1
5697,Centrale incendie  Belveder,Equipement de protection contre incendie,Centrale de détection d'incendie,TM1,TMPC01,BELVEDERE,preventive,0,1,1
5698,Centrale incendie  BATIMENT SB-POLICE-DOUANES GATE 2,Equipement de protection contre incendie,Centrale de détection d'incendie,PPR,GATE2,GATE2,preventive,0,1,1
5699,Centrale incendie  BATIMENT PILOTAGE,Equipement de protection contre incendie,Centrale de détection d'incendie,TM1,TM01,Batiment Pilotage,preventive,0,1,1
5700,Centrale incendie  C3 Q SERVICES,Equipement de protection contre incendie,Centrale de détection d'incendie,TM1,TM01,Quai de service ,"corrective, preventive",1,1,2
5701,Centrale incendie  BATIMENT SIMULATOR DE PILOTAGE,Equipement de protection contre incendie,Centrale de détection d'incendie,TM1,SAS IMPORT,Simulateur,preventive,0,1,1
5702,Transformateur_50KVA 1,Equipement Electrique,Transformateur,TM1,ZEXT01,Station Radio,preventive,0,1,1
5703,Transformateur_50KVA 2,Equipement Electrique,Transformateur,TM1,ZEXT01,RADAR DALIA,preventive,0,1,1
5704,Centrale incendie DUTY FREE,Equipement de protection contre incendie,Centrale de détection d'incendie,PPR,PPR01,DUTY FREE,"corrective, preventive",2,1,3
5705,Centrale incendie Entrepôt 60-70,Equipement de protection contre incendie,Centrale de détection d'incendie,MEDHUB,ZFL01,Entrepôt 60,preventive,0,4,4
5706,Centrale incendie Entrepôt 80-90,Equipement de protection contre incendie,Centrale de détection d'incendie,MEDHUB,ZFL01,Entrepôt 90,preventive,0,4,4
5707,Centrale incendie Entrepôt 110,Equipement de protection contre incendie,Centrale de détection d'incendie,MEDHUB,ZFL01,Entrepôt 110,"corrective, preventive",1,4,5
5708,Centrale incendie Entrepôt 120,Equipement de protection contre incendie,Centrale de détection d'incendie,MEDHUB,ZFL01,Entrepôt 120,preventive,0,4,4
5709,Centrale incendie Entrepôt 61,Equipement de protection contre incendie,Centrale de détection d'incendie,MEDHUB,ZFL01,Entrepôt 61,"corrective, preventive",1,4,5
5710,Centrale incendie Entrepôt 100b,Equipement de protection contre incendie,Centrale de détection d'incendie,MEDHUB,ZFL01,Entrepôt 100b,preventive,0,4,4
5711,Centrale incendie Entrepôt 72,Equipement de protection contre incendie,Centrale de détection d'incendie,MEDHUB,ZFL02,Entrepôt 72,preventive,0,4,4
5712,Centrale incendie Entrepôt 82,Equipement de protection contre incendie,Centrale de détection d'incendie,MEDHUB,ZFL01,Entrepôt 82,preventive,0,4,4
5713,Centrale incendie Entrepôt 92,Equipement de protection contre incendie,Centrale de détection d'incendie,MEDHUB,ZFL01,Entrepôt 92,preventive,0,4,4
5714,Centrale incendie Entrepôt 102,Equipement de protection contre incendie,Centrale de détection d'incendie,MEDHUB,ZFL01,Entrepôt 102,preventive,0,4,4
5715,Eclairage décoratif portail 2 Giratoire TM2,Equipement Electrique,Eclairage décoratif,TM2,ZEXT01,RN16,corrective,2,0,2
5716,Eclairage décoratif portail 1 Giratoire TM2,Equipement Electrique,Eclairage décoratif,TM2,ZEXT01,RN16,corrective,1,0,1
5721,Sprinkler LOT 110,Equipement de protection contre incendie,Sprinkler,MEDHUB,ZFL01,Entrepôt 110,"corrective, preventive",3,2,5
5722,Sprinkler LOT 60 - 70,Equipement de protection contre incendie,Sprinkler,MEDHUB,ZFL01,Entrepôt 70,"corrective, preventive",13,2,15
5723,Sprinkler LOT 80 - 90,Equipement de protection contre incendie,Sprinkler,MEDHUB,ZFL01,Entrepôt 90,"corrective, preventive",5,2,7
5724,Sprinkler LOT 61 - 71,Equipement de protection contre incendie,Sprinkler,MEDHUB,ZFL01,Entrepôt 71,"corrective, preventive",4,2,6
5725,Sprinkler LOT 92 - 102,Equipement de protection contre incendie,Sprinkler,MEDHUB,ZFL01,Entrepôt 92-102,"corrective, preventive",7,2,9
5726,Sprinkler LOT 82-72,Equipement de protection contre incendie,Sprinkler,MEDHUB,ZFL01,Entrepôt 82-72,preventive,0,2,2
5727,Sprinkler LOT 120,Equipement de protection contre incendie,Sprinkler,MEDHUB,ZFL01,Entrepôt 120,"corrective, preventive",2,2,4
5728,Armoire de précison 1 (RDC LIO 1),Equipements climatisation ,Armoire de précision,TM1,TM01,LIO 1,preventive,0,1,1
5729,Armoire de précison 1 (1er étage LIO 1),Equipements climatisation ,Armoire de précision,TM1,TM01,LIO 1,preventive,0,1,1
5730,Armoire de précison 2 (1er étage LIO 1),Equipements climatisation ,Armoire de précision,TM1,TM01,LIO 1,preventive,0,1,1
5731,Armoire de précison 1 (2ème étage LIO 1),Equipements climatisation ,Armoire de précision,TM1,TM01,LIO 1,preventive,0,1,1
5732,Armoire de précison 2 (2ème étage LIO 1),Equipements climatisation ,Armoire de précision,TM1,TM01,LIO 1,preventive,0,1,1
5733,Armoire de précison 3 (2ème étage LIO 1),Equipements climatisation ,Armoire de précision,TM1,TM01,LIO 1,preventive,0,1,1
5734,Armoire de précison  1  (Local serveur LIO 2),Equipements climatisation ,Armoire de précision,TM1,TM01,LIO 2,preventive,0,1,1
5735,Armoire de précison 2 (Local serveur LIO 2),Equipements climatisation ,Armoire de précision,TM1,TM01,LIO 2,preventive,0,1,1
5736,Armoire de précison 3 (Local serveur LIO 2),Equipements climatisation ,Armoire de précision,TM1,TM01,LIO 2,preventive,0,1,1
5737,Armoire de précison 1 (LIO Ouest),Equipements climatisation ,Armoire de précision,TM1,TM01,LIO Ouest,preventive,0,1,1
5738,Armoire de précison 2 (LIO Ouest),Equipements climatisation ,Armoire de précision,TM1,TM01,LIO Ouest,preventive,0,1,1
5739,Armoire de précison 3 (LIO Ouest),Equipements climatisation ,Armoire de précision,TM1,TM01,LIO Ouest,preventive,0,1,1
5740,Armoire de précison  (DataCenter TM2 LIO 3),Equipements climatisation ,Armoire de précision,TM2,TM02,LIO 3 ,preventive,0,1,1
5742,Armoire de précison LT PNG TM2 LIO 3,Equipements climatisation ,Armoire de précision,TM2,TM02,LIO 3 ,preventive,0,1,1
5743,Eclairage extérieur 1 Parking TMPC,Equipement Electrique,Eclairage extérieur,TM1,TMPC01,TMPC,preventive,0,1,1
5744,Eclairage extérieur Sous Pont Houar,Equipement Electrique,Eclairage extérieur,TM1,TM01,Pont Houar,corrective,3,0,3
5755,Eclairage extérieur Ombragé 6 Gâte 3,Equipement Electrique,Eclairage extérieur,PPR,GATE3,GATE3,corrective,1,0,1
5757,Eclairage extérieur Parking extérieur,Equipement Electrique,Eclairage extérieur,TM1,ZEXT01,Parking extérieur,corrective,1,0,1
5760,Eclairage extérieur Entrée Gâte 3,Equipement Electrique,Eclairage extérieur,PPR,GATE3,GATE3,corrective,1,0,1
5762,BALANCE1 SAS IMPORT 1 DEPOTAGE,"Equipement de sécurité, contôle et exploitation",Balance,TM1,SAS IMPORT,Sas Import,preventive,0,1,1
5763,BALANCE2 SAS IMPORT 2 DEPOTAGE,"Equipement de sécurité, contôle et exploitation",Balance,TM1,SAS IMPORT,Sas Import,preventive,0,1,1
5764,BALANCE3 SAS IMPORT 3 DEPOTAGE,"Equipement de sécurité, contôle et exploitation",Balance,TM1,SAS IMPORT,Sas Import,preventive,0,1,1
5765,BALANCE 1 SAS EXTENSION,"Equipement de sécurité, contôle et exploitation",Balance,TM1,SAS IMPORT,Sas Import,preventive,0,1,1
5766,BALANCE 2 SAS EXTENSION,"Equipement de sécurité, contôle et exploitation",Balance,TM1,SAS IMPORT,Sas Import,preventive,0,1,1
5767,BALANCE ZVIC 1,"Equipement de sécurité, contôle et exploitation",Balance,TM1,TM01,ZVIC,preventive,0,1,1
5768,BALANCE ZVIC 2,"Equipement de sécurité, contôle et exploitation",Balance,TM1,TM01,ZVIC,preventive,0,1,1
5769,BALANCE1 SAS EXPORT DEPOTAGE,"Equipement de sécurité, contôle et exploitation",Balance,TM1,SAS EXPORT,SAS EXPORT,preventive,0,1,1
5770,BALANCE2 SAS EXPORT DEPOTAGE,"Equipement de sécurité, contôle et exploitation",Balance,TM1,SAS EXPORT,SAS EXPORT,preventive,0,1,1
5771,BALANCE3 SAS EXPORT DEPOTAGE,"Equipement de sécurité, contôle et exploitation",Balance,TM1,SAS EXPORT,SAS EXPORT,preventive,0,1,1
5772,DESENFUMAGE  LOT60,Equipement de protection contre incendie,Désenfumage,MEDHUB,ZFL01,Entrepôt 60,preventive,0,1,1
5773,DESENFUMAGE  LOT61,Equipement de protection contre incendie,Désenfumage,MEDHUB,ZFL01,Entrepôt 61,preventive,0,1,1
5774,DESENFUMAGE  LOT70,Equipement de protection contre incendie,Désenfumage,MEDHUB,ZFL01,Entrepôt 70,preventive,0,1,1
5775,DESENFUMAGE  LOT71,Equipement de protection contre incendie,Désenfumage,MEDHUB,ZFL01,Entrepôt 71,preventive,0,1,1
5776,DESENFUMAGE  LOT72,Equipement de protection contre incendie,Désenfumage,MEDHUB,ZFL01,Entrepôt 72,preventive,0,1,1
5777,DESENFUMAGE  LOT80,Equipement de protection contre incendie,Désenfumage,MEDHUB,ZFL01,Entrepôt 80,preventive,0,1,1
5778,DESENFUMAGE  LOT81a,Equipement de protection contre incendie,Désenfumage,MEDHUB,ZFL01,Entrepôt 81a,preventive,0,1,1
5779,DESENFUMAGE  LOT82,Equipement de protection contre incendie,Désenfumage,MEDHUB,ZFL01,Entrepôt 82,preventive,0,1,1
5780,DESENFUMAGE  LOT90,Equipement de protection contre incendie,Désenfumage,MEDHUB,ZFL01,Entrepôt 90,preventive,0,1,1
5781,DESENFUMAGE  LOT91,Equipement de protection contre incendie,Désenfumage,MEDHUB,ZFL01,Entrepôt 91,preventive,0,1,1
5782,DESENFUMAGE  LOT92,Equipement de protection contre incendie,Désenfumage,MEDHUB,ZFL01,Entrepôt 92,preventive,0,1,1
5783,DESENFUMAGE  LOT100a,Equipement de protection contre incendie,Désenfumage,MEDHUB,ZFL01,Entrepôt 100a,preventive,0,1,1
5784,DESENFUMAGE  LOT100b,Equipement de protection contre incendie,Désenfumage,MEDHUB,ZFL01,Entrepôt 100b,preventive,0,1,1
5786,DESENFUMAGE  LOT102,Equipement de protection contre incendie,Désenfumage,MEDHUB,ZFL01,Entrepôt 102,preventive,0,1,1
5787,DESENFUMAGE  LOT110,Equipement de protection contre incendie,Désenfumage,MEDHUB,ZFL01,Entrepôt 110,preventive,0,1,1
5788,DESENFUMAGE  LOT120,Equipement de protection contre incendie,Désenfumage,MEDHUB,ZFL01,Entrepôt 120,preventive,0,1,1
5789,DESENFUMAGE  LOT130,Equipement de protection contre incendie,Désenfumage,MEDHUB,ZFL01,Entrepôt 130,preventive,0,1,1
5790,DESENFUMAGE  LOT140,Equipement de protection contre incendie,Désenfumage,MEDHUB,ZFL01,Entrepôt 140,preventive,0,1,1
5802,Projecteur 1 HANAGAR BOBINE TMD,Equipement Electrique,Eclairage extérieur,TM1,TM01,TMD,preventive,0,1,1
5810,PARATONNERRE Lot 60,Equipement Electrique,Paratonnerre,MEDHUB,ZFL01,Entrepôt 60,preventive,0,1,1
5811,PARATONNERRE Lot 61,Equipement Electrique,Paratonnerre,MEDHUB,ZFL01,Entrepôt 61,preventive,0,1,1
5812,PARATONNERRE Lot 70,Equipement Electrique,Paratonnerre,MEDHUB,ZFL01,Entrepôt 70,preventive,0,1,1
5813,PARATONNERRE Lot 71,Equipement Electrique,Paratonnerre,MEDHUB,ZFL01,Entrepôt 71,preventive,0,1,1
5814,PARATONNERRE Lot 72,Equipement Electrique,Paratonnerre,MEDHUB,ZFL01,Entrepôt 72,preventive,0,1,1
5815,PARATONNERRE Lot 80,Equipement Electrique,Paratonnerre,MEDHUB,ZFL01,Entrepôt 80,preventive,0,1,1
5817,PARATONNERRE Lot 82,Equipement Electrique,Paratonnerre,MEDHUB,ZFL01,Entrepôt 82,preventive,0,1,1
5818,PARATONNERRE Lot 90,Equipement Electrique,Paratonnerre,MEDHUB,ZFL01,Entrepôt 90,preventive,0,1,1
5820,PARATONNERRE Lot 92,Equipement Electrique,Paratonnerre,MEDHUB,ZFL01,Entrepôt 92,preventive,0,1,1
5821,PARATONNERRE Lot 100,Equipement Electrique,Paratonnerre,MEDHUB,ZFL01,Entrepôt 100,preventive,0,1,1
5823,PARATONNERRE Lot 102,Equipement Electrique,Paratonnerre,MEDHUB,ZFL01,Entrepôt 102,preventive,0,1,1
5824,PARATONNERRE Lot 110,Equipement Electrique,Paratonnerre,MEDHUB,ZFL01,Entrepôt 110,preventive,0,1,1
5825,PARATONNERRE Lot 120,Equipement Electrique,Paratonnerre,MEDHUB,ZFL01,Entrepôt 120,preventive,0,1,1
5826,PARATONNERRE Lot 130,Equipement Electrique,Paratonnerre,MEDHUB,ZFL01,Entrepôt 130,preventive,0,1,1
5827,PARATONNERRE Lot 140,Equipement Electrique,Paratonnerre,MEDHUB,ZFL01,Entrepôt 140,preventive,0,1,1
5829,PARATONNERRE LIO EST,Equipement Electrique,Paratonnerre,TM1,TM01,LIO EST,corrective,1,0,1
5831,Sprinkler LOT 52,Equipement de protection contre incendie,Sprinkler,MEDHUB,ZFL01,Entrepôt 52,corrective,2,0,2
5833,Sprinkler LOT 72,Equipement de protection contre incendie,Sprinkler,MEDHUB,ZFL01,Entrepôt 72,corrective,4,0,4
5836,Sprinkler LOT 102,Equipement de protection contre incendie,Sprinkler,MEDHUB,ZFL01,Entrepôt 102,corrective,2,0,2
5838,Onduleur2-LT-ZFL-MEDHUB,Equipement Electrique,Onduleur,MEDHUB,ZFL01,Entrepôt 71,preventive,0,1,1
5882,Eclairage Exterieur 18 LOT_82,Equipement Electrique,Eclairage extérieur,MEDHUB,ZFL01,Entrepôt 82,corrective,1,0,1
5934,Eclairage Exterieur 1 LOT_60,Equipement Electrique,Eclairage extérieur,MEDHUB,ZFL01,Entrepôt 60,preventive,0,1,1
5935,Eclairage Exterieur 2 LOT_60,Equipement Electrique,Eclairage extérieur,MEDHUB,ZFL01,Entrepôt 60,"corrective, preventive",1,1,2
5936,Eclairage Exterieur 3 LOT_60,Equipement Electrique,Eclairage extérieur,MEDHUB,ZFL01,Entrepôt 60,preventive,0,1,1
5937,Eclairage Exterieur 4 LOT_60,Equipement Electrique,Eclairage extérieur,MEDHUB,ZFL01,Entrepôt 60,preventive,0,1,1
5938,Eclairage Exterieur 5 LOT_60,Equipement Electrique,Eclairage extérieur,MEDHUB,ZFL01,Entrepôt 60,preventive,0,1,1
5939,Eclairage Exterieur 6 LOT_60,Equipement Electrique,Eclairage extérieur,MEDHUB,ZFL01,Entrepôt 60,preventive,0,1,1
5940,Eclairage Exterieur 7 LOT_60,Equipement Electrique,Eclairage extérieur,MEDHUB,ZFL01,Entrepôt 60,preventive,0,1,1
5941,Eclairage Exterieur 8 LOT_60,Equipement Electrique,Eclairage extérieur,MEDHUB,ZFL01,Entrepôt 60,preventive,0,1,1
5942,Eclairage Exterieur 9 LOT_60,Equipement Electrique,Eclairage extérieur,MEDHUB,ZFL01,Entrepôt 60,preventive,0,1,1
5943,Eclairage Exterieur 1 LOT_70,Equipement Electrique,Eclairage extérieur,MEDHUB,ZFL01,Entrepôt 70,preventive,0,1,1
5944,Eclairage Exterieur 2 LOT_70,Equipement Electrique,Eclairage extérieur,MEDHUB,ZFL01,Entrepôt 70,preventive,0,1,1
5945,Eclairage Exterieur 3 LOT_70,Equipement Electrique,Eclairage extérieur,MEDHUB,ZFL01,Entrepôt 70,preventive,0,1,1
5946,Eclairage Exterieur 4 LOT_70,Equipement Electrique,Eclairage extérieur,MEDHUB,ZFL01,Entrepôt 70,preventive,0,1,1
5947,Eclairage Exterieur 5 LOT_70,Equipement Electrique,Eclairage extérieur,MEDHUB,ZFL01,Entrepôt 70,preventive,0,1,1
5948,Eclairage Exterieur 6 LOT_70,Equipement Electrique,Eclairage extérieur,MEDHUB,ZFL01,Entrepôt 70,preventive,0,1,1
5949,Eclairage Exterieur 7 LOT_70,Equipement Electrique,Eclairage extérieur,MEDHUB,ZFL01,Entrepôt 70,preventive,0,1,1
5950,Eclairage Exterieur 8 LOT_70,Equipement Electrique,Eclairage extérieur,MEDHUB,ZFL01,Entrepôt 70,preventive,0,1,1
5951,Eclairage Exterieur 9 LOT_70,Equipement Electrique,Eclairage extérieur,MEDHUB,ZFL01,Entrepôt 70,preventive,0,1,1
5952,Eclairage Exterieur 10 LOT_70,Equipement Electrique,Eclairage extérieur,MEDHUB,ZFL01,Entrepôt 70,preventive,0,1,1
5953,Eclairage Exterieur 11 LOT_70,Equipement Electrique,Eclairage extérieur,MEDHUB,ZFL01,Entrepôt 70,preventive,0,1,1
5954,Eclairage Exterieur 12 LOT_70,Equipement Electrique,Eclairage extérieur,MEDHUB,ZFL01,Entrepôt 70,preventive,0,1,1
5955,Eclairage Exterieur 13 LOT_70,Equipement Electrique,Eclairage extérieur,MEDHUB,ZFL01,Entrepôt 70,preventive,0,1,1
5956,Eclairage Exterieur 14 LOT_70,Equipement Electrique,Eclairage extérieur,MEDHUB,ZFL01,Entrepôt 70,preventive,0,1,1
5957,Eclairage Exterieur 15 LOT_70,Equipement Electrique,Eclairage extérieur,MEDHUB,ZFL01,Entrepôt 70,preventive,0,1,1
5958,Eclairage Exterieur 16 LOT_70,Equipement Electrique,Eclairage extérieur,MEDHUB,ZFL01,Entrepôt 70,preventive,0,1,1
5959,Eclairage Exterieur 1 LOT_80,Equipement Electrique,Eclairage extérieur,MEDHUB,ZFL01,Entrepôt 80,preventive,0,1,1
5960,Eclairage Exterieur 2 LOT_80,Equipement Electrique,Eclairage extérieur,MEDHUB,ZFL01,Entrepôt 80,preventive,0,1,1
5961,Eclairage Exterieur 3 LOT_80,Equipement Electrique,Eclairage extérieur,MEDHUB,ZFL01,Entrepôt 80,preventive,0,1,1
5962,Eclairage Exterieur 4 LOT_80,Equipement Electrique,Eclairage extérieur,MEDHUB,ZFL01,Entrepôt 80,preventive,0,1,1
5963,Eclairage Exterieur 5 LOT_80,Equipement Electrique,Eclairage extérieur,MEDHUB,ZFL01,Entrepôt 80,preventive,0,1,1
5964,Eclairage Exterieur 6 LOT_80,Equipement Electrique,Eclairage extérieur,MEDHUB,ZFL01,Entrepôt 80,preventive,0,1,1
5965,Eclairage Exterieur 7 LOT_80,Equipement Electrique,Eclairage extérieur,MEDHUB,ZFL01,Entrepôt 80,preventive,0,1,1
5966,Eclairage Exterieur 8 LOT_80,Equipement Electrique,Eclairage extérieur,MEDHUB,ZFL01,Entrepôt 80,preventive,0,1,1
5967,Eclairage Exterieur 9 LOT_80,Equipement Electrique,Eclairage extérieur,MEDHUB,ZFL01,Entrepôt 80,preventive,0,1,1
5968,Eclairage Exterieur 10 LOT_80,Equipement Electrique,Eclairage extérieur,MEDHUB,ZFL01,Entrepôt 80,preventive,0,1,1
5969,Eclairage Exterieur 11 LOT_80,Equipement Electrique,Eclairage extérieur,MEDHUB,ZFL01,Entrepôt 80,preventive,0,1,1
5970,Eclairage Exterieur 12 LOT_80,Equipement Electrique,Eclairage extérieur,MEDHUB,ZFL01,Entrepôt 80,preventive,0,1,1
5971,Eclairage Exterieur 13 LOT_80,Equipement Electrique,Eclairage extérieur,MEDHUB,ZFL01,Entrepôt 80,preventive,0,1,1
5972,Eclairage Exterieur 14 LOT_80,Equipement Electrique,Eclairage extérieur,MEDHUB,ZFL01,Entrepôt 80,preventive,0,1,1
5973,Eclairage Exterieur 15 LOT_80,Equipement Electrique,Eclairage extérieur,MEDHUB,ZFL01,Entrepôt 80,preventive,0,1,1
5974,Eclairage Exterieur 16 LOT_80,Equipement Electrique,Eclairage extérieur,MEDHUB,ZFL01,Entrepôt 80,preventive,0,1,1
5975,Eclairage Exterieur 17 LOT_80,Equipement Electrique,Eclairage extérieur,MEDHUB,ZFL01,Entrepôt 80,preventive,0,1,1
5976,Eclairage Exterieur 18 LOT_80,Equipement Electrique,Eclairage extérieur,MEDHUB,ZFL01,Entrepôt 80,preventive,0,1,1
5977,Eclairage Exterieur 19 LOT_80,Equipement Electrique,Eclairage extérieur,MEDHUB,ZFL01,Entrepôt 80,preventive,0,1,1
5978,Eclairage Exterieur 20 LOT_80,Equipement Electrique,Eclairage extérieur,MEDHUB,ZFL01,Entrepôt 80,preventive,0,1,1
5979,Eclairage Exterieur 21 LOT_80,Equipement Electrique,Eclairage extérieur,MEDHUB,ZFL01,Entrepôt 80,preventive,0,1,1
5980,Eclairage Exterieur 22 LOT_80,Equipement Electrique,Eclairage extérieur,MEDHUB,ZFL01,Entrepôt 80,preventive,0,1,1
5981,Eclairage Exterieur 23 LOT_80,Equipement Electrique,Eclairage extérieur,MEDHUB,ZFL01,Entrepôt 80,preventive,0,1,1
5982,Eclairage Exterieur 24 LOT_80,Equipement Electrique,Eclairage extérieur,MEDHUB,ZFL01,Entrepôt 80,preventive,0,1,1
5983,Eclairage Exterieur 25 LOT_80,Equipement Electrique,Eclairage extérieur,MEDHUB,ZFL01,Entrepôt 80,preventive,0,1,1
5984,Eclairage Exterieur 26 LOT_80,Equipement Electrique,Eclairage extérieur,MEDHUB,ZFL01,Entrepôt 80,preventive,0,1,1
5985,Eclairage Exterieur 27 LOT_80,Equipement Electrique,Eclairage extérieur,MEDHUB,ZFL01,Entrepôt 80,preventive,0,1,1
5986,Eclairage Exterieur 28 LOT_80,Equipement Electrique,Eclairage extérieur,MEDHUB,ZFL01,Entrepôt 80,preventive,0,1,1
5987,Eclairage Exterieur 1 LOT_90,Equipement Electrique,Eclairage extérieur,MEDHUB,ZFL01,Entrepôt 90,preventive,0,1,1
5988,Eclairage Exterieur 2 LOT_90,Equipement Electrique,Eclairage extérieur,MEDHUB,ZFL01,Entrepôt 90,preventive,0,1,1
5989,Eclairage Exterieur 3 LOT_90,Equipement Electrique,Eclairage extérieur,MEDHUB,ZFL01,Entrepôt 90,preventive,0,1,1
5990,Eclairage Exterieur 4 LOT_90,Equipement Electrique,Eclairage extérieur,MEDHUB,ZFL01,Entrepôt 90,preventive,0,1,1
5991,Eclairage Exterieur 5 LOT_90,Equipement Electrique,Eclairage extérieur,MEDHUB,ZFL01,Entrepôt 90,preventive,0,1,1
5992,Eclairage Exterieur 6 LOT_90,Equipement Electrique,Eclairage extérieur,MEDHUB,ZFL01,Entrepôt 90,preventive,0,1,1
5993,Eclairage Exterieur 7 LOT_90,Equipement Electrique,Eclairage extérieur,MEDHUB,ZFL01,Entrepôt 90,preventive,0,1,1
5994,Eclairage Exterieur 8 LOT_90,Equipement Electrique,Eclairage extérieur,MEDHUB,ZFL01,Entrepôt 90,preventive,0,1,1
5995,Eclairage Exterieur 9 LOT_90,Equipement Electrique,Eclairage extérieur,MEDHUB,ZFL01,Entrepôt 90,preventive,0,1,1
5996,Eclairage Exterieur 10 LOT_90,Equipement Electrique,Eclairage extérieur,MEDHUB,ZFL01,Entrepôt 90,preventive,0,1,1
5997,Eclairage Exterieur 11 LOT_90,Equipement Electrique,Eclairage extérieur,MEDHUB,ZFL01,Entrepôt 90,preventive,0,1,1
5998,Eclairage Exterieur 12 LOT_90,Equipement Electrique,Eclairage extérieur,MEDHUB,ZFL01,Entrepôt 90,preventive,0,1,1
5999,Eclairage Exterieur 13 LOT_90,Equipement Electrique,Eclairage extérieur,MEDHUB,ZFL01,Entrepôt 90,preventive,0,1,1
6000,Eclairage Exterieur 14 LOT_90,Equipement Electrique,Eclairage extérieur,MEDHUB,ZFL01,Entrepôt 90,preventive,0,1,1
6001,Eclairage Exterieur 15 LOT_90,Equipement Electrique,Eclairage extérieur,MEDHUB,ZFL01,Entrepôt 90,preventive,0,1,1
6002,Eclairage Exterieur 16 LOT_90,Equipement Electrique,Eclairage extérieur,MEDHUB,ZFL01,Entrepôt 90,preventive,0,1,1
6003,Eclairage Exterieur 17 LOT_90,Equipement Electrique,Eclairage extérieur,MEDHUB,ZFL01,Entrepôt 90,preventive,0,1,1
6004,Eclairage Exterieur 18 LOT_90,Equipement Electrique,Eclairage extérieur,MEDHUB,ZFL01,Entrepôt 90,preventive,0,1,1
6005,Eclairage Exterieur 19 LOT_90,Equipement Electrique,Eclairage extérieur,MEDHUB,ZFL01,Entrepôt 90,preventive,0,1,1
6006,Eclairage Exterieur 20 LOT_90,Equipement Electrique,Eclairage extérieur,MEDHUB,ZFL01,Entrepôt 90,preventive,0,1,1
6007,Eclairage Exterieur 21 LOT_90,Equipement Electrique,Eclairage extérieur,MEDHUB,ZFL01,Entrepôt 90,preventive,0,1,1
6008,Eclairage Exterieur 22 LOT_90,Equipement Electrique,Eclairage extérieur,MEDHUB,ZFL01,Entrepôt 90,preventive,0,1,1
6009,Eclairage Exterieur 23 LOT_90,Equipement Electrique,Eclairage extérieur,MEDHUB,ZFL01,Entrepôt 90,preventive,0,1,1
6010,Eclairage Exterieur 24 LOT_90,Equipement Electrique,Eclairage extérieur,MEDHUB,ZFL01,Entrepôt 90,preventive,0,1,1
6011,Eclairage Exterieur 25 LOT_90,Equipement Electrique,Eclairage extérieur,MEDHUB,ZFL01,Entrepôt 90,preventive,0,1,1
6012,Eclairage Exterieur 26 LOT_90,Equipement Electrique,Eclairage extérieur,MEDHUB,ZFL01,Entrepôt 90,preventive,0,1,1
6013,Eclairage Exterieur 27 LOT_90,Equipement Electrique,Eclairage extérieur,MEDHUB,ZFL01,Entrepôt 90,preventive,0,1,1
6014,Eclairage Exterieur 28 LOT_90,Equipement Electrique,Eclairage extérieur,MEDHUB,ZFL01,Entrepôt 90,preventive,0,1,1
6015,Eclairage Exterieur 29 LOT_90,Equipement Electrique,Eclairage extérieur,MEDHUB,ZFL01,Entrepôt 90,preventive,0,1,1
6016,Eclairage Exterieur 30 LOT_90,Equipement Electrique,Eclairage extérieur,MEDHUB,ZFL01,Entrepôt 90,preventive,0,1,1
6017,Eclairage Exterieur 1 LOT_100a,Equipement Electrique,Eclairage extérieur,MEDHUB,ZFL01,Entrepôt 100a,preventive,0,1,1
6018,Eclairage Exterieur 2 LOT_100a,Equipement Electrique,Eclairage extérieur,MEDHUB,ZFL01,Entrepôt 100a,preventive,0,1,1
6019,Eclairage Exterieur 3 LOT_100a,Equipement Electrique,Eclairage extérieur,MEDHUB,ZFL01,Entrepôt 100a,preventive,0,1,1
6020,Eclairage Exterieur 4 LOT_100a,Equipement Electrique,Eclairage extérieur,MEDHUB,ZFL01,Entrepôt 100a,preventive,0,1,1
6021,Eclairage Exterieur 5 LOT_100a,Equipement Electrique,Eclairage extérieur,MEDHUB,ZFL01,Entrepôt 100a,preventive,0,1,1
6022,Eclairage Exterieur 6 LOT_100a,Equipement Electrique,Eclairage extérieur,MEDHUB,ZFL01,Entrepôt 100a,preventive,0,1,1
6023,Eclairage Exterieur 7 LOT_100a,Equipement Electrique,Eclairage extérieur,MEDHUB,ZFL01,Entrepôt 100a,preventive,0,1,1
6024,Eclairage Exterieur 8 LOT_100a,Equipement Electrique,Eclairage extérieur,MEDHUB,ZFL01,Entrepôt 100a,preventive,0,1,1
6025,Eclairage Exterieur 9 LOT_100a,Equipement Electrique,Eclairage extérieur,MEDHUB,ZFL01,Entrepôt 100a,preventive,0,1,1
6026,Eclairage Exterieur 10 LOT_100a,Equipement Electrique,Eclairage extérieur,MEDHUB,ZFL01,Entrepôt 100a,preventive,0,1,1
6027,Eclairage Exterieur 11 LOT_100a,Equipement Electrique,Eclairage extérieur,MEDHUB,ZFL01,Entrepôt 100a,preventive,0,1,1
6028,Eclairage Exterieur 12 LOT_100a,Equipement Electrique,Eclairage extérieur,MEDHUB,ZFL01,Entrepôt 100a,preventive,0,1,1
6029,Eclairage Exterieur 13 LOT_100a,Equipement Electrique,Eclairage extérieur,MEDHUB,ZFL01,Entrepôt 100a,preventive,0,1,1
6030,Eclairage Exterieur 14 LOT_100a,Equipement Electrique,Eclairage extérieur,MEDHUB,ZFL01,Entrepôt 100a,preventive,0,1,1
6031,Eclairage Exterieur 15 LOT_100a,Equipement Electrique,Eclairage extérieur,MEDHUB,ZFL01,Entrepôt 100a,preventive,0,1,1
6032,Eclairage Exterieur 16 LOT_100a,Equipement Electrique,Eclairage extérieur,MEDHUB,ZFL01,Entrepôt 100a,preventive,0,1,1
6033,Eclairage Exterieur 17 LOT_100a,Equipement Electrique,Eclairage extérieur,MEDHUB,ZFL01,Entrepôt 100a,preventive,0,1,1
6034,Eclairage Exterieur 18 LOT_100a,Equipement Electrique,Eclairage extérieur,MEDHUB,ZFL01,Entrepôt 100a,preventive,0,1,1
6035,Eclairage Exterieur 19 LOT_100a,Equipement Electrique,Eclairage extérieur,MEDHUB,ZFL01,Entrepôt 100a,preventive,0,1,1
6036,Eclairage Exterieur 20 LOT_100a,Equipement Electrique,Eclairage extérieur,MEDHUB,ZFL01,Entrepôt 100a,preventive,0,1,1
6307,Porte Sectionnelle 6 LOT 130,"Equipement de sécurité, contôle et exploitation",Porte sectionnelle,MEDHUB,ZFL01,Entrepôt 130,corrective,2,0,2
6384,Quai Niveleur 9 LOT_120,"Equipement de sécurité, contôle et exploitation",Quai niveleur,MEDHUB,ZFL01,Entrepôt 120,corrective,1,0,1
6416,Candélabre 266 ,Equipement Electrique,Candélabre,TM1,ZEXT01,RN16,corrective,2,0,2
6501,Mat d'éclairage 49 ,Equipement Electrique,Mat d'éclairage,TM1,SAS IMPORT,Sas Import,preventive,0,1,1
6502,Mat d'éclairage 50 ,Equipement Electrique,Mat d'éclairage,TM1,SAS IMPORT,Sas Import,preventive,0,1,1
6503,Mat d'éclairage 51 ,Equipement Electrique,Mat d'éclairage,TM1,SAS IMPORT,Sas Import,preventive,0,2,2
6505,Mat d'éclairage 53 ,Equipement Electrique,Mat d'éclairage,TM1,SAS IMPORT,Sas Import,preventive,0,1,1
6506,Mat d'éclairage 54 ,Equipement Electrique,Mat d'éclairage,TM1,SAS IMPORT,Sas Import,"corrective, preventive",1,1,2
6513,Mat d'éclairage 61 ,Equipement Electrique,Mat d'éclairage,TM1,SAS EXPORT,SAS EXPORT,preventive,0,1,1
6514,Mat d'éclairage 62 ,Equipement Electrique,Mat d'éclairage,TM1,SAS EXPORT,SAS EXPORT,preventive,0,1,1
6515,Mat d'éclairage 63 ,Equipement Electrique,Mat d'éclairage,TM1,SAS EXPORT,SAS EXPORT,preventive,0,1,1
6516,Mat d'éclairage 64 ,Equipement Electrique,Mat d'éclairage,TM1,SAS EXPORT,SAS EXPORT,"corrective, preventive",1,1,2
6517,Mat d'éclairage 65 ,Equipement Electrique,Mat d'éclairage,TM1,SAS EXPORT,SAS EXPORT,"corrective, preventive",1,1,2
6518,Mat d'éclairage 66 ,Equipement Electrique,Mat d'éclairage,TM1,SAS EXPORT,SAS EXPORT,"corrective, preventive",2,1,3
6519,Mat d'éclairage 67 ,Equipement Electrique,Mat d'éclairage,TM1,SAS EXPORT,SAS EXPORT,corrective,1,0,1
6526,Mat d'éclairage 74 ,Equipement Electrique,Mat d'éclairage,TM1,TM01,TVCU,corrective,1,0,1
6536,Mat d'éclairage 19 ,Equipement Electrique,Mat d'éclairage,PPR,PPR01,PPR,preventive,0,2,2
6537,Mat d'éclairage 20 ,Equipement Electrique,Mat d'éclairage,PPR,PPR01,PPR,preventive,0,2,2
6538,Mat d'éclairage 21 ,Equipement Electrique,Mat d'éclairage,PPR,PPR01,PPR,preventive,0,2,2
6539,Mat d'éclairage 22 ,Equipement Electrique,Mat d'éclairage,PPR,PPR01,PPR,preventive,0,2,2
6540,Mat d'éclairage 23 ,Equipement Electrique,Mat d'éclairage,PPR,PPR01,PPR,preventive,0,2,2
6541,Mat d'éclairage 24 ,Equipement Electrique,Mat d'éclairage,PPR,PPR01,PPR,preventive,0,2,2
6542,Mat d'éclairage 25 ,Equipement Electrique,Mat d'éclairage,PPR,PPR01,PPR,preventive,0,2,2
6545,Onduleur-LT-SAS-IMPORT 1-BAT-DOUANE,Equipement Electrique,Onduleur,TM1,SAS IMPORT,Sas Import,preventive,0,1,1
6546,Onduleur-LT-SAS-IMPORT 2-BAT-DOUANE,Equipement Electrique,Onduleur,TM1,SAS IMPORT,Sas Import,preventive,0,1,1
6548,Barrière1 LOT 130,"Equipement de sécurité, contôle et exploitation",Barrière,MEDHUB,ZFL01,Entrepôt 130,preventive,0,1,1
6549,Barrière2 LOT 130,"Equipement de sécurité, contôle et exploitation",Barrière,MEDHUB,ZFL01,Entrepôt 130,preventive,0,1,1
6550,Barrière3 LOT 130,"Equipement de sécurité, contôle et exploitation",Barrière,MEDHUB,ZFL01,Entrepôt 130,preventive,0,1,1
6551,Barrière1 LOT 120,"Equipement de sécurité, contôle et exploitation",Barrière,MEDHUB,ZFL01,Entrepôt 120,preventive,0,1,1
6552,Barrière2 LOT 120,"Equipement de sécurité, contôle et exploitation",Barrière,MEDHUB,ZFL01,Entrepôt 120,preventive,0,1,1
6553,Barrière terminal ferroviaire,"Equipement de sécurité, contôle et exploitation",Barrière,TM1,TM01,Terminal Ferroviaire,preventive,0,1,1
6554,Barrière Parking L,"Equipement de sécurité, contôle et exploitation",Barrière,TM1,SAS IMPORT,Parking L,preventive,0,1,1
6557,Split armoire1 Local serveur,Equipements climatisation ,Split système armoire,TM1,TM01,Local serveur,preventive,0,1,1
6558,Split armoire2 Local serveur,Equipements climatisation ,Split système armoire,TM1,TM01,Local serveur,preventive,0,1,1
6559,Split système1 Local serveur,Equipements climatisation ,Split système murale,TM1,TM01,Local serveur,"corrective, preventive",1,1,2
6560,Split système2 Local serveur,Equipements climatisation ,Split système murale,TM1,TM01,Local serveur,preventive,0,1,1
6561,Split système3 Local serveur,Equipements climatisation ,Split système murale,TM1,TM01,Local serveur,preventive,0,1,1
6562,Split système4 Local serveur,Equipements climatisation ,Split système murale,TM1,TM01,Local serveur,preventive,0,1,1
6563,Split système1 Local Onduleur,Equipements climatisation ,Split système murale,TM1,TM01,Local serveur,preventive,0,1,1
6564,Split système2 Local onduleur,Equipements climatisation ,Split système murale,TM1,TM01,Local serveur,preventive,0,1,1
6565,Split système 1 TGBT LIO OUEST,Equipements climatisation ,Split système murale,TM1,TM01,LIO Ouest,preventive,0,1,1
6566,Split système 2 TGBT LIO OUEST,Equipements climatisation ,Split système murale,TM1,TM01,LIO Ouest,preventive,0,1,1
6569,Armoire de précison 4 (2ème étage LIO 1),Equipements climatisation ,Armoire de précision,TM1,TM01,LIO 1,preventive,0,1,1
6571,Onduleur-SCANNER-GATE2,Equipement Electrique,Onduleur,PPR,GATE2,GATE2,"corrective, preventive",1,1,2
6572,Onduleur 1 -STATION-RADIO,Equipement Electrique,Onduleur,TM1,ZEXT01,Station Radio,"corrective, preventive",2,1,3
6573,Onduleur 2 -STATION-RADIO,Equipement Electrique,Onduleur,TM1,ZEXT01,Station Radio,"corrective, preventive",1,1,2
6584,DESENFUMAGE  LOT42,Equipement de protection contre incendie,Désenfumage,MEDHUB,ZFL01,Entrepôt 42,preventive,0,1,1
6585,DESENFUMAGE  LOT52,Equipement de protection contre incendie,Désenfumage,MEDHUB,ZFL01,Entrepôt 52,preventive,0,1,1
6586,DESENFUMAGE  LOT62,Equipement de protection contre incendie,Désenfumage,MEDHUB,ZFL01,Entrepôt 62,preventive,0,1,1
6607,Porte Sectionnelle 3 LOT 110,"Equipement de sécurité, contôle et exploitation",Porte sectionnelle,MEDHUB,ZFL01,Entrepôt 110,corrective,1,0,1
6608,Porte Sectionnelle 4 LOT 110,"Equipement de sécurité, contôle et exploitation",Porte sectionnelle,MEDHUB,ZFL01,Entrepôt 110,corrective,1,0,1
6614,Porte Sectionnelle 10 LOT 110,"Equipement de sécurité, contôle et exploitation",Porte sectionnelle,MEDHUB,ZFL01,Entrepôt 110,corrective,1,0,1
6624,Quai Niveleur 8 LOT_72,"Equipement de sécurité, contôle et exploitation",Quai niveleur,MEDHUB,ZFL01,Entrepôt 72,corrective,1,0,1
6629,Quai Niveleur 1 LOT_110,"Equipement de sécurité, contôle et exploitation",Quai niveleur,MEDHUB,ZFL01,Entrepôt 110,corrective,1,0,1
6701,Centrale incendie BO Gendarmerie ,Equipement de protection contre incendie,Centrale de détection d'incendie,TM2,TM02,BO Gendarmerie ,preventive,0,1,1
6702,Centrale incendie Safety Brigade,Equipement de protection contre incendie,Centrale de détection d'incendie,TM2,TM02,Safety Brigade,"corrective, preventive",2,1,3
6704,Centrale incendie 1 Bâtiment pilotage ,Equipement de protection contre incendie,Centrale de détection d'incendie,TM2,TM01,BO Pilotage,"corrective, preventive",1,1,2
6705,Groupe électrogène LOT 52,Equipement Electrique,Groupe électrogène,MEDHUB,ZFL01,Entrepôt 52,"corrective, preventive",1,14,15
6709,Ombragé 4 PPR,Equipement Electrique,Eclairage extérieur,PPR,PPR01,PPR,corrective,2,0,2
6710,Ombragé 5 PPR,Equipement Electrique,Eclairage extérieur,PPR,PPR01,PPR,corrective,1,0,1
6711,Eclairage zone fourgon,Equipement Electrique,Eclairage extérieur,PPR,PPR01,PPR,corrective,1,0,1
6713,Ombragé 1 sas extension,Equipement Electrique,Eclairage extérieur,TM1,SAS IMPORT,Sas Import,preventive,0,1,1
6714,Ombragé 2 sas extension ,Equipement Electrique,Eclairage extérieur,TM1,SAS IMPORT,Sas Import,preventive,0,1,1
6716,ECLAIRAGE hangar ZVIC,Equipement Electrique,Eclairage extérieur,TM1,TM01,ZVIC,corrective,1,0,1
7028,Regard MT 131,Réseau électrique,Regard MT,TM1,TM01,Regard MT,corrective,1,0,1
7120,Regard MT 263,Réseau électrique,Regard MT,TM1,TM01,Regard MT,corrective,1,0,1
7308,Regard MT 568,Réseau électrique,Regard MT,PPR,PPR01,Regard MT,corrective,1,0,1
8917,Onduleur-LT-SSE-BAT-B-TELECOM,Equipement Electrique,Onduleur,TM1,SAS EXPORT,SAS EXPORT,preventive,0,1,1
8918,Onduleur-LT-SSE-BAT-A-TELECOM,Equipement Electrique,Onduleur,TM1,SAS EXPORT,SAS EXPORT,preventive,0,1,1
8919,Onduleur-LT-SSE-BAT-C-TELECOM,Equipement Electrique,Onduleur,TM1,SAS EXPORT,SAS EXPORT,preventive,0,1,1
8920,Onduleur-LT-SSE-BAT-E-TELECOM,Equipement Electrique,Onduleur,TM1,SAS EXPORT,SAS EXPORT,preventive,0,1,1
8921,Onduleur2-LT-SSE-BAT-G-TELECOM,Equipement Electrique,Onduleur,TM1,SAS EXPORT,SAS EXPORT,"corrective, preventive",1,1,2
8922,Onduleur2-LT-CAP,Equipement Electrique,Onduleur,TM1,ZEXT01,VTS,preventive,0,1,1
8923,Onduleur-LT-SAS-IMPORT-DAL-TELECOM,Equipement Electrique,Onduleur,TM1,SAS IMPORT,Batiment Depotage,preventive,0,1,1
8924,Onduleur2-LT-BELVEDER,Equipement Electrique,Onduleur,TM1,TMPC01,BELVEDERE,preventive,0,1,1
8925,Onduleur-LT-SAS 4- CHECK-IN,Equipement Electrique,Onduleur,PPR,GATE3,GATE3,preventive,0,1,1
8926,Onduleur1-LT-SAS 4- COMPANIE,Equipement Electrique,Onduleur,PPR,GATE3,GATE3,preventive,0,1,1
8927,Onduleur2-LT-SAS 4- COMPANIE,Equipement Electrique,Onduleur,PPR,GATE3,GATE3,preventive,0,1,1
8928,Onduleur2-LT-TMPC-S4-N18-01,Equipement Electrique,Onduleur,TM1,TMPC01,TMPC,preventive,0,1,1
8929,Onduleur2-LT-TMPC-S7-N18-01,Equipement Electrique,Onduleur,TM1,TMPC01,TMPC,preventive,0,1,1
8930,Onduleur1-LT-TMPC-S7-N18-01,Equipement Electrique,Onduleur,TM1,TMPC01,TMPC,preventive,0,1,1
8931,Onduleur3-LT-TMPC-S4-N18-01,Equipement Electrique,Onduleur,TM1,TMPC01,TMPC,preventive,0,1,1
8932,Onduleur2-LT-TMPC-S4-N22-03,Equipement Electrique,Onduleur,TM1,TMPC01,TMPC,preventive,0,1,1
8933,Onduleur1-LT-TMPC-S4-N22-04,Equipement Electrique,Onduleur,TM1,TMPC01,TMPC,preventive,0,1,1
8934,Onduleur-LT-TMPC-S3-N22-03,Equipement Electrique,Onduleur,TM1,TMPC01,TMPC,preventive,0,1,1
8935,Onduleur1-LT-TMPC-S2-N22-03,Equipement Electrique,Onduleur,TM1,TMPC01,TMPC,preventive,0,1,1
8936,Onduleur2-LT-TMPC-S2-N22-03,Equipement Electrique,Onduleur,TM1,TMPC01,TMPC,preventive,0,1,1
8937,Onduleur2-LT-TMPC-S4-N17-02,Equipement Electrique,Onduleur,TM1,TMPC01,TMPC,preventive,0,1,1
8938,Onduleur1-LT-TMPC-S4-N17-02,Equipement Electrique,Onduleur,TM1,TMPC01,TMPC,preventive,0,1,1
8939,Onduleur-LT-TMPC-S5-N27-03,Equipement Electrique,Onduleur,TM1,TMPC01,TMPC,preventive,0,1,1
8940,Onduleur-LT-TMPC-S8-N27,Equipement Electrique,Onduleur,TM1,TMPC01,TMPC,preventive,0,1,1
8941,Onduleur1-LT-TMPC-S9-N22-01,Equipement Electrique,Onduleur,TM1,TMPC01,TMPC,preventive,0,1,1
8942,Onduleur2-LT-TMPC-S9-N22-01,Equipement Electrique,Onduleur,TM1,TMPC01,TMPC,preventive,0,1,1
8943,Onduleur3-LT-TMPC-S1-N22-01,Equipement Electrique,Onduleur,TM1,TMPC01,TMPC,preventive,0,1,1
8944,Onduleur2-LT-TMPC-S1-N22-01,Equipement Electrique,Onduleur,TM1,TMPC01,TMPC,"corrective, preventive",1,1,2
8945,Onduleur2-LT-SSE-BAT-F-TELECOM,Equipement Electrique,Onduleur,TM1,SAS EXPORT,SAS EXPORT,preventive,0,1,1
8946,Onduleur-LT-SSE-BAT-D-TELECOM,Equipement Electrique,Onduleur,TM1,SAS EXPORT,SAS EXPORT,preventive,0,1,1
8947,Onduleur-LT-TMPC-S6-N27-05,Equipement Electrique,Onduleur,TM1,TMPC01,TMPC,preventive,0,1,1
8948,Onduleur1-LT-ZVIC-TELECOM,Equipement Electrique,Onduleur,TM1,TM01,ZVIC,preventive,0,1,1
8949,Onduleur-LT-TPR-BAT-A,Equipement Electrique,Onduleur,PPR,PPR01,PPR,preventive,0,1,1
8950,Onduleur-LT-TPR-BAT-B,Equipement Electrique,Onduleur,PPR,PPR01,PPR,preventive,0,1,1
8951,Portail2 Sas Export,"Equipement de sécurité, contôle et exploitation",Portail,TM1,SAS EXPORT,SAS EXPORT,corrective,1,0,1
8954,Centrale incendie Entrepôt 100a,Equipement de protection contre incendie,Centrale de détection d'incendie,MEDHUB,ZFL01,Entrepôt 100a,preventive,0,4,4
8955,Centrale incendie 71,Equipement de protection contre incendie,Centrale de détection d'incendie,MEDHUB,ZFL01,Entrepôt 71,"corrective, preventive",1,4,5
8956,Centrale incendie Batiment 4-G,Equipement de protection contre incendie,Centrale de détection d'incendie,TM1,SAS EXPORT,Batiment 4-G,"corrective, preventive",2,1,3
8965,Porte Sectionnelle 9 LOT 100,"Equipement de sécurité, contôle et exploitation",Porte sectionnelle,MEDHUB,ZFL01,Entrepôt 100,corrective,1,0,1
8979,Radar vitesse1 Voie périphérique TM2,Equipement de signalisation,Radar vitesse,TM2,TM02,Voie périphérique TM2 ,preventive,0,1,1
8980,Radar vitesse2 Voie périphérique TM2 ,Equipement de signalisation,Radar vitesse,TM2,TM02,Voie périphérique TM2 ,"corrective, preventive",1,1,2
8981,Radar vitesse3 Voie périphérique TM2,Equipement de signalisation,Radar vitesse,TM2,TM02,Voie périphérique TM2 ,preventive,0,1,1
8982,Radar vitesse3 Voie périphérique PPR,Equipement de signalisation,Radar vitesse,PPR,PPR01,Voie périphérique PPR,preventive,0,1,1
8983,Radar vitesse1 Voie périphérique TM1,Equipement de signalisation,Radar vitesse,TM1,TM01,Voie périphérique TM1,"corrective, preventive",7,1,8
8984,Radar vitesse2 Voie périphérique TM1,Equipement de signalisation,Radar vitesse,TM1,TM01,Voie périphérique TM1,preventive,0,1,1
9001,Eclairage Extérieur 1 TMPC,Equipement Electrique,Eclairage extérieur,TM1,TMPC01,TMPC,preventive,0,1,1
9002,Eclairage Extérieur 2 TMPC,Equipement Electrique,Eclairage extérieur,TM1,TMPC01,TMPC,preventive,0,1,1
9003,Eclairage Extérieur 3 TMPC,Equipement Electrique,Eclairage extérieur,TM1,TMPC01,TMPC,preventive,0,1,1
9004,Eclairage Extérieur 4 TMPC,Equipement Electrique,Eclairage extérieur,TM1,TMPC01,TMPC,preventive,0,1,1
9005,Centrale incendie Entrepôt 81a,Equipement de protection contre incendie,Centrale de détection d'incendie,MEDHUB,ZFL01,Entrepôt 81a,preventive,0,4,4
9006,Centrale incendie LOT 42,Equipement de protection contre incendie,Centrale de détection d'incendie,MEDHUB,ZFL01,Entrepôt 42,preventive,0,4,4
9007,Centrale incendie LOT 52,Equipement de protection contre incendie,Centrale de détection d'incendie,MEDHUB,ZFL01,Entrepôt 52,preventive,0,4,4
9008,Centrale incendie LOT 62,Equipement de protection contre incendie,Centrale de détection d'incendie,MEDHUB,ZFL01,Entrepôt 62,preventive,0,4,4
9009,Paratonnerre LOT 42,Equipement Electrique,Paratonnerre,MEDHUB,ZFL01,Entrepôt 42,preventive,0,1,1
9010,Paratonnerre LOT 52,Equipement Electrique,Paratonnerre,MEDHUB,ZFL01,Entrepôt 52,preventive,0,1,1
9011,Paratonnerre LOT 62,Equipement Electrique,Paratonnerre,MEDHUB,ZFL01,Entrepôt 62,preventive,0,1,1
9066,Onduleur-LT-VTS,Equipement Electrique,Onduleur,TM1,ZEXT01,VTS,preventive,0,1,1
9070,Portail7 Sas Export,"Equipement de sécurité, contôle et exploitation",Portail,TM1,SAS EXPORT,SAS EXPORT,corrective,1,0,1
9071,Portail8 Sas Export,"Equipement de sécurité, contôle et exploitation",Portail,TM1,SAS EXPORT,SAS EXPORT,corrective,1,0,1
9085,Eclairage extérieur 2 Parking TMPC,Equipement Electrique,Eclairage extérieur,TM1,TMPC01,TMPC,preventive,0,1,1
9086,Eclairage extérieur 3 Parking TMPC,Equipement Electrique,Eclairage extérieur,TM1,TMPC01,TMPC,preventive,0,1,1
9087,Eclairage Hangar parking de saisie,Equipement Electrique,Eclairage extérieur,TM1,ZEXT01,Parking extérieur,preventive,0,1,1
9088,Eclairage extérieur PIF,Equipement Electrique,Eclairage extérieur,TM1,SAS IMPORT,Sas Import,preventive,0,1,1
9089,Eclairage extérieur 1 chenille,Equipement Electrique,Eclairage extérieur,TM1,TM01,Quai de service ,preventive,0,1,1
9090,Eclairage extérieur 2 chenille,Equipement Electrique,Eclairage extérieur,TM1,TM01,Quai de service ,preventive,0,1,1
9091,Eclairage extérieur 3 chenille,Equipement Electrique,Eclairage extérieur,TM1,TM01,Quai de service ,preventive,0,1,1
9095,Bornes de recharge 2 vehicule electriques VTS,Equipement Electrique,Bornes de recharge,TM1,ZEXT01,VTS,corrective,1,0,1
9096,Barrière 1 Parking TM2,"Equipement de sécurité, contôle et exploitation",Barrière,TM2,TM02,Parking TM2,preventive,0,1,1
9097,Barrière 2 Parking TM2,"Equipement de sécurité, contôle et exploitation",Barrière,TM2,TM02,Parking TM2,preventive,0,1,1
9098,Barrière 3 Parking TM2,"Equipement de sécurité, contôle et exploitation",Barrière,TM2,TM02,Parking TM2,preventive,0,1,1
9099,Barrière 4 Parking TM2,"Equipement de sécurité, contôle et exploitation",Barrière,TM2,TM02,Parking TM2,preventive,0,1,1
9110,Centrale incendie parking de saisie,Equipement de protection contre incendie,Centrale de détection d'incendie,TM1,ZEXT01,Parking extérieur,preventive,0,1,1
9111,Groupe électrogène parking de saisie,Equipement Electrique,Groupe électrogène,TM1,ZEXT01,Parking extérieur,preventive,0,14,14
9117,Caisson désenfumage1-Secteur 1,Equipement de protection contre incendie,Caisson désenfumage,TM1,TMPC01,TMPC,preventive,0,1,1
9118,Caisson désenfumage2-Secteur 1,Equipement de protection contre incendie,Caisson désenfumage,TM1,TMPC01,TMPC,preventive,0,1,1
9119,Caisson désenfumage3-Secteur 1,Equipement de protection contre incendie,Caisson désenfumage,TM1,TMPC01,TMPC,"corrective, preventive",2,1,3
9120,Caisson désenfumage4-Secteur 1,Equipement de protection contre incendie,Caisson désenfumage,TM1,TMPC01,TMPC,"corrective, preventive",1,1,2
9121,Caisson désenfumage5-Secteur 1,Equipement de protection contre incendie,Caisson désenfumage,TM1,TMPC01,TMPC,preventive,0,1,1
9122,Caisson désenfumage6-Secteur 1,Equipement de protection contre incendie,Caisson désenfumage,TM1,TMPC01,TMPC,preventive,0,1,1
9123,Caisson désenfumage7-Secteur 1,Equipement de protection contre incendie,Caisson désenfumage,TM1,TMPC01,TMPC,preventive,0,1,1
9124,Caisson désenfumage1-Secteur 2,Equipement de protection contre incendie,Caisson désenfumage,TM1,TMPC01,TMPC,preventive,0,1,1
9125,Caisson désenfumage2-Secteur 2,Equipement de protection contre incendie,Caisson désenfumage,TM1,TMPC01,TMPC,preventive,0,1,1
9126,Caisson désenfumage3-Secteur 2,Equipement de protection contre incendie,Caisson désenfumage,TM1,TMPC01,TMPC,preventive,0,1,1
9127,Caisson désenfumage1-Secteur 3,Equipement de protection contre incendie,Caisson désenfumage,TM1,TMPC01,TMPC,preventive,0,1,1
9128,Caisson désenfumage2-Secteur 3,Equipement de protection contre incendie,Caisson désenfumage,TM1,TMPC01,TMPC,preventive,0,1,1
9129,Caisson désenfumage3-Secteur 3,Equipement de protection contre incendie,Caisson désenfumage,TM1,TMPC01,TMPC,preventive,0,1,1
9130,Caisson désenfumage4-Secteur 3,Equipement de protection contre incendie,Caisson désenfumage,TM1,TMPC01,TMPC,preventive,0,1,1
9131,Caisson désenfumage5-Secteur 3,Equipement de protection contre incendie,Caisson désenfumage,TM1,TMPC01,TMPC,preventive,0,1,1
9132,Caisson désenfumage6-Secteur 3,Equipement de protection contre incendie,Caisson désenfumage,TM1,TMPC01,TMPC,preventive,0,1,1
9139,Caisson désenfumage4-Secteur 4,Equipement de protection contre incendie,Caisson désenfumage,TM1,TMPC01,TMPC,corrective,1,0,1
9152,Caisson désenfumage5-Secteur 6,Equipement de protection contre incendie,Caisson désenfumage,TM1,TMPC01,TMPC,preventive,0,1,1
9153,Caisson désenfumage6-Secteur 6,Equipement de protection contre incendie,Caisson désenfumage,TM1,TMPC01,TMPC,preventive,0,1,1
9154,Caisson désenfumage7-Secteur 6,Equipement de protection contre incendie,Caisson désenfumage,TM1,TMPC01,TMPC,preventive,0,1,1
9160,Caisson désenfumage6-Secteur 7,Equipement de protection contre incendie,Caisson désenfumage,TM1,TMPC01,TMPC,preventive,0,1,1
9161,Caisson désenfumage1-Secteur 8,Equipement de protection contre incendie,Caisson désenfumage,TM1,TMPC01,TMPC,preventive,0,1,1
9162,Caisson désenfumage2-Secteur 8,Equipement de protection contre incendie,Caisson désenfumage,TM1,TMPC01,TMPC,preventive,0,1,1
9163,Caisson désenfumage3-Secteur 8,Equipement de protection contre incendie,Caisson désenfumage,TM1,TMPC01,TMPC,preventive,0,1,1
9164,Caisson désenfumage4-Secteur 8,Equipement de protection contre incendie,Caisson désenfumage,TM1,TMPC01,TMPC,preventive,0,1,1
9166,Caisson désenfumage6-Secteur 8,Equipement de protection contre incendie,Caisson désenfumage,TM1,TMPC01,TMPC,preventive,0,1,1
9167,Caisson désenfumage7-Secteur 8,Equipement de protection contre incendie,Caisson désenfumage,TM1,TMPC01,TMPC,preventive,0,1,1
9284,Centrale incendie 2 PARKING A ETAGES,Equipement de protection contre incendie,Centrale de détection d'incendie,TM1,TM01,Parking Renault,"corrective, preventive",2,1,3
9285,Eclairage extérieur Entrée TVCU,Equipement Electrique,Eclairage extérieur,TM1,TM01,TVCU,preventive,0,1,1
9286,Onduleur Scanner gâte 3,Equipement Electrique,Onduleur,PPR,GATE3,GATE3,"corrective, preventive",1,1,2
9287,Onduleur TGBT Gâte3,Equipement Electrique,Onduleur,PPR,GATE3,GATE3,"corrective, preventive",2,1,3
9288,Onduleur Sureté Gâte 3 ,Equipement Electrique,Onduleur,PPR,GATE3,GATE3,preventive,0,1,1
9291,Paratonnerre Batiment 4-G,Equipement Electrique,Paratonnerre,TM1,SAS EXPORT,Batiment 4-G,corrective,1,0,1
9306,Projecteur 2 HANAGAR BOBINE TMD,Equipement Electrique,Eclairage extérieur,TM1,TM01,TMD,preventive,0,1,1
9317,Projecteur 1 Hangar BLE,Equipement Electrique,Eclairage extérieur,TM1,TM01,TMD,preventive,0,1,1
9318,Projecteur 2 Hangar BLE,Equipement Electrique,Eclairage extérieur,TM1,TM01,TMD,preventive,0,1,1
9319,Projecteur 3 Hangar BLE,Equipement Electrique,Eclairage extérieur,TM1,TM01,TMD,preventive,0,1,1
9320,Projecteur 4 Hangar BLE,Equipement Electrique,Eclairage extérieur,TM1,TM01,TMD,preventive,0,1,1
9321,Projecteur 5 Hangar BLE,Equipement Electrique,Eclairage extérieur,TM1,TM01,TMD,preventive,0,1,1
9322,Projecteur 6 Hangar BLE,Equipement Electrique,Eclairage extérieur,TM1,TM01,TMD,preventive,0,1,1
9323,Projecteur 7 Hangar BLE,Equipement Electrique,Eclairage extérieur,TM1,TM01,TMD,preventive,0,1,1
9324,Projecteur 8 Hangar BLE,Equipement Electrique,Eclairage extérieur,TM1,TM01,TMD,preventive,0,1,1
9325,Projecteur 9 Hangar BLE,Equipement Electrique,Eclairage extérieur,TM1,TM01,TMD,preventive,0,1,1
9326,Projecteur 10 Hangar BLE,Equipement Electrique,Eclairage extérieur,TM1,TM01,TMD,preventive,0,1,1
9327,Projecteur 11 Hangar BLE,Equipement Electrique,Eclairage extérieur,TM1,TM01,TMD,preventive,0,1,1
9328,Projecteur 12 Hangar BLE,Equipement Electrique,Eclairage extérieur,TM1,TM01,TMD,preventive,0,1,1
9329,Projecteur 13 Hangar BLE,Equipement Electrique,Eclairage extérieur,TM1,TM01,TMD,preventive,0,1,1
9330,Projecteur 14 Hangar BLE,Equipement Electrique,Eclairage extérieur,TM1,TM01,TMD,preventive,0,1,1
9331,Projecteur 15 Hangar BLE,Equipement Electrique,Eclairage extérieur,TM1,TM01,TMD,preventive,0,1,1
9332,Projecteur 16 Hangar BLE,Equipement Electrique,Eclairage extérieur,TM1,TM01,TMD,preventive,0,1,1
9333,Projecteur 17 Hangar BLE,Equipement Electrique,Eclairage extérieur,TM1,TM01,TMD,preventive,0,1,1
9334,Projecteur 18 Hangar BLE,Equipement Electrique,Eclairage extérieur,TM1,TM01,TMD,preventive,0,1,1
9345,Centrale de supervision SPK 60-70,Equipement de protection contre incendie,Centrale de supervision SPK,MEDHUB,ZFL01,Entrepôt 70,preventive,0,4,4
9346,Centrale de supervision SPK 80-90,Equipement de protection contre incendie,Centrale de supervision SPK,MEDHUB,ZFL01,Entrepôt 90,preventive,0,4,4
9347,Centrale de supervision SPK 110,Equipement de protection contre incendie,Centrale de supervision SPK,MEDHUB,ZFL01,Entrepôt 110,"corrective, preventive",1,4,5
9348,Centrale de supervision SPK 61-71,Equipement de protection contre incendie,Centrale de supervision SPK,MEDHUB,ZFL01,Entrepôt 71,preventive,0,4,4
9350,Centrale de supervision SPK 82,Equipement de protection contre incendie,Centrale de supervision SPK,MEDHUB,ZFL02,Entrepôt 82,preventive,0,4,4
9353,Centrale de supervision SPK 72-82,Equipement de protection contre incendie,Centrale de supervision SPK,MEDHUB,ZFL01,Entrepôt 72,preventive,0,4,4
9358,Porte Sectionnelle 2 école voile Dalya,"Equipement de sécurité, contôle et exploitation",Porte sectionnelle,TM1,ZEXT01,Ecole Voile TM,corrective,1,0,1
9359,Boite deratisation Entrepot 140,"Dératisation, désinsectisation et déreptilisation","Dératisation, désinsectisation et déreptilisation",MEDHUB,ZFL01,Entrepôt 140,preventive,0,1,1
9360,Boite deratisation Entrepot 110,"Dératisation, désinsectisation et déreptilisation","Dératisation, désinsectisation et déreptilisation",MEDHUB,ZFL01,Entrepôt 110,preventive,0,1,1
9361,Boite deratisation Entrepot 102,"Dératisation, désinsectisation et déreptilisation","Dératisation, désinsectisation et déreptilisation",MEDHUB,ZFL01,Entrepôt 102,preventive,0,1,1
9362,Boite deratisation Entrepot 100a,"Dératisation, désinsectisation et déreptilisation","Dératisation, désinsectisation et déreptilisation",MEDHUB,ZFL01,Entrepôt 100a,preventive,0,1,1
9363,Boite deratisation Entrepot 130,"Dératisation, désinsectisation et déreptilisation","Dératisation, désinsectisation et déreptilisation",MEDHUB,ZFL01,Entrepôt 130,preventive,0,1,1
9364,Boite deratisation Entrepot 72,"Dératisation, désinsectisation et déreptilisation","Dératisation, désinsectisation et déreptilisation",MEDHUB,ZFL01,Entrepôt 72,preventive,0,1,1
9365,Boite deratisation Entrepot 120,"Dératisation, désinsectisation et déreptilisation","Dératisation, désinsectisation et déreptilisation",MEDHUB,ZFL01,Entrepôt 120,preventive,0,1,1
9366,Boite deratisation Entrepot 101,"Dératisation, désinsectisation et déreptilisation","Dératisation, désinsectisation et déreptilisation",MEDHUB,ZFL01,Entrepôt 101,preventive,0,1,1
9367,Boite deratisation Entrepot 91,"Dératisation, désinsectisation et déreptilisation","Dératisation, désinsectisation et déreptilisation",MEDHUB,ZFL01,Entrepôt 91,preventive,0,1,1
9368,Boite deratisation Entrepot 70,"Dératisation, désinsectisation et déreptilisation","Dératisation, désinsectisation et déreptilisation",MEDHUB,ZFL01,Entrepôt 70,preventive,0,1,1
9369,Boite deratisation Entrepot 80,"Dératisation, désinsectisation et déreptilisation","Dératisation, désinsectisation et déreptilisation",MEDHUB,ZFL01,Entrepôt 80,preventive,0,1,1
9370,Boite deratisation Entrepot 90,"Dératisation, désinsectisation et déreptilisation","Dératisation, désinsectisation et déreptilisation",MEDHUB,ZFL01,Entrepôt 90,preventive,0,1,1
9371,Boite deratisation Entrepot 100b,"Dératisation, désinsectisation et déreptilisation","Dératisation, désinsectisation et déreptilisation",MEDHUB,ZFL01,Entrepôt 100b,preventive,0,1,1
9372,Boite deratisation PNG-ZFL1,"Dératisation, désinsectisation et déreptilisation","Dératisation, désinsectisation et déreptilisation",MEDHUB,ZFL01,PNG ZFL,preventive,0,1,1
9373,Boite deratisation LOT 120,"Dératisation, désinsectisation et déreptilisation","Dératisation, désinsectisation et déreptilisation",MEDHUB,ZFL01,Entrepôt 120,preventive,0,1,1
9374,Boite deratisation LOT 92,"Dératisation, désinsectisation et déreptilisation","Dératisation, désinsectisation et déreptilisation",MEDHUB,ZFL01,Entrepôt 92-102,preventive,0,1,1
9375,Boite deratisation LOT 82,"Dératisation, désinsectisation et déreptilisation","Dératisation, désinsectisation et déreptilisation",MEDHUB,ZFL01,Entrepôt 82,preventive,0,1,1
9376,Boite deratisation Poste_Lot140,"Dératisation, désinsectisation et déreptilisation","Dératisation, désinsectisation et déreptilisation",MEDHUB,ZFL01,Entrepôt 140,preventive,0,1,1
9377,Boite deratisation Poste_Lot130,"Dératisation, désinsectisation et déreptilisation","Dératisation, désinsectisation et déreptilisation",MEDHUB,ZFL01,Entrepôt 130,preventive,0,1,1
9378,Boite deratisation Poste_Lot120,"Dératisation, désinsectisation et déreptilisation","Dératisation, désinsectisation et déreptilisation",MEDHUB,ZFL01,Entrepôt 120,preventive,0,1,1
9379,Boite deratisation Poste_Lot110,"Dératisation, désinsectisation et déreptilisation","Dératisation, désinsectisation et déreptilisation",MEDHUB,ZFL01,Entrepôt 110,preventive,0,1,1
9380,Boite deratisation Poste_Lot80-90,"Dératisation, désinsectisation et déreptilisation","Dératisation, désinsectisation et déreptilisation",MEDHUB,ZFL01,Entrepôt 90,preventive,0,1,1
9381,Boite deratisation Poste_Decathlon,"Dératisation, désinsectisation et déreptilisation","Dératisation, désinsectisation et déreptilisation",MEDHUB,ZFL01,Entrepôt 60,preventive,0,1,1
9382,Boite deratisation Poste_Lot61,"Dératisation, désinsectisation et déreptilisation","Dératisation, désinsectisation et déreptilisation",MEDHUB,ZFL01,Entrepôt 61,preventive,0,1,1
9383,Boite deratisation Post_Lot71,"Dératisation, désinsectisation et déreptilisation","Dératisation, désinsectisation et déreptilisation",MEDHUB,ZFL01,Entrepôt 71,preventive,0,1,1
9384,Boite deratisation Post_Lot81,"Dératisation, désinsectisation et déreptilisation","Dératisation, désinsectisation et déreptilisation",MEDHUB,ZFL01,Entrepôt 81,preventive,0,1,1
9385,Boite deratisation Post_Lot 91,"Dératisation, désinsectisation et déreptilisation","Dératisation, désinsectisation et déreptilisation",MEDHUB,ZFL01,Entrepôt 91,preventive,0,1,1
9386,Boite deratisation Ancienne gare maritime,"Dératisation, désinsectisation et déreptilisation","Dératisation, désinsectisation et déreptilisation",PPR,GATE2,GATE2,preventive,0,1,1
9387,Boite deratisation PNG PPR,"Dératisation, désinsectisation et déreptilisation","Dératisation, désinsectisation et déreptilisation",PPR,PPR01,PPR,preventive,0,1,1
9388,Boite deratisation Sanitaire quai 1,"Dératisation, désinsectisation et déreptilisation","Dératisation, désinsectisation et déreptilisation",PPR,PPR01,Poste N1,preventive,0,1,1
9389,Boite deratisation Batiment quai 1,"Dératisation, désinsectisation et déreptilisation","Dératisation, désinsectisation et déreptilisation",PPR,PPR01,Poste N1,preventive,0,1,1
9390,Boite deratisation Sanitaire 2 quai 3,"Dératisation, désinsectisation et déreptilisation","Dératisation, désinsectisation et déreptilisation",PPR,PPR01,Poste N3,preventive,0,1,1
9391,Boite deratisation Police exploitation quai 3,"Dératisation, désinsectisation et déreptilisation","Dératisation, désinsectisation et déreptilisation",PPR,PPR01,Poste N3,preventive,0,1,1
9392,Boite deratisation Sanitaire quai 5,"Dératisation, désinsectisation et déreptilisation","Dératisation, désinsectisation et déreptilisation",PPR,PPR01,Poste N5,preventive,0,1,1
9393,Boite deratisation Sanitaire quai 7,"Dératisation, désinsectisation et déreptilisation","Dératisation, désinsectisation et déreptilisation",PPR,PPR01,Poste N7,preventive,0,1,1
9394,Boite deratisation Sanitaire quai 8,"Dératisation, désinsectisation et déreptilisation","Dératisation, désinsectisation et déreptilisation",PPR,PPR01,Poste N8,preventive,0,1,1
9395,Boite deratisation Sanitaire 1 quai 3,"Dératisation, désinsectisation et déreptilisation","Dératisation, désinsectisation et déreptilisation",PPR,PPR01,Poste N3,preventive,0,1,1
9396,Boite deratisation Sanitaire 2,"Dératisation, désinsectisation et déreptilisation","Dératisation, désinsectisation et déreptilisation",PPR,GATE2,GATE2,preventive,0,1,1
9397,Boite deratisation local technique gâte 2,"Dératisation, désinsectisation et déreptilisation","Dératisation, désinsectisation et déreptilisation",PPR,GATE2,GATE2,preventive,0,1,1
9398,Boite deratisation Aubettes douane,"Dératisation, désinsectisation et déreptilisation","Dératisation, désinsectisation et déreptilisation",PPR,GATE2,GATE2,preventive,0,1,1
9399,Boite deratisation Bureaux de fondation,"Dératisation, désinsectisation et déreptilisation","Dératisation, désinsectisation et déreptilisation",PPR,GATE2,GATE2,preventive,0,1,1
9400,Boite deratisation Bureaux douane,"Dératisation, désinsectisation et déreptilisation","Dératisation, désinsectisation et déreptilisation",PPR,GATE2,GATE2,preventive,0,1,1
9401,Boite deratisation Entrée gâte 2,"Dératisation, désinsectisation et déreptilisation","Dératisation, désinsectisation et déreptilisation",PPR,GATE2,GATE2,preventive,0,1,1
9402,Boite deratisation Plateau & aubettes police,"Dératisation, désinsectisation et déreptilisation","Dératisation, désinsectisation et déreptilisation",PPR,GATE2,GATE2,preventive,0,1,1
9403,Boite deratisation Sanitaire 1,"Dératisation, désinsectisation et déreptilisation","Dératisation, désinsectisation et déreptilisation",PPR,GATE2,GATE2,preventive,0,1,1
9404,Boite deratisation Flemingo,"Dératisation, désinsectisation et déreptilisation","Dératisation, désinsectisation et déreptilisation",PPR,PPR01,Flemingo,preventive,0,1,1
9405,Boite deratisation Bureau Police Et Douane,"Dératisation, désinsectisation et déreptilisation","Dératisation, désinsectisation et déreptilisation",PPR,GATE3,GATE3,preventive,0,1,1
9406,Boite deratisation Magasin,"Dératisation, désinsectisation et déreptilisation","Dératisation, désinsectisation et déreptilisation",PPR,GATE2,GATE2,preventive,0,1,1
9407,Boite deratisation Bureaux douane et police,"Dératisation, désinsectisation et déreptilisation","Dératisation, désinsectisation et déreptilisation",PPR,GATE2,GATE2,preventive,0,1,1
9408,Boite deratisation Aubettes Douane Entree,"Dératisation, désinsectisation et déreptilisation","Dératisation, désinsectisation et déreptilisation",PPR,GATE3,GATE3,preventive,0,1,1
9409,Boite deratisation Bureau Douane,"Dératisation, désinsectisation et déreptilisation","Dératisation, désinsectisation et déreptilisation",PPR,GATE3,GATE3,preventive,0,1,1
9410,Boite deratisation Replis Douane,"Dératisation, désinsectisation et déreptilisation","Dératisation, désinsectisation et déreptilisation",PPR,GATE3,GATE3,preventive,0,1,1
9411,Boite deratisation Bureaux De Fondation,"Dératisation, désinsectisation et déreptilisation","Dératisation, désinsectisation et déreptilisation",PPR,GATE3,GATE3,preventive,0,1,1
9412,Boite deratisation Sanitaire 1,"Dératisation, désinsectisation et déreptilisation","Dératisation, désinsectisation et déreptilisation",PPR,GATE3,GATE3,preventive,0,1,1
9413,Boite deratisation Nouveaux Bureaux,"Dératisation, désinsectisation et déreptilisation","Dératisation, désinsectisation et déreptilisation",PPR,GATE3,GATE3,preventive,0,1,1
9414,Boite deratisation Aubettes Police Sortie,"Dératisation, désinsectisation et déreptilisation","Dératisation, désinsectisation et déreptilisation",PPR,GATE3,GATE3,preventive,0,1,1
9415,Boite deratisation Aubettes Police Entree,"Dératisation, désinsectisation et déreptilisation","Dératisation, désinsectisation et déreptilisation",PPR,GATE3,GATE3,preventive,0,1,1
9416,Boite deratisation Aubettes Douane Sortie,"Dératisation, désinsectisation et déreptilisation","Dératisation, désinsectisation et déreptilisation",PPR,GATE3,GATE3,preventive,0,1,1
9417,Boite deratisation BO Maintenance,"Dératisation, désinsectisation et déreptilisation","Dératisation, désinsectisation et déreptilisation",PPR,PPR01,BO Maintenance,preventive,0,1,1
9418,Boite deratisation BO Pilotage & capitainerie,"Dératisation, désinsectisation et déreptilisation","Dératisation, désinsectisation et déreptilisation",PPR,PPR01,BO Pilotage,preventive,0,1,1
9419,Boite deratisation BO Pilotage,"Dératisation, désinsectisation et déreptilisation","Dératisation, désinsectisation et déreptilisation",PPR,PPR01,BO Pilotage,preventive,0,1,1
9420,Boite deratisation Zone Billetterie,"Dératisation, désinsectisation et déreptilisation","Dératisation, désinsectisation et déreptilisation",PPR,GATE3,GATE3,preventive,0,1,1
9421,Boite deratisation Local Technique gâte 3,"Dératisation, désinsectisation et déreptilisation","Dératisation, désinsectisation et déreptilisation",PPR,GATE3,GATE3,preventive,0,1,1
9422,Boite deratisation Bureaux DGSN,"Dératisation, désinsectisation et déreptilisation","Dératisation, désinsectisation et déreptilisation",PPR,GATE3,GATE3,preventive,0,1,1
9423,Boite deratisation Sanitaire 2,"Dératisation, désinsectisation et déreptilisation","Dératisation, désinsectisation et déreptilisation",PPR,GATE3,GATE3,preventive,0,1,1
9424,Boite deratisation Bureau de Facturation,"Dératisation, désinsectisation et déreptilisation","Dératisation, désinsectisation et déreptilisation",PPR,PPR01,PPR,preventive,0,1,1
9425,Boite deratisation Sanitaire et douche Quai 6,"Dératisation, désinsectisation et déreptilisation","Dératisation, désinsectisation et déreptilisation",PPR,PPR01,Poste N6,preventive,0,1,1
9426,Boite deratisation Sanitaire et mosquee Quai 6,"Dératisation, désinsectisation et déreptilisation","Dératisation, désinsectisation et déreptilisation",PPR,PPR01,Poste N6,preventive,0,1,1
9427,Boite deratisation Batiment operationnel 2,"Dératisation, désinsectisation et déreptilisation","Dératisation, désinsectisation et déreptilisation",PPR,PPR01,PPR,preventive,0,1,1
9428,Boite deratisation Batiment operationnel 1,"Dératisation, désinsectisation et déreptilisation","Dératisation, désinsectisation et déreptilisation",PPR,PPR01,PPR,preventive,0,1,1
9429,Boite deratisation Sanitaire et douche zone de stockage,"Dératisation, désinsectisation et déreptilisation","Dératisation, désinsectisation et déreptilisation",PPR,PPR01,PPR,preventive,0,1,1
9430,Boite deratisation Sanitaire quai 4,"Dératisation, désinsectisation et déreptilisation","Dératisation, désinsectisation et déreptilisation",PPR,PPR01,Poste N4,preventive,0,1,1
9431,Boite deratisation Poste_Gate 3,"Dératisation, désinsectisation et déreptilisation","Dératisation, désinsectisation et déreptilisation",PPR,GATE3,GATE3,preventive,0,1,1
9432,Boite deratisation Poste1_PTPR4,"Dératisation, désinsectisation et déreptilisation","Dératisation, désinsectisation et déreptilisation",PPR,PPR01,Poste1_PTPR4,preventive,0,1,1
9433,Boite deratisation Poste_PTPR3,"Dératisation, désinsectisation et déreptilisation","Dératisation, désinsectisation et déreptilisation",PPR,PPR01,Poste_PTPR3,preventive,0,1,1
9434,Boite deratisation Poste_PTPR2,"Dératisation, désinsectisation et déreptilisation","Dératisation, désinsectisation et déreptilisation",PPR,PPR01,Poste_PTPR2,preventive,0,1,1
9435,Boite deratisation Poste_PTPR1,"Dératisation, désinsectisation et déreptilisation","Dératisation, désinsectisation et déreptilisation",PPR,PPR01,Poste_PTPR1,preventive,0,1,1
9436,Boite deratisation Poste_PRG3,"Dératisation, désinsectisation et déreptilisation","Dératisation, désinsectisation et déreptilisation",PPR,GATE2,GATE2,preventive,0,1,1
9437,Boite deratisation Poste_ANCIEN-GAREMARITIME-LT4,"Dératisation, désinsectisation et déreptilisation","Dératisation, désinsectisation et déreptilisation",PPR,GATE2,GATE2,preventive,0,1,1
9438,Boite deratisation Secteur 2,"Dératisation, désinsectisation et déreptilisation","Dératisation, désinsectisation et déreptilisation",TM1,TMPC01,TMPC,preventive,0,1,1
9439,Boite deratisation Secteur 1,"Dératisation, désinsectisation et déreptilisation","Dératisation, désinsectisation et déreptilisation",TM1,TMPC01,TMPC,preventive,0,1,1
9440,Boite deratisation Secteur 3,"Dératisation, désinsectisation et déreptilisation","Dératisation, désinsectisation et déreptilisation",TM1,TMPC01,TMPC,preventive,0,1,1
9441,Boite deratisation Secteur 4,"Dératisation, désinsectisation et déreptilisation","Dératisation, désinsectisation et déreptilisation",TM1,TMPC01,TMPC,preventive,0,1,1
9442,Boite deratisation Secteur 5,"Dératisation, désinsectisation et déreptilisation","Dératisation, désinsectisation et déreptilisation",TM1,TMPC01,TMPC,preventive,0,1,1
9443,Boite deratisation Secteur 6,"Dératisation, désinsectisation et déreptilisation","Dératisation, désinsectisation et déreptilisation",TM1,TMPC01,TMPC,preventive,0,1,1
9444,Boite deratisation Secteur 7,"Dératisation, désinsectisation et déreptilisation","Dératisation, désinsectisation et déreptilisation",TM1,TMPC01,TMPC,preventive,0,1,1
9445,Boite deratisation Secteur 8,"Dératisation, désinsectisation et déreptilisation","Dératisation, désinsectisation et déreptilisation",TM1,TMPC01,TMPC,preventive,0,1,1
9446,Boite deratisation Sas Export PNG,"Dératisation, désinsectisation et déreptilisation","Dératisation, désinsectisation et déreptilisation",TM1,SAS EXPORT,SAS EXPORT,preventive,0,1,1
9447,Boite deratisation Secteur 9,"Dératisation, désinsectisation et déreptilisation","Dératisation, désinsectisation et déreptilisation",TM1,TMPC01,TMPC,preventive,0,1,1
9448,Boite deratisation Batiment 8-F,"Dératisation, désinsectisation et déreptilisation","Dératisation, désinsectisation et déreptilisation",TM1,SAS EXPORT,Batiment 8-F,preventive,0,1,1
9449,Boite deratisation VTS,"Dératisation, désinsectisation et déreptilisation","Dératisation, désinsectisation et déreptilisation",TM1,ZEXT01,VTS,preventive,0,1,1
9450,Boite deratisation Batiment 3-C,"Dératisation, désinsectisation et déreptilisation","Dératisation, désinsectisation et déreptilisation",TM1,SAS EXPORT,Batiment 3-C,preventive,0,1,1
9451,Boite deratisation Batiment 4-G,"Dératisation, désinsectisation et déreptilisation","Dératisation, désinsectisation et déreptilisation",TM1,SAS EXPORT,Batiment 4-G,preventive,0,1,1
9452,Boite deratisation Batiment 7-H,"Dératisation, désinsectisation et déreptilisation","Dératisation, désinsectisation et déreptilisation",TM1,SAS EXPORT,Batiment 7-H,preventive,0,1,1
9453,Boite deratisation ZVC,"Dératisation, désinsectisation et déreptilisation","Dératisation, désinsectisation et déreptilisation",TM1,TM01,ZVIC,preventive,0,1,1
9454,Boite deratisation Batiment 1-A,"Dératisation, désinsectisation et déreptilisation","Dératisation, désinsectisation et déreptilisation",TM1,SAS EXPORT,Batiment 1-A,preventive,0,1,1
9455,Boite deratisation Batiment 2-B,"Dératisation, désinsectisation et déreptilisation","Dératisation, désinsectisation et déreptilisation",TM1,SAS EXPORT,Batiment 2-B,preventive,0,1,1
9456,Boite deratisation PNG Sas Import,"Dératisation, désinsectisation et déreptilisation","Dératisation, désinsectisation et déreptilisation",TM1,SAS IMPORT,Sas Import,preventive,0,1,1
9457,Boite deratisation Zone Fourgons Guerite,"Dératisation, désinsectisation et déreptilisation","Dératisation, désinsectisation et déreptilisation",PPR,PPR01,PPR,preventive,0,1,1
9458,Boite deratisation Gare Maritime TMPC,"Dératisation, désinsectisation et déreptilisation","Dératisation, désinsectisation et déreptilisation",TM1,TMPC01,TMPC,preventive,0,1,1
9459,Boite deratisation Zone Fourgons Ombrages,"Dératisation, désinsectisation et déreptilisation","Dératisation, désinsectisation et déreptilisation",PPR,PPR01,PPR,preventive,0,1,1
9460,Boite deratisation Aubettes import,"Dératisation, désinsectisation et déreptilisation","Dératisation, désinsectisation et déreptilisation",TM1,SAS IMPORT,Sas Import,preventive,0,1,1
9461,Boite deratisation Scanner Sas Import,"Dératisation, désinsectisation et déreptilisation","Dératisation, désinsectisation et déreptilisation",TM1,SAS IMPORT,Sas Import,preventive,0,1,1
9462,Boite deratisation Aubettes import ancien export,"Dératisation, désinsectisation et déreptilisation","Dératisation, désinsectisation et déreptilisation",TM1,SAS IMPORT,Sas Import,preventive,0,1,1
9463,Boite deratisation Sanitaire Sas Import,"Dératisation, désinsectisation et déreptilisation","Dératisation, désinsectisation et déreptilisation",TM1,SAS IMPORT,Sas Import,preventive,0,1,1
9464,Boite deratisation Zone Fourgons Sanitaires,"Dératisation, désinsectisation et déreptilisation","Dératisation, désinsectisation et déreptilisation",PPR,PPR01,PPR,preventive,0,1,1
9465,Boite deratisation Zone Fourgons Bungalow,"Dératisation, désinsectisation et déreptilisation","Dératisation, désinsectisation et déreptilisation",PPR,PPR01,PPR,preventive,0,1,1
9466,Boite deratisation Batiment Douane,"Dératisation, désinsectisation et déreptilisation","Dératisation, désinsectisation et déreptilisation",TM1,SAS IMPORT,Sas Import,preventive,0,1,1
9467,Boite deratisation Salles banalisees,"Dératisation, désinsectisation et déreptilisation","Dératisation, désinsectisation et déreptilisation",TM1,SAS IMPORT,Sas Import,preventive,0,1,1
9468,Boite deratisation Batiment BP et Douane,"Dératisation, désinsectisation et déreptilisation","Dératisation, désinsectisation et déreptilisation",TM1,SAS IMPORT,Sas Import,preventive,0,1,1
9469,Boite deratisation Douane - extension sas,"Dératisation, désinsectisation et déreptilisation","Dératisation, désinsectisation et déreptilisation",TM1,SAS IMPORT,Sas Import,preventive,0,1,1
9470,Boite deratisation Batiment SDFM - extension sas,"Dératisation, désinsectisation et déreptilisation","Dératisation, désinsectisation et déreptilisation",TM1,SAS IMPORT,Sas Import,preventive,0,1,1
9471,Boite deratisation Sanitaires - Parking L,"Dératisation, désinsectisation et déreptilisation","Dératisation, désinsectisation et déreptilisation",TM1,SAS IMPORT,Parking L,preventive,0,1,1
9472,Boite deratisation Batiment PIF,"Dératisation, désinsectisation et déreptilisation","Dératisation, désinsectisation et déreptilisation",TM1,SAS IMPORT,Batiement PIF,preventive,0,1,1
9473,Boite deratisation Sanitaire 2 Sas Import,"Dératisation, désinsectisation et déreptilisation","Dératisation, désinsectisation et déreptilisation",TM1,SAS IMPORT,Sas Import,preventive,0,1,1
9474,Boite deratisation Batiment 5-D,"Dératisation, désinsectisation et déreptilisation","Dératisation, désinsectisation et déreptilisation",TM1,SAS EXPORT,Batiment 5-D,preventive,0,1,1
9475,Boite deratisation Batiment 6-E,"Dératisation, désinsectisation et déreptilisation","Dératisation, désinsectisation et déreptilisation",TM1,SAS EXPORT,Batiment 6-E,preventive,0,1,1
9476,Boite deratisation Dalle centrale,"Dératisation, désinsectisation et déreptilisation","Dératisation, désinsectisation et déreptilisation",TM1,SAS IMPORT,Dalle centrale,preventive,0,1,1
9477,Boite deratisation Sortie export,"Dératisation, désinsectisation et déreptilisation","Dératisation, désinsectisation et déreptilisation",TM1,SAS EXPORT,SAS EXPORT,preventive,0,1,1
9478,Boite deratisation (TGBT LIO 2),"Dératisation, désinsectisation et déreptilisation","Dératisation, désinsectisation et déreptilisation",TM1,TM01,LIO 2,preventive,0,1,1
9479,Boite deratisation PTEC1,"Dératisation, désinsectisation et déreptilisation","Dératisation, désinsectisation et déreptilisation",TM1,TM01,PTEC1,preventive,0,1,1
9480,Boite deratisation CTI OUEST,"Dératisation, désinsectisation et déreptilisation","Dératisation, désinsectisation et déreptilisation",TM1,TM01,TMPC,preventive,0,1,1
9481,Boite deratisation CTI EST,"Dératisation, désinsectisation et déreptilisation","Dératisation, désinsectisation et déreptilisation",TM1,TM01,TMPC,preventive,0,1,1
9482,Boite deratisation PRG1,"Dératisation, désinsectisation et déreptilisation","Dératisation, désinsectisation et déreptilisation",TM1,TM01,PRG1,preventive,0,1,1
9483,Boite deratisation DATACENTER,"Dératisation, désinsectisation et déreptilisation","Dératisation, désinsectisation et déreptilisation",TM1,TM01,Data Center,preventive,0,1,1
9484,Boite deratisation LIO EST,"Dératisation, désinsectisation et déreptilisation","Dératisation, désinsectisation et déreptilisation",TM1,TM01,LIO EST,preventive,0,1,1
9485,Boite deratisation Belveder,"Dératisation, désinsectisation et déreptilisation","Dératisation, désinsectisation et déreptilisation",TM1,TMPC01,BELVEDERE,preventive,0,1,1
9486,Boite deratisation PTC2,"Dératisation, désinsectisation et déreptilisation","Dératisation, désinsectisation et déreptilisation",TM1,TM01,PTC2,preventive,0,1,1
9487,Boite deratisation PTC 3,"Dératisation, désinsectisation et déreptilisation","Dératisation, désinsectisation et déreptilisation",TM1,TM01,PTC3,preventive,0,1,1
9488,Boite deratisation TMSA,"Dératisation, désinsectisation et déreptilisation","Dératisation, désinsectisation et déreptilisation",TM1,ZEXT01,Club TM,preventive,0,1,1
9489,Boite deratisation CAPITAINERIE,"Dératisation, désinsectisation et déreptilisation","Dératisation, désinsectisation et déreptilisation",TM1,ZEXT01,VTS,preventive,0,1,1
9490,Boite deratisation Poste_PTR2,"Dératisation, désinsectisation et déreptilisation","Dératisation, désinsectisation et déreptilisation",TM1,TM01,Poste_PTR2,preventive,0,1,1
9491,Boite deratisation Poste-AFRIQUIA,"Dératisation, désinsectisation et déreptilisation","Dératisation, désinsectisation et déreptilisation",TM1,TM01,Poste-AFRIQUIA,preventive,0,1,1
9492,Boite deratisation Poste2_SAS-IMPORT,"Dératisation, désinsectisation et déreptilisation","Dératisation, désinsectisation et déreptilisation",TM1,SAS IMPORT,Poste2_Sas Import,preventive,0,1,1
9493,Boite deratisation Poste1_SAS_IMPORT,"Dératisation, désinsectisation et déreptilisation","Dératisation, désinsectisation et déreptilisation",TM1,SAS IMPORT,Poste1_Sas Import,preventive,0,1,1
9494,Boite deratisation Poste1_QS,"Dératisation, désinsectisation et déreptilisation","Dératisation, désinsectisation et déreptilisation",TM1,TM01,Poste1_QS,preventive,0,1,1
9495,Boite deratisation Poste1_SasEXPORT,"Dératisation, désinsectisation et déreptilisation","Dératisation, désinsectisation et déreptilisation",TM1,SAS EXPORT,Poste1_Sas Export,preventive,0,1,1
9496,Boite deratisation Poste2_SasEXPORT,"Dératisation, désinsectisation et déreptilisation","Dératisation, désinsectisation et déreptilisation",TM1,SAS EXPORT,Poste2_Sas Export,preventive,0,1,1
9497,Boite deratisation piscine CTM,"Dératisation, désinsectisation et déreptilisation","Dératisation, désinsectisation et déreptilisation",TM1,ZEXT01,Club TM,preventive,0,1,1
9498,Boite deratisation Parking renault,"Dératisation, désinsectisation et déreptilisation","Dératisation, désinsectisation et déreptilisation",TM1,TM01,TVCU,preventive,0,1,1
9499,Boite deratisation Gendarmerie,"Dératisation, désinsectisation et déreptilisation","Dératisation, désinsectisation et déreptilisation",TM2,TM02,BO Gendarmerie ,preventive,0,1,1
9500,Boite deratisation Safety brigade,"Dératisation, désinsectisation et déreptilisation","Dératisation, désinsectisation et déreptilisation",TM2,TM02,Safety Brigade,preventive,0,1,1
9501,Boite deratisation PNG,"Dératisation, désinsectisation et déreptilisation","Dératisation, désinsectisation et déreptilisation",TM2,TM02,PNG,preventive,0,1,1
9502,Boite deratisation (DataCenter TM2 LIO 3),"Dératisation, désinsectisation et déreptilisation","Dératisation, désinsectisation et déreptilisation",TM2,TM02,LIO 3 ,preventive,0,1,1
9503,Boite deratisation LT PNG TM2 LIO 3,"Dératisation, désinsectisation et déreptilisation","Dératisation, désinsectisation et déreptilisation",TM2,TM02,LIO 3 ,preventive,0,1,1
9504,Boite deratisation PTR3 TM2,"Dératisation, désinsectisation et déreptilisation","Dératisation, désinsectisation et déreptilisation",TM2,TM02,PTR3 TM2,preventive,0,1,1
9505,Boite deratisation PTR1 TM2,"Dératisation, désinsectisation et déreptilisation","Dératisation, désinsectisation et déreptilisation",TM2,TM02,PTR1 TM2,preventive,0,1,1
9506,Boite deratisation PTR2 TM2,"Dératisation, désinsectisation et déreptilisation","Dératisation, désinsectisation et déreptilisation",TM2,TM02,PTR2 TM2,preventive,0,1,1
9507,Boite deratisation Transformateur MT-BT1,"Dératisation, désinsectisation et déreptilisation","Dératisation, désinsectisation et déreptilisation",TM2,TM02,DPC MED2,preventive,0,1,1
9508,Boite deratisation Transformateur MT-BT 2,"Dératisation, désinsectisation et déreptilisation","Dératisation, désinsectisation et déreptilisation",TM2,TM02,DPC MED2,preventive,0,1,1
9509,Boite deratisation Transformateur MT-BT 3,"Dératisation, désinsectisation et déreptilisation","Dératisation, désinsectisation et déreptilisation",TM2,TM02,DPC MED2,preventive,0,1,1
9510,Boite deratisation Transformateur MT-BT 4,"Dératisation, désinsectisation et déreptilisation","Dératisation, désinsectisation et déreptilisation",TM2,TM02,DPC PPR,preventive,0,1,1
9511,Boite deratisation Poste_PRG4,"Dératisation, désinsectisation et déreptilisation","Dératisation, désinsectisation et déreptilisation",TM2,TM02,Poste_PRG4,preventive,0,1,1
9512,Boite dératisation Parking TM2,"Dératisation, désinsectisation et déreptilisation","Dératisation, désinsectisation et déreptilisation",TM2,TM02,PNG,preventive,0,1,1
9513,Boite deratisation Voie périphérique TM2,"Dératisation, désinsectisation et déreptilisation","Dératisation, désinsectisation et déreptilisation",TM2,TM02,Voie périphérique TM2 ,preventive,0,1,1
9514,Boite deratisation Voie périphérique TM1,"Dératisation, désinsectisation et déreptilisation","Dératisation, désinsectisation et déreptilisation",TM1,TM01,Voie périphérique TM1,preventive,0,1,1
9515,Boite deratisation Voie périphérique PPR,"Dératisation, désinsectisation et déreptilisation","Dératisation, désinsectisation et déreptilisation",PPR,PPR01,Voie périphérique PPR,preventive,0,1,1
9516,Boite deratisation Parking PPR,"Dératisation, désinsectisation et déreptilisation","Dératisation, désinsectisation et déreptilisation",PPR,PPR01,Parking PPR,preventive,0,1,1
9517,Boite deratisation Parking MEDHUB,"Dératisation, désinsectisation et déreptilisation","Dératisation, désinsectisation et déreptilisation",MEDHUB,ZFL01,Parking MEDHUB,preventive,0,1,1
9518,Boite deratisation Espace vert TM2,"Dératisation, désinsectisation et déreptilisation","Dératisation, désinsectisation et déreptilisation",TM2,TM02,Espace vert TM2,preventive,0,1,1
9519,Boite deratisation Espace vert PPR,"Dératisation, désinsectisation et déreptilisation","Dératisation, désinsectisation et déreptilisation",PPR,PPR01,Espace vert PPR,preventive,0,1,1
9520,Boite deratisation Espace vert TM1,"Dératisation, désinsectisation et déreptilisation","Dératisation, désinsectisation et déreptilisation",TM1,TM01,Espace vert TM1,preventive,0,1,1
9521,Boite deratisation Canal TM1,"Dératisation, désinsectisation et déreptilisation","Dératisation, désinsectisation et déreptilisation",TM1,TM01,Canal TM1,preventive,0,1,1
9522,Boite deratisation regard TM2,"Dératisation, désinsectisation et déreptilisation","Dératisation, désinsectisation et déreptilisation",TM2,TM02,Regard MT,preventive,0,1,1
9523,Boite deratisation regard PPR,"Dératisation, désinsectisation et déreptilisation","Dératisation, désinsectisation et déreptilisation",PPR,PPR01,Regard MT,preventive,0,1,1
9524,Boite deratisation regard TM1,"Dératisation, désinsectisation et déreptilisation","Dératisation, désinsectisation et déreptilisation",TM1,TM01,Regard MT,preventive,0,1,1
9525,Boite deratisation regard MEDHUB,"Dératisation, désinsectisation et déreptilisation","Dératisation, désinsectisation et déreptilisation",MEDHUB,ZFL01,Regard MT,preventive,0,1,1
9526,Eclairage extérieur VTS,Equipement Electrique,Eclairage extérieur,TM1,ZEXT01,VTS,"corrective, preventive",1,1,2
9593,Centrale incendie Safety brigade,Equipement de protection contre incendie,Centrale de détection d'incendie,TM1,TM01,Safety Brigade,preventive,0,1,1
9594,Borne d'alimentation 1 ,Equipement Electrique,Borne d'alimentation électrique,TM2,TM02,Quai flottent N1,corrective,1,0,1
9595,Borne d'alimentation 2,Equipement Electrique,Borne d'alimentation électrique,TM2,TM02,Quai flottent N1,corrective,1,0,1
9596,Borne d'alimentation 3,Equipement Electrique,Borne d'alimentation électrique,TM2,TM02,Quai flottent N1,corrective,2,0,2
9597,Borne d'alimentation 4,Equipement Electrique,Borne d'alimentation électrique,TM2,TM02,Quai flottent N1,corrective,2,0,2
9602,Eclairage extérieur Batiment 4,Equipement Electrique,Eclairage extérieur,TM1,SAS EXPORT,Batiment 4-G,"corrective, preventive",2,1,3
9603,Eclairage extérieur batiment 8,Equipement Electrique,Eclairage extérieur,TM1,SAS EXPORT,Batiment 8-F,preventive,0,1,1
9604,Feu d'extrémité musoir 2,Equipement de balisage maritime,Feu d'extrémité,TM2,TM02,Feu d'extrémité,preventive,0,1,1
9608,Borne d'alimentation 4,Equipement Electrique,Borne d'alimentation électrique,TM1,TM01,Quai de service ,corrective,1,0,1
9616,Boite deratisation Entrepot 61,"Dératisation, désinsectisation et déreptilisation","Dératisation, désinsectisation et déreptilisation",MEDHUB,ZFL01,Entrepôt 61,preventive,0,1,1
9617,Désenfumage1 Batiment 4,Equipement de protection contre incendie,Désenfumage,TM1,SAS EXPORT,Batiment 4-G,corrective,1,0,1
9627,Centrale incendie Bâtiment opérationel,Equipement de protection contre incendie,Centrale de détection d'incendie,PPR,PPR01,Batiment opérationnel 1 ,"corrective, preventive",1,1,2
9628,Centrale incendie Ombragé 4 Local.T Gâte 3 ,Equipement de protection contre incendie,Centrale de détection d'incendie,PPR,GATE3,GATE3,preventive,0,1,1
9630,Centrale incendie Nouveaux Bureaux Gâte 3,Equipement de protection contre incendie,Centrale de détection d'incendie,PPR,GATE3,GATE3,"corrective, preventive",1,1,2
9631,Centrale détection incendie Batiment 7-H,Equipement de protection contre incendie,Centrale de détection d'incendie,TM1,SAS EXPORT,Batiment 7-H,"corrective, preventive",2,1,3
9641,RIA 60-70,Equipement de protection contre incendie,Système RIA,MEDHUB,ZFL01,Entrepôt 70,"corrective, preventive",1,1,2
9642,RIA 80-90,Equipement de protection contre incendie,Système RIA,MEDHUB,ZFL01,Entrepôt 90,preventive,0,1,1
9643,RIA 100,Equipement de protection contre incendie,Système RIA,MEDHUB,ZFL01,Entrepôt 100,preventive,0,1,1
9644,RIA 110,Equipement de protection contre incendie,Système RIA,MEDHUB,ZFL01,Entrepôt 110,preventive,0,1,1
9645,RIA 120,Equipement de protection contre incendie,Système RIA,MEDHUB,ZFL01,Entrepôt 120,preventive,0,1,1
9646,RIA 61-71,Equipement de protection contre incendie,Système RIA,MEDHUB,ZFL01,Entrepôt 71,preventive,0,1,1
9647,RIA 81a,Equipement de protection contre incendie,Système RIA,MEDHUB,ZFL01,Entrepôt 81a,preventive,0,1,1
9648,RIA 42,Equipement de protection contre incendie,Système RIA,MEDHUB,ZFL02,Entrepôt 42,preventive,0,1,1
9649,RIA 52,Equipement de protection contre incendie,Système RIA,MEDHUB,ZFL02,Entrepôt 52,preventive,0,1,1
9650,RIA 62,Equipement de protection contre incendie,Système RIA,MEDHUB,ZFL02,Entrepôt 62,preventive,0,1,1
9651,RIA 72,Equipement de protection contre incendie,Système RIA,MEDHUB,ZFL02,Entrepôt 72,preventive,0,1,1
9652,RIA 82,Equipement de protection contre incendie,Système RIA,MEDHUB,ZFL02,Entrepôt 82,preventive,0,1,1
9653,RIA 92,Equipement de protection contre incendie,Système RIA,MEDHUB,ZFL02,Entrepôt 92,preventive,0,1,1
9654,RIA 102,Equipement de protection contre incendie,Système RIA,MEDHUB,ZFL02,Entrepôt 102,preventive,0,1,1
9657,Porte coupe feu 6 lot 102,Equipement de protection contre incendie,Porte coupe feu,MEDHUB,ZFL02,Entrepôt 102,preventive,0,1,1
9658,Porte coupe feu 6 lot 62,Equipement de protection contre incendie,Porte coupe feu,MEDHUB,ZFL02,Entrepôt 62,preventive,0,1,1
9659,Porte coupe feu 6 lot 72,Equipement de protection contre incendie,Porte coupe feu,MEDHUB,ZFL02,Entrepôt 72,preventive,0,1,1
9660,Porte coupe feu 6 lot 82,Equipement de protection contre incendie,Porte coupe feu,MEDHUB,ZFL02,Entrepôt 82,preventive,0,1,1
9661,Porte coupe feu 6 lot 92,Equipement de protection contre incendie,Porte coupe feu,MEDHUB,ZFL02,Entrepôt 92,preventive,0,1,1
9662,Porte coupe feu 1 lot 102,Equipement de protection contre incendie,Porte coupe feu,MEDHUB,ZFL02,Entrepôt 102,preventive,0,1,1
9663,Porte coupe feu 1 lot 42,Equipement de protection contre incendie,Porte coupe feu,MEDHUB,ZFL02,Entrepôt 42,"corrective, preventive",1,1,2
9664,Porte coupe feu 1 lot 52,Equipement de protection contre incendie,Porte coupe feu,MEDHUB,ZFL02,Entrepôt 52,"corrective, preventive",2,1,3
9665,Porte coupe feu 1 lot 62,Equipement de protection contre incendie,Porte coupe feu,MEDHUB,ZFL02,Entrepôt 62,preventive,0,1,1
9666,Porte coupe feu 1 lot 72,Equipement de protection contre incendie,Porte coupe feu,MEDHUB,ZFL02,Entrepôt 72,preventive,0,1,1
9667,Porte coupe feu 1 lot 82,Equipement de protection contre incendie,Porte coupe feu,MEDHUB,ZFL02,Entrepôt 82,preventive,0,1,1
9668,Porte coupe feu 1 lot 92,Equipement de protection contre incendie,Porte coupe feu,MEDHUB,ZFL02,Entrepôt 92,preventive,0,1,1
9669,Porte coupe feu 2 lot 102,Equipement de protection contre incendie,Porte coupe feu,MEDHUB,ZFL02,Entrepôt 102,preventive,0,1,1
9670,Porte coupe feu 2 lot 42,Equipement de protection contre incendie,Porte coupe feu,MEDHUB,ZFL02,Entrepôt 42,preventive,0,1,1
9671,Porte coupe feu 2 lot 52,Equipement de protection contre incendie,Porte coupe feu,MEDHUB,ZFL02,Entrepôt 52,preventive,0,1,1
9672,Porte coupe feu 2 lot 62,Equipement de protection contre incendie,Porte coupe feu,MEDHUB,ZFL02,Entrepôt 62,"corrective, preventive",1,1,2
9673,Porte coupe feu 2 lot 72,Equipement de protection contre incendie,Porte coupe feu,MEDHUB,ZFL02,Entrepôt 72,preventive,0,1,1
9674,Porte coupe feu 2 lot 82,Equipement de protection contre incendie,Porte coupe feu,MEDHUB,ZFL02,Entrepôt 82,preventive,0,1,1
9675,Porte coupe feu 2 lot 92,Equipement de protection contre incendie,Porte coupe feu,MEDHUB,ZFL02,Entrepôt 92,preventive,0,1,1
9676,Porte coupe feu 3 lot 102,Equipement de protection contre incendie,Porte coupe feu,MEDHUB,ZFL02,Entrepôt 102,preventive,0,1,1
9677,Porte coupe feu 3 lot 42,Equipement de protection contre incendie,Porte coupe feu,MEDHUB,ZFL02,Entrepôt 42,preventive,0,1,1
9678,Porte coupe feu 3 lot 52,Equipement de protection contre incendie,Porte coupe feu,MEDHUB,ZFL02,Entrepôt 52,preventive,0,1,1
9679,Porte coupe feu 3 lot 62,Equipement de protection contre incendie,Porte coupe feu,MEDHUB,ZFL02,Entrepôt 62,preventive,0,1,1
9680,Porte coupe feu 3 lot 72,Equipement de protection contre incendie,Porte coupe feu,MEDHUB,ZFL02,Entrepôt 72,preventive,0,1,1
9681,Porte coupe feu 3 lot 82,Equipement de protection contre incendie,Porte coupe feu,MEDHUB,ZFL02,Entrepôt 82,preventive,0,1,1
9682,Porte coupe feu 3 lot 92,Equipement de protection contre incendie,Porte coupe feu,MEDHUB,ZFL02,Entrepôt 92,preventive,0,1,1
9683,Porte coupe feu 4 lot 102,Equipement de protection contre incendie,Porte coupe feu,MEDHUB,ZFL02,Entrepôt 102,preventive,0,1,1
9684,Porte coupe feu 4 lot 42,Equipement de protection contre incendie,Porte coupe feu,MEDHUB,ZFL02,Entrepôt 42,preventive,0,1,1
9685,Porte coupe feu 4 lot 52,Equipement de protection contre incendie,Porte coupe feu,MEDHUB,ZFL02,Entrepôt 52,preventive,0,1,1
9686,Porte coupe feu 4 lot 62,Equipement de protection contre incendie,Porte coupe feu,MEDHUB,ZFL02,Entrepôt 62,preventive,0,1,1
9687,Porte coupe feu 4 lot 72,Equipement de protection contre incendie,Porte coupe feu,MEDHUB,ZFL02,Entrepôt 72,preventive,0,1,1
9688,Porte coupe feu 4 lot 82,Equipement de protection contre incendie,Porte coupe feu,MEDHUB,ZFL02,Entrepôt 82,preventive,0,1,1
9689,Porte coupe feu 4 lot 92,Equipement de protection contre incendie,Porte coupe feu,MEDHUB,ZFL02,Entrepôt 92,preventive,0,1,1
9690,Porte coupe feu 5 lot 102,Equipement de protection contre incendie,Porte coupe feu,MEDHUB,ZFL02,Entrepôt 102,preventive,0,1,1
9691,Porte coupe feu 5 lot 42,Equipement de protection contre incendie,Porte coupe feu,MEDHUB,ZFL02,Entrepôt 42,preventive,0,1,1
9692,Porte coupe feu 5 lot 52,Equipement de protection contre incendie,Porte coupe feu,MEDHUB,ZFL02,Entrepôt 52,"corrective, preventive",1,1,2
9693,Porte coupe feu 5 lot 62,Equipement de protection contre incendie,Porte coupe feu,MEDHUB,ZFL02,Entrepôt 62,preventive,0,1,1
9694,Porte coupe feu 5 lot 72,Equipement de protection contre incendie,Porte coupe feu,MEDHUB,ZFL02,Entrepôt 72,preventive,0,1,1
9695,Porte coupe feu 5 lot 82,Equipement de protection contre incendie,Porte coupe feu,MEDHUB,ZFL02,Entrepôt 82,preventive,0,1,1
9696,Porte coupe feu 5 lot 92,Equipement de protection contre incendie,Porte coupe feu,MEDHUB,ZFL02,Entrepôt 92,preventive,0,1,1
9697,Porte coupe feu 6 lot 42,Equipement de protection contre incendie,Porte coupe feu,MEDHUB,ZFL02,Entrepôt 42,preventive,0,1,1
9698,Porte coupe feu 6 lot 52,Equipement de protection contre incendie,Porte coupe feu,MEDHUB,ZFL02,Entrepôt 52,preventive,0,1,1
9699,Porte coupe feu 7 lot 102,Equipement de protection contre incendie,Porte coupe feu,MEDHUB,ZFL02,Entrepôt 102,preventive,0,1,1
9700,Porte coupe feu 7 lot 42,Equipement de protection contre incendie,Porte coupe feu,MEDHUB,ZFL02,Entrepôt 42,preventive,0,1,1
9701,Porte coupe feu 7 lot 52,Equipement de protection contre incendie,Porte coupe feu,MEDHUB,ZFL02,Entrepôt 52,preventive,0,1,1
9702,Porte coupe feu 7 lot 62,Equipement de protection contre incendie,Porte coupe feu,MEDHUB,ZFL02,Entrepôt 62,preventive,0,1,1
9703,Porte coupe feu 7 lot 72,Equipement de protection contre incendie,Porte coupe feu,MEDHUB,ZFL02,Entrepôt 72,preventive,0,1,1
9704,Porte coupe feu 7 lot 82,Equipement de protection contre incendie,Porte coupe feu,MEDHUB,ZFL02,Entrepôt 82,preventive,0,1,1
9705,Porte coupe feu 7 lot 92,Equipement de protection contre incendie,Porte coupe feu,MEDHUB,ZFL02,Entrepôt 92,preventive,0,1,1
9706,Porte coupe feu 8 lot 102,Equipement de protection contre incendie,Porte coupe feu,MEDHUB,ZFL02,Entrepôt 102,preventive,0,1,1
9707,Porte coupe feu 8 lot 42,Equipement de protection contre incendie,Porte coupe feu,MEDHUB,ZFL02,Entrepôt 42,preventive,0,1,1
9708,Porte coupe feu 8 lot 52,Equipement de protection contre incendie,Porte coupe feu,MEDHUB,ZFL02,Entrepôt 52,preventive,0,1,1
9709,Porte coupe feu 8 lot 62,Equipement de protection contre incendie,Porte coupe feu,MEDHUB,ZFL02,Entrepôt 62,preventive,0,1,1
9710,Porte coupe feu 8 lot 72,Equipement de protection contre incendie,Porte coupe feu,MEDHUB,ZFL02,Entrepôt 72,"corrective, preventive",1,1,2
9711,Porte coupe feu 8 lot 82,Equipement de protection contre incendie,Porte coupe feu,MEDHUB,ZFL02,Entrepôt 82,preventive,0,1,1
9713,Porte coupe feu lot60,Equipement de protection contre incendie,Porte coupe feu,MEDHUB,ZFL01,Entrepôt 60,preventive,0,1,1
9714,Porte coupe feu lot70,Equipement de protection contre incendie,Porte coupe feu,MEDHUB,ZFL01,Entrepôt 70,"corrective, preventive",1,1,2
9715,Porte coupe feu lot80,Equipement de protection contre incendie,Porte coupe feu,MEDHUB,ZFL01,Entrepôt 80,preventive,0,1,1
9716,Porte coupe feu lot90,Equipement de protection contre incendie,Porte coupe feu,MEDHUB,ZFL01,Entrepôt 90,preventive,0,1,1
9717,Porte coupe feu 1 lot110,Equipement de protection contre incendie,Porte coupe feu,MEDHUB,ZFL01,Entrepôt 110,preventive,0,1,1
9718,Porte coupe feu 2 lot110,Equipement de protection contre incendie,Porte coupe feu,MEDHUB,ZFL01,Entrepôt 110,preventive,0,1,1
9719,Porte coupe feu 3 lot110,Equipement de protection contre incendie,Porte coupe feu,MEDHUB,ZFL01,Entrepôt 110,preventive,0,1,1
9720,Porte coupe feu 4 lot110,Equipement de protection contre incendie,Porte coupe feu,MEDHUB,ZFL01,Entrepôt 110,preventive,0,1,1
9721,Porte coupe feu 1 lot120,Equipement de protection contre incendie,Porte coupe feu,MEDHUB,ZFL01,Entrepôt 120,preventive,0,1,1
9722,Porte coupe feu 2 lot120,Equipement de protection contre incendie,Porte coupe feu,MEDHUB,ZFL01,Entrepôt 120,preventive,0,1,1
9723,Porte coupe feu 3 lot120,Equipement de protection contre incendie,Porte coupe feu,MEDHUB,ZFL01,Entrepôt 120,preventive,0,1,1
9724,Porte coupe feu 1 lot61,Equipement de protection contre incendie,Porte coupe feu,MEDHUB,ZFL01,Entrepôt 61,preventive,0,1,1
9725,Porte coupe feu 2 lot61,Equipement de protection contre incendie,Porte coupe feu,MEDHUB,ZFL01,Entrepôt 61,preventive,0,1,1
9726,Porte coupe feu 3 lot61,Equipement de protection contre incendie,Porte coupe feu,MEDHUB,ZFL01,Entrepôt 61,preventive,0,1,1
9727,Porte coupe feu 4 lot61,Equipement de protection contre incendie,Porte coupe feu,MEDHUB,ZFL01,Entrepôt 61,preventive,0,1,1
9728,Porte coupe feu 5 lot61,Equipement de protection contre incendie,Porte coupe feu,MEDHUB,ZFL01,Entrepôt 61,preventive,0,1,1
9729,Porte coupe feu 6 lot61,Equipement de protection contre incendie,Porte coupe feu,MEDHUB,ZFL01,Entrepôt 61,preventive,0,1,1
9730,Porte coupe feu 7 lot61,Equipement de protection contre incendie,Porte coupe feu,MEDHUB,ZFL01,Entrepôt 61,preventive,0,1,1
9731,Porte coupe feu 8 lot61,Equipement de protection contre incendie,Porte coupe feu,MEDHUB,ZFL01,Entrepôt 61,preventive,0,1,1
9732,Porte coupe feu 9 lot61,Equipement de protection contre incendie,Porte coupe feu,MEDHUB,ZFL01,Entrepôt 61,preventive,0,1,1
9733,Porte coupe feu 10 lot61,Equipement de protection contre incendie,Porte coupe feu,MEDHUB,ZFL01,Entrepôt 61,preventive,0,1,1
9734,Porte coupe feu 1 lot71,Equipement de protection contre incendie,Porte coupe feu,MEDHUB,ZFL01,Entrepôt 71,preventive,0,1,1
9735,Porte coupe feu 2 lot71,Equipement de protection contre incendie,Porte coupe feu,MEDHUB,ZFL01,Entrepôt 71,preventive,0,1,1
9736,Porte coupe feu 3 lot71,Equipement de protection contre incendie,Porte coupe feu,MEDHUB,ZFL01,Entrepôt 71,preventive,0,1,1
9737,Porte coupe feu 4 lot71,Equipement de protection contre incendie,Porte coupe feu,MEDHUB,ZFL01,Entrepôt 71,preventive,0,1,1
9738,Porte coupe feu 5 lot71,Equipement de protection contre incendie,Porte coupe feu,MEDHUB,ZFL01,Entrepôt 71,"corrective, preventive",1,1,2
9739,Porte coupe feu 6 lot71,Equipement de protection contre incendie,Porte coupe feu,MEDHUB,ZFL01,Entrepôt 71,preventive,0,1,1
9740,Porte coupe feu 1 lot81a,Equipement de protection contre incendie,Porte coupe feu,MEDHUB,ZFL01,Entrepôt 81a,preventive,0,1,1
9741,Porte coupe feu 2 lot81a,Equipement de protection contre incendie,Porte coupe feu,MEDHUB,ZFL01,Entrepôt 81a,preventive,0,1,1
9742,Porte coupe feu 3 lot81a,Equipement de protection contre incendie,Porte coupe feu,MEDHUB,ZFL01,Entrepôt 81a,preventive,0,1,1
9743,Porte coupe feu 4 lot81a,Equipement de protection contre incendie,Porte coupe feu,MEDHUB,ZFL01,Entrepôt 81a,preventive,0,1,1
9744,Porte coupe feu 8 lot81a,Equipement de protection contre incendie,Porte coupe feu,MEDHUB,ZFL01,Entrepôt 81a,preventive,0,1,1
9745,Porte coupe feu 5 lot81a,Equipement de protection contre incendie,Porte coupe feu,MEDHUB,ZFL01,Entrepôt 81a,preventive,0,1,1
9746,Porte coupe feu 6 lot81a,Equipement de protection contre incendie,Porte coupe feu,MEDHUB,ZFL01,Entrepôt 81a,preventive,0,1,1
9747,Porte coupe feu 7 lot81a,Equipement de protection contre incendie,Porte coupe feu,MEDHUB,ZFL01,Entrepôt 81a,preventive,0,1,1
9755,Centrale incendie LIO 1,Equipement de protection contre incendie,Centrale de détection d'incendie,TM1,ZEXT01,LIO 1,"corrective, preventive",1,1,2
9756,EEX 1-Ombragé 1 sas extension ,Equipement Electrique,Eclairage extérieur,TM1,SAS EXPORT,Sas Import,preventive,0,1,1
9757,EEX 2-Ombragé 1 sas extension ,Equipement Electrique,Eclairage extérieur,TM1,SAS EXPORT,Sas Import,preventive,0,1,1
9758,EEX 3-Ombragé 1 sas extension ,Equipement Electrique,Eclairage extérieur,TM1,SAS EXPORT,Sas Import,preventive,0,1,1
9759,EEX 4-Ombragé 1 sas extension ,Equipement Electrique,Eclairage extérieur,TM1,SAS EXPORT,Sas Import,preventive,0,1,1
9760,EEX 5-Ombragé 1 sas extension ,Equipement Electrique,Eclairage extérieur,TM1,SAS EXPORT,Sas Import,preventive,0,1,1
9761,EEX 6-Ombragé 1 sas extension ,Equipement Electrique,Eclairage extérieur,TM1,SAS EXPORT,Sas Import,preventive,0,1,1
9762,EEX 7-Ombragé 1 sas extension ,Equipement Electrique,Eclairage extérieur,TM1,SAS EXPORT,Sas Import,preventive,0,1,1
9763,EEX 8-Ombragé 1 sas extension ,Equipement Electrique,Eclairage extérieur,TM1,SAS EXPORT,Sas Import,preventive,0,1,1
9764,EEX 9-Ombragé 1 sas extension ,Equipement Electrique,Eclairage extérieur,TM1,SAS EXPORT,Sas Import,preventive,0,1,1
9765,EEX 10-Ombragé 1 sas extension ,Equipement Electrique,Eclairage extérieur,TM1,SAS EXPORT,Sas Import,preventive,0,1,1
9766,EEX 11-Ombragé 1 sas extension ,Equipement Electrique,Eclairage extérieur,TM1,SAS EXPORT,Sas Import,preventive,0,1,1
9767,EEX 12-Ombragé 1 sas extension ,Equipement Electrique,Eclairage extérieur,TM1,SAS EXPORT,Sas Import,preventive,0,1,1
9768,EEX 13-Ombragé 1 sas extension ,Equipement Electrique,Eclairage extérieur,TM1,SAS EXPORT,Sas Import,preventive,0,1,1
9769,EEX 14-Ombragé 1 sas extension ,Equipement Electrique,Eclairage extérieur,TM1,SAS EXPORT,Sas Import,preventive,0,1,1
9770,EEX 15-Ombragé 1 sas extension ,Equipement Electrique,Eclairage extérieur,TM1,SAS EXPORT,Sas Import,preventive,0,1,1
9771,EEX 16-Ombragé 1 sas extension ,Equipement Electrique,Eclairage extérieur,TM1,SAS EXPORT,Sas Import,preventive,0,1,1
9772,EEX 1-Batiment PIF,Equipement Electrique,Eclairage extérieur,TM1,SAS IMPORT,Batiment PIF,preventive,0,1,1
9773,EEX 2-Batiment PIF,Equipement Electrique,Eclairage extérieur,TM1,SAS IMPORT,Batiment PIF,preventive,0,1,1
9774,EEX 1-Ombragé 2 sas extension ,Equipement Electrique,Eclairage extérieur,TM1,SAS EXPORT,Sas Import,"corrective, preventive",1,1,2
9775,EEX 2-Ombragé 2 sas extension ,Equipement Electrique,Eclairage extérieur,TM1,SAS EXPORT,Sas Import,preventive,0,1,1
9776,EEX 3-Ombragé 2 sas extension ,Equipement Electrique,Eclairage extérieur,TM1,SAS EXPORT,Sas Import,preventive,0,1,1
9777,EEX 4-Ombragé 2 sas extension ,Equipement Electrique,Eclairage extérieur,TM1,SAS EXPORT,Sas Import,preventive,0,1,1
9778,EEX 5-Ombragé 2 sas extension ,Equipement Electrique,Eclairage extérieur,TM1,SAS EXPORT,Sas Import,preventive,0,1,1
9779,EEX 6-Ombragé 2 sas extension ,Equipement Electrique,Eclairage extérieur,TM1,SAS EXPORT,Sas Import,preventive,0,1,1
9780,EEX 7-Ombragé 2 sas extension ,Equipement Electrique,Eclairage extérieur,TM1,SAS EXPORT,Sas Import,preventive,0,1,1
9781,EEX 8-Ombragé 2 sas extension ,Equipement Electrique,Eclairage extérieur,TM1,SAS EXPORT,Sas Import,preventive,0,1,1
9782,EEX 9-Ombragé 2 sas extension ,Equipement Electrique,Eclairage extérieur,TM1,SAS EXPORT,Sas Import,preventive,0,1,1
9783,EEX 10-Ombragé 2 sas extension ,Equipement Electrique,Eclairage extérieur,TM1,SAS EXPORT,Sas Import,preventive,0,1,1
9784,EEX 11-Ombragé 2 sas extension ,Equipement Electrique,Eclairage extérieur,TM1,SAS EXPORT,Sas Import,preventive,0,1,1
9785,EEX 12-Ombragé 2 sas extension ,Equipement Electrique,Eclairage extérieur,TM1,SAS EXPORT,Sas Import,preventive,0,1,1
9786,EEX 13-Ombragé 2 sas extension ,Equipement Electrique,Eclairage extérieur,TM1,SAS EXPORT,Sas Import,preventive,0,1,1
9787,EEX 14-Ombragé 2 sas extension ,Equipement Electrique,Eclairage extérieur,TM1,SAS EXPORT,Sas Import,preventive,0,1,1
9788,EEX 15-Ombragé 2 sas extension ,Equipement Electrique,Eclairage extérieur,TM1,SAS EXPORT,Sas Import,preventive,0,1,1
9789,EEX 16-Ombragé 2 sas extension ,Equipement Electrique,Eclairage extérieur,TM1,SAS EXPORT,Sas Import,preventive,0,1,1
9790,EEX 17-Ombragé 2 sas extension ,Equipement Electrique,Eclairage extérieur,TM1,SAS EXPORT,Sas Import,preventive,0,1,1
9791,EEX 18-Ombragé 2 sas extension ,Equipement Electrique,Eclairage extérieur,TM1,SAS EXPORT,Sas Import,preventive,0,1,1
9792,EEX 19-Ombragé 2 sas extension ,Equipement Electrique,Eclairage extérieur,TM1,SAS EXPORT,Sas Import,preventive,0,1,1
9793,EEX 20-Ombragé 2 sas extension ,Equipement Electrique,Eclairage extérieur,TM1,SAS EXPORT,Sas Import,preventive,0,1,1
9829,Feu d'alignement postérieur-nuit,Equipement de balisage maritime,Feu d'alignement,TM1,TM01,Feu d'alignement,corrective,1,0,1
9831,Pont Bascule 2 60T SasExport,"Equipement de sécurité, contôle et exploitation",Pont bascule,TM1,SAS EXPORT,SAS EXPORT,preventive,0,1,1
9832,Centrale incendie Bâtiment fondation,Equipement de protection contre incendie,Centrale de détection d'incendie,PPR,PPR01,Bâtiment fondation,corrective,2,0,2
15933,Tronçon 15,Ouvrages hydrauliques,Ouvrage hydraulique,TM2,TM02,OHydr4,corrective,1,0,1
15964,Pont dalots 16,Ouvrages d'arts,Pont dalots,TM1,TM01,Pont dalots 16,preventive,0,1,1
15965,Pont dalots 15,Ouvrages d'arts,Pont dalots,TM1,TM01,Pont dalots 15,preventive,0,1,1
15966,Pont dalots 17,Ouvrages d'arts,Pont dalots,TM1,TM01,Pont dalots 17,preventive,0,1,1
15967,Pont à poutre 18,Ouvrages d'arts,Pont à poutre,TM1,TM01,Pont à poutre 18,preventive,0,1,1
16007,Tronçon 8,Ouvrages de chargement et déchargement,Quai à conteneurs,TM1,TM01,Terminal à conteneurs 2 (TC2),corrective,1,0,1
16013,Tronçon 14,Ouvrages de chargement et déchargement,Quai à conteneurs,TM1,TM01,Terminal à conteneurs 2 (TC2),corrective,1,0,1
17112,Bollard D 01 - 150T,Ouvrages d'amarrage et d'accostage,Bollard,PPR,PPR01,Poste N1,preventive,0,1,1
17113,Bollard D 02 - 150T,Ouvrages d'amarrage et d'accostage,Bollard,PPR,PPR01,Poste N1,preventive,0,1,1
17114,Bollard 01 - 150T,Ouvrages d'amarrage et d'accostage,Bollard,PPR,PPR01,Poste N1,preventive,0,1,1
17115,Bollard 02 - 150T,Ouvrages d'amarrage et d'accostage,Bollard,PPR,PPR01,Poste N1,preventive,0,1,1
17116,Bollard 03 - 150T,Ouvrages d'amarrage et d'accostage,Bollard,PPR,PPR01,Poste N1,preventive,0,1,1
17117,Bollard 04 - 150T,Ouvrages d'amarrage et d'accostage,Bollard,PPR,PPR01,Poste N1,preventive,0,1,1
17118,Bollard 05 - 150T,Ouvrages d'amarrage et d'accostage,Bollard,PPR,PPR01,Poste N1,preventive,0,1,1
17119,Bollard 06 - 150T,Ouvrages d'amarrage et d'accostage,Bollard,PPR,PPR01,Poste N1,preventive,0,1,1
17120,Bollard 07 - 150T,Ouvrages d'amarrage et d'accostage,Bollard,PPR,PPR01,Poste N1,preventive,0,1,1
17121,Bollard 08 - 150T,Ouvrages d'amarrage et d'accostage,Bollard,PPR,PPR01,Poste N1,preventive,0,1,1
17122,Bollard 09 - 150T,Ouvrages d'amarrage et d'accostage,Bollard,PPR,PPR01,Poste N1,preventive,0,1,1
17123,Bollard 10 - 150T,Ouvrages d'amarrage et d'accostage,Bollard,PPR,PPR01,Poste N1,preventive,0,1,1
17124,Bollard 11 - 150T,Ouvrages d'amarrage et d'accostage,Bollard,PPR,PPR01,Poste N1,preventive,0,1,1
17125,Bollard D 01 - 150T,Ouvrages d'amarrage et d'accostage,Bollard,PPR,PPR01,Poste N3,preventive,0,1,1
17126,Bollard D 02 - 150T,Ouvrages d'amarrage et d'accostage,Bollard,PPR,PPR01,Poste N3,preventive,0,1,1
17127,Bollard 01 - 150T,Ouvrages d'amarrage et d'accostage,Bollard,PPR,PPR01,Poste N3,preventive,0,1,1
17128,Bollard 02 - 150T,Ouvrages d'amarrage et d'accostage,Bollard,PPR,PPR01,Poste N3,preventive,0,1,1
17129,Bollard 03 - 150T,Ouvrages d'amarrage et d'accostage,Bollard,PPR,PPR01,Poste N3,preventive,0,1,1
17130,Bollard 04 - 150T,Ouvrages d'amarrage et d'accostage,Bollard,PPR,PPR01,Poste N3,preventive,0,1,1
17131,Bollard 05 - 150T,Ouvrages d'amarrage et d'accostage,Bollard,PPR,PPR01,Poste N3,preventive,0,1,1
17132,Bollard 06 - 150T,Ouvrages d'amarrage et d'accostage,Bollard,PPR,PPR01,Poste N3,preventive,0,1,1
17133,Bollard 07 - 150T,Ouvrages d'amarrage et d'accostage,Bollard,PPR,PPR01,Poste N3,preventive,0,1,1
17134,Bollard 08 - 150T,Ouvrages d'amarrage et d'accostage,Bollard,PPR,PPR01,Poste N3,preventive,0,1,1
17135,Bollard 09 - 150T,Ouvrages d'amarrage et d'accostage,Bollard,PPR,PPR01,Poste N3,"corrective, preventive",1,1,2
17136,Bollard  09 - 150T,Ouvrages d'amarrage et d'accostage,Bollard,PPR,PPR01,Poste N2,preventive,0,1,1
17137,Bollard  08 - 150T,Ouvrages d'amarrage et d'accostage,Bollard,PPR,PPR01,Poste N2,preventive,0,1,1
17138,Bollard  07 - 150T,Ouvrages d'amarrage et d'accostage,Bollard,PPR,PPR01,Poste N2,preventive,0,1,1
17139,Bollard  06 - 150T,Ouvrages d'amarrage et d'accostage,Bollard,PPR,PPR01,Poste N2,preventive,0,1,1
17140,Bollard  05 - 150T,Ouvrages d'amarrage et d'accostage,Bollard,PPR,PPR01,Poste N2,preventive,0,1,1
17141,Bollard  04 - 150T,Ouvrages d'amarrage et d'accostage,Bollard,PPR,PPR01,Poste N2,preventive,0,1,1
17142,Bollard  03 - 150T,Ouvrages d'amarrage et d'accostage,Bollard,PPR,PPR01,Poste N2,preventive,0,1,1
17143,Bollard  02 - 150T,Ouvrages d'amarrage et d'accostage,Bollard,PPR,PPR01,Poste N2,preventive,0,1,1
17144,Bollard  01 - 150T,Ouvrages d'amarrage et d'accostage,Bollard,PPR,PPR01,Poste N2,preventive,0,1,1
17145,Bollard D 02 - 150T,Ouvrages d'amarrage et d'accostage,Bollard,PPR,PPR01,Poste N2,preventive,0,1,1
17146,Bollard D 01 - 150T,Ouvrages d'amarrage et d'accostage,Bollard,PPR,PPR01,Poste N2,preventive,0,1,1
17147,Bollard D 01 - 150T,Ouvrages d'amarrage et d'accostage,Bollard,PPR,PPR01,Poste N4,preventive,0,1,1
17148,Bollard D 02 - 150T,Ouvrages d'amarrage et d'accostage,Bollard,PPR,PPR01,Poste N4,preventive,0,1,1
17149,Bollard 01 - 150T,Ouvrages d'amarrage et d'accostage,Bollard,PPR,PPR01,Poste N4,preventive,0,1,1
17150,Bollard 02 - 150T,Ouvrages d'amarrage et d'accostage,Bollard,PPR,PPR01,Poste N4,preventive,0,1,1
17151,Bollard 03 - 150T,Ouvrages d'amarrage et d'accostage,Bollard,PPR,PPR01,Poste N4,preventive,0,1,1
17152,Bollard 04 - 150T,Ouvrages d'amarrage et d'accostage,Bollard,PPR,PPR01,Poste N4,preventive,0,1,1
17153,Bollard 05 - 150T,Ouvrages d'amarrage et d'accostage,Bollard,PPR,PPR01,Poste N4,preventive,0,1,1
17154,Bollard 06 - 150T,Ouvrages d'amarrage et d'accostage,Bollard,PPR,PPR01,Poste N4,preventive,0,1,1
17155,Bollard 07 - 150T,Ouvrages d'amarrage et d'accostage,Bollard,PPR,PPR01,Poste N4,preventive,0,1,1
17156,Bollard 08 - 150T,Ouvrages d'amarrage et d'accostage,Bollard,PPR,PPR01,Poste N4,preventive,0,1,1
17157,Bollard 09 - 150T,Ouvrages d'amarrage et d'accostage,Bollard,PPR,PPR01,Poste N4,preventive,0,1,1
17158,Bollard 10 - 150T,Ouvrages d'amarrage et d'accostage,Bollard,PPR,PPR01,Poste N4,preventive,0,1,1
17159,Bollard 11 - 150T,Ouvrages d'amarrage et d'accostage,Bollard,PPR,PPR01,Poste N4,preventive,0,1,1
17160,Bollard  11 - 150T,Ouvrages d'amarrage et d'accostage,Bollard,PPR,PPR01,Poste N4,preventive,0,1,1
17161,Bollard  10 - 150T,Ouvrages d'amarrage et d'accostage,Bollard,PPR,PPR01,Poste N4,preventive,0,1,1
17162,Bollard  09 - 150T,Ouvrages d'amarrage et d'accostage,Bollard,PPR,PPR01,Poste N4,preventive,0,1,1
17163,Bollard  08 - 150T,Ouvrages d'amarrage et d'accostage,Bollard,PPR,PPR01,Poste N4,preventive,0,1,1
17164,Bollard  07 - 150T,Ouvrages d'amarrage et d'accostage,Bollard,PPR,PPR01,Poste N4,preventive,0,1,1
17165,Bollard  06 - 150T,Ouvrages d'amarrage et d'accostage,Bollard,PPR,PPR01,Poste N4,preventive,0,1,1
17166,Bollard  05 - 150T,Ouvrages d'amarrage et d'accostage,Bollard,PPR,PPR01,Poste N4,preventive,0,1,1
17167,Bollard  04 - 150T,Ouvrages d'amarrage et d'accostage,Bollard,PPR,PPR01,Poste N4,preventive,0,1,1
17168,Bollard  03 - 150T,Ouvrages d'amarrage et d'accostage,Bollard,PPR,PPR01,Poste N4,preventive,0,1,1
17169,Bollard  02 - 150T,Ouvrages d'amarrage et d'accostage,Bollard,PPR,PPR01,Poste N4,preventive,0,1,1
17170,Bollard  01 - 150T,Ouvrages d'amarrage et d'accostage,Bollard,PPR,PPR01,Poste N4,"corrective, preventive",1,1,2
17171,Bollard D 02 - 150T,Ouvrages d'amarrage et d'accostage,Bollard,PPR,PPR01,Poste N4,preventive,0,1,1
17172,Bollard D 01 - 150T,Ouvrages d'amarrage et d'accostage,Bollard,PPR,PPR01,Poste N4,preventive,0,1,1
17173,Bollard D 01 - 150T,Ouvrages d'amarrage et d'accostage,Bollard,PPR,PPR01,Poste N6,preventive,0,1,1
17174,Bollard D 02 - 150T,Ouvrages d'amarrage et d'accostage,Bollard,PPR,PPR01,Poste N6,preventive,0,1,1
17175,Bollard 01 - 150T,Ouvrages d'amarrage et d'accostage,Bollard,PPR,PPR01,Poste N6,preventive,0,1,1
17176,Bollard 02 - 150T,Ouvrages d'amarrage et d'accostage,Bollard,PPR,PPR01,Poste N6,preventive,0,1,1
17177,Bollard 03 - 150T,Ouvrages d'amarrage et d'accostage,Bollard,PPR,PPR01,Poste N6,preventive,0,1,1
17178,Bollard 04 - 150T,Ouvrages d'amarrage et d'accostage,Bollard,PPR,PPR01,Poste N6,preventive,0,1,1
17179,Bollard 05 - 150T,Ouvrages d'amarrage et d'accostage,Bollard,PPR,PPR01,Poste N6,preventive,0,1,1
17180,Bollard 06 - 150T,Ouvrages d'amarrage et d'accostage,Bollard,PPR,PPR01,Poste N6,preventive,0,1,1
17181,Bollard 07 - 150T,Ouvrages d'amarrage et d'accostage,Bollard,PPR,PPR01,Poste N6,preventive,0,1,1
17182,Bollard 08 - 150T,Ouvrages d'amarrage et d'accostage,Bollard,PPR,PPR01,Poste N6,preventive,0,1,1
17183,Bollard 09 - 150T,Ouvrages d'amarrage et d'accostage,Bollard,PPR,PPR01,Poste N6,preventive,0,1,1
17184,Bollard 10 - 150T,Ouvrages d'amarrage et d'accostage,Bollard,PPR,PPR01,Poste N6,preventive,0,1,1
17185,Bollard 11 - 150T,Ouvrages d'amarrage et d'accostage,Bollard,PPR,PPR01,Poste N6,preventive,0,1,1
17186,Bollard  11 - 150T,Ouvrages d'amarrage et d'accostage,Bollard,PPR,PPR01,Poste N6,preventive,0,1,1
17187,Bollard  10 - 150T,Ouvrages d'amarrage et d'accostage,Bollard,PPR,PPR01,Poste N6,preventive,0,1,1
17188,Bollard  09 - 150T,Ouvrages d'amarrage et d'accostage,Bollard,PPR,PPR01,Poste N6,preventive,0,1,1
17189,Bollard  08 - 150T,Ouvrages d'amarrage et d'accostage,Bollard,PPR,PPR01,Poste N6,preventive,0,1,1
17190,Bollard  07 - 150T,Ouvrages d'amarrage et d'accostage,Bollard,PPR,PPR01,Poste N6,preventive,0,1,1
17191,Bollard  06 - 150T,Ouvrages d'amarrage et d'accostage,Bollard,PPR,PPR01,Poste N6,preventive,0,1,1
17192,Bollard  05 - 150T,Ouvrages d'amarrage et d'accostage,Bollard,PPR,PPR01,Poste N6,preventive,0,1,1
17193,Bollard  04 - 150T,Ouvrages d'amarrage et d'accostage,Bollard,PPR,PPR01,Poste N6,preventive,0,1,1
17194,Bollard  03 - 150T,Ouvrages d'amarrage et d'accostage,Bollard,PPR,PPR01,Poste N6,preventive,0,1,1
17195,Bollard  02 - 150T,Ouvrages d'amarrage et d'accostage,Bollard,PPR,PPR01,Poste N6,preventive,0,1,1
17196,Bollard  01 - 150T,Ouvrages d'amarrage et d'accostage,Bollard,PPR,PPR01,Poste N6,preventive,0,1,1
17197,Bollard D 02 - 150T,Ouvrages d'amarrage et d'accostage,Bollard,PPR,PPR01,Poste N6,preventive,0,1,1
17198,Bollard D 01 - 150T,Ouvrages d'amarrage et d'accostage,Bollard,PPR,PPR01,Poste N6,preventive,0,1,1
17199,Bollard 11 - 150T,Ouvrages d'amarrage et d'accostage,Bollard,PPR,PPR01,Poste N8,"corrective, preventive",1,1,2
17200,Bollard 10 - 150T,Ouvrages d'amarrage et d'accostage,Bollard,PPR,PPR01,Poste N8,preventive,0,1,1
17201,Bollard 09 - 150T,Ouvrages d'amarrage et d'accostage,Bollard,PPR,PPR01,Poste N8,preventive,0,1,1
17202,Bollard 08 - 150T,Ouvrages d'amarrage et d'accostage,Bollard,PPR,PPR01,Poste N8,preventive,0,1,1
17203,Bollard 07 - 150T,Ouvrages d'amarrage et d'accostage,Bollard,PPR,PPR01,Poste N8,preventive,0,1,1
17204,Bollard 06 - 150T,Ouvrages d'amarrage et d'accostage,Bollard,PPR,PPR01,Poste N8,preventive,0,1,1
17205,Bollard 05 - 150T,Ouvrages d'amarrage et d'accostage,Bollard,PPR,PPR01,Poste N8,"corrective, preventive",1,1,2
17206,Bollard 04 - 150T,Ouvrages d'amarrage et d'accostage,Bollard,PPR,PPR01,Poste N8,preventive,0,1,1
17207,Bollard 03 - 150T,Ouvrages d'amarrage et d'accostage,Bollard,PPR,PPR01,Poste N8,preventive,0,1,1
17208,Bollard 02 - 150T,Ouvrages d'amarrage et d'accostage,Bollard,PPR,PPR01,Poste N8,preventive,0,1,1
17209,Bollard 01 - 150T,Ouvrages d'amarrage et d'accostage,Bollard,PPR,PPR01,Poste N8,"corrective, preventive",1,1,2
17210,Bollard D 02 - 150T,Ouvrages d'amarrage et d'accostage,Bollard,PPR,PPR01,Poste N8,preventive,0,1,1
17211,Bollard D 01 - 150T,Ouvrages d'amarrage et d'accostage,Bollard,PPR,PPR01,Poste N8,preventive,0,1,1
17232,Croc 12 - 75T,Ouvrages d'amarrage et d'accostage,Croc,TM1,TM01,Poste  pétrolier 1,preventive,0,1,1
17233,Croc 11 - 75T,Ouvrages d'amarrage et d'accostage,Croc,TM1,TM01,Poste  pétrolier 1,preventive,0,1,1
17234,Croc 10 - 75T,Ouvrages d'amarrage et d'accostage,Croc,TM1,TM01,Poste  pétrolier 1,preventive,0,1,1
17235,Croc 9 - 75T,Ouvrages d'amarrage et d'accostage,Croc,TM1,TM01,Poste  pétrolier 1,preventive,0,1,1
17236,Croc 8 - 75T,Ouvrages d'amarrage et d'accostage,Croc,TM1,TM01,Poste  pétrolier 1,preventive,0,1,1
17237,Bollard 7 - 150T,Ouvrages d'amarrage et d'accostage,Bollard,TM1,TM01,Poste  pétrolier 1,preventive,0,1,1
17238,Bollard 6 - 150T,Ouvrages d'amarrage et d'accostage,Bollard,TM1,TM01,Poste  pétrolier 1,preventive,0,1,1
17239,Croc 5 - 75T,Ouvrages d'amarrage et d'accostage,Croc,TM1,TM01,Poste  pétrolier 1,"corrective, preventive",1,1,2
17240,Croc 4 - 75T,Ouvrages d'amarrage et d'accostage,Croc,TM1,TM01,Poste  pétrolier 1,preventive,0,1,1
17241,Croc 3 - 75T,Ouvrages d'amarrage et d'accostage,Croc,TM1,TM01,Poste  pétrolier 1,preventive,0,1,1
17242,Croc 2 - 75T,Ouvrages d'amarrage et d'accostage,Croc,TM1,TM01,Poste  pétrolier 1,preventive,0,1,1
17243,Croc 1 - 75T,Ouvrages d'amarrage et d'accostage,Croc,TM1,TM01,Poste  pétrolier 1,preventive,0,1,1
17244,Bollard 01 - 200T,Ouvrages d'amarrage et d'accostage,Bollard,TM1,TM01,Terminal à conteneurs 2 (TC2),preventive,0,1,1
17245,Bollard 02 - 200T,Ouvrages d'amarrage et d'accostage,Bollard,TM1,TM01,Terminal à conteneurs 2 (TC2),preventive,0,1,1
17246,Bollard 03 - 100T,Ouvrages d'amarrage et d'accostage,Bollard,TM1,TM01,Terminal à conteneurs 2 (TC2),preventive,0,1,1
17247,Bollard 04 - 100T,Ouvrages d'amarrage et d'accostage,Bollard,TM1,TM01,Terminal à conteneurs 2 (TC2),preventive,0,1,1
17248,Bollard 05 - 100T,Ouvrages d'amarrage et d'accostage,Bollard,TM1,TM01,Terminal à conteneurs 2 (TC2),preventive,0,1,1
17249,Bollard 06 - 200T,Ouvrages d'amarrage et d'accostage,Bollard,TM1,TM01,Terminal à conteneurs 2 (TC2),preventive,0,1,1
17250,Bollard 07 - 200T,Ouvrages d'amarrage et d'accostage,Bollard,TM1,TM01,Terminal à conteneurs 2 (TC2),preventive,0,1,1
17251,Bollard 08 - 200T,Ouvrages d'amarrage et d'accostage,Bollard,TM1,TM01,Terminal à conteneurs 2 (TC2),preventive,0,1,1
17252,Bollard 09 - 200T,Ouvrages d'amarrage et d'accostage,Bollard,TM1,TM01,Terminal à conteneurs 2 (TC2),preventive,0,1,1
17253,Bollard 10 - 200T,Ouvrages d'amarrage et d'accostage,Bollard,TM1,TM01,Terminal à conteneurs 2 (TC2),preventive,0,1,1
17254,Bollard 11 - 200T,Ouvrages d'amarrage et d'accostage,Bollard,TM1,TM01,Terminal à conteneurs 2 (TC2),preventive,0,1,1
17255,Bollard 12 - 200T,Ouvrages d'amarrage et d'accostage,Bollard,TM1,TM01,Terminal à conteneurs 2 (TC2),preventive,0,1,1
17256,Bollard 13 - 300T,Ouvrages d'amarrage et d'accostage,Bollard,TM1,TM01,Terminal à conteneurs 2 (TC2),"corrective, preventive",1,1,2
17257,Bollard 14 - 300T,Ouvrages d'amarrage et d'accostage,Bollard,TM1,TM01,Terminal à conteneurs 2 (TC2),preventive,0,1,1
17258,Bollard 15 - 300T,Ouvrages d'amarrage et d'accostage,Bollard,TM1,TM01,Terminal à conteneurs 2 (TC2),preventive,0,1,1
17259,Bollard 16 - 300T,Ouvrages d'amarrage et d'accostage,Bollard,TM1,TM01,Terminal à conteneurs 2 (TC2),preventive,0,1,1
17260,Bollard 17 - 300T,Ouvrages d'amarrage et d'accostage,Bollard,TM1,TM01,Terminal à conteneurs 2 (TC2),preventive,0,1,1
17261,Bollard 18 - 200T,Ouvrages d'amarrage et d'accostage,Bollard,TM1,TM01,Terminal à conteneurs 2 (TC2),preventive,0,1,1
17262,Bollard 19 - 200T,Ouvrages d'amarrage et d'accostage,Bollard,TM1,TM01,Terminal à conteneurs 2 (TC2),"corrective, preventive",1,1,2
17263,Bollard 20 - 200T,Ouvrages d'amarrage et d'accostage,Bollard,TM1,TM01,Terminal à conteneurs 2 (TC2),"corrective, preventive",2,1,3
17264,Bollard 21 - 200T,Ouvrages d'amarrage et d'accostage,Bollard,TM1,TM01,Terminal à conteneurs 2 (TC2),preventive,0,1,1
17265,Bollard 22 - 200T,Ouvrages d'amarrage et d'accostage,Bollard,TM1,TM01,Terminal à conteneurs 2 (TC2),"corrective, preventive",1,1,2
17266,Bollard 23 - 200T,Ouvrages d'amarrage et d'accostage,Bollard,TM1,TM01,Terminal à conteneurs 2 (TC2),"corrective, preventive",1,1,2
17267,Bollard 24 - 200T,Ouvrages d'amarrage et d'accostage,Bollard,TM1,TM01,Terminal à conteneurs 2 (TC2),preventive,0,1,1
17268,Bollard 25 - 200T,Ouvrages d'amarrage et d'accostage,Bollard,TM1,TM01,Terminal à conteneurs 2 (TC2),preventive,0,1,1
17269,Bollard 26 - 200T,Ouvrages d'amarrage et d'accostage,Bollard,TM1,TM01,Terminal à conteneurs 2 (TC2),"corrective, preventive",2,1,3
17270,Bollard 27 - 200T,Ouvrages d'amarrage et d'accostage,Bollard,TM1,TM01,Terminal à conteneurs 2 (TC2),"corrective, preventive",2,1,3
17271,Bollard 28 - 200T,Ouvrages d'amarrage et d'accostage,Bollard,TM1,TM01,Terminal à conteneurs 2 (TC2),preventive,0,1,1
17272,Bollard 29 - 200T,Ouvrages d'amarrage et d'accostage,Bollard,TM1,TM01,Terminal à conteneurs 2 (TC2),"corrective, preventive",1,1,2
17273,Bollard 30 - 200T,Ouvrages d'amarrage et d'accostage,Bollard,TM1,TM01,Terminal à conteneurs 2 (TC2),preventive,0,1,1
17274,Bollard 31 - 200T,Ouvrages d'amarrage et d'accostage,Bollard,TM1,TM01,Terminal à conteneurs 2 (TC2),preventive,0,1,1
17275,Bollard 32 - 200T,Ouvrages d'amarrage et d'accostage,Bollard,TM1,TM01,Terminal à conteneurs 2 (TC2),preventive,0,1,1
17276,Bollard 33 - 200T,Ouvrages d'amarrage et d'accostage,Bollard,TM1,TM01,Terminal à conteneurs 2 (TC2),preventive,0,1,1
17277,Bollard 34 - 200T,Ouvrages d'amarrage et d'accostage,Bollard,TM1,TM01,Terminal à conteneurs 2 (TC2),preventive,0,1,1
17278,Bollard 35 - 200T,Ouvrages d'amarrage et d'accostage,Bollard,TM1,TM01,Terminal à conteneurs 2 (TC2),preventive,0,1,1
17279,Bollard 36 - 200T,Ouvrages d'amarrage et d'accostage,Bollard,TM1,TM01,Terminal à conteneurs 2 (TC2),preventive,0,1,1
17280,Bollard 37 - 200T,Ouvrages d'amarrage et d'accostage,Bollard,TM1,TM01,Terminal à conteneurs 2 (TC2),preventive,0,1,1
17281,Bollard 38 - 200T,Ouvrages d'amarrage et d'accostage,Bollard,TM1,TM01,Terminal à conteneurs 2 (TC2),preventive,0,1,1
17282,Bollard 39 - 200T,Ouvrages d'amarrage et d'accostage,Bollard,TM1,TM01,Terminal à conteneurs 2 (TC2),"corrective, preventive",1,1,2
17283,Bollard 40 - 300T,Ouvrages d'amarrage et d'accostage,Bollard,TM1,TM01,Terminal à conteneurs 2 (TC2),"corrective, preventive",2,1,3
17284,Bollard 41 - 300T,Ouvrages d'amarrage et d'accostage,Bollard,TM1,TM01,Terminal à conteneurs 2 (TC2),"corrective, preventive",1,1,2
17285,Bollard 42 - 300T,Ouvrages d'amarrage et d'accostage,Bollard,TM1,TM01,Terminal à conteneurs 2 (TC2),"corrective, preventive",1,1,2
17286,Bollard 43 - 300T,Ouvrages d'amarrage et d'accostage,Bollard,TM1,TM01,Terminal à conteneurs 1 (TC1),"corrective, preventive",1,1,2
17287,Bollard 44 - 300T,Ouvrages d'amarrage et d'accostage,Bollard,TM1,TM01,Terminal à conteneurs 1 (TC1),preventive,0,1,1
17288,Bollard 45 - 300T,Ouvrages d'amarrage et d'accostage,Bollard,TM1,TM01,Terminal à conteneurs 1 (TC1),preventive,0,1,1
17289,Bollard 46 - 200T,Ouvrages d'amarrage et d'accostage,Bollard,TM1,TM01,Terminal à conteneurs 1 (TC1),preventive,0,1,1
17290,Bollard 47 - 200T,Ouvrages d'amarrage et d'accostage,Bollard,TM1,TM01,Terminal à conteneurs 1 (TC1),preventive,0,1,1
17291,Bollard 48 - 200T,Ouvrages d'amarrage et d'accostage,Bollard,TM1,TM01,Terminal à conteneurs 1 (TC1),preventive,0,1,1
17292,Bollard 49 - 200T,Ouvrages d'amarrage et d'accostage,Bollard,TM1,TM01,Terminal à conteneurs 1 (TC1),preventive,0,1,1
17293,Bollard 50 - 200T,Ouvrages d'amarrage et d'accostage,Bollard,TM1,TM01,Terminal à conteneurs 1 (TC1),preventive,0,1,1
17294,Bollard 51 - 200T,Ouvrages d'amarrage et d'accostage,Bollard,TM1,TM01,Terminal à conteneurs 1 (TC1),preventive,0,1,1
17295,Bollard 52 - 200T,Ouvrages d'amarrage et d'accostage,Bollard,TM1,TM01,Terminal à conteneurs 1 (TC1),preventive,0,1,1
17296,Bollard 53 - 200T,Ouvrages d'amarrage et d'accostage,Bollard,TM1,TM01,Terminal à conteneurs 1 (TC1),preventive,0,1,1
17297,Bollard 54 - 200T,Ouvrages d'amarrage et d'accostage,Bollard,TM1,TM01,Terminal à conteneurs 1 (TC1),preventive,0,1,1
17298,Bollard 55 - 200T,Ouvrages d'amarrage et d'accostage,Bollard,TM1,TM01,Terminal à conteneurs 1 (TC1),preventive,0,1,1
17299,Bollard 56 - 200T,Ouvrages d'amarrage et d'accostage,Bollard,TM1,TM01,Terminal à conteneurs 1 (TC1),preventive,0,1,1
17300,Bollard 57 - 200T,Ouvrages d'amarrage et d'accostage,Bollard,TM1,TM01,Terminal à conteneurs 1 (TC1),preventive,0,1,1
17301,Bollard 58 - 200T,Ouvrages d'amarrage et d'accostage,Bollard,TM1,TM01,Terminal à conteneurs 1 (TC1),preventive,0,1,1
17302,Bollard 59 - 200T,Ouvrages d'amarrage et d'accostage,Bollard,TM1,TM01,Terminal à conteneurs 1 (TC1),preventive,0,1,1
17303,Bollard 60 - 200T,Ouvrages d'amarrage et d'accostage,Bollard,TM1,TM01,Terminal à conteneurs 1 (TC1),preventive,0,1,1
17304,Bollard 61 - 200T,Ouvrages d'amarrage et d'accostage,Bollard,TM1,TM01,Terminal à conteneurs 1 (TC1),preventive,0,1,1
17305,Bollard 62 - 300T,Ouvrages d'amarrage et d'accostage,Bollard,TM1,TM01,Terminal à conteneurs 1 (TC1),preventive,0,1,1
17306,Bollard 63 - 300T,Ouvrages d'amarrage et d'accostage,Bollard,TM1,TM01,Terminal à conteneurs 1 (TC1),preventive,0,1,1
17307,Bollard 64 - 300T,Ouvrages d'amarrage et d'accostage,Bollard,TM1,TM01,Terminal à conteneurs 1 (TC1),preventive,0,1,1
17308,Bollard 65 - 300T,Ouvrages d'amarrage et d'accostage,Bollard,TM1,TM01,Terminal à conteneurs 1 (TC1),preventive,0,1,1
17309,Bollard 66 - 300T,Ouvrages d'amarrage et d'accostage,Bollard,TM1,TM01,Terminal à conteneurs 1 (TC1),preventive,0,1,1
17310,Bollard 67 - 200T,Ouvrages d'amarrage et d'accostage,Bollard,TM1,TM01,Terminal à conteneurs 1 (TC1),preventive,0,1,1
17311,Bollard 68 - 200T,Ouvrages d'amarrage et d'accostage,Bollard,TM1,TM01,Terminal à conteneurs 1 (TC1),preventive,0,1,1
17312,Bollard 69 - 200T,Ouvrages d'amarrage et d'accostage,Bollard,TM1,TM01,Terminal à conteneurs 1 (TC1),preventive,0,1,1
17313,Bollard 70 - 200T,Ouvrages d'amarrage et d'accostage,Bollard,TM1,TM01,Terminal à conteneurs 1 (TC1),preventive,0,1,1
17314,Bollard 71 - 200T,Ouvrages d'amarrage et d'accostage,Bollard,TM1,TM01,Terminal à conteneurs 1 (TC1),preventive,0,1,1
17315,Bollard 72 - 200T,Ouvrages d'amarrage et d'accostage,Bollard,TM1,TM01,Terminal à conteneurs 1 (TC1),preventive,0,1,1
17316,Bollard 73 - 200T,Ouvrages d'amarrage et d'accostage,Bollard,TM1,TM01,Terminal à conteneurs 1 (TC1),preventive,0,1,1
17317,Bollard 74 - 200T,Ouvrages d'amarrage et d'accostage,Bollard,TM1,TM01,Terminal à conteneurs 1 (TC1),preventive,0,1,1
17318,Bollard 75 - 200T,Ouvrages d'amarrage et d'accostage,Bollard,TM1,TM01,Terminal à conteneurs 1 (TC1),preventive,0,1,1
17319,Bollard 76 - 200T,Ouvrages d'amarrage et d'accostage,Bollard,TM1,TM01,Terminal à conteneurs 1 (TC1),preventive,0,1,1
17320,Bollard 77 - 200T,Ouvrages d'amarrage et d'accostage,Bollard,TM1,TM01,Terminal à conteneurs 1 (TC1),preventive,0,1,1
17321,Bollard 78 - 200T,Ouvrages d'amarrage et d'accostage,Bollard,TM1,TM01,Terminal à conteneurs 1 (TC1),preventive,0,1,1
17322,Bollard 79 - 200T,Ouvrages d'amarrage et d'accostage,Bollard,TM1,TM01,Terminal à conteneurs 1 (TC1),preventive,0,1,1
17323,Bollard 80 - 200T,Ouvrages d'amarrage et d'accostage,Bollard,TM1,TM01,Terminal à conteneurs 1 (TC1),preventive,0,1,1
17324,Bollard 81 - 200T,Ouvrages d'amarrage et d'accostage,Bollard,TM1,TM01,Terminal à conteneurs 1 (TC1),preventive,0,1,1
17325,Bollard 82 - 200T,Ouvrages d'amarrage et d'accostage,Bollard,TM1,TM01,Terminal à conteneurs 1 (TC1),preventive,0,1,1
17326,Bollard 83 - 200T,Ouvrages d'amarrage et d'accostage,Bollard,TM1,TM01,Terminal à conteneurs 1 (TC1),preventive,0,1,1
17327,Défense 01,Ouvrages d'amarrage et d'accostage,Défense,PPR,PPR01,Rampe d'accès 1,preventive,0,1,1
17328,Défense 02,Ouvrages d'amarrage et d'accostage,Défense,PPR,PPR01,Rampe d'accès 1,preventive,0,1,1
17329,Défense 03,Ouvrages d'amarrage et d'accostage,Défense,PPR,PPR01,Rampe d'accès 1,preventive,0,1,1
17330,Défense 01,Ouvrages d'amarrage et d'accostage,Défense,PPR,PPR01,Poste N1,preventive,0,1,1
17331,Défense 02,Ouvrages d'amarrage et d'accostage,Défense,PPR,PPR01,Poste N1,preventive,0,1,1
17332,Défense 03,Ouvrages d'amarrage et d'accostage,Défense,PPR,PPR01,Poste N1,preventive,0,1,1
17333,Défense 04,Ouvrages d'amarrage et d'accostage,Défense,PPR,PPR01,Poste N1,preventive,0,1,1
17334,Défense 05,Ouvrages d'amarrage et d'accostage,Défense,PPR,PPR01,Poste N1,preventive,0,1,1
17335,Défense 06,Ouvrages d'amarrage et d'accostage,Défense,PPR,PPR01,Poste N1,preventive,0,1,1
17336,Défense 07,Ouvrages d'amarrage et d'accostage,Défense,PPR,PPR01,Poste N1,preventive,0,1,1
17337,Défense 08,Ouvrages d'amarrage et d'accostage,Défense,PPR,PPR01,Poste N1,preventive,0,1,1
17338,Défense 09,Ouvrages d'amarrage et d'accostage,Défense,PPR,PPR01,Poste N1,preventive,0,1,1
17339,Défense 10,Ouvrages d'amarrage et d'accostage,Défense,PPR,PPR01,Poste N1,preventive,0,1,1
17340,Défense 11,Ouvrages d'amarrage et d'accostage,Défense,PPR,PPR01,Poste N1,preventive,0,1,1
17341,Défense 12,Ouvrages d'amarrage et d'accostage,Défense,PPR,PPR01,Poste N1,preventive,0,1,1
17342,Défense 01,Ouvrages d'amarrage et d'accostage,Défense,PPR,PPR01,Rampe d'accès 3,preventive,0,1,1
17343,Défense 02,Ouvrages d'amarrage et d'accostage,Défense,PPR,PPR01,Rampe d'accès 3,preventive,0,1,1
17344,Défense 03,Ouvrages d'amarrage et d'accostage,Défense,PPR,PPR01,Rampe d'accès 3,preventive,0,1,1
17345,Défense 01,Ouvrages d'amarrage et d'accostage,Défense,PPR,PPR01,Poste N3,preventive,0,1,1
17346,Défense 02,Ouvrages d'amarrage et d'accostage,Défense,PPR,PPR01,Poste N3,preventive,0,1,1
17347,Défense 03,Ouvrages d'amarrage et d'accostage,Défense,PPR,PPR01,Poste N3,preventive,0,1,1
17348,Défense 04,Ouvrages d'amarrage et d'accostage,Défense,PPR,PPR01,Poste N3,preventive,0,1,1
17349,Défense 05,Ouvrages d'amarrage et d'accostage,Défense,PPR,PPR01,Poste N3,preventive,0,1,1
17350,Défense 06,Ouvrages d'amarrage et d'accostage,Défense,PPR,PPR01,Poste N3,preventive,0,1,1
17351,Défense 07,Ouvrages d'amarrage et d'accostage,Défense,PPR,PPR01,Poste N3,preventive,0,1,1
17352,Défense 08,Ouvrages d'amarrage et d'accostage,Défense,PPR,PPR01,Poste N3,preventive,0,1,1
17353,Défense 09,Ouvrages d'amarrage et d'accostage,Défense,PPR,PPR01,Poste N3,preventive,0,1,1
17354,Défense 10,Ouvrages d'amarrage et d'accostage,Défense,PPR,PPR01,Poste N3,preventive,0,1,1
17355,Défense 10,Ouvrages d'amarrage et d'accostage,Défense,PPR,PPR01,Poste N2,preventive,0,1,1
17356,Défense 09,Ouvrages d'amarrage et d'accostage,Défense,PPR,PPR01,Poste N2,preventive,0,1,1
17357,Défense 08,Ouvrages d'amarrage et d'accostage,Défense,PPR,PPR01,Poste N2,"corrective, preventive",1,1,2
17358,Défense 07,Ouvrages d'amarrage et d'accostage,Défense,PPR,PPR01,Poste N2,preventive,0,1,1
17359,Défense 06,Ouvrages d'amarrage et d'accostage,Défense,PPR,PPR01,Poste N2,preventive,0,1,1
17360,Défense 05,Ouvrages d'amarrage et d'accostage,Défense,PPR,PPR01,Poste N2,preventive,0,1,1
17361,Défense 04,Ouvrages d'amarrage et d'accostage,Défense,PPR,PPR01,Poste N2,preventive,0,1,1
17362,Défense 03,Ouvrages d'amarrage et d'accostage,Défense,PPR,PPR01,Poste N2,preventive,0,1,1
17363,Défense 02,Ouvrages d'amarrage et d'accostage,Défense,PPR,PPR01,Poste N2,preventive,0,1,1
17364,Défense 01,Ouvrages d'amarrage et d'accostage,Défense,PPR,PPR01,Poste N2,preventive,0,1,1
17365,Défense 03,Ouvrages d'amarrage et d'accostage,Défense,PPR,PPR01,Rampe d'accès 2,preventive,0,1,1
17366,Défense 02,Ouvrages d'amarrage et d'accostage,Défense,PPR,PPR01,Rampe d'accès 2,preventive,0,1,1
17367,Défense 01,Ouvrages d'amarrage et d'accostage,Défense,PPR,PPR01,Rampe d'accès 2,preventive,0,1,1
17368,Défense 01,Ouvrages d'amarrage et d'accostage,Défense,PPR,PPR01,Rampe d'accès 5,preventive,0,1,1
17369,Défense 02,Ouvrages d'amarrage et d'accostage,Défense,PPR,PPR01,Rampe d'accès 5,preventive,0,1,1
17370,Défense 03,Ouvrages d'amarrage et d'accostage,Défense,PPR,PPR01,Rampe d'accès 5,preventive,0,1,1
17371,Défense 01,Ouvrages d'amarrage et d'accostage,Défense,PPR,PPR01,Poste N5,preventive,0,1,1
17372,Défense 02,Ouvrages d'amarrage et d'accostage,Défense,PPR,PPR01,Poste N5,preventive,0,1,1
17373,Défense 03,Ouvrages d'amarrage et d'accostage,Défense,PPR,PPR01,Poste N5,preventive,0,1,1
17374,Défense 04,Ouvrages d'amarrage et d'accostage,Défense,PPR,PPR01,Poste N5,preventive,0,1,1
17375,Défense 05,Ouvrages d'amarrage et d'accostage,Défense,PPR,PPR01,Poste N5,preventive,0,1,1
17376,Défense 06,Ouvrages d'amarrage et d'accostage,Défense,PPR,PPR01,Poste N5,preventive,0,1,1
17377,Défense 07,Ouvrages d'amarrage et d'accostage,Défense,PPR,PPR01,Poste N5,preventive,0,1,1
17378,Défense 08,Ouvrages d'amarrage et d'accostage,Défense,PPR,PPR01,Poste N5,preventive,0,1,1
17379,Défense 09,Ouvrages d'amarrage et d'accostage,Défense,PPR,PPR01,Poste N5,preventive,0,1,1
17380,Défense 10,Ouvrages d'amarrage et d'accostage,Défense,PPR,PPR01,Poste N5,preventive,0,1,1
17381,Défense 11,Ouvrages d'amarrage et d'accostage,Défense,PPR,PPR01,Poste N5,preventive,0,1,1
17382,Défense 12,Ouvrages d'amarrage et d'accostage,Défense,PPR,PPR01,Poste N5,preventive,0,1,1
17383,Défense 12,Ouvrages d'amarrage et d'accostage,Défense,PPR,PPR01,Poste N4,preventive,0,1,1
17384,Défense 11,Ouvrages d'amarrage et d'accostage,Défense,PPR,PPR01,Poste N4,preventive,0,1,1
17385,Défense 10,Ouvrages d'amarrage et d'accostage,Défense,PPR,PPR01,Poste N4,preventive,0,1,1
17386,Défense 09,Ouvrages d'amarrage et d'accostage,Défense,PPR,PPR01,Poste N4,preventive,0,1,1
17387,Défense 08,Ouvrages d'amarrage et d'accostage,Défense,PPR,PPR01,Poste N4,preventive,0,1,1
17388,Défense 07,Ouvrages d'amarrage et d'accostage,Défense,PPR,PPR01,Poste N4,preventive,0,1,1
17389,Défense 06,Ouvrages d'amarrage et d'accostage,Défense,PPR,PPR01,Poste N4,preventive,0,1,1
17390,Défense 05,Ouvrages d'amarrage et d'accostage,Défense,PPR,PPR01,Poste N4,preventive,0,1,1
17391,Défense 04,Ouvrages d'amarrage et d'accostage,Défense,PPR,PPR01,Poste N4,preventive,0,1,1
17392,Défense 03,Ouvrages d'amarrage et d'accostage,Défense,PPR,PPR01,Poste N4,preventive,0,1,1
17393,Défense 02,Ouvrages d'amarrage et d'accostage,Défense,PPR,PPR01,Poste N4,preventive,0,1,1
17394,Défense 01,Ouvrages d'amarrage et d'accostage,Défense,PPR,PPR01,Poste N4,preventive,0,1,1
17395,Défense 03,Ouvrages d'amarrage et d'accostage,Défense,PPR,PPR01,Rampe d'accès 4,preventive,0,1,1
17396,Défense 02,Ouvrages d'amarrage et d'accostage,Défense,PPR,PPR01,Rampe d'accès 4,preventive,0,1,1
17397,Défense 01,Ouvrages d'amarrage et d'accostage,Défense,PPR,PPR01,Rampe d'accès 4,preventive,0,1,1
17398,Défense 01,Ouvrages d'amarrage et d'accostage,Défense,PPR,PPR01,Rampe d'accès 7,preventive,0,1,1
17399,Défense 02,Ouvrages d'amarrage et d'accostage,Défense,PPR,PPR01,Rampe d'accès 7,preventive,0,1,1
17400,Défense 03,Ouvrages d'amarrage et d'accostage,Défense,PPR,PPR01,Rampe d'accès 7,preventive,0,1,1
17401,Défense 01,Ouvrages d'amarrage et d'accostage,Défense,PPR,PPR01,Poste N7,preventive,0,1,1
17402,Défense 02,Ouvrages d'amarrage et d'accostage,Défense,PPR,PPR01,Poste N7,preventive,0,1,1
17403,Défense 03,Ouvrages d'amarrage et d'accostage,Défense,PPR,PPR01,Poste N7,preventive,0,1,1
17404,Défense 04,Ouvrages d'amarrage et d'accostage,Défense,PPR,PPR01,Poste N7,preventive,0,1,1
17405,Défense 05,Ouvrages d'amarrage et d'accostage,Défense,PPR,PPR01,Poste N7,preventive,0,1,1
17406,Défense 06,Ouvrages d'amarrage et d'accostage,Défense,PPR,PPR01,Poste N7,preventive,0,1,1
17407,Défense 07,Ouvrages d'amarrage et d'accostage,Défense,PPR,PPR01,Poste N7,preventive,0,1,1
17408,Défense 08,Ouvrages d'amarrage et d'accostage,Défense,PPR,PPR01,Poste N7,preventive,0,1,1
17409,Défense 09,Ouvrages d'amarrage et d'accostage,Défense,PPR,PPR01,Poste N7,preventive,0,1,1
17410,Défense 10,Ouvrages d'amarrage et d'accostage,Défense,PPR,PPR01,Poste N7,preventive,0,1,1
17411,Défense 11,Ouvrages d'amarrage et d'accostage,Défense,PPR,PPR01,Poste N7,preventive,0,1,1
17412,Défense 12,Ouvrages d'amarrage et d'accostage,Défense,PPR,PPR01,Poste N7,preventive,0,1,1
17413,Défense 12,Ouvrages d'amarrage et d'accostage,Défense,PPR,PPR01,Poste N6,preventive,0,1,1
17414,Défense 11,Ouvrages d'amarrage et d'accostage,Défense,PPR,PPR01,Poste N6,preventive,0,1,1
17415,Défense 10,Ouvrages d'amarrage et d'accostage,Défense,PPR,PPR01,Poste N6,preventive,0,1,1
17416,Défense 09,Ouvrages d'amarrage et d'accostage,Défense,PPR,PPR01,Poste N6,preventive,0,1,1
17417,Défense 08,Ouvrages d'amarrage et d'accostage,Défense,PPR,PPR01,Poste N6,preventive,0,1,1
17418,Défense 07,Ouvrages d'amarrage et d'accostage,Défense,PPR,PPR01,Poste N6,preventive,0,1,1
17419,Défense 06,Ouvrages d'amarrage et d'accostage,Défense,PPR,PPR01,Poste N6-7,preventive,0,1,1
17420,Défense 05,Ouvrages d'amarrage et d'accostage,Défense,PPR,PPR01,Poste N6-7,preventive,0,1,1
17421,Défense 04,Ouvrages d'amarrage et d'accostage,Défense,PPR,PPR01,Poste N6-7,preventive,0,1,1
17422,Défense 03,Ouvrages d'amarrage et d'accostage,Défense,PPR,PPR01,Poste N6-7,preventive,0,1,1
17423,Défense 02,Ouvrages d'amarrage et d'accostage,Défense,PPR,PPR01,Poste N6,preventive,0,1,1
17424,Défense 01,Ouvrages d'amarrage et d'accostage,Défense,PPR,PPR01,Poste N6,preventive,0,1,1
17425,Défense 03,Ouvrages d'amarrage et d'accostage,Défense,PPR,PPR01,Rampe d'accès 6,preventive,0,1,1
17426,Défense 02,Ouvrages d'amarrage et d'accostage,Défense,PPR,PPR01,Rampe d'accès 6,preventive,0,1,1
17427,Défense 01,Ouvrages d'amarrage et d'accostage,Défense,PPR,PPR01,Rampe d'accès 6,preventive,0,1,1
17428,Défense 01,Ouvrages d'amarrage et d'accostage,Défense,PPR,PPR01,Rampe d'accès 8,preventive,0,1,1
17429,Défense 02,Ouvrages d'amarrage et d'accostage,Défense,PPR,PPR01,Rampe d'accès 8,preventive,0,1,1
17430,Défense 03,Ouvrages d'amarrage et d'accostage,Défense,PPR,PPR01,Rampe d'accès 8,preventive,0,1,1
17431,Défense 01,Ouvrages d'amarrage et d'accostage,Défense,PPR,PPR01,Poste N8,preventive,0,1,1
17432,Défense 02,Ouvrages d'amarrage et d'accostage,Défense,PPR,PPR01,Poste N8,preventive,0,1,1
17433,Défense 03,Ouvrages d'amarrage et d'accostage,Défense,PPR,PPR01,Poste N8,preventive,0,1,1
17434,Défense 04,Ouvrages d'amarrage et d'accostage,Défense,PPR,PPR01,Poste N8,preventive,0,1,1
17435,Défense 05,Ouvrages d'amarrage et d'accostage,Défense,PPR,PPR01,Poste N8,preventive,0,1,1
17436,Défense 06,Ouvrages d'amarrage et d'accostage,Défense,PPR,PPR01,Poste N8,preventive,0,1,1
17437,Défense 07,Ouvrages d'amarrage et d'accostage,Défense,PPR,PPR01,Poste N8,preventive,0,1,1
17438,Défense 08,Ouvrages d'amarrage et d'accostage,Défense,PPR,PPR01,Poste N8,preventive,0,1,1
17439,Défense 09,Ouvrages d'amarrage et d'accostage,Défense,PPR,PPR01,Poste N8,preventive,0,1,1
17440,Défense 10,Ouvrages d'amarrage et d'accostage,Défense,PPR,PPR01,Poste N8,preventive,0,1,1
17441,Défense 11,Ouvrages d'amarrage et d'accostage,Défense,PPR,PPR01,Poste N8,preventive,0,1,1
17450,Défense 08,Ouvrages d'amarrage et d'accostage,Défense,TM1,TM01,Poste  pétrolier 1,preventive,0,1,1
17451,Défense 07,Ouvrages d'amarrage et d'accostage,Défense,TM1,TM01,Poste  pétrolier 1,preventive,0,1,1
17452,Défense 06,Ouvrages d'amarrage et d'accostage,Défense,TM1,TM01,Poste  pétrolier 1,preventive,0,1,1
17453,Défense 05,Ouvrages d'amarrage et d'accostage,Défense,TM1,TM01,Poste  pétrolier 1,preventive,0,1,1
17454,Défense 04,Ouvrages d'amarrage et d'accostage,Défense,TM1,TM01,Poste  pétrolier 1,preventive,0,1,1
17455,Défense 03,Ouvrages d'amarrage et d'accostage,Défense,TM1,TM01,Poste  pétrolier 1,preventive,0,1,1
17456,Défense 02,Ouvrages d'amarrage et d'accostage,Défense,TM1,TM01,Poste  pétrolier 1,preventive,0,1,1
17457,Défense 01,Ouvrages d'amarrage et d'accostage,Défense,TM1,TM01,Poste  pétrolier 1,preventive,0,1,1
17458,Défense 01,Ouvrages d'amarrage et d'accostage,Défense,TM1,TM01,Terminal à conteneurs 2 (TC2),preventive,0,1,1
17459,Défense 02,Ouvrages d'amarrage et d'accostage,Défense,TM1,TM01,Terminal à conteneurs 2 (TC2),preventive,0,1,1
17460,Défense 03,Ouvrages d'amarrage et d'accostage,Défense,TM1,TM01,Terminal à conteneurs 2 (TC2),preventive,0,1,1
17461,Défense 04,Ouvrages d'amarrage et d'accostage,Défense,TM1,TM01,Terminal à conteneurs 2 (TC2),preventive,0,1,1
17462,Défense 05,Ouvrages d'amarrage et d'accostage,Défense,TM1,TM01,Terminal à conteneurs 2 (TC2),preventive,0,1,1
17463,Défense 06,Ouvrages d'amarrage et d'accostage,Défense,TM1,TM01,Terminal à conteneurs 2 (TC2),preventive,0,1,1
17464,Défense 07,Ouvrages d'amarrage et d'accostage,Défense,TM1,TM01,Terminal à conteneurs 2 (TC2),"corrective, preventive",1,1,2
17465,Défense 08,Ouvrages d'amarrage et d'accostage,Défense,TM1,TM01,Terminal à conteneurs 2 (TC2),preventive,0,1,1
17466,Défense 09,Ouvrages d'amarrage et d'accostage,Défense,TM1,TM01,Terminal à conteneurs 2 (TC2),preventive,0,1,1
17467,Défense 10,Ouvrages d'amarrage et d'accostage,Défense,TM1,TM01,Terminal à conteneurs 2 (TC2),preventive,0,1,1
17468,Défense 11,Ouvrages d'amarrage et d'accostage,Défense,TM1,TM01,Terminal à conteneurs 2 (TC2),preventive,0,1,1
17469,Défense 12,Ouvrages d'amarrage et d'accostage,Défense,TM1,TM01,Terminal à conteneurs 2 (TC2),preventive,0,1,1
17470,Défense 13,Ouvrages d'amarrage et d'accostage,Défense,TM1,TM01,Terminal à conteneurs 2 (TC2),preventive,0,1,1
17471,Défense 14,Ouvrages d'amarrage et d'accostage,Défense,TM1,TM01,Terminal à conteneurs 2 (TC2),preventive,0,1,1
17472,Défense 15,Ouvrages d'amarrage et d'accostage,Défense,TM1,TM01,Terminal à conteneurs 2 (TC2),preventive,0,1,1
17473,Défense 16,Ouvrages d'amarrage et d'accostage,Défense,TM1,TM01,Terminal à conteneurs 2 (TC2),preventive,0,1,1
17474,Défense 17,Ouvrages d'amarrage et d'accostage,Défense,TM1,TM01,Terminal à conteneurs 2 (TC2),preventive,0,1,1
17475,Défense 18,Ouvrages d'amarrage et d'accostage,Défense,TM1,TM01,Terminal à conteneurs 2 (TC2),preventive,0,1,1
17476,Défense 19,Ouvrages d'amarrage et d'accostage,Défense,TM1,TM01,Terminal à conteneurs 2 (TC2),preventive,0,1,1
17477,Défense 20,Ouvrages d'amarrage et d'accostage,Défense,TM1,TM01,Terminal à conteneurs 2 (TC2),preventive,0,1,1
17478,Défense 21,Ouvrages d'amarrage et d'accostage,Défense,TM1,TM01,Terminal à conteneurs 2 (TC2),preventive,0,1,1
17479,Défense 22,Ouvrages d'amarrage et d'accostage,Défense,TM1,TM01,Terminal à conteneurs 2 (TC2),preventive,0,1,1
17480,Défense 23,Ouvrages d'amarrage et d'accostage,Défense,TM1,TM01,Terminal à conteneurs 2 (TC2),preventive,0,1,1
17481,Défense 24,Ouvrages d'amarrage et d'accostage,Défense,TM1,TM01,Terminal à conteneurs 2 (TC2),preventive,0,1,1
17482,Défense 25,Ouvrages d'amarrage et d'accostage,Défense,TM1,TM01,Terminal à conteneurs 2 (TC2),preventive,0,1,1
17483,Défense 26,Ouvrages d'amarrage et d'accostage,Défense,TM1,TM01,Terminal à conteneurs 2 (TC2),preventive,0,1,1
17484,Défense 27,Ouvrages d'amarrage et d'accostage,Défense,TM1,TM01,Terminal à conteneurs 2 (TC2),preventive,0,1,1
17485,Défense 28,Ouvrages d'amarrage et d'accostage,Défense,TM1,TM01,Terminal à conteneurs 2 (TC2),preventive,0,1,1
17486,Défense 29,Ouvrages d'amarrage et d'accostage,Défense,TM1,TM01,Terminal à conteneurs 2 (TC2),preventive,0,1,1
17487,Défense 30,Ouvrages d'amarrage et d'accostage,Défense,TM1,TM01,Terminal à conteneurs 2 (TC2),preventive,0,1,1
17488,Défense 31,Ouvrages d'amarrage et d'accostage,Défense,TM1,TM01,Terminal à conteneurs 2 (TC2),preventive,0,1,1
17489,Défense 32,Ouvrages d'amarrage et d'accostage,Défense,TM1,TM01,Terminal à conteneurs 2 (TC2),preventive,0,1,1
17490,Défense 33,Ouvrages d'amarrage et d'accostage,Défense,TM1,TM01,Terminal à conteneurs 2 (TC2),preventive,0,1,1
17491,Défense 34,Ouvrages d'amarrage et d'accostage,Défense,TM1,TM01,Terminal à conteneurs 2 (TC2),preventive,0,1,1
17492,Défense 35,Ouvrages d'amarrage et d'accostage,Défense,TM1,TM01,Terminal à conteneurs 2 (TC2),preventive,0,1,1
17493,Défense 36,Ouvrages d'amarrage et d'accostage,Défense,TM1,TM01,Terminal à conteneurs 2 (TC2),preventive,0,1,1
17494,Défense 37,Ouvrages d'amarrage et d'accostage,Défense,TM1,TM01,Terminal à conteneurs 2 (TC2),preventive,0,1,1
17495,Défense 38,Ouvrages d'amarrage et d'accostage,Défense,TM1,TM01,Terminal à conteneurs 2 (TC2),preventive,0,1,1
17496,Défense 39,Ouvrages d'amarrage et d'accostage,Défense,TM1,TM01,Terminal à conteneurs 2 (TC2),preventive,0,1,1
17497,Défense 40,Ouvrages d'amarrage et d'accostage,Défense,TM1,TM01,Terminal à conteneurs 2 (TC2),preventive,0,1,1
17498,Défense 41,Ouvrages d'amarrage et d'accostage,Défense,TM1,TM01,Terminal à conteneurs 2 (TC2),preventive,0,1,1
17499,Défense 42,Ouvrages d'amarrage et d'accostage,Défense,TM1,TM01,Terminal à conteneurs 2 (TC2),preventive,0,1,1
17500,Défense 43,Ouvrages d'amarrage et d'accostage,Défense,TM1,TM01,Terminal à conteneurs 2 (TC2),preventive,0,1,1
17501,Défense 44,Ouvrages d'amarrage et d'accostage,Défense,TM1,TM01,Terminal à conteneurs 2 (TC2),preventive,0,1,1
17502,Défense 45,Ouvrages d'amarrage et d'accostage,Défense,TM1,TM01,Terminal à conteneurs 2 (TC2),preventive,0,1,1
17503,Défense 46,Ouvrages d'amarrage et d'accostage,Défense,TM1,TM01,Terminal à conteneurs 2 (TC2),preventive,0,1,1
17504,Défense 47,Ouvrages d'amarrage et d'accostage,Défense,TM1,TM01,Terminal à conteneurs 2 (TC2),preventive,0,1,1
17505,Défense 48,Ouvrages d'amarrage et d'accostage,Défense,TM1,TM01,Terminal à conteneurs 2 (TC2),preventive,0,1,1
17506,Défense 49,Ouvrages d'amarrage et d'accostage,Défense,TM1,TM01,Terminal à conteneurs 2 (TC2),preventive,0,1,1
17507,Défense 50,Ouvrages d'amarrage et d'accostage,Défense,TM1,TM01,Terminal à conteneurs 2 (TC2),preventive,0,1,1
17508,Défense 51,Ouvrages d'amarrage et d'accostage,Défense,TM1,TM01,Terminal à conteneurs 2 (TC2),preventive,0,1,1
17509,Défense 52,Ouvrages d'amarrage et d'accostage,Défense,TM1,TM01,Terminal à conteneurs 2 (TC2),preventive,0,1,1
17510,Défense 53,Ouvrages d'amarrage et d'accostage,Défense,TM1,TM01,Terminal à conteneurs 2 (TC2),preventive,0,1,1
17511,Défense 54,Ouvrages d'amarrage et d'accostage,Défense,TM1,TM01,Terminal à conteneurs 2 (TC2),preventive,0,1,1
17512,Défense 55,Ouvrages d'amarrage et d'accostage,Défense,TM1,TM01,Terminal à conteneurs 2 (TC2),preventive,0,1,1
17513,Défense 56,Ouvrages d'amarrage et d'accostage,Défense,TM1,TM01,Terminal à conteneurs 2 (TC2),preventive,0,1,1
17514,Défense 57,Ouvrages d'amarrage et d'accostage,Défense,TM1,TM01,Terminal à conteneurs 2 (TC2),preventive,0,1,1
17515,Défense 58,Ouvrages d'amarrage et d'accostage,Défense,TM1,TM01,Terminal à conteneurs 2 (TC2),preventive,0,1,1
17516,Défense 59,Ouvrages d'amarrage et d'accostage,Défense,TM1,TM01,Terminal à conteneurs 2 (TC2),preventive,0,1,1
17517,Défense 60,Ouvrages d'amarrage et d'accostage,Défense,TM1,TM01,Terminal à conteneurs 2 (TC2),preventive,0,1,1
17518,Défense 61,Ouvrages d'amarrage et d'accostage,Défense,TM1,TM01,Terminal à conteneurs 2 (TC2),preventive,0,1,1
17519,Défense 62,Ouvrages d'amarrage et d'accostage,Défense,TM1,TM01,Terminal à conteneurs 2 (TC2),preventive,0,1,1
17520,Défense 63,Ouvrages d'amarrage et d'accostage,Défense,TM1,TM01,Terminal à conteneurs 2 (TC2),preventive,0,1,1
17521,Défense 64,Ouvrages d'amarrage et d'accostage,Défense,TM1,TM01,Terminal à conteneurs 2 (TC2),preventive,0,1,1
17522,Défense 65,Ouvrages d'amarrage et d'accostage,Défense,TM1,TM01,Terminal à conteneurs 2 (TC2),preventive,0,1,1
17523,Défense 66,Ouvrages d'amarrage et d'accostage,Défense,TM1,TM01,Terminal à conteneurs 2 (TC2),preventive,0,1,1
17524,Défense 67,Ouvrages d'amarrage et d'accostage,Défense,TM1,TM01,Terminal à conteneurs 2 (TC2),preventive,0,1,1
17525,Défense 68,Ouvrages d'amarrage et d'accostage,Défense,TM1,TM01,Terminal à conteneurs 2 (TC2),preventive,0,1,1
17526,Défense 69,Ouvrages d'amarrage et d'accostage,Défense,TM1,TM01,Terminal à conteneurs 2 (TC2),preventive,0,1,1
17527,Défense 70,Ouvrages d'amarrage et d'accostage,Défense,TM1,TM01,Terminal à conteneurs 2 (TC2),preventive,0,1,1
17528,Défense 71,Ouvrages d'amarrage et d'accostage,Défense,TM1,TM01,Terminal à conteneurs 2 (TC2),preventive,0,1,1
17529,Défense 72,Ouvrages d'amarrage et d'accostage,Défense,TM1,TM01,Terminal à conteneurs 2 (TC2),preventive,0,1,1
17530,Défense 73,Ouvrages d'amarrage et d'accostage,Défense,TM1,TM01,Terminal à conteneurs 2 (TC2),"corrective, preventive",1,1,2
17531,Défense 74,Ouvrages d'amarrage et d'accostage,Défense,TM1,TM01,Terminal à conteneurs 2 (TC2),preventive,0,1,1
17532,Défense 75,Ouvrages d'amarrage et d'accostage,Défense,TM1,TM01,Terminal à conteneurs 2 (TC2),preventive,0,1,1
17533,Défense 76,Ouvrages d'amarrage et d'accostage,Défense,TM1,TM01,Terminal à conteneurs 2 (TC2),preventive,0,1,1
17534,Défense 77,Ouvrages d'amarrage et d'accostage,Défense,TM1,TM01,Terminal à conteneurs 2 (TC2),preventive,0,1,1
17535,Défense 78,Ouvrages d'amarrage et d'accostage,Défense,TM1,TM01,Terminal à conteneurs 2 (TC2),preventive,0,1,1
17536,Défense 79,Ouvrages d'amarrage et d'accostage,Défense,TM1,TM01,Terminal à conteneurs 2 (TC2),preventive,0,1,1
17537,Défense 80,Ouvrages d'amarrage et d'accostage,Défense,TM1,TM01,Terminal à conteneurs 2 (TC2),preventive,0,1,1
17538,Défense 81,Ouvrages d'amarrage et d'accostage,Défense,TM1,TM01,Terminal à conteneurs 2 (TC2),preventive,0,1,1
17539,Défense 82,Ouvrages d'amarrage et d'accostage,Défense,TM1,TM01,Terminal à conteneurs 1 (TC1),preventive,0,1,1
17540,Défense 83,Ouvrages d'amarrage et d'accostage,Défense,TM1,TM01,Terminal à conteneurs 1 (TC1),preventive,0,1,1
17541,Défense 84,Ouvrages d'amarrage et d'accostage,Défense,TM1,TM01,Terminal à conteneurs 1 (TC1),preventive,0,1,1
17542,Défense 85,Ouvrages d'amarrage et d'accostage,Défense,TM1,TM01,Terminal à conteneurs 1 (TC1),preventive,0,1,1
17543,Défense 86,Ouvrages d'amarrage et d'accostage,Défense,TM1,TM01,Terminal à conteneurs 1 (TC1),preventive,0,1,1
17544,Défense 87,Ouvrages d'amarrage et d'accostage,Défense,TM1,TM01,Terminal à conteneurs 1 (TC1),preventive,0,1,1
17545,Défense 88,Ouvrages d'amarrage et d'accostage,Défense,TM1,TM01,Terminal à conteneurs 1 (TC1),preventive,0,1,1
17546,Défense 89,Ouvrages d'amarrage et d'accostage,Défense,TM1,TM01,Terminal à conteneurs 1 (TC1),preventive,0,1,1
17547,Défense 90,Ouvrages d'amarrage et d'accostage,Défense,TM1,TM01,Terminal à conteneurs 1 (TC1),preventive,0,1,1
17548,Défense 91,Ouvrages d'amarrage et d'accostage,Défense,TM1,TM01,Terminal à conteneurs 1 (TC1),preventive,0,1,1
17549,Défense 92,Ouvrages d'amarrage et d'accostage,Défense,TM1,TM01,Terminal à conteneurs 1 (TC1),preventive,0,1,1
17550,Défense 93,Ouvrages d'amarrage et d'accostage,Défense,TM1,TM01,Terminal à conteneurs 1 (TC1),preventive,0,1,1
17551,Défense 94,Ouvrages d'amarrage et d'accostage,Défense,TM1,TM01,Terminal à conteneurs 1 (TC1),preventive,0,1,1
17552,Défense 95,Ouvrages d'amarrage et d'accostage,Défense,TM1,TM01,Terminal à conteneurs 1 (TC1),preventive,0,1,1
17553,Défense 96,Ouvrages d'amarrage et d'accostage,Défense,TM1,TM01,Terminal à conteneurs 1 (TC1),preventive,0,1,1
17554,Défense 97,Ouvrages d'amarrage et d'accostage,Défense,TM1,TM01,Terminal à conteneurs 1 (TC1),preventive,0,1,1
17555,Défense 98,Ouvrages d'amarrage et d'accostage,Défense,TM1,TM01,Terminal à conteneurs 1 (TC1),preventive,0,1,1
17556,Défense 99,Ouvrages d'amarrage et d'accostage,Défense,TM1,TM01,Terminal à conteneurs 1 (TC1),preventive,0,1,1
17557,Défense 100,Ouvrages d'amarrage et d'accostage,Défense,TM1,TM01,Terminal à conteneurs 1 (TC1),preventive,0,1,1
17558,Défense 101,Ouvrages d'amarrage et d'accostage,Défense,TM1,TM01,Terminal à conteneurs 1 (TC1),preventive,0,1,1
17559,Défense 102,Ouvrages d'amarrage et d'accostage,Défense,TM1,TM01,Terminal à conteneurs 1 (TC1),preventive,0,1,1
17560,Défense 103,Ouvrages d'amarrage et d'accostage,Défense,TM1,TM01,Terminal à conteneurs 1 (TC1),preventive,0,1,1
17561,Défense 104,Ouvrages d'amarrage et d'accostage,Défense,TM1,TM01,Terminal à conteneurs 1 (TC1),preventive,0,1,1
17562,Défense 105,Ouvrages d'amarrage et d'accostage,Défense,TM1,TM01,Terminal à conteneurs 1 (TC1),preventive,0,1,1
17563,Défense 106,Ouvrages d'amarrage et d'accostage,Défense,TM1,TM01,Terminal à conteneurs 1 (TC1),preventive,0,1,1
17564,Défense 107,Ouvrages d'amarrage et d'accostage,Défense,TM1,TM01,Terminal à conteneurs 1 (TC1),preventive,0,1,1
17565,Défense 108,Ouvrages d'amarrage et d'accostage,Défense,TM1,TM01,Terminal à conteneurs 1 (TC1),preventive,0,1,1
17566,Défense 109,Ouvrages d'amarrage et d'accostage,Défense,TM1,TM01,Terminal à conteneurs 1 (TC1),preventive,0,1,1
17567,Défense 110,Ouvrages d'amarrage et d'accostage,Défense,TM1,TM01,Terminal à conteneurs 1 (TC1),preventive,0,1,1
17568,Défense 111,Ouvrages d'amarrage et d'accostage,Défense,TM1,TM01,Terminal à conteneurs 1 (TC1),preventive,0,1,1
17569,Défense 112,Ouvrages d'amarrage et d'accostage,Défense,TM1,TM01,Terminal à conteneurs 1 (TC1),preventive,0,1,1
17570,Défense 113,Ouvrages d'amarrage et d'accostage,Défense,TM1,TM01,Terminal à conteneurs 1 (TC1),preventive,0,1,1
17571,Défense 114,Ouvrages d'amarrage et d'accostage,Défense,TM1,TM01,Terminal à conteneurs 1 (TC1),preventive,0,1,1
17572,Défense 115,Ouvrages d'amarrage et d'accostage,Défense,TM1,TM01,Terminal à conteneurs 1 (TC1),preventive,0,1,1
17573,Défense 116,Ouvrages d'amarrage et d'accostage,Défense,TM1,TM01,Terminal à conteneurs 1 (TC1),preventive,0,1,1
17574,Défense 117,Ouvrages d'amarrage et d'accostage,Défense,TM1,TM01,Terminal à conteneurs 1 (TC1),preventive,0,1,1
17575,Défense 118,Ouvrages d'amarrage et d'accostage,Défense,TM1,TM01,Terminal à conteneurs 1 (TC1),preventive,0,1,1
17576,Défense 119,Ouvrages d'amarrage et d'accostage,Défense,TM1,TM01,Terminal à conteneurs 1 (TC1),preventive,0,1,1
17577,Défense 120,Ouvrages d'amarrage et d'accostage,Défense,TM1,TM01,Terminal à conteneurs 1 (TC1),preventive,0,1,1
17578,Défense 121,Ouvrages d'amarrage et d'accostage,Défense,TM1,TM01,Terminal à conteneurs 1 (TC1),preventive,0,1,1
17579,Défense 122,Ouvrages d'amarrage et d'accostage,Défense,TM1,TM01,Terminal à conteneurs 1 (TC1),preventive,0,1,1
17580,Défense 123,Ouvrages d'amarrage et d'accostage,Défense,TM1,TM01,Terminal à conteneurs 1 (TC1),preventive,0,1,1
17581,Défense 124,Ouvrages d'amarrage et d'accostage,Défense,TM1,TM01,Terminal à conteneurs 1 (TC1),preventive,0,1,1
17582,Défense 125,Ouvrages d'amarrage et d'accostage,Défense,TM1,TM01,Terminal à conteneurs 1 (TC1),preventive,0,1,1
17583,Défense 126,Ouvrages d'amarrage et d'accostage,Défense,TM1,TM01,Terminal à conteneurs 1 (TC1),preventive,0,1,1
17584,Défense 127,Ouvrages d'amarrage et d'accostage,Défense,TM1,TM01,Terminal à conteneurs 1 (TC1),preventive,0,1,1
17585,Défense 128,Ouvrages d'amarrage et d'accostage,Défense,TM1,TM01,Terminal à conteneurs 1 (TC1),preventive,0,1,1
17586,Défense 129,Ouvrages d'amarrage et d'accostage,Défense,TM1,TM01,Terminal à conteneurs 1 (TC1),preventive,0,1,1
17587,Défense 130,Ouvrages d'amarrage et d'accostage,Défense,TM1,TM01,Terminal à conteneurs 1 (TC1),preventive,0,1,1
17588,Défense 131,Ouvrages d'amarrage et d'accostage,Défense,TM1,TM01,Terminal à conteneurs 1 (TC1),preventive,0,1,1
17589,Défense 132,Ouvrages d'amarrage et d'accostage,Défense,TM1,TM01,Terminal à conteneurs 1 (TC1),preventive,0,1,1
17590,Défense 133,Ouvrages d'amarrage et d'accostage,Défense,TM1,TM01,Terminal à conteneurs 1 (TC1),preventive,0,1,1
17591,Défense 134,Ouvrages d'amarrage et d'accostage,Défense,TM1,TM01,Terminal à conteneurs 1 (TC1),preventive,0,1,1
17592,Défense 135,Ouvrages d'amarrage et d'accostage,Défense,TM1,TM01,Terminal à conteneurs 1 (TC1),preventive,0,1,1
17593,Défense 136,Ouvrages d'amarrage et d'accostage,Défense,TM1,TM01,Terminal à conteneurs 1 (TC1),preventive,0,1,1
17594,Défense 137,Ouvrages d'amarrage et d'accostage,Défense,TM1,TM01,Terminal à conteneurs 1 (TC1),preventive,0,1,1
17595,Défense 138,Ouvrages d'amarrage et d'accostage,Défense,TM1,TM01,Terminal à conteneurs 1 (TC1),preventive,0,1,1
17596,Défense 139,Ouvrages d'amarrage et d'accostage,Défense,TM1,TM01,Terminal à conteneurs 1 (TC1),preventive,0,1,1
17597,Défense 140,Ouvrages d'amarrage et d'accostage,Défense,TM1,TM01,Terminal à conteneurs 1 (TC1),preventive,0,1,1
17598,Défense 141,Ouvrages d'amarrage et d'accostage,Défense,TM1,TM01,Terminal à conteneurs 1 (TC1),preventive,0,1,1
17599,Défense 142,Ouvrages d'amarrage et d'accostage,Défense,TM1,TM01,Terminal à conteneurs 1 (TC1),preventive,0,1,1
17600,Défense 143,Ouvrages d'amarrage et d'accostage,Défense,TM1,TM01,Terminal à conteneurs 1 (TC1),preventive,0,1,1
17601,Défense 144,Ouvrages d'amarrage et d'accostage,Défense,TM1,TM01,Terminal à conteneurs 1 (TC1),preventive,0,1,1
17602,Défense 145,Ouvrages d'amarrage et d'accostage,Défense,TM1,TM01,Terminal à conteneurs 1 (TC1),preventive,0,1,1
17603,Défense 146,Ouvrages d'amarrage et d'accostage,Défense,TM1,TM01,Terminal à conteneurs 1 (TC1),preventive,0,1,1
17604,Défense 147,Ouvrages d'amarrage et d'accostage,Défense,TM1,TM01,Terminal à conteneurs 1 (TC1),preventive,0,1,1
17605,Défense 148,Ouvrages d'amarrage et d'accostage,Défense,TM1,TM01,Terminal à conteneurs 1 (TC1),preventive,0,1,1
17606,Défense 149,Ouvrages d'amarrage et d'accostage,Défense,TM1,TM01,Terminal à conteneurs 1 (TC1),preventive,0,1,1
17607,Défense 150,Ouvrages d'amarrage et d'accostage,Défense,TM1,TM01,Terminal à conteneurs 1 (TC1),preventive,0,1,1
17608,Défense 151,Ouvrages d'amarrage et d'accostage,Défense,TM1,TM01,Terminal à conteneurs 1 (TC1),preventive,0,1,1
17609,Défense 152,Ouvrages d'amarrage et d'accostage,Défense,TM1,TM01,Terminal à conteneurs 1 (TC1),preventive,0,1,1
17610,Défense 153,Ouvrages d'amarrage et d'accostage,Défense,TM1,TM01,Terminal à conteneurs 1 (TC1),preventive,0,1,1
17611,Défense 154,Ouvrages d'amarrage et d'accostage,Défense,TM1,TM01,Terminal à conteneurs 1 (TC1),preventive,0,1,1
17612,Défense 155,Ouvrages d'amarrage et d'accostage,Défense,TM1,TM01,Terminal à conteneurs 1 (TC1),preventive,0,1,1
17613,Défense 156,Ouvrages d'amarrage et d'accostage,Défense,TM1,TM01,Terminal à conteneurs 1 (TC1),preventive,0,1,1
17614,Défense 157,Ouvrages d'amarrage et d'accostage,Défense,TM1,TM01,Terminal à conteneurs 1 (TC1),preventive,0,1,1
17615,Défense 158,Ouvrages d'amarrage et d'accostage,Défense,TM1,TM01,Terminal à conteneurs 1 (TC1),preventive,0,1,1
17616,Défense 159,Ouvrages d'amarrage et d'accostage,Défense,TM1,TM01,Terminal à conteneurs 1 (TC1),preventive,0,1,1
17617,Défense 160,Ouvrages d'amarrage et d'accostage,Défense,TM1,TM01,Terminal à conteneurs 1 (TC1),preventive,0,1,1
17618,Défense 161,Ouvrages d'amarrage et d'accostage,Défense,TM1,TM01,Terminal à conteneurs 1 (TC1),preventive,0,1,1
17659,Bollard 20 - 100T,Ouvrages d'amarrage et d'accostage,Bollard,TM1,TM01,Quai pétrolier 2Bis,"corrective, preventive",1,1,2
17660,Bollard 19 - 100T,Ouvrages d'amarrage et d'accostage,Bollard,TM1,TM01,Quai pétrolier 2Bis,"corrective, preventive",1,1,2
17661,Bollard 18 - 100T,Ouvrages d'amarrage et d'accostage,Bollard,TM1,TM01,Quai pétrolier 2Bis,"corrective, preventive",1,1,2
17662,Bollard 17 - 100T,Ouvrages d'amarrage et d'accostage,Bollard,TM1,TM01,Quai pétrolier 2Bis,preventive,0,1,1
17663,Bollard 16 - 100T,Ouvrages d'amarrage et d'accostage,Bollard,TM1,TM01,Quai pétrolier 2Bis,preventive,0,1,1
17664,Bollard 15 - 100T,Ouvrages d'amarrage et d'accostage,Bollard,TM1,TM01,Quai Vraquiers,preventive,0,1,1
17665,Bollard 14 - 100T,Ouvrages d'amarrage et d'accostage,Bollard,TM1,TM01,Quai Vraquiers,preventive,0,1,1
17666,Bollard 13 - 100T,Ouvrages d'amarrage et d'accostage,Bollard,TM1,TM01,Quai Vraquiers,preventive,0,1,1
17667,Bollard 12 - 100T,Ouvrages d'amarrage et d'accostage,Bollard,TM1,TM01,Quai Vraquiers,preventive,0,1,1
17668,Bollard 11 - 100T,Ouvrages d'amarrage et d'accostage,Bollard,TM1,TM01,Quai Vraquiers,preventive,0,1,1
17669,Bollard 10 - 100T,Ouvrages d'amarrage et d'accostage,Bollard,TM1,TM01,Quai Vraquiers,preventive,0,1,1
17670,Bollard 09 - 100T,Ouvrages d'amarrage et d'accostage,Bollard,TM1,TM01,Quai Vraquiers,preventive,0,1,1
17671,Bollard 08 - 100T,Ouvrages d'amarrage et d'accostage,Bollard,TM1,TM01,Quai Vraquiers,preventive,0,1,1
17672,Bollard 07 - 100T,Ouvrages d'amarrage et d'accostage,Bollard,TM1,TM01,Quai Vraquiers,preventive,0,1,1
17673,Bollard 06 - 100T,Ouvrages d'amarrage et d'accostage,Bollard,TM1,TM01,Quai Vraquiers,preventive,0,1,1
17674,Bollard 05 - 100T,Ouvrages d'amarrage et d'accostage,Bollard,TM1,TM01,Quai Vraquiers,preventive,0,1,1
17675,Bollard 04 - 100T,Ouvrages d'amarrage et d'accostage,Bollard,TM1,TM01,Quai Vraquiers,preventive,0,1,1
17676,Bollard 03 - 100T,Ouvrages d'amarrage et d'accostage,Bollard,TM1,TM01,Quai Vraquiers,preventive,0,1,1
17677,Bollard 02 - 100T,Ouvrages d'amarrage et d'accostage,Bollard,TM1,TM01,Quai Vraquiers,preventive,0,1,1
17678,Bollard 01 - 100T,Ouvrages d'amarrage et d'accostage,Bollard,TM1,TM01,Quai Vraquiers,preventive,0,1,1
17679,Défense 40,Ouvrages d'amarrage et d'accostage,Défense,TM1,TM01,Poste pétrolier 2Bis,"corrective, preventive",1,1,2
17680,Défense 39,Ouvrages d'amarrage et d'accostage,Défense,TM1,TM01,Quai pétrolier 2Bis,"corrective, preventive",1,1,2
17681,Défense 38,Ouvrages d'amarrage et d'accostage,Défense,TM1,TM01,Quai pétrolier 2Bis,"corrective, preventive",1,1,2
17682,Défense 37,Ouvrages d'amarrage et d'accostage,Défense,TM1,TM01,Quai pétrolier 2Bis,"corrective, preventive",1,1,2
17683,Défense 36,Ouvrages d'amarrage et d'accostage,Défense,TM1,TM01,Quai pétrolier 2Bis,"corrective, preventive",1,1,2
17684,Défense 35,Ouvrages d'amarrage et d'accostage,Défense,TM1,TM01,Quai pétrolier 2Bis,"corrective, preventive",1,1,2
17685,Défense 34,Ouvrages d'amarrage et d'accostage,Défense,TM1,TM01,Quai pétrolier 2Bis,"corrective, preventive",1,1,2
17686,Défense 33,Ouvrages d'amarrage et d'accostage,Défense,TM1,TM01,Quai pétrolier 2Bis,"corrective, preventive",1,1,2
17687,Défense 32,Ouvrages d'amarrage et d'accostage,Défense,TM1,TM01,Quai pétrolier 2Bis,"corrective, preventive",1,1,2
17688,Défense 31,Ouvrages d'amarrage et d'accostage,Défense,TM1,TM01,Quai Vraquiers,"corrective, preventive",1,1,2
17689,Défense 30,Ouvrages d'amarrage et d'accostage,Défense,TM1,TM01,Quai Vraquiers,"corrective, preventive",1,1,2
17690,Défense 29,Ouvrages d'amarrage et d'accostage,Défense,TM1,TM01,Quai Vraquiers,preventive,0,1,1
17691,Défense 28,Ouvrages d'amarrage et d'accostage,Défense,TM1,TM01,Quai Vraquiers,"corrective, preventive",1,1,2
17692,Défense 27,Ouvrages d'amarrage et d'accostage,Défense,TM1,TM01,Quai Vraquiers,preventive,0,1,1
17693,Défense 26,Ouvrages d'amarrage et d'accostage,Défense,TM1,TM01,Quai Vraquiers,preventive,0,1,1
17694,Défense 25,Ouvrages d'amarrage et d'accostage,Défense,TM1,TM01,Quai Vraquiers,preventive,0,1,1
17695,Défense 24,Ouvrages d'amarrage et d'accostage,Défense,TM1,TM01,Quai Vraquiers,"corrective, preventive",2,1,3
17696,Défense 23,Ouvrages d'amarrage et d'accostage,Défense,TM1,TM01,Quai Vraquiers,preventive,0,1,1
17697,Défense 22,Ouvrages d'amarrage et d'accostage,Défense,TM1,TM01,Quai Vraquiers,"corrective, preventive",1,1,2
17698,Défense 21,Ouvrages d'amarrage et d'accostage,Défense,TM1,TM01,Quai Vraquiers,preventive,0,1,1
17699,Défense 20,Ouvrages d'amarrage et d'accostage,Défense,TM1,TM01,Quai Vraquiers,"corrective, preventive",1,1,2
17700,Défense 19,Ouvrages d'amarrage et d'accostage,Défense,TM1,TM01,Quai Vraquiers,"corrective, preventive",1,1,2
17701,Défense 18,Ouvrages d'amarrage et d'accostage,Défense,TM1,TM01,Quai Vraquiers,"corrective, preventive",1,1,2
17702,Défense 17,Ouvrages d'amarrage et d'accostage,Défense,TM1,TM01,Quai Vraquiers,"corrective, preventive",1,1,2
17703,Défense 16,Ouvrages d'amarrage et d'accostage,Défense,TM1,TM01,Quai Vraquiers,"corrective, preventive",1,1,2
17704,Défense 15,Ouvrages d'amarrage et d'accostage,Défense,TM1,TM01,Quai Vraquiers,preventive,0,1,1
17705,Défense 14,Ouvrages d'amarrage et d'accostage,Défense,TM1,TM01,Quai Vraquiers,preventive,0,1,1
17706,Défense 13,Ouvrages d'amarrage et d'accostage,Défense,TM1,TM01,Quai Vraquiers,preventive,0,1,1
17707,Défense 12,Ouvrages d'amarrage et d'accostage,Défense,TM1,TM01,Quai Vraquiers,"corrective, preventive",1,1,2
17708,Défense 11,Ouvrages d'amarrage et d'accostage,Défense,TM1,TM01,Quai Vraquiers,preventive,0,1,1
17709,Défense 10,Ouvrages d'amarrage et d'accostage,Défense,TM1,TM01,Quai Vraquiers,preventive,0,1,1
17710,Défense 09,Ouvrages d'amarrage et d'accostage,Défense,TM1,TM01,Quai Vraquiers,"corrective, preventive",1,1,2
17711,Défense 08,Ouvrages d'amarrage et d'accostage,Défense,TM1,TM01,Quai Vraquiers,"corrective, preventive",1,1,2
17712,Défense 07,Ouvrages d'amarrage et d'accostage,Défense,TM1,TM01,Quai Vraquiers,"corrective, preventive",1,1,2
17713,Défense 06,Ouvrages d'amarrage et d'accostage,Défense,TM1,TM01,Quai Vraquiers,preventive,0,1,1
17714,Défense 05,Ouvrages d'amarrage et d'accostage,Défense,TM1,TM01,Quai Vraquiers,preventive,0,1,1
17715,Défense 04,Ouvrages d'amarrage et d'accostage,Défense,TM1,TM01,Quai Vraquiers,"corrective, preventive",1,1,2
17716,Défense 03,Ouvrages d'amarrage et d'accostage,Défense,TM1,TM01,Quai Vraquiers,"corrective, preventive",1,1,2
17717,Défense 02,Ouvrages d'amarrage et d'accostage,Défense,TM1,TM01,Quai Vraquiers,preventive,0,1,1
17718,Défense 01,Ouvrages d'amarrage et d'accostage,Défense,TM1,TM01,Quai Vraquiers,preventive,0,1,1
17719,Croc 08 - 150T,Ouvrages d'amarrage et d'accostage,Croc,TM1,TM01,Poste  pétrolier 1,preventive,0,1,1
17720,Croc 07 - 150T,Ouvrages d'amarrage et d'accostage,Croc,TM1,TM01,Poste  pétrolier 1,preventive,0,1,1
17721,Croc 06 - 150T,Ouvrages d'amarrage et d'accostage,Croc,TM1,TM01,Poste  pétrolier 1,preventive,0,1,1
17722,Bollard 05 - 75T,Ouvrages d'amarrage et d'accostage,Bollard,TM1,TM01,Poste  pétrolier 1,preventive,0,1,1
17723,Croc 04 - 75T,Ouvrages d'amarrage et d'accostage,Croc,TM1,TM01,Poste  pétrolier 1,preventive,0,1,1
17724,Croc 03 - 150T,Ouvrages d'amarrage et d'accostage,Croc,TM1,TM01,Poste  pétrolier 1,preventive,0,1,1
17725,Croc 02 - 150T,Ouvrages d'amarrage et d'accostage,Croc,TM1,TM01,Poste  pétrolier 1,preventive,0,1,1
17726,Bollard 01 - 150T,Ouvrages d'amarrage et d'accostage,Bollard,TM1,TM01,Poste  pétrolier 1,preventive,0,1,1
17765,Tronçon 1,Ouvrages hydrauliques,Ouvrage hydraulique,TM1,TM01,OHydr1,corrective,1,0,1
17792,Tronçon 9,Ouvrages hydrauliques,Ouvrage hydraulique,PPR,PPR01,OHydr1,corrective,1,0,1
17903,Bollard 01 - 30T,Ouvrages d'amarrage et d'accostage,Bollard,TM1,TM01,Quai de service 1,preventive,0,1,1
17904,Bollard 02 - 30T,Ouvrages d'amarrage et d'accostage,Bollard,TM1,TM01,Quai de service 1,preventive,0,1,1
17905,Bollard 03 - 30T,Ouvrages d'amarrage et d'accostage,Bollard,TM1,TM01,Quai de service 1,preventive,0,1,1
17906,Bollard 04 - 30T,Ouvrages d'amarrage et d'accostage,Bollard,TM1,TM01,Quai de service 1,preventive,0,1,1
17907,Bollard 05 - 30T,Ouvrages d'amarrage et d'accostage,Bollard,TM1,TM01,Quai de service 1,preventive,0,1,1
17908,Bollard 06 - 30T,Ouvrages d'amarrage et d'accostage,Bollard,TM1,TM01,Quai de service 1,preventive,0,1,1
17909,Bollard 07 - 30T,Ouvrages d'amarrage et d'accostage,Bollard,TM1,TM01,Quai de service 1,preventive,0,1,1
17910,Bollard 08 - 30T,Ouvrages d'amarrage et d'accostage,Bollard,TM1,TM01,Quai de service 1,preventive,0,1,1
17911,Bollard 09 - 30T,Ouvrages d'amarrage et d'accostage,Bollard,TM1,TM01,Quai de service 1,preventive,0,1,1
17912,Bollard 10 - 30T,Ouvrages d'amarrage et d'accostage,Bollard,TM1,TM01,Quai de service 1,preventive,0,1,1
17913,Bollard 11 - 30T,Ouvrages d'amarrage et d'accostage,Bollard,TM1,TM01,Quai de service 1,preventive,0,1,1
17914,Bollard 12 - 30T,Ouvrages d'amarrage et d'accostage,Bollard,TM1,TM01,Quai de service 1,preventive,0,1,1
17915,Bollard 13 - 30T,Ouvrages d'amarrage et d'accostage,Bollard,TM1,TM01,Quai de service 1,preventive,0,1,1
17916,Bollard 14 - 30T,Ouvrages d'amarrage et d'accostage,Bollard,TM1,TM01,Quai de service 1,preventive,0,1,1
17917,Bollard 15 - 30T,Ouvrages d'amarrage et d'accostage,Bollard,TM1,TM01,Quai de service 1,preventive,0,1,1
17918,Bollard 16 - 30T,Ouvrages d'amarrage et d'accostage,Bollard,TM1,TM01,Quai de service 1,preventive,0,1,1
17919,Bollard 17 - 30T,Ouvrages d'amarrage et d'accostage,Bollard,TM1,TM01,Quai de service 1,preventive,0,1,1
17920,Bollard 18 - 30T,Ouvrages d'amarrage et d'accostage,Bollard,TM1,TM01,Quai de service 1,preventive,0,1,1
17921,Bollard 19 - 30T,Ouvrages d'amarrage et d'accostage,Bollard,TM1,TM01,Quai de service 1,preventive,0,1,1
17922,Bollard 20 - 30T,Ouvrages d'amarrage et d'accostage,Bollard,TM1,TM01,Quai de service 1,preventive,0,1,1
17923,Bollard 21 - 30T,Ouvrages d'amarrage et d'accostage,Bollard,TM1,TM01,Quai de service 1,preventive,0,1,1
17924,Bollard 22 - 30T,Ouvrages d'amarrage et d'accostage,Bollard,TM1,TM01,Quai de service 1,preventive,0,1,1
17925,Bollard 23 - 30T,Ouvrages d'amarrage et d'accostage,Bollard,TM1,TM01,Quai de service 1,preventive,0,1,1
17926,Bollard 24 - 30T,Ouvrages d'amarrage et d'accostage,Bollard,TM1,TM01,Quai de service 1,preventive,0,1,1
17927,Bollard 25 - 30T,Ouvrages d'amarrage et d'accostage,Bollard,TM1,TM01,Quai de service 1,preventive,0,1,1
17928,Bollard 26 - 30T,Ouvrages d'amarrage et d'accostage,Bollard,TM1,TM01,Quai de service 1,preventive,0,1,1
17929,Bollard 27 - 30T,Ouvrages d'amarrage et d'accostage,Bollard,TM1,TM01,Quai de service 1,preventive,0,1,1
17930,Bollard 28 - 30T,Ouvrages d'amarrage et d'accostage,Bollard,TM1,TM01,Quai de service 1,preventive,0,1,1
17931,Bollard 29 - 30T,Ouvrages d'amarrage et d'accostage,Bollard,TM1,TM01,Quai de service 1,preventive,0,1,1
17932,Bollard 30 - 30T,Ouvrages d'amarrage et d'accostage,Bollard,TM1,TM01,Quai de service 1,preventive,0,1,1
17933,Défense 07,Ouvrages d'amarrage et d'accostage,Défense,TM1,TM01,Poste  pétrolier 1,preventive,0,1,1
17934,Défense 06,Ouvrages d'amarrage et d'accostage,Défense,TM1,TM01,Poste  pétrolier 1,preventive,0,1,1
17935,Défense 05,Ouvrages d'amarrage et d'accostage,Défense,TM1,TM01,Poste  pétrolier 1,preventive,0,1,1
17936,Défense 04,Ouvrages d'amarrage et d'accostage,Défense,TM1,TM01,Poste  pétrolier 1,preventive,0,1,1
17937,Défense 03,Ouvrages d'amarrage et d'accostage,Défense,TM1,TM01,Poste  pétrolier 1,preventive,0,1,1
17938,Défense 02,Ouvrages d'amarrage et d'accostage,Défense,TM1,TM01,Poste  pétrolier 1,preventive,0,1,1
17939,Défense 01,Ouvrages d'amarrage et d'accostage,Défense,TM1,TM01,Poste  pétrolier 1,preventive,0,1,1
17940,Défense 01,Ouvrages d'amarrage et d'accostage,Défense,TM1,TM01,Rampe Car Carrier Sud,preventive,0,1,1
17941,Défense 02,Ouvrages d'amarrage et d'accostage,Défense,TM1,TM01,Rampe Car Carrier Sud,preventive,0,1,1
17942,Défense 03,Ouvrages d'amarrage et d'accostage,Défense,TM1,TM01,Rampe Car Carrier Sud,preventive,0,1,1
17943,Défense 04,Ouvrages d'amarrage et d'accostage,Défense,TM1,TM01,Rampe Car Carrier Sud,preventive,0,1,1
17944,Défense 05,Ouvrages d'amarrage et d'accostage,Défense,TM1,TM01,Rampe Car Carrier Sud,preventive,0,1,1
17945,Défense 06,Ouvrages d'amarrage et d'accostage,Défense,TM1,TM01,Rampe Car Carrier Sud,preventive,0,1,1
17946,Défense 07,Ouvrages d'amarrage et d'accostage,Défense,TM1,TM01,Rampe Car Carrier Sud,preventive,0,1,1
17947,Défense 08,Ouvrages d'amarrage et d'accostage,Défense,TM1,TM01,Rampe Car Carrier Sud,preventive,0,1,1
17948,Défense 01,Ouvrages d'amarrage et d'accostage,Défense,TM1,TM01,Môle Car Carrier Sud,"corrective, preventive",1,1,2
17949,Défense 02,Ouvrages d'amarrage et d'accostage,Défense,TM1,TM01,Môle Car Carrier Sud,preventive,0,1,1
17950,Défense 03,Ouvrages d'amarrage et d'accostage,Défense,TM1,TM01,Môle Car Carrier Sud,preventive,0,1,1
17951,Défense 04,Ouvrages d'amarrage et d'accostage,Défense,TM1,TM01,Môle Car Carrier,preventive,0,1,1
17952,Défense 05,Ouvrages d'amarrage et d'accostage,Défense,TM1,TM01,Môle Car Carrier,preventive,0,1,1
17953,Défense 06,Ouvrages d'amarrage et d'accostage,Défense,TM1,TM01,Môle Car Carrier,preventive,0,1,1
17954,Défense 07,Ouvrages d'amarrage et d'accostage,Défense,TM1,TM01,Môle Car Carrier,preventive,0,1,1
17955,Défense 08,Ouvrages d'amarrage et d'accostage,Défense,TM1,TM01,Môle Car Carrier,preventive,0,1,1
17956,Défense 09,Ouvrages d'amarrage et d'accostage,Défense,TM1,TM01,Môle Car Carrier,preventive,0,1,1
17957,Défense 10,Ouvrages d'amarrage et d'accostage,Défense,TM1,TM01,Môle Car Carrier,preventive,0,1,1
17958,Défense 11,Ouvrages d'amarrage et d'accostage,Défense,TM1,TM01,Môle Car Carrier,preventive,0,1,1
17959,Défense 12,Ouvrages d'amarrage et d'accostage,Défense,TM1,TM01,Môle Car Carrier,preventive,0,1,1
17960,Défense 13,Ouvrages d'amarrage et d'accostage,Défense,TM1,TM01,Môle Car Carrier,preventive,0,1,1
17961,Défense 14,Ouvrages d'amarrage et d'accostage,Défense,TM1,TM01,Môle Car Carrier,preventive,0,1,1
17962,Défense 15,Ouvrages d'amarrage et d'accostage,Défense,TM1,TM01,Môle Car Carrier,preventive,0,1,1
17963,Défense 16,Ouvrages d'amarrage et d'accostage,Défense,TM1,TM01,Môle Car Carrier,preventive,0,1,1
17964,Défense 17,Ouvrages d'amarrage et d'accostage,Défense,TM1,TM01,Môle Car Carrier,preventive,0,1,1
17965,Défense 18,Ouvrages d'amarrage et d'accostage,Défense,TM1,TM01,Môle Car Carrier,preventive,0,1,1
17966,Défense 19,Ouvrages d'amarrage et d'accostage,Défense,TM1,TM01,Môle Car Carrier,preventive,0,1,1
17967,Défense 20,Ouvrages d'amarrage et d'accostage,Défense,TM1,TM01,Môle Car Carrier,preventive,0,1,1
17968,Défense 21,Ouvrages d'amarrage et d'accostage,Défense,TM1,TM01,Môle Car Carrier,preventive,0,1,1
17969,Défense 22,Ouvrages d'amarrage et d'accostage,Défense,TM1,TM01,Môle Car Carrier,preventive,0,1,1
17970,Défense 23,Ouvrages d'amarrage et d'accostage,Défense,TM1,TM01,Môle Car Carrier,preventive,0,1,1
17971,Défense 24,Ouvrages d'amarrage et d'accostage,Défense,TM1,TM01,Môle Car Carrier,preventive,0,1,1
17972,Défense 25,Ouvrages d'amarrage et d'accostage,Défense,TM1,TM01,Môle Car Carrier,preventive,0,1,1
17973,Défense 26,Ouvrages d'amarrage et d'accostage,Défense,TM1,TM01,Môle Car Carrier,preventive,0,1,1
17974,Défense 27,Ouvrages d'amarrage et d'accostage,Défense,TM1,TM01,Môle Car Carrier,preventive,0,1,1
17975,Défense 28,Ouvrages d'amarrage et d'accostage,Défense,TM1,TM01,Môle Car Carrier,preventive,0,1,1
17976,Défense 29,Ouvrages d'amarrage et d'accostage,Défense,TM1,TM01,Môle Car Carrier,preventive,0,1,1
17977,Défense 30,Ouvrages d'amarrage et d'accostage,Défense,TM1,TM01,Môle Car Carrier,"corrective, preventive",1,1,2
17978,Défense 31,Ouvrages d'amarrage et d'accostage,Défense,TM1,TM01,Môle Car Carrier,"corrective, preventive",1,1,2
17979,Défense 32,Ouvrages d'amarrage et d'accostage,Défense,TM1,TM01,Môle Car Carrier,preventive,0,1,1
17980,Défense 33,Ouvrages d'amarrage et d'accostage,Défense,TM1,TM01,Môle Car Carrier,preventive,0,1,1
17981,Défense 34,Ouvrages d'amarrage et d'accostage,Défense,TM1,TM01,Môle Car Carrier,preventive,0,1,1
17982,Défense 35,Ouvrages d'amarrage et d'accostage,Défense,TM1,TM01,Môle Car Carrier,"corrective, preventive",1,1,2
17983,Défense 36,Ouvrages d'amarrage et d'accostage,Défense,TM1,TM01,Môle Car Carrier,"corrective, preventive",1,1,2
17984,Défense 37,Ouvrages d'amarrage et d'accostage,Défense,TM1,TM01,Môle Car Carrier,preventive,0,1,1
17985,Défense 38,Ouvrages d'amarrage et d'accostage,Défense,TM1,TM01,Môle Car Carrier,preventive,0,1,1
17986,Défense 39,Ouvrages d'amarrage et d'accostage,Défense,TM1,TM01,Môle Car Carrier,preventive,0,1,1
17987,Défense 40,Ouvrages d'amarrage et d'accostage,Défense,TM1,TM01,Môle Car Carrier,preventive,0,1,1
17988,Défense 41,Ouvrages d'amarrage et d'accostage,Défense,TM1,TM01,Môle Car Carrier,"corrective, preventive",1,1,2
17989,Défense 42,Ouvrages d'amarrage et d'accostage,Défense,TM1,TM01,Môle Car Carrier,preventive,0,1,1
17990,Défense 03,Ouvrages d'amarrage et d'accostage,Défense,TM1,TM01,Rampe Car Carrier Nord,preventive,0,1,1
17991,Défense 02,Ouvrages d'amarrage et d'accostage,Défense,TM1,TM01,Rampe Car Carrier Nord,preventive,0,1,1
17992,Défense 01,Ouvrages d'amarrage et d'accostage,Défense,TM1,TM01,Rampe Car Carrier Nord,preventive,0,1,1
17993,Bollard 01  - 150T,Ouvrages d'amarrage et d'accostage,Bollard,TM1,TM01,Môle car Carrier,"corrective, preventive",2,1,3
17994,Bollard 02 - 150T,Ouvrages d'amarrage et d'accostage,Bollard,TM1,TM01,Môle car Carrier,preventive,0,1,1
17995,Bollard 03 - 150T,Ouvrages d'amarrage et d'accostage,Bollard,TM1,TM01,Môle car Carrier,preventive,0,1,1
17996,Bollard 04 - 150T,Ouvrages d'amarrage et d'accostage,Bollard,TM1,TM01,Môle car Carrier,preventive,0,1,1
17997,Bollard 05 - 150T,Ouvrages d'amarrage et d'accostage,Bollard,TM1,TM01,Môle car Carrier,preventive,0,1,1
17998,Bollard 06 - 150T,Ouvrages d'amarrage et d'accostage,Bollard,TM1,TM01,Môle car Carrier,preventive,0,1,1
17999,Bollard 07 - 150T,Ouvrages d'amarrage et d'accostage,Bollard,TM1,TM01,Môle car Carrier,preventive,0,1,1
18000,Bollard 09 - 150T,Ouvrages d'amarrage et d'accostage,Bollard,TM1,TM01,Môle car Carrier,preventive,0,1,1
18001,Bollard 10 - 150T,Ouvrages d'amarrage et d'accostage,Bollard,TM1,TM01,Môle car Carrier,preventive,0,1,1
18002,Bollard 11 - 150T,Ouvrages d'amarrage et d'accostage,Bollard,TM1,TM01,Môle car Carrier,preventive,0,1,1
18003,Bollard 12 - 150T,Ouvrages d'amarrage et d'accostage,Bollard,TM1,TM01,Môle car Carrier,preventive,0,1,1
18004,Bollard 13 - 150T,Ouvrages d'amarrage et d'accostage,Bollard,TM1,TM01,Môle car Carrier,preventive,0,1,1
18005,Bollard 14 - 150T,Ouvrages d'amarrage et d'accostage,Bollard,TM1,TM01,Môle car Carrier,preventive,0,1,1
18006,Bollard 15 - 150T,Ouvrages d'amarrage et d'accostage,Bollard,TM1,TM01,Môle car Carrier,preventive,0,1,1
18007,Bollard 16 - 150T,Ouvrages d'amarrage et d'accostage,Bollard,TM1,TM01,Môle car Carrier,preventive,0,1,1
18008,Bollard 17 - 150T,Ouvrages d'amarrage et d'accostage,Bollard,TM1,TM01,Môle car Carrier,preventive,0,1,1
18009,Bollard 18 - 150T,Ouvrages d'amarrage et d'accostage,Bollard,TM1,TM01,Môle car Carrier,preventive,0,1,1
18010,Bollard 19 - 150T,Ouvrages d'amarrage et d'accostage,Bollard,TM1,TM01,Môle car Carrier,preventive,0,1,1
18011,Bollard 20 - 150T,Ouvrages d'amarrage et d'accostage,Bollard,TM1,TM01,Môle car Carrier,preventive,0,1,1
18012,Bollard 21 - 150T,Ouvrages d'amarrage et d'accostage,Bollard,TM1,TM01,Môle car Carrier,preventive,0,1,1
18013,Bollard 21 - 150T,Ouvrages d'amarrage et d'accostage,Bollard,TM1,TM01,Môle car Carrier,preventive,0,1,1
18014,Bollard 20 - 150T,Ouvrages d'amarrage et d'accostage,Bollard,TM1,TM01,Môle car Carrier,preventive,0,1,1
18015,Bollard 19 - 150T,Ouvrages d'amarrage et d'accostage,Bollard,TM1,TM01,Môle car Carrier,preventive,0,1,1
18016,Bollard 18 - 150T,Ouvrages d'amarrage et d'accostage,Bollard,TM1,TM01,Môle car Carrier,preventive,0,1,1
18017,Bollard 17 - 150T,Ouvrages d'amarrage et d'accostage,Bollard,TM1,TM01,Môle car Carrier,preventive,0,1,1
18018,Bollard 16 - 150T,Ouvrages d'amarrage et d'accostage,Bollard,TM1,TM01,Môle car Carrier,preventive,0,1,1
18019,Bollard 15 - 150T,Ouvrages d'amarrage et d'accostage,Bollard,TM1,TM01,Môle car Carrier,preventive,0,1,1
18020,Bollard 14 - 150T,Ouvrages d'amarrage et d'accostage,Bollard,TM1,TM01,Môle car Carrier,preventive,0,1,1
18021,Bollard 13 - 150T,Ouvrages d'amarrage et d'accostage,Bollard,TM1,TM01,Môle car Carrier,preventive,0,1,1
18022,Bollard 12 - 150T,Ouvrages d'amarrage et d'accostage,Bollard,TM1,TM01,Môle car Carrier,preventive,0,1,1
18023,Bollard 11 - 150T,Ouvrages d'amarrage et d'accostage,Bollard,TM1,TM01,Môle car Carrier,preventive,0,1,1
18024,Bollard 10 - 150T,Ouvrages d'amarrage et d'accostage,Bollard,TM1,TM01,Môle car Carrier,preventive,0,1,1
18025,Bollard 09 - 150T,Ouvrages d'amarrage et d'accostage,Bollard,TM1,TM01,Môle car Carrier,preventive,0,1,1
18026,Bollard 07 - 150T,Ouvrages d'amarrage et d'accostage,Bollard,TM1,TM01,Môle car Carrier,preventive,0,1,1
18027,Bollard 06 - 150T,Ouvrages d'amarrage et d'accostage,Bollard,TM1,TM01,Môle car Carrier,preventive,0,1,1
18028,Bollard 05 - 150T,Ouvrages d'amarrage et d'accostage,Bollard,TM1,TM01,Môle car Carrier,preventive,0,1,1
18029,Bollard 04 - 150T,Ouvrages d'amarrage et d'accostage,Bollard,TM1,TM01,Môle car Carrier,preventive,0,1,1
18030,Bollard 03 - 150T,Ouvrages d'amarrage et d'accostage,Bollard,TM1,TM01,Môle car Carrier,preventive,0,1,1
18031,Bollard 02 - 150T,Ouvrages d'amarrage et d'accostage,Bollard,TM1,TM01,Môle car Carrier,preventive,0,1,1
18032,Bollard 01 - 150T,Ouvrages d'amarrage et d'accostage,Bollard,TM1,TM01,Môle car Carrier,"corrective, preventive",2,1,3
18033,Bollard 08 - 150T,Ouvrages d'amarrage et d'accostage,Bollard,TM1,TM01,Môle car Carrier,preventive,0,1,1
18034,Bollard 08 - 150T,Ouvrages d'amarrage et d'accostage,Bollard,TM1,TM01,Môle car Carrier,preventive,0,1,1
23033,Belvedere Espace vert 2,Espace vert,Espace vert,TM1,TMPC01,Belvedere Espace vert ,preventive,0,13,13
23046,Bureau Capitainerie Espace vert 2,Espace vert,Espace vert,TM1,TM01,Bureau Capitainerie Espace vert,corrective,1,0,1
23051,Club Tanger Med Espace vert 1 ,Espace vert,Espace vert,TM1,TM01,Club Tanger Med Espace vert,corrective,1,0,1
23062,Data Center Espace vert 4,Espace vert,Espace vert,TM1,TM01,Data Center Espace vert,preventive,0,13,13
23065,Deviation-RN-TM1 Espace vert 3,Espace vert,Espace vert,TM1,TM01,Deviation-RN-TM1 Espace vert,corrective,3,0,3
23081,Gate 2 Espace vert 7,Espace vert,Espace vert,PPR,GATE2,Gate 2 Espace vert,preventive,0,13,13
23083,Gate 3 Espace vert 1,Espace vert,Espace vert,PPR,GATE3,Gate 3 Espace vert,preventive,0,13,13
23095,PPR Espace vert 3,Espace vert,Espace vert,PPR,PPR01,PPR Espace vert,corrective,1,0,1
23120,RN16-PPR  Espace vert 3,Espace vert,Espace vert,PPR,ZEXT01,RN16-PPR  Espace vert,corrective,1,0,1
23128,RN16-PPR  Espace vert 11,Espace vert,Espace vert,PPR,ZEXT01,RN16-PPR  Espace vert,corrective,1,0,1
23130,RN16-PPR  Espace vert 13,Espace vert,Espace vert,PPR,ZEXT01,RN16-PPR  Espace vert,preventive,0,13,13
23144,RN16-TM1  Espace vert 6,Espace vert,Espace vert,TM1,ZEXT01,RN16-TM1  Espace vert,preventive,0,13,13
23155,Sas Export Espace vert 2,Espace vert,Espace vert,TM1,SAS EXPORT,Sas Export Espace vert,corrective,1,0,1
23160,Sas Export Espace vert 7,Espace vert,Espace vert,TM1,SAS EXPORT,Sas Export Espace vert,preventive,0,13,13
23167,Sas Export Espace vert 14,Espace vert,Espace vert,TM1,SAS EXPORT,Sas Export Espace vert,corrective,1,0,1
23174,Sas Export Espace vert 21,Espace vert,Espace vert,TM1,SAS EXPORT,Sas Export Espace vert,corrective,1,0,1
23183,Sas Export Espace vert 30,Espace vert,Espace vert,TM1,SAS EXPORT,Sas Export Espace vert,corrective,1,0,1
23195,Sas Import Espace vert 2,Espace vert,Espace vert,TM1,SAS IMPORT,Sas Import Espace vert,preventive,0,13,13
23196,Sas Import Espace vert 3,Espace vert,Espace vert,TM1,SAS IMPORT,Sas Import Espace vert,corrective,1,0,1
23202,Talus-ONCF-TM2 Espace vert 2,Espace vert,Espace vert,TM2,TM02,Talus-ONCF-TM2 Espace vert,"corrective, preventive",1,13,14
23234,Voie Principale-TM2 Espace vert 23,Espace vert,Espace vert,TM2,TM02,Voie Principale-TM2 Espace vert,corrective,1,0,1
23237,Voie Principale-TM1 Espace vert 1,Espace vert,Espace vert,TM1,TM01,Voie Principale-TM1 Espace vert,corrective,1,0,1
23245,Voie Principale-TM1 Espace vert 9,Espace vert,Espace vert,TM1,TM01,Voie Principale-TM1 Espace vert,corrective,2,0,2
23260,Talus-ONCF-PPR Espace vert 2,Espace vert,Espace vert,PPR,PPR01,Talus-ONCF-PPR Espace vert,preventive,0,13,13
23271,PPR Clôture 11,Clôture,Clôture,PPR,PPR01,PPR Clôture,corrective,1,0,1
23281,PPR Clôture 21,Clôture,Clôture,PPR,PPR01,PPR Clôture,corrective,1,0,1
23340,PPR Clôture 80,Clôture,Clôture,PPR,PPR01,PPR Clôture,corrective,1,0,1
23414,PPR Clôture 154,Clôture,Clôture,PPR,PPR01,PPR Clôture,corrective,1,0,1
23418,PPR Clôture 158,Clôture,Clôture,PPR,PPR01,PPR Clôture,corrective,1,0,1
23421,PPR Clôture 161,Clôture,Clôture,PPR,PPR01,PPR Clôture,corrective,1,0,1
23510,PPR Clôture 250,Clôture,Clôture,PPR,PPR01,PPR Clôture,corrective,1,0,1
23512,PPR Clôture 252,Clôture,Clôture,PPR,PPR01,PPR Clôture,corrective,1,0,1
23513,PPR Clôture 253,Clôture,Clôture,PPR,PPR01,PPR Clôture,corrective,2,0,2
23514,PPR Clôture 254,Clôture,Clôture,PPR,PPR01,PPR Clôture,corrective,1,0,1
23516,PPR Clôture 256,Clôture,Clôture,PPR,PPR01,PPR Clôture,corrective,1,0,1
23517,PPR Clôture 257,Clôture,Clôture,PPR,PPR01,PPR Clôture,corrective,2,0,2
23518,PPR Clôture 258,Clôture,Clôture,PPR,PPR01,PPR Clôture,corrective,1,0,1
23519,PPR Clôture 259,Clôture,Clôture,PPR,PPR01,PPR Clôture,corrective,1,0,1
23520,PPR Clôture 260,Clôture,Clôture,PPR,PPR01,PPR Clôture,corrective,1,0,1
23530,PPR Clôture 270,Clôture,Clôture,PPR,PPR01,PPR Clôture,corrective,2,0,2
23536,PPR Clôture 276,Clôture,Clôture,PPR,PPR01,PPR Clôture,corrective,1,0,1
23546,PPR Clôture 286,Clôture,Clôture,PPR,PPR01,PPR Clôture,corrective,1,0,1
23956,TM2-OuedGhlala Clôture  131,Clôture,Clôture,TM2,TM02,TM2-OuedGhlala Clôture,corrective,1,0,1
24084,Canal Clôture 61,Clôture,Clôture,TM1,TM01,Canal Clôture,corrective,1,0,1
24221,Canal Clôture 198,Clôture,Clôture,TM1,TM01,Canal Clôture,corrective,1,0,1
24222,Canal Clôture 199,Clôture,Clôture,TM1,TM01,Canal Clôture,corrective,1,0,1
24229,Canal Clôture 206,Clôture,Clôture,TM1,TM01,Canal Clôture,corrective,1,0,1
24590,DST-TM1 Clôture 41,Clôture,Clôture,TM1,TM01,DST-TM1 Clôture,corrective,1,0,1
24998,RN16-TM1 Clôture 5,Clôture,Clôture,TM1,ZEXT01,RN16-TM1 Clôture,corrective,1,0,1
25141,RN16-TM1 Clôture 148,Clôture,Clôture,TM1,ZEXT01,RN16-TM1 Clôture,corrective,1,0,1
25211,Sas Import Clôture 32,Clôture,Clôture,TM1,SAS IMPORT,Sas Import Clôture,corrective,1,0,1
25219,Sas Import Clôture 40,Clôture,Clôture,TM1,SAS IMPORT,Sas Import Clôture,corrective,2,0,2
25257,Sas Import Clôture 78,Clôture,Clôture,TM1,SAS IMPORT,Sas Import Clôture,corrective,1,0,1
25303,Sas Import Clôture 124,Clôture,Clôture,TM1,SAS IMPORT,Sas Import Clôture,corrective,1,0,1
25304,Sas Import Clôture 125,Clôture,Clôture,TM1,SAS IMPORT,Sas Import Clôture,corrective,2,0,2
25318,Sas Import Clôture 139,Clôture,Clôture,TM1,SAS IMPORT,Sas Import Clôture,corrective,1,0,1
25331,Sas Import Clôture 152,Clôture,Clôture,TM1,SAS IMPORT,Sas Import Clôture,corrective,1,0,1
25337,Sas Import Clôture 158,Clôture,Clôture,TM1,SAS IMPORT,Sas Import Clôture,corrective,1,0,1
25706,Sas Export Clôture 63,Clôture,Clôture,TM1,SAS EXPORT,Sas Export Clôture,corrective,1,0,1
25710,Sas Export Clôture 67,Clôture,Clôture,TM1,SAS EXPORT,Sas Export Clôture,corrective,3,0,3
25771,Sas Export Clôture 128,Clôture,Clôture,TM1,SAS EXPORT,Sas Export Clôture,corrective,1,0,1
25824,Sas Export Clôture 181,Clôture,Clôture,TM1,SAS EXPORT,Sas Export Clôture,corrective,1,0,1
25829,Sas Export Clôture 186,Clôture,Clôture,TM1,SAS EXPORT,Sas Export Clôture,corrective,1,0,1
25942,Sas Export Clôture 299,Clôture,Clôture,TM1,SAS EXPORT,Sas Export Clôture,corrective,2,0,2
25946,Sas Export Clôture 303,Clôture,Clôture,TM1,SAS EXPORT,Sas Export Clôture,corrective,1,0,1
25973,Sas Export Clôture 330,Clôture,Clôture,TM1,SAS EXPORT,Sas Export Clôture,corrective,1,0,1
25989,Sas Export Clôture 346,Clôture,Clôture,TM1,SAS EXPORT,Sas Export Clôture,corrective,1,0,1
25999,Sas Export Clôture 356,Clôture,Clôture,TM1,SAS EXPORT,Sas Export Clôture,corrective,1,0,1
26987,Gate3 Clôture 61,Clôture,Clôture,PPR,GATE3,Gate3 Clôture,corrective,1,0,1
27004,Gate3 Clôture 78,Clôture,Clôture,PPR,GATE3,Gate3 Clôture,corrective,1,0,1
27244,ONCF-TM2 Clôture 166,Clôture,Clôture,TM2,TM02,ONCF-TM2 Clôture,corrective,1,0,1
27372,PNG Clôture 35,Clôture,Clôture,TM2,TM02,PNG Clôture,corrective,2,0,2
27408,PNG Clôture 71,Clôture,Clôture,TM2,TM02,PNG Clôture,corrective,1,0,1
27863,Gare Maritime Clôture 84,Clôture,Clôture,TM1,TM01,Gare Maritime Clôture,corrective,1,0,1
27993,TM1 Step Clôture 23,Clôture,Clôture,TM1,TM01,TM1 Step Clôture,corrective,1,0,1
28004,TM1 Step Clôture 34,Clôture,Clôture,TM1,TM01,TM1 Step Clôture,corrective,1,0,1
28006,Parking Poste 1,Terre plein,Parking,PPR,PPR01,Parking Poste 1,corrective,2,0,2
28007,Parking Poste 2-3,Terre plein,Parking,PPR,PPR01,Parking Poste 2-3,corrective,1,0,1
28008,Parking Poste 4-5,Terre plein,Parking,PPR,PPR01,Parking Poste 4-5,corrective,4,0,4
28009,Parking Poste 6-7,Terre plein,Parking,PPR,PPR01,Parking Poste 6-7,corrective,4,0,4
28011,Parking Tir,Terre plein,Parking,PPR,PPR01,Parking Tir,corrective,4,0,4
28012,Parking Step,Terre plein,Parking,PPR,PPR01,Parking Step,preventive,0,13,13
28014,PNG Parking 2,Terre plein,Parking,TM2,TM02,PNG Parking,preventive,0,13,13
28015,Zone Billetterie Parking 1,Terre plein,Parking,PPR,PPR01,Zone Billetterie Parking,corrective,3,0,3
28017,Zone Billetterie Parking 3,Terre plein,Parking,PPR,PPR01,Zone Billetterie Parking,corrective,1,0,1
28018,GATE2 Parking 1,Terre plein,Parking,PPR,GATE2,GATE2 Parking,"corrective, preventive",1,13,14
28020,TMPC Parking 1,Terre plein,Parking,TM1,TMPC01,TMPC Parking,corrective,5,0,5
28021,TMPC Parking 2,Terre plein,Parking,TM1,TMPC01,TMPC Parking,preventive,0,13,13
28022,GRM Parking 1,Terre plein,Parking,TM1,TMPC01,GRM Parking,corrective,1,0,1
28023,GRM Parking 2,Terre plein,Parking,TM1,TMPC01,GRM Parking,corrective,1,0,1
28024,SAS EXP Parking 1,Terre plein,Parking,TM1,SAS EXPORT,SAS EXP Parking,preventive,0,13,13
28025,SAS EXP Parking 2,Terre plein,Parking,TM1,SAS EXPORT,SAS EXP Parking,corrective,3,0,3
28026,SAS EXP Parking 3,Terre plein,Parking,TM1,SAS EXPORT,SAS EXP Parking,corrective,10,0,10
28027,SAS EXP Parking 4,Terre plein,Parking,TM1,SAS EXPORT,SAS EXP Parking,corrective,8,0,8
28028,SAS EXP Parking 5,Terre plein,Parking,TM1,SAS EXPORT,SAS EXP Parking,corrective,7,0,7
28029,SAS IMP Parking 1,Terre plein,Parking,TM1,SAS IMPORT,SAS IMP Parking ,corrective,4,0,4
28030,SAS IMP Parking 2,Terre plein,Parking,TM1,SAS IMPORT,SAS IMP Parking ,corrective,5,0,5
28032,SAS IMP Parking 4,Terre plein,Parking,TM1,SAS IMPORT,SAS IMP Parking ,corrective,3,0,3
28033,SAS IMP Parking 5,Terre plein,Parking,TM1,SAS IMPORT,SAS IMP Parking ,corrective,1,0,1
28034,SAS IMP Parking 6,Terre plein,Parking,TM1,SAS IMPORT,SAS IMP Parking ,corrective,2,0,2
28035,SAS IMP Parking 7,Terre plein,Parking,TM1,SAS IMPORT,SAS IMP Parking ,corrective,1,0,1
28037,ZFL Parking 2,Terre plein,Parking,MEDHUB,ZFL02,ZFL Parking,corrective,4,0,4
28039,ZFL Parking 4,Terre plein,Parking,MEDHUB,ZFL02,ZFL Parking,corrective,3,0,3
28041,ZFL Parking 6,Terre plein,Parking,MEDHUB,ZFL01,ZFL Parking,corrective,4,0,4
28049,ZFL Parking 14,Terre plein,Parking,MEDHUB,ZFL01,ZFL Parking,corrective,2,0,2
28050,ZFL Parking 15,Terre plein,Parking,MEDHUB,ZFL01,ZFL Parking,corrective,8,0,8
28051,PARKING-L,Terre plein,Parking,MEDHUB,ZFL01,ZFL Parking,corrective,2,0,2
28053,TM1 Parking 1,Terre plein,Parking,TM1,TM01,TM1 Parking,corrective,6,0,6
28054,TM1_Parking 2,Terre plein,Parking,TM1,TM01,TM1 Parking,corrective,14,0,14
28055,Parking TVC,Terre plein,Parking,TM1,TM01,Parking TVC,corrective,1,0,1
28063,Môle Car Carrier Nord,Ouvrages de chargement et déchargement,Môle Car Carrier,TM1,TM01,Môle Car Carrier Nord,preventive,0,1,1
28064,Môle Car Carrier Sud,Ouvrages de chargement et déchargement,Môle Car Carrier,TM1,TM01,Môle Car Carrier Nord,preventive,0,1,1
28065,Poste N1,Ouvrages de chargement et déchargement,Poste d'acostage,PPR,PPR01,Poste N1,preventive,0,1,1
28066,Poste N2,Ouvrages de chargement et déchargement,Poste d'acostage,PPR,PPR01,Poste N2-3,preventive,0,1,1
28067,Poste N3,Ouvrages de chargement et déchargement,Poste d'acostage,PPR,PPR01,Poste N2-3,preventive,0,1,1
28068,Poste N4,Ouvrages de chargement et déchargement,Poste d'acostage,PPR,PPR01,Poste N4-5,preventive,0,1,1
28069,Poste N5,Ouvrages de chargement et déchargement,Poste d'acostage,PPR,PPR01,Poste N4-5,preventive,0,1,1
28070,Poste N6,Ouvrages de chargement et déchargement,Poste d'acostage,PPR,PPR01,Poste N6-7,preventive,0,1,1
28071,Poste N7,Ouvrages de chargement et déchargement,Poste d'acostage,PPR,PPR01,Poste N6-7,preventive,0,1,1
28072,Poste N8,Ouvrages de chargement et déchargement,Poste d'acostage,PPR,PPR01,Poste N8,preventive,0,1,1
28073,Bollard 00 - 100T,Ouvrages d'amarrage et d'accostage,Bollard,TM1,TM01,Quai Vraquiers,preventive,0,1,1
28074,Bollard 63 - 200T,Ouvrages d'amarrage et d'accostage,Bollard,TM2,TM02,Terminal à conteneurs 4 (TC4),preventive,0,1,1
28075,Bollard 64 - 200T,Ouvrages d'amarrage et d'accostage,Bollard,TM2,TM02,Terminal à conteneurs 4 (TC4),preventive,0,1,1
28076,Bollard 65 - 200T,Ouvrages d'amarrage et d'accostage,Bollard,TM2,TM02,Terminal à conteneurs 4 (TC4),preventive,0,1,1
28077,Bollard 66 - 200T,Ouvrages d'amarrage et d'accostage,Bollard,TM2,TM02,Terminal à conteneurs 4 (TC4),preventive,0,1,1
28078,Bollard 67 - 200T,Ouvrages d'amarrage et d'accostage,Bollard,TM2,TM02,Terminal à conteneurs 4 (TC4),preventive,0,1,1
28079,Bollard 68 - 200T,Ouvrages d'amarrage et d'accostage,Bollard,TM2,TM02,Terminal à conteneurs 4 (TC4),preventive,0,1,1
28080,Bollard 69 - 200T,Ouvrages d'amarrage et d'accostage,Bollard,TM2,TM02,Terminal à conteneurs 4 (TC4),preventive,0,1,1
28081,Bollard 70 - 200T,Ouvrages d'amarrage et d'accostage,Bollard,TM2,TM02,Terminal à conteneurs 4 (TC4),preventive,0,1,1
28082,Bollard 71 - 200T,Ouvrages d'amarrage et d'accostage,Bollard,TM2,TM02,Terminal à conteneurs 4 (TC4),preventive,0,1,1
28083,Bollard 72 - 200T,Ouvrages d'amarrage et d'accostage,Bollard,TM2,TM02,Terminal à conteneurs 4 (TC4),preventive,0,1,1
28084,Bollard 73 - 200T,Ouvrages d'amarrage et d'accostage,Bollard,TM2,TM02,Terminal à conteneurs 4 (TC4),preventive,0,1,1
28085,Bollard 74 - 200T,Ouvrages d'amarrage et d'accostage,Bollard,TM2,TM02,Terminal à conteneurs 4 (TC4),preventive,0,1,1
28086,Bollard 75 - 200T,Ouvrages d'amarrage et d'accostage,Bollard,TM2,TM02,Terminal à conteneurs 4 (TC4),preventive,0,1,1
28087,Bollard 76 - 200T,Ouvrages d'amarrage et d'accostage,Bollard,TM2,TM02,Terminal à conteneurs 4 (TC4),preventive,0,1,1
28088,Bollard 77 - 200T,Ouvrages d'amarrage et d'accostage,Bollard,TM2,TM02,Terminal à conteneurs 4 (TC4),preventive,0,1,1
28089,Bollard 78 - 200T,Ouvrages d'amarrage et d'accostage,Bollard,TM2,TM02,Terminal à conteneurs 4 (TC4),preventive,0,1,1
28090,Bollard 79 - 200T,Ouvrages d'amarrage et d'accostage,Bollard,TM2,TM02,Terminal à conteneurs 4 (TC4),preventive,0,1,1
28091,Bollard 80 - 200T,Ouvrages d'amarrage et d'accostage,Bollard,TM2,TM02,Terminal à conteneurs 4 (TC4),preventive,0,1,1
28092,Bollard 81 - 300T,Ouvrages d'amarrage et d'accostage,Bollard,TM2,TM02,Terminal à conteneurs 3 (TC3),preventive,0,1,1
28093,Bollard 82 - 300T,Ouvrages d'amarrage et d'accostage,Bollard,TM2,TM02,Terminal à conteneurs 3 (TC3),preventive,0,1,1
28094,Bollard 83 - 300T,Ouvrages d'amarrage et d'accostage,Bollard,TM2,TM02,Terminal à conteneurs 3 (TC3),preventive,0,1,1
28095,Bollard 84 - 300T,Ouvrages d'amarrage et d'accostage,Bollard,TM2,TM02,Terminal à conteneurs 3 (TC3),preventive,0,1,1
28096,Bollard 85 - 300T,Ouvrages d'amarrage et d'accostage,Bollard,TM2,TM02,Terminal à conteneurs 3 (TC3),preventive,0,1,1
28097,Bollard 86 - 300T,Ouvrages d'amarrage et d'accostage,Bollard,TM2,TM02,Terminal à conteneurs 3 (TC3),preventive,0,1,1
28098,Bollard 87 - 300T,Ouvrages d'amarrage et d'accostage,Bollard,TM2,TM02,Terminal à conteneurs 3 (TC3),preventive,0,1,1
28099,Bollard 88 - 300T,Ouvrages d'amarrage et d'accostage,Bollard,TM2,TM02,Terminal à conteneurs 3 (TC3),preventive,0,1,1
28100,Bollard 89 - 300T,Ouvrages d'amarrage et d'accostage,Bollard,TM2,TM02,Terminal à conteneurs 3 (TC3),preventive,0,1,1
28101,Bollard 90 - 300T,Ouvrages d'amarrage et d'accostage,Bollard,TM2,TM02,Terminal à conteneurs 3 (TC3),preventive,0,1,1
28102,Bollard 91 - 300T,Ouvrages d'amarrage et d'accostage,Bollard,TM2,TM02,Terminal à conteneurs 3 (TC3),preventive,0,1,1
28103,Bollard 92 - 300T,Ouvrages d'amarrage et d'accostage,Bollard,TM2,TM02,Terminal à conteneurs 3 (TC3),preventive,0,1,1
28104,Bollard 93 - 300T,Ouvrages d'amarrage et d'accostage,Bollard,TM2,TM02,Terminal à conteneurs 3 (TC3),preventive,0,1,1
28105,Bollard 94 - 300T,Ouvrages d'amarrage et d'accostage,Bollard,TM2,TM02,Terminal à conteneurs 3 (TC3),preventive,0,1,1
28106,Bollard 95 - 300T,Ouvrages d'amarrage et d'accostage,Bollard,TM2,TM02,Terminal à conteneurs 3 (TC3),preventive,0,1,1
28107,Bollard 96 - 300T,Ouvrages d'amarrage et d'accostage,Bollard,TM2,TM02,Terminal à conteneurs 3 (TC3),preventive,0,1,1
28108,Bollard 97 - 300T,Ouvrages d'amarrage et d'accostage,Bollard,TM2,TM02,Terminal à conteneurs 3 (TC3),preventive,0,1,1
28109,Bollard 98 - 300T,Ouvrages d'amarrage et d'accostage,Bollard,TM2,TM02,Terminal à conteneurs 3 (TC3),preventive,0,1,1
28110,Bollard 99 - 300T,Ouvrages d'amarrage et d'accostage,Bollard,TM2,TM02,Terminal à conteneurs 3 (TC3),preventive,0,1,1
28111,Bollard 100 - 300T,Ouvrages d'amarrage et d'accostage,Bollard,TM2,TM02,Terminal à conteneurs 3 (TC3),preventive,0,1,1
28112,Défence 12,Ouvrages d'amarrage et d'accostage,Défense,PPR,PPR01,Poste N8,preventive,0,1,1
28113,Défense 125,Ouvrages d'amarrage et d'accostage,Défense,TM2,TM02,Terminal à conteneurs 4 (TC4),preventive,0,1,1
28114,Défense 126,Ouvrages d'amarrage et d'accostage,Défense,TM2,TM02,Terminal à conteneurs 4 (TC4),preventive,0,1,1
28115,Défense 127,Ouvrages d'amarrage et d'accostage,Défense,TM2,TM02,Terminal à conteneurs 4 (TC4),preventive,0,1,1
28116,Défense 128,Ouvrages d'amarrage et d'accostage,Défense,TM2,TM02,Terminal à conteneurs 4 (TC4),preventive,0,1,1
28117,Défense 129,Ouvrages d'amarrage et d'accostage,Défense,TM2,TM02,Terminal à conteneurs 4 (TC4),preventive,0,1,1
28118,Défense 130,Ouvrages d'amarrage et d'accostage,Défense,TM2,TM02,Terminal à conteneurs 4 (TC4),preventive,0,1,1
28119,Défense 131,Ouvrages d'amarrage et d'accostage,Défense,TM2,TM02,Terminal à conteneurs 4 (TC4),preventive,0,1,1
28120,Défense 132,Ouvrages d'amarrage et d'accostage,Défense,TM2,TM02,Terminal à conteneurs 4 (TC4),preventive,0,1,1
28121,Défense 133,Ouvrages d'amarrage et d'accostage,Défense,TM2,TM02,Terminal à conteneurs 4 (TC4),preventive,0,1,1
28122,Défense 134,Ouvrages d'amarrage et d'accostage,Défense,TM2,TM02,Terminal à conteneurs 4 (TC4),preventive,0,1,1
28123,Défense 135,Ouvrages d'amarrage et d'accostage,Défense,TM2,TM02,Terminal à conteneurs 4 (TC4),preventive,0,1,1
28124,Défense 136,Ouvrages d'amarrage et d'accostage,Défense,TM2,TM02,Terminal à conteneurs 4 (TC4),preventive,0,1,1
28125,Défense 137,Ouvrages d'amarrage et d'accostage,Défense,TM2,TM02,Terminal à conteneurs 4 (TC4),preventive,0,1,1
28126,Défense 138,Ouvrages d'amarrage et d'accostage,Défense,TM2,TM02,Terminal à conteneurs 4 (TC4),preventive,0,1,1
28127,Défense 139,Ouvrages d'amarrage et d'accostage,Défense,TM2,TM02,Terminal à conteneurs 4 (TC4),preventive,0,1,1
28128,Défense 140,Ouvrages d'amarrage et d'accostage,Défense,TM2,TM02,Terminal à conteneurs 4 (TC4),preventive,0,1,1
28129,Défense 141,Ouvrages d'amarrage et d'accostage,Défense,TM2,TM02,Terminal à conteneurs 4 (TC4),preventive,0,1,1
28130,Défense 142,Ouvrages d'amarrage et d'accostage,Défense,TM2,TM02,Terminal à conteneurs 4 (TC4),preventive,0,1,1
28131,Défense 143,Ouvrages d'amarrage et d'accostage,Défense,TM2,TM02,Terminal à conteneurs 4 (TC4),preventive,0,1,1
28132,Défense 144,Ouvrages d'amarrage et d'accostage,Défense,TM2,TM02,Terminal à conteneurs 4 (TC4),preventive,0,1,1
28133,Défense 145,Ouvrages d'amarrage et d'accostage,Défense,TM2,TM02,Terminal à conteneurs 4 (TC4),preventive,0,1,1
28134,Défense 146,Ouvrages d'amarrage et d'accostage,Défense,TM2,TM02,Terminal à conteneurs 4 (TC4),preventive,0,1,1
28135,Défense 147,Ouvrages d'amarrage et d'accostage,Défense,TM2,TM02,Terminal à conteneurs 4 (TC4),preventive,0,1,1
28136,Défense 148,Ouvrages d'amarrage et d'accostage,Défense,TM2,TM02,Terminal à conteneurs 4 (TC4),preventive,0,1,1
28137,Défense 149,Ouvrages d'amarrage et d'accostage,Défense,TM2,TM02,Terminal à conteneurs 4 (TC4),preventive,0,1,1
28138,Défense 150,Ouvrages d'amarrage et d'accostage,Défense,TM2,TM02,Terminal à conteneurs 4 (TC4),preventive,0,1,1
28139,Défense 151,Ouvrages d'amarrage et d'accostage,Défense,TM2,TM02,Terminal à conteneurs 4 (TC4),preventive,0,1,1
28140,Défense 152,Ouvrages d'amarrage et d'accostage,Défense,TM2,TM02,Terminal à conteneurs 4 (TC4),preventive,0,1,1
28141,Défense 153,Ouvrages d'amarrage et d'accostage,Défense,TM2,TM02,Terminal à conteneurs 4 (TC4),preventive,0,1,1
28142,Défense 154,Ouvrages d'amarrage et d'accostage,Défense,TM2,TM02,Terminal à conteneurs 4 (TC4),preventive,0,1,1
28143,Défense 155,Ouvrages d'amarrage et d'accostage,Défense,TM2,TM02,Terminal à conteneurs 4 (TC4),preventive,0,1,1
28144,Défense 156,Ouvrages d'amarrage et d'accostage,Défense,TM2,TM02,Terminal à conteneurs 4 (TC4),preventive,0,1,1
28145,Défense 157,Ouvrages d'amarrage et d'accostage,Défense,TM2,TM02,Terminal à conteneurs 4 (TC4),preventive,0,1,1
28146,Défense 158,Ouvrages d'amarrage et d'accostage,Défense,TM2,TM02,Terminal à conteneurs 4 (TC4),preventive,0,1,1
28147,Défense 159,Ouvrages d'amarrage et d'accostage,Défense,TM2,TM02,Terminal à conteneurs 4 (TC4),preventive,0,1,1
28148,Défense 160,Ouvrages d'amarrage et d'accostage,Défense,TM2,TM02,Terminal à conteneurs 4 (TC4),preventive,0,1,1
28149,Défense 161,Ouvrages d'amarrage et d'accostage,Défense,TM2,TM02,Terminal à conteneurs 3 (TC3),preventive,0,1,1
28150,Défense 162,Ouvrages d'amarrage et d'accostage,Défense,TM2,TM02,Terminal à conteneurs 3 (TC3),preventive,0,1,1
28151,Défense 163,Ouvrages d'amarrage et d'accostage,Défense,TM2,TM02,Terminal à conteneurs 3 (TC3),preventive,0,1,1
28152,Défense 164,Ouvrages d'amarrage et d'accostage,Défense,TM2,TM02,Terminal à conteneurs 3 (TC3),preventive,0,1,1
28153,Défense 165,Ouvrages d'amarrage et d'accostage,Défense,TM2,TM02,Terminal à conteneurs 3 (TC3),preventive,0,1,1
28154,Défense 166,Ouvrages d'amarrage et d'accostage,Défense,TM2,TM02,Terminal à conteneurs 3 (TC3),preventive,0,1,1
28155,Défense 167,Ouvrages d'amarrage et d'accostage,Défense,TM2,TM02,Terminal à conteneurs 3 (TC3),preventive,0,1,1
28156,Défense 168,Ouvrages d'amarrage et d'accostage,Défense,TM2,TM02,Terminal à conteneurs 3 (TC3),preventive,0,1,1
28157,Défense 169,Ouvrages d'amarrage et d'accostage,Défense,TM2,TM02,Terminal à conteneurs 3 (TC3),preventive,0,1,1
28158,Défense 170,Ouvrages d'amarrage et d'accostage,Défense,TM2,TM02,Terminal à conteneurs 3 (TC3),preventive,0,1,1
28159,Défense 171,Ouvrages d'amarrage et d'accostage,Défense,TM2,TM02,Terminal à conteneurs 3 (TC3),preventive,0,1,1
28160,Défense 172,Ouvrages d'amarrage et d'accostage,Défense,TM2,TM02,Terminal à conteneurs 3 (TC3),preventive,0,1,1
28161,Défense 173,Ouvrages d'amarrage et d'accostage,Défense,TM2,TM02,Terminal à conteneurs 3 (TC3),preventive,0,1,1
28162,Défense 174,Ouvrages d'amarrage et d'accostage,Défense,TM2,TM02,Terminal à conteneurs 3 (TC3),preventive,0,1,1
28163,Défense 175,Ouvrages d'amarrage et d'accostage,Défense,TM2,TM02,Terminal à conteneurs 3 (TC3),preventive,0,1,1
28164,Défense 176,Ouvrages d'amarrage et d'accostage,Défense,TM2,TM02,Terminal à conteneurs 3 (TC3),preventive,0,1,1
28165,Défense 177,Ouvrages d'amarrage et d'accostage,Défense,TM2,TM02,Terminal à conteneurs 3 (TC3),preventive,0,1,1
28166,Défense 178,Ouvrages d'amarrage et d'accostage,Défense,TM2,TM02,Terminal à conteneurs 3 (TC3),preventive,0,1,1
28167,Défense 179,Ouvrages d'amarrage et d'accostage,Défense,TM2,TM02,Terminal à conteneurs 3 (TC3),preventive,0,1,1
28168,Défense 180,Ouvrages d'amarrage et d'accostage,Défense,TM2,TM02,Terminal à conteneurs 3 (TC3),preventive,0,1,1
28169,Défense 181,Ouvrages d'amarrage et d'accostage,Défense,TM2,TM02,Terminal à conteneurs 3 (TC3),preventive,0,1,1
28170,Défense 182,Ouvrages d'amarrage et d'accostage,Défense,TM2,TM02,Terminal à conteneurs 3 (TC3),preventive,0,1,1
28171,Défense 183,Ouvrages d'amarrage et d'accostage,Défense,TM2,TM02,Terminal à conteneurs 3 (TC3),preventive,0,1,1
28172,Défense 184,Ouvrages d'amarrage et d'accostage,Défense,TM2,TM02,Terminal à conteneurs 3 (TC3),preventive,0,1,1
28173,Défense 185,Ouvrages d'amarrage et d'accostage,Défense,TM2,TM02,Terminal à conteneurs 3 (TC3),preventive,0,1,1
28174,Défense 186,Ouvrages d'amarrage et d'accostage,Défense,TM2,TM02,Terminal à conteneurs 3 (TC3),preventive,0,1,1
28175,Défense 187,Ouvrages d'amarrage et d'accostage,Défense,TM2,TM02,Terminal à conteneurs 3 (TC3),preventive,0,1,1
28176,Défense 188,Ouvrages d'amarrage et d'accostage,Défense,TM2,TM02,Terminal à conteneurs 3 (TC3),preventive,0,1,1
28177,Défense 189,Ouvrages d'amarrage et d'accostage,Défense,TM2,TM02,Terminal à conteneurs 3 (TC3),preventive,0,1,1
28178,Défense 190,Ouvrages d'amarrage et d'accostage,Défense,TM2,TM02,Terminal à conteneurs 3 (TC3),preventive,0,1,1
28179,Défense 191,Ouvrages d'amarrage et d'accostage,Défense,TM2,TM02,Terminal à conteneurs 3 (TC3),preventive,0,1,1
28180,Défense 192,Ouvrages d'amarrage et d'accostage,Défense,TM2,TM02,Terminal à conteneurs 3 (TC3),preventive,0,1,1
28181,Défense 193,Ouvrages d'amarrage et d'accostage,Défense,TM2,TM02,Terminal à conteneurs 3 (TC3),preventive,0,1,1
28182,Défense 194,Ouvrages d'amarrage et d'accostage,Défense,TM2,TM02,Terminal à conteneurs 3 (TC3),preventive,0,1,1
28183,Défense 195,Ouvrages d'amarrage et d'accostage,Défense,TM2,TM02,Terminal à conteneurs 3 (TC3),preventive,0,1,1
28184,Défense 196,Ouvrages d'amarrage et d'accostage,Défense,TM2,TM02,Terminal à conteneurs 3 (TC3),preventive,0,1,1
28185,Défense 197,Ouvrages d'amarrage et d'accostage,Défense,TM2,TM02,Terminal à conteneurs 3 (TC3),preventive,0,1,1
28186,Défense 198,Ouvrages d'amarrage et d'accostage,Défense,TM2,TM02,Terminal à conteneurs 3 (TC3),preventive,0,1,1
28187,Défense 199,Ouvrages d'amarrage et d'accostage,Défense,TM2,TM02,Terminal à conteneurs 3 (TC3),preventive,0,1,1
28188,Défense 200,Ouvrages d'amarrage et d'accostage,Défense,TM2,TM02,Terminal à conteneurs 3 (TC3),preventive,0,1,1
31796,PPR Regard EP 30,Regard d'eau potable,Regard EP,PPR,PPR01,PPR Regard EP,corrective,1,0,1
31815,PPR Regard EP 49,Regard d'eau potable,Regard EP,PPR,PPR01,PPR Regard EP,corrective,1,0,1
31827,SAS-IMP Regard EP 7,Regard d'eau potable,Regard EP,TM1,SAS IMPORT,SAS-IMP Regard EP,corrective,1,0,1
31952,VP-TM2 Regard EP 3,Regard d'eau potable,Regard EP,TM2,TM02,VP-TM2 Regard EP,corrective,1,0,1
31965,VP-TM2 Regard EP 16,Regard d'eau potable,Regard EP,TM2,TM02,VP-TM2 Regard EP,corrective,1,0,1
32007,VP-TM2 Regard EP 58,Regard d'eau potable,Regard EP,TM2,TM02,VP-TM2 Regard EP,corrective,1,0,1
32008,VP-TM2 Regard EP 59,Regard d'eau potable,Regard EP,TM2,TM02,VP-TM2 Regard EP,corrective,1,0,1
32120,QS1 Regard EU-EPL 39,Regard d'assainissement,Regard EU-EPL,TM1,TM01,QS1 Regard EU-EPL,corrective,1,0,1
32137,DC Regard EU-EPL 1,Regard d'assainissement,Regard EU-EPL,TM1,TM01,DC Regard EU-EPL,preventive,0,1,1
32138,DC Regard EU-EPL 2,Regard d'assainissement,Regard EU-EPL,TM1,TM01,DC Regard EU-EPL,preventive,0,1,1
32139,DC Regard EU-EPL 3,Regard d'assainissement,Regard EU-EPL,TM1,TM01,DC Regard EU-EPL,preventive,0,1,1
32140,DC Regard EU-EPL 4,Regard d'assainissement,Regard EU-EPL,TM1,TM01,DC Regard EU-EPL,preventive,0,1,1
32141,DC Regard EU-EPL 5,Regard d'assainissement,Regard EU-EPL,TM1,TM01,DC Regard EU-EPL,preventive,0,1,1
32142,DC Regard EU-EPL 6,Regard d'assainissement,Regard EU-EPL,TM1,TM01,DC Regard EU-EPL,preventive,0,1,1
32143,DC Regard EU-EPL 7,Regard d'assainissement,Regard EU-EPL,TM1,TM01,DC Regard EU-EPL,preventive,0,1,1
32144,DC Regard EU-EPL 8,Regard d'assainissement,Regard EU-EPL,TM1,TM01,DC Regard EU-EPL,preventive,0,1,1
32145,DC Regard EU-EPL 9,Regard d'assainissement,Regard EU-EPL,TM1,TM01,DC Regard EU-EPL,preventive,0,1,1
32146,DC Regard EU-EPL 10,Regard d'assainissement,Regard EU-EPL,TM1,TM01,DC Regard EU-EPL,preventive,0,1,1
32147,DC Regard EU-EPL 11,Regard d'assainissement,Regard EU-EPL,TM1,TM01,DC Regard EU-EPL,preventive,0,1,1
32148,DC Regard EU-EPL 12,Regard d'assainissement,Regard EU-EPL,TM1,TM01,DC Regard EU-EPL,preventive,0,1,1
32149,DC Regard EU-EPL 13,Regard d'assainissement,Regard EU-EPL,TM1,TM01,DC Regard EU-EPL,preventive,0,1,1
32150,DC Regard EU-EPL 14,Regard d'assainissement,Regard EU-EPL,TM1,TM01,DC Regard EU-EPL,preventive,0,1,1
32151,DC Regard EU-EPL 15,Regard d'assainissement,Regard EU-EPL,TM1,TM01,DC Regard EU-EPL,preventive,0,1,1
32152,DC Regard EU-EPL 16,Regard d'assainissement,Regard EU-EPL,TM1,TM01,DC Regard EU-EPL,preventive,0,1,1
32153,DC Regard EU-EPL 17,Regard d'assainissement,Regard EU-EPL,TM1,TM01,DC Regard EU-EPL,preventive,0,1,1
32154,DC Regard EU-EPL 18,Regard d'assainissement,Regard EU-EPL,TM1,TM01,DC Regard EU-EPL,preventive,0,1,1
32155,DC Regard EU-EPL 19,Regard d'assainissement,Regard EU-EPL,TM1,TM01,DC Regard EU-EPL,preventive,0,1,1
32156,DC Regard EU-EPL 20,Regard d'assainissement,Regard EU-EPL,TM1,TM01,DC Regard EU-EPL,preventive,0,1,1
32157,DC Regard EU-EPL 21,Regard d'assainissement,Regard EU-EPL,TM1,TM01,DC Regard EU-EPL,preventive,0,1,1
32158,DC Regard EU-EPL 22,Regard d'assainissement,Regard EU-EPL,TM1,TM01,DC Regard EU-EPL,preventive,0,1,1
32159,DC Regard EU-EPL 23,Regard d'assainissement,Regard EU-EPL,TM1,TM01,DC Regard EU-EPL,preventive,0,1,1
32160,DC Regard EU-EPL 24,Regard d'assainissement,Regard EU-EPL,TM1,TM01,DC Regard EU-EPL,preventive,0,1,1
32161,DC Regard EU-EPL 25,Regard d'assainissement,Regard EU-EPL,TM1,TM01,DC Regard EU-EPL,preventive,0,1,1
32162,DC Regard EU-EPL 26,Regard d'assainissement,Regard EU-EPL,TM1,TM01,DC Regard EU-EPL,preventive,0,1,1
32163,DC Regard EU-EPL 27,Regard d'assainissement,Regard EU-EPL,TM1,TM01,DC Regard EU-EPL,preventive,0,1,1
32164,DC Regard EU-EPL 28,Regard d'assainissement,Regard EU-EPL,TM1,TM01,DC Regard EU-EPL,preventive,0,1,1
32165,DC Regard EU-EPL 29,Regard d'assainissement,Regard EU-EPL,TM1,TM01,DC Regard EU-EPL,preventive,0,1,1
32166,DC Regard EU-EPL 30,Regard d'assainissement,Regard EU-EPL,TM1,TM01,DC Regard EU-EPL,preventive,0,1,1
32167,DC Regard EU-EPL 31,Regard d'assainissement,Regard EU-EPL,TM1,TM01,DC Regard EU-EPL,preventive,0,1,1
32168,DC Regard EU-EPL 32,Regard d'assainissement,Regard EU-EPL,TM1,TM01,DC Regard EU-EPL,preventive,0,1,1
32169,DC Regard EU-EPL 33,Regard d'assainissement,Regard EU-EPL,TM1,TM01,DC Regard EU-EPL,preventive,0,1,1
32170,DC Regard EU-EPL 34,Regard d'assainissement,Regard EU-EPL,TM1,TM01,DC Regard EU-EPL,preventive,0,1,1
32171,DC Regard EU-EPL 35,Regard d'assainissement,Regard EU-EPL,TM1,TM01,DC Regard EU-EPL,preventive,0,1,1
32172,DC Regard EU-EPL 36,Regard d'assainissement,Regard EU-EPL,TM1,TM01,DC Regard EU-EPL,preventive,0,1,1
32173,DC Regard EU-EPL 37,Regard d'assainissement,Regard EU-EPL,TM1,TM01,DC Regard EU-EPL,preventive,0,1,1
32174,DC Regard EU-EPL 38,Regard d'assainissement,Regard EU-EPL,TM1,TM01,DC Regard EU-EPL,preventive,0,1,1
32175,DC Regard EU-EPL 39,Regard d'assainissement,Regard EU-EPL,TM1,TM01,DC Regard EU-EPL,preventive,0,1,1
32176,DC Regard EU-EPL 40,Regard d'assainissement,Regard EU-EPL,TM1,TM01,DC Regard EU-EPL,preventive,0,1,1
32177,DC Regard EU-EPL 41,Regard d'assainissement,Regard EU-EPL,TM1,TM01,DC Regard EU-EPL,preventive,0,1,1
32178,DC Regard EU-EPL 42,Regard d'assainissement,Regard EU-EPL,TM1,TM01,DC Regard EU-EPL,preventive,0,1,1
32179,DC Regard EU-EPL 43,Regard d'assainissement,Regard EU-EPL,TM1,TM01,DC Regard EU-EPL,preventive,0,1,1
32180,DC Regard EU-EPL 44,Regard d'assainissement,Regard EU-EPL,TM1,TM01,DC Regard EU-EPL,preventive,0,1,1
32181,DC Regard EU-EPL 45,Regard d'assainissement,Regard EU-EPL,TM1,TM01,DC Regard EU-EPL,preventive,0,1,1
32182,DC Regard EU-EPL 46,Regard d'assainissement,Regard EU-EPL,TM1,TM01,DC Regard EU-EPL,preventive,0,1,1
32183,DC Regard EU-EPL 47,Regard d'assainissement,Regard EU-EPL,TM1,TM01,DC Regard EU-EPL,preventive,0,1,1
32184,DC Regard EU-EPL 48,Regard d'assainissement,Regard EU-EPL,TM1,TM01,DC Regard EU-EPL,preventive,0,1,1
32185,DC Regard EU-EPL 49,Regard d'assainissement,Regard EU-EPL,TM1,TM01,DC Regard EU-EPL,preventive,0,1,1
32186,DC Regard EU-EPL 50,Regard d'assainissement,Regard EU-EPL,TM1,TM01,DC Regard EU-EPL,preventive,0,1,1
32187,DC Regard EU-EPL 51,Regard d'assainissement,Regard EU-EPL,TM1,TM01,DC Regard EU-EPL,preventive,0,1,1
32188,DC Regard EU-EPL 52,Regard d'assainissement,Regard EU-EPL,TM1,TM01,DC Regard EU-EPL,preventive,0,1,1
32189,DC Regard EU-EPL 53,Regard d'assainissement,Regard EU-EPL,TM1,TM01,DC Regard EU-EPL,preventive,0,1,1
32190,DC Regard EU-EPL 54,Regard d'assainissement,Regard EU-EPL,TM1,TM01,DC Regard EU-EPL,preventive,0,1,1
32191,DC Regard EU-EPL 55,Regard d'assainissement,Regard EU-EPL,TM1,TM01,DC Regard EU-EPL,preventive,0,1,1
32192,DC Regard EU-EPL 56,Regard d'assainissement,Regard EU-EPL,TM1,TM01,DC Regard EU-EPL,preventive,0,1,1
32193,DC Regard EU-EPL 57,Regard d'assainissement,Regard EU-EPL,TM1,TM01,DC Regard EU-EPL,preventive,0,1,1
32194,DC Regard EU-EPL 58,Regard d'assainissement,Regard EU-EPL,TM1,TM01,DC Regard EU-EPL,preventive,0,1,1
32195,DC Regard EU-EPL 59,Regard d'assainissement,Regard EU-EPL,TM1,TM01,DC Regard EU-EPL,preventive,0,1,1
32196,DC Regard EU-EPL 60,Regard d'assainissement,Regard EU-EPL,TM1,TM01,DC Regard EU-EPL,preventive,0,1,1
32197,DC Regard EU-EPL 61,Regard d'assainissement,Regard EU-EPL,TM1,TM01,DC Regard EU-EPL,preventive,0,1,1
32198,DC Regard EU-EPL 62,Regard d'assainissement,Regard EU-EPL,TM1,TM01,DC Regard EU-EPL,preventive,0,1,1
32199,DC Regard EU-EPL 63,Regard d'assainissement,Regard EU-EPL,TM1,TM01,DC Regard EU-EPL,preventive,0,1,1
32200,DC Regard EU-EPL 64,Regard d'assainissement,Regard EU-EPL,TM1,TM01,DC Regard EU-EPL,preventive,0,1,1
32201,DC Regard EU-EPL 65,Regard d'assainissement,Regard EU-EPL,TM1,TM01,DC Regard EU-EPL,preventive,0,1,1
32202,DC Regard EU-EPL 66,Regard d'assainissement,Regard EU-EPL,TM1,TM01,DC Regard EU-EPL,preventive,0,1,1
32203,DC Regard EU-EPL 67,Regard d'assainissement,Regard EU-EPL,TM1,TM01,DC Regard EU-EPL,preventive,0,1,1
32204,DC Regard EU-EPL 68,Regard d'assainissement,Regard EU-EPL,TM1,TM01,DC Regard EU-EPL,preventive,0,1,1
32205,DC Regard EU-EPL 69,Regard d'assainissement,Regard EU-EPL,TM1,TM01,DC Regard EU-EPL,preventive,0,1,1
32206,DC Regard EU-EPL 70,Regard d'assainissement,Regard EU-EPL,TM1,TM01,DC Regard EU-EPL,preventive,0,1,1
32207,DC Regard EU-EPL 71,Regard d'assainissement,Regard EU-EPL,TM1,TM01,DC Regard EU-EPL,preventive,0,1,1
32208,DC Regard EU-EPL 72,Regard d'assainissement,Regard EU-EPL,TM1,TM01,DC Regard EU-EPL,preventive,0,1,1
32209,DC Regard EU-EPL 73,Regard d'assainissement,Regard EU-EPL,TM1,TM01,DC Regard EU-EPL,preventive,0,1,1
32210,DC Regard EU-EPL 74,Regard d'assainissement,Regard EU-EPL,TM1,TM01,DC Regard EU-EPL,preventive,0,1,1
32211,DC Regard EU-EPL 75,Regard d'assainissement,Regard EU-EPL,TM1,TM01,DC Regard EU-EPL,preventive,0,1,1
32212,DC Regard EU-EPL 76,Regard d'assainissement,Regard EU-EPL,TM1,TM01,DC Regard EU-EPL,preventive,0,1,1
32213,DC Regard EU-EPL 77,Regard d'assainissement,Regard EU-EPL,TM1,TM01,DC Regard EU-EPL,preventive,0,1,1
32214,DC Regard EU-EPL 78,Regard d'assainissement,Regard EU-EPL,TM1,TM01,DC Regard EU-EPL,preventive,0,1,1
32215,DC Regard EU-EPL 79,Regard d'assainissement,Regard EU-EPL,TM1,TM01,DC Regard EU-EPL,preventive,0,1,1
32270,GRM Regard EU-EPL 55,Regard d'assainissement,Regard EU-EPL,TM1,TMPC01,GRM Regard EU-EPL,corrective,2,0,2
32344,SAS-EXPORT Regard EU-EPL 129,Regard d'assainissement,Regard EU-EPL,TM1,SAS EXPORT,SAS-EXPORT Regard EU-EPL,corrective,1,0,1
32412,VP-TM1 Regard EU-EPL 68,Regard d'assainissement,Regard EU-EPL,TM1,TM01,VP-TM1 Regard EU-EPL,corrective,1,0,1
32413,VP-TM1 Regard EU-EPL 69,Regard d'assainissement,Regard EU-EPL,TM1,TM01,VP-TM1 Regard EU-EPL,corrective,1,0,1
32534,SAS-IMP Regard EU-EPL 20,Regard d'assainissement,Regard EU-EPL,TM1,SAS IMPORT,SAS-IMP Regard EU-EPL,corrective,1,0,1
32597,SAS-IMP Regard EU-EPL 83,Regard d'assainissement,Regard EU-EPL,TM1,SAS IMPORT,SAS-IMP Regard EU-EPL,corrective,1,0,1
32603,SAS-IMP Regard EU-EPL 89,Regard d'assainissement,Regard EU-EPL,TM1,SAS IMPORT,SAS-IMP Regard EU-EPL,corrective,1,0,1
32679,SAS-IMP Regard EU-EPL 165,Regard d'assainissement,Regard EU-EPL,TM1,SAS IMPORT,SAS-IMP Regard EU-EPL,corrective,1,0,1
32699,SAS-IMP Regard EU-EPL 185,Regard d'assainissement,Regard EU-EPL,TM1,SAS IMPORT,SAS-IMP Regard EU-EPL,corrective,1,0,1
32730,SAS-IMP Regard EU-EPL 216,Regard d'assainissement,Regard EU-EPL,TM1,SAS IMPORT,SAS-IMP Regard EU-EPL,corrective,1,0,1
32735,SAS-IMP Regard EU-EPL 221,Regard d'assainissement,Regard EU-EPL,TM1,SAS IMPORT,SAS-IMP Regard EU-EPL,corrective,1,0,1
32741,SAS-IMP Regard EU-EPL 227,Regard d'assainissement,Regard EU-EPL,TM1,SAS IMPORT,SAS-IMP Regard EU-EPL,corrective,1,0,1
32941,PPR Regard EU-EPL 25,Regard d'assainissement,Regard EU-EPL,PPR,PPR01,PPR Regard EU-EPL,corrective,1,0,1
32943,PPR Regard EU-EPL 27,Regard d'assainissement,Regard EU-EPL,PPR,PPR01,PPR Regard EU-EPL,corrective,3,0,3
32984,PPR Regard EU-EPL 68,Regard d'assainissement,Regard EU-EPL,PPR,PPR01,PPR Regard EU-EPL,corrective,3,0,3
32985,PPR Regard EU-EPL 69,Regard d'assainissement,Regard EU-EPL,PPR,PPR01,PPR Regard EU-EPL,corrective,2,0,2
32988,PPR Regard EU-EPL 72,Regard d'assainissement,Regard EU-EPL,PPR,PPR01,PPR Regard EU-EPL,corrective,1,0,1
32993,PPR Regard EU-EPL 77,Regard d'assainissement,Regard EU-EPL,PPR,PPR01,PPR Regard EU-EPL,corrective,1,0,1
32996,PPR Regard EU-EPL 80,Regard d'assainissement,Regard EU-EPL,PPR,PPR01,PPR Regard EU-EPL,corrective,1,0,1
33004,PPR Regard EU-EPL 88,Regard d'assainissement,Regard EU-EPL,PPR,PPR01,PPR Regard EU-EPL,corrective,1,0,1
33005,PPR Regard EU-EPL 89,Regard d'assainissement,Regard EU-EPL,PPR,PPR01,PPR Regard EU-EPL,corrective,1,0,1
33010,PPR Regard EU-EPL 94,Regard d'assainissement,Regard EU-EPL,PPR,PPR01,PPR Regard EU-EPL,corrective,3,0,3
33031,PPR Regard EU-EPL 115,Regard d'assainissement,Regard EU-EPL,PPR,PPR01,PPR Regard EU-EPL,corrective,1,0,1
33052,PPR Regard EU-EPL 136,Regard d'assainissement,Regard EU-EPL,PPR,PPR01,PPR Regard EU-EPL,corrective,2,0,2
33064,PPR Regard EU-EPL 148,Regard d'assainissement,Regard EU-EPL,PPR,PPR01,PPR Regard EU-EPL,corrective,1,0,1
33066,PPR Regard EU-EPL 150,Regard d'assainissement,Regard EU-EPL,PPR,PPR01,PPR Regard EU-EPL,corrective,1,0,1
33067,PPR Regard EU-EPL 151,Regard d'assainissement,Regard EU-EPL,PPR,PPR01,PPR Regard EU-EPL,corrective,1,0,1
33068,PPR Regard EU-EPL 152,Regard d'assainissement,Regard EU-EPL,PPR,PPR01,PPR Regard EU-EPL,corrective,1,0,1
33071,PPR Regard EU-EPL 155,Regard d'assainissement,Regard EU-EPL,PPR,PPR01,PPR Regard EU-EPL,corrective,1,0,1
33080,PPR Regard EU-EPL 164,Regard d'assainissement,Regard EU-EPL,PPR,PPR01,PPR Regard EU-EPL,corrective,1,0,1
33084,PPR Regard EU-EPL 168,Regard d'assainissement,Regard EU-EPL,PPR,PPR01,PPR Regard EU-EPL,corrective,1,0,1
33086,PPR Regard EU-EPL 170,Regard d'assainissement,Regard EU-EPL,PPR,PPR01,PPR Regard EU-EPL,corrective,1,0,1
33087,PPR Regard EU-EPL 171,Regard d'assainissement,Regard EU-EPL,PPR,PPR01,PPR Regard EU-EPL,corrective,1,0,1
33102,PPR Regard EU-EPL 186,Regard d'assainissement,Regard EU-EPL,PPR,PPR01,PPR Regard EU-EPL,corrective,6,0,6
33103,PPR Regard EU-EPL 187,Regard d'assainissement,Regard EU-EPL,PPR,PPR01,PPR Regard EU-EPL,corrective,1,0,1
33217,ZFL1 Regard EU-EPL 103,Regard d'assainissement,Regard EU-EPL,MEDHUB,ZFL01,ZFL1 Regard EU-EPL,corrective,1,0,1
33274,BELV Regard EU-EPL 1,Regard d'assainissement,Regard EU-EPL,TM1,TMPC01,BELV Regard EU-EPL,preventive,0,1,1
33275,BELV Regard EU-EPL 2,Regard d'assainissement,Regard EU-EPL,TM1,TMPC01,BELV Regard EU-EPL,preventive,0,1,1
33276,BELV Regard EU-EPL 3,Regard d'assainissement,Regard EU-EPL,TM1,TMPC01,BELV Regard EU-EPL,preventive,0,1,1
33277,BELV Regard EU-EPL 4,Regard d'assainissement,Regard EU-EPL,TM1,TMPC01,BELV Regard EU-EPL,preventive,0,1,1
33278,BELV Regard EU-EPL 5,Regard d'assainissement,Regard EU-EPL,TM1,TMPC01,BELV Regard EU-EPL,preventive,0,1,1
33279,BELV Regard EU-EPL 6,Regard d'assainissement,Regard EU-EPL,TM1,TMPC01,BELV Regard EU-EPL,preventive,0,1,1
33280,BELV Regard EU-EPL 7,Regard d'assainissement,Regard EU-EPL,TM1,TMPC01,BELV Regard EU-EPL,preventive,0,1,1
33281,BELV Regard EU-EPL 8,Regard d'assainissement,Regard EU-EPL,TM1,TMPC01,BELV Regard EU-EPL,preventive,0,1,1
33282,BELV Regard EU-EPL 9,Regard d'assainissement,Regard EU-EPL,TM1,TMPC01,BELV Regard EU-EPL,preventive,0,1,1
33283,BELV Regard EU-EPL 10,Regard d'assainissement,Regard EU-EPL,TM1,TMPC01,BELV Regard EU-EPL,preventive,0,1,1
33284,BELV Regard EU-EPL 11,Regard d'assainissement,Regard EU-EPL,TM1,TMPC01,BELV Regard EU-EPL,preventive,0,1,1
33285,BELV Regard EU-EPL 12,Regard d'assainissement,Regard EU-EPL,TM1,TMPC01,BELV Regard EU-EPL,preventive,0,1,1
33286,BELV Regard EU-EPL 13,Regard d'assainissement,Regard EU-EPL,TM1,TMPC01,BELV Regard EU-EPL,preventive,0,1,1
33287,BELV Regard EU-EPL 14,Regard d'assainissement,Regard EU-EPL,TM1,TMPC01,BELV Regard EU-EPL,preventive,0,1,1
33288,BELV Regard EU-EPL 15,Regard d'assainissement,Regard EU-EPL,TM1,TMPC01,BELV Regard EU-EPL,preventive,0,1,1
33289,BELV Regard EU-EPL 16,Regard d'assainissement,Regard EU-EPL,TM1,TMPC01,BELV Regard EU-EPL,preventive,0,1,1
33290,BELV Regard EU-EPL 17,Regard d'assainissement,Regard EU-EPL,TM1,TMPC01,BELV Regard EU-EPL,preventive,0,1,1
33291,BELV Regard EU-EPL 18,Regard d'assainissement,Regard EU-EPL,TM1,TMPC01,BELV Regard EU-EPL,preventive,0,1,1
33292,BELV Regard EU-EPL 19,Regard d'assainissement,Regard EU-EPL,TM1,TMPC01,BELV Regard EU-EPL,preventive,0,1,1
33293,BELV Regard EU-EPL 20,Regard d'assainissement,Regard EU-EPL,TM1,TMPC01,BELV Regard EU-EPL,preventive,0,1,1
33294,BELV Regard EU-EPL 21,Regard d'assainissement,Regard EU-EPL,TM1,TMPC01,BELV Regard EU-EPL,preventive,0,1,1
33295,BELV Regard EU-EPL 22,Regard d'assainissement,Regard EU-EPL,TM1,TMPC01,BELV Regard EU-EPL,preventive,0,1,1
33296,BELV Regard EU-EPL 23,Regard d'assainissement,Regard EU-EPL,TM1,TMPC01,BELV Regard EU-EPL,preventive,0,1,1
33297,BELV Regard EU-EPL 24,Regard d'assainissement,Regard EU-EPL,TM1,TMPC01,BELV Regard EU-EPL,preventive,0,1,1
33298,GATE2 Regard EU-EPL 1,Regard d'assainissement,Regard EU-EPL,PPR,GATE2,GATE2 Regard EU-EPL,preventive,0,1,1
33299,GATE2 Regard EU-EPL 2,Regard d'assainissement,Regard EU-EPL,PPR,GATE2,GATE2 Regard EU-EPL,preventive,0,1,1
33300,GATE2 Regard EU-EPL 3,Regard d'assainissement,Regard EU-EPL,PPR,GATE2,GATE2 Regard EU-EPL,preventive,0,1,1
33301,GATE2 Regard EU-EPL 4,Regard d'assainissement,Regard EU-EPL,PPR,GATE2,GATE2 Regard EU-EPL,preventive,0,1,1
33302,GATE2 Regard EU-EPL 5,Regard d'assainissement,Regard EU-EPL,PPR,GATE2,GATE2 Regard EU-EPL,preventive,0,1,1
33303,GATE2 Regard EU-EPL 6,Regard d'assainissement,Regard EU-EPL,PPR,GATE2,GATE2 Regard EU-EPL,preventive,0,1,1
33304,GATE2 Regard EU-EPL 7,Regard d'assainissement,Regard EU-EPL,PPR,GATE2,GATE2 Regard EU-EPL,preventive,0,1,1
33305,GATE2 Regard EU-EPL 8,Regard d'assainissement,Regard EU-EPL,PPR,GATE2,GATE2 Regard EU-EPL,preventive,0,1,1
33306,GATE2 Regard EU-EPL 9,Regard d'assainissement,Regard EU-EPL,PPR,GATE2,GATE2 Regard EU-EPL,preventive,0,1,1
33307,GATE2 Regard EU-EPL 10,Regard d'assainissement,Regard EU-EPL,PPR,GATE2,GATE2 Regard EU-EPL,preventive,0,1,1
33308,GATE2 Regard EU-EPL 11,Regard d'assainissement,Regard EU-EPL,PPR,GATE2,GATE2 Regard EU-EPL,preventive,0,1,1
33309,GATE2 Regard EU-EPL 12,Regard d'assainissement,Regard EU-EPL,PPR,GATE2,GATE2 Regard EU-EPL,preventive,0,1,1
33310,GATE2 Regard EU-EPL 13,Regard d'assainissement,Regard EU-EPL,PPR,GATE2,GATE2 Regard EU-EPL,preventive,0,1,1
33311,GATE2 Regard EU-EPL 14,Regard d'assainissement,Regard EU-EPL,PPR,GATE2,GATE2 Regard EU-EPL,preventive,0,1,1
33312,GATE2 Regard EU-EPL 15,Regard d'assainissement,Regard EU-EPL,PPR,GATE2,GATE2 Regard EU-EPL,preventive,0,1,1
33313,GATE2 Regard EU-EPL 16,Regard d'assainissement,Regard EU-EPL,PPR,GATE2,GATE2 Regard EU-EPL,preventive,0,1,1
33314,GATE2 Regard EU-EPL 17,Regard d'assainissement,Regard EU-EPL,PPR,GATE2,GATE2 Regard EU-EPL,preventive,0,1,1
33315,GATE2 Regard EU-EPL 18,Regard d'assainissement,Regard EU-EPL,PPR,GATE2,GATE2 Regard EU-EPL,preventive,0,1,1
33316,GATE2 Regard EU-EPL 19,Regard d'assainissement,Regard EU-EPL,PPR,GATE2,GATE2 Regard EU-EPL,preventive,0,1,1
33317,GATE2 Regard EU-EPL 20,Regard d'assainissement,Regard EU-EPL,PPR,GATE2,GATE2 Regard EU-EPL,preventive,0,1,1
33318,GATE2 Regard EU-EPL 21,Regard d'assainissement,Regard EU-EPL,PPR,GATE2,GATE2 Regard EU-EPL,preventive,0,1,1
33319,GATE2 Regard EU-EPL 22,Regard d'assainissement,Regard EU-EPL,PPR,GATE2,GATE2 Regard EU-EPL,preventive,0,1,1
33320,GATE2 Regard EU-EPL 23,Regard d'assainissement,Regard EU-EPL,PPR,GATE2,GATE2 Regard EU-EPL,preventive,0,1,1
33321,GATE2 Regard EU-EPL 24,Regard d'assainissement,Regard EU-EPL,PPR,GATE2,GATE2 Regard EU-EPL,preventive,0,1,1
33322,GATE2 Regard EU-EPL 25,Regard d'assainissement,Regard EU-EPL,PPR,GATE2,GATE2 Regard EU-EPL,preventive,0,1,1
33323,GATE2 Regard EU-EPL 26,Regard d'assainissement,Regard EU-EPL,PPR,GATE2,GATE2 Regard EU-EPL,preventive,0,1,1
33324,GATE2 Regard EU-EPL 27,Regard d'assainissement,Regard EU-EPL,PPR,GATE2,GATE2 Regard EU-EPL,preventive,0,1,1
33325,GATE2 Regard EU-EPL 28,Regard d'assainissement,Regard EU-EPL,PPR,GATE2,GATE2 Regard EU-EPL,preventive,0,1,1
33326,GATE2 Regard EU-EPL 29,Regard d'assainissement,Regard EU-EPL,PPR,GATE2,GATE2 Regard EU-EPL,preventive,0,1,1
33327,GATE2 Regard EU-EPL 30,Regard d'assainissement,Regard EU-EPL,PPR,GATE2,GATE2 Regard EU-EPL,preventive,0,1,1
33328,GATE2 Regard EU-EPL 31,Regard d'assainissement,Regard EU-EPL,PPR,GATE2,GATE2 Regard EU-EPL,preventive,0,1,1
33329,GATE2 Regard EU-EPL 32,Regard d'assainissement,Regard EU-EPL,PPR,GATE2,GATE2 Regard EU-EPL,preventive,0,1,1
33330,GATE2 Regard EU-EPL 33,Regard d'assainissement,Regard EU-EPL,PPR,GATE2,GATE2 Regard EU-EPL,preventive,0,1,1
33331,GATE2 Regard EU-EPL 34,Regard d'assainissement,Regard EU-EPL,PPR,GATE2,GATE2 Regard EU-EPL,preventive,0,1,1
33332,GATE2 Regard EU-EPL 35,Regard d'assainissement,Regard EU-EPL,PPR,GATE2,GATE2 Regard EU-EPL,preventive,0,1,1
33333,GATE2 Regard EU-EPL 36,Regard d'assainissement,Regard EU-EPL,PPR,GATE2,GATE2 Regard EU-EPL,preventive,0,1,1
33334,GATE2 Regard EU-EPL 37,Regard d'assainissement,Regard EU-EPL,PPR,GATE2,GATE2 Regard EU-EPL,preventive,0,1,1
33335,GATE2 Regard EU-EPL 38,Regard d'assainissement,Regard EU-EPL,PPR,GATE2,GATE2 Regard EU-EPL,preventive,0,1,1
33336,GATE2 Regard EU-EPL 39,Regard d'assainissement,Regard EU-EPL,PPR,GATE2,GATE2 Regard EU-EPL,"corrective, preventive",1,1,2
33337,GATE2 Regard EU-EPL 40,Regard d'assainissement,Regard EU-EPL,PPR,GATE2,GATE2 Regard EU-EPL,preventive,0,1,1
33338,GATE2 Regard EU-EPL 41,Regard d'assainissement,Regard EU-EPL,PPR,GATE2,GATE2 Regard EU-EPL,preventive,0,1,1
33339,GATE2 Regard EU-EPL 42,Regard d'assainissement,Regard EU-EPL,PPR,GATE2,GATE2 Regard EU-EPL,preventive,0,1,1
33340,GATE2 Regard EU-EPL 43,Regard d'assainissement,Regard EU-EPL,PPR,GATE2,GATE2 Regard EU-EPL,preventive,0,1,1
33341,GATE2 Regard EU-EPL 44,Regard d'assainissement,Regard EU-EPL,PPR,GATE2,GATE2 Regard EU-EPL,preventive,0,1,1
33342,GATE2 Regard EU-EPL 45,Regard d'assainissement,Regard EU-EPL,PPR,GATE2,GATE2 Regard EU-EPL,preventive,0,1,1
33343,GATE2 Regard EU-EPL 46,Regard d'assainissement,Regard EU-EPL,PPR,GATE2,GATE2 Regard EU-EPL,preventive,0,1,1
33344,GATE2 Regard EU-EPL 47,Regard d'assainissement,Regard EU-EPL,PPR,GATE2,GATE2 Regard EU-EPL,preventive,0,1,1
33345,GATE2 Regard EU-EPL 48,Regard d'assainissement,Regard EU-EPL,PPR,GATE2,GATE2 Regard EU-EPL,preventive,0,1,1
33346,GATE2 Regard EU-EPL 49,Regard d'assainissement,Regard EU-EPL,PPR,GATE2,GATE2 Regard EU-EPL,preventive,0,1,1
33347,GATE2 Regard EU-EPL 50,Regard d'assainissement,Regard EU-EPL,PPR,GATE2,GATE2 Regard EU-EPL,preventive,0,1,1
33348,GATE2 Regard EU-EPL 51,Regard d'assainissement,Regard EU-EPL,PPR,GATE2,GATE2 Regard EU-EPL,preventive,0,1,1
33349,GATE2 Regard EU-EPL 52,Regard d'assainissement,Regard EU-EPL,PPR,GATE2,GATE2 Regard EU-EPL,preventive,0,1,1
33350,GATE2 Regard EU-EPL 53,Regard d'assainissement,Regard EU-EPL,PPR,GATE2,GATE2 Regard EU-EPL,preventive,0,1,1
33351,GATE2 Regard EU-EPL 54,Regard d'assainissement,Regard EU-EPL,PPR,GATE2,GATE2 Regard EU-EPL,preventive,0,1,1
33352,GATE2 Regard EU-EPL 55,Regard d'assainissement,Regard EU-EPL,PPR,GATE2,GATE2 Regard EU-EPL,preventive,0,1,1
33353,GATE2 Regard EU-EPL 56,Regard d'assainissement,Regard EU-EPL,PPR,GATE2,GATE2 Regard EU-EPL,preventive,0,1,1
33354,GATE2 Regard EU-EPL 57,Regard d'assainissement,Regard EU-EPL,PPR,GATE2,GATE2 Regard EU-EPL,preventive,0,1,1
33355,GATE2 Regard EU-EPL 58,Regard d'assainissement,Regard EU-EPL,PPR,GATE2,GATE2 Regard EU-EPL,preventive,0,1,1
33356,GATE2 Regard EU-EPL 59,Regard d'assainissement,Regard EU-EPL,PPR,GATE2,GATE2 Regard EU-EPL,preventive,0,1,1
33357,GATE2 Regard EU-EPL 60,Regard d'assainissement,Regard EU-EPL,PPR,GATE2,GATE2 Regard EU-EPL,preventive,0,1,1
33358,GATE2 Regard EU-EPL 61,Regard d'assainissement,Regard EU-EPL,PPR,GATE2,GATE2 Regard EU-EPL,preventive,0,1,1
33359,GATE2 Regard EU-EPL 62,Regard d'assainissement,Regard EU-EPL,PPR,GATE2,GATE2 Regard EU-EPL,preventive,0,1,1
33360,GATE2 Regard EU-EPL 63,Regard d'assainissement,Regard EU-EPL,PPR,GATE2,GATE2 Regard EU-EPL,preventive,0,1,1
33361,GATE2 Regard EU-EPL 64,Regard d'assainissement,Regard EU-EPL,PPR,GATE2,GATE2 Regard EU-EPL,preventive,0,1,1
33362,GATE2 Regard EU-EPL 65,Regard d'assainissement,Regard EU-EPL,PPR,GATE2,GATE2 Regard EU-EPL,preventive,0,1,1
33363,GATE2 Regard EU-EPL 66,Regard d'assainissement,Regard EU-EPL,PPR,GATE2,GATE2 Regard EU-EPL,preventive,0,1,1
33364,GATE2 Regard EU-EPL 67,Regard d'assainissement,Regard EU-EPL,PPR,GATE2,GATE2 Regard EU-EPL,preventive,0,1,1
33365,GATE2 Regard EU-EPL 68,Regard d'assainissement,Regard EU-EPL,PPR,GATE2,GATE2 Regard EU-EPL,preventive,0,1,1
33366,GATE2 Regard EU-EPL 69,Regard d'assainissement,Regard EU-EPL,PPR,GATE2,GATE2 Regard EU-EPL,preventive,0,1,1
33367,GATE2 Regard EU-EPL 70,Regard d'assainissement,Regard EU-EPL,PPR,GATE2,GATE2 Regard EU-EPL,preventive,0,1,1
33368,GATE2 Regard EU-EPL 71,Regard d'assainissement,Regard EU-EPL,PPR,GATE2,GATE2 Regard EU-EPL,preventive,0,1,1
33369,GATE2 Regard EU-EPL 72,Regard d'assainissement,Regard EU-EPL,PPR,GATE2,GATE2 Regard EU-EPL,preventive,0,1,1
33370,GATE2 Regard EU-EPL 73,Regard d'assainissement,Regard EU-EPL,PPR,GATE2,GATE2 Regard EU-EPL,preventive,0,1,1
33371,GATE2 Regard EU-EPL 74,Regard d'assainissement,Regard EU-EPL,PPR,GATE2,GATE2 Regard EU-EPL,preventive,0,1,1
33372,GATE2 Regard EU-EPL 75,Regard d'assainissement,Regard EU-EPL,PPR,GATE2,GATE2 Regard EU-EPL,preventive,0,1,1
33373,GATE2 Regard EU-EPL 76,Regard d'assainissement,Regard EU-EPL,PPR,GATE2,GATE2 Regard EU-EPL,preventive,0,1,1
33374,GATE2 Regard EU-EPL 77,Regard d'assainissement,Regard EU-EPL,PPR,GATE2,GATE2 Regard EU-EPL,preventive,0,1,1
33375,GATE2 Regard EU-EPL 78,Regard d'assainissement,Regard EU-EPL,PPR,GATE2,GATE2 Regard EU-EPL,preventive,0,1,1
33376,GATE2 Regard EU-EPL 79,Regard d'assainissement,Regard EU-EPL,PPR,GATE2,GATE2 Regard EU-EPL,preventive,0,1,1
33377,GATE2 Regard EU-EPL 80,Regard d'assainissement,Regard EU-EPL,PPR,GATE2,GATE2 Regard EU-EPL,preventive,0,1,1
33378,GATE2 Regard EU-EPL 81,Regard d'assainissement,Regard EU-EPL,PPR,GATE2,GATE2 Regard EU-EPL,preventive,0,1,1
33379,GATE2 Regard EU-EPL 82,Regard d'assainissement,Regard EU-EPL,PPR,GATE2,GATE2 Regard EU-EPL,preventive,0,1,1
33380,GATE2 Regard EU-EPL 83,Regard d'assainissement,Regard EU-EPL,PPR,GATE2,GATE2 Regard EU-EPL,preventive,0,1,1
33381,GATE2 Regard EU-EPL 84,Regard d'assainissement,Regard EU-EPL,PPR,GATE2,GATE2 Regard EU-EPL,preventive,0,1,1
33382,GATE2 Regard EU-EPL 85,Regard d'assainissement,Regard EU-EPL,PPR,GATE2,GATE2 Regard EU-EPL,preventive,0,1,1
33383,GATE2 Regard EU-EPL 86,Regard d'assainissement,Regard EU-EPL,PPR,GATE2,GATE2 Regard EU-EPL,preventive,0,1,1
33384,GATE2 Regard EU-EPL 87,Regard d'assainissement,Regard EU-EPL,PPR,GATE2,GATE2 Regard EU-EPL,preventive,0,1,1
33385,GATE2 Regard EU-EPL 88,Regard d'assainissement,Regard EU-EPL,PPR,GATE2,GATE2 Regard EU-EPL,preventive,0,1,1
33386,GATE2 Regard EU-EPL 89,Regard d'assainissement,Regard EU-EPL,PPR,GATE2,GATE2 Regard EU-EPL,preventive,0,1,1
33387,GATE2 Regard EU-EPL 90,Regard d'assainissement,Regard EU-EPL,PPR,GATE2,GATE2 Regard EU-EPL,preventive,0,1,1
33388,GATE2 Regard EU-EPL 91,Regard d'assainissement,Regard EU-EPL,PPR,GATE2,GATE2 Regard EU-EPL,preventive,0,1,1
33389,GATE2 Regard EU-EPL 92,Regard d'assainissement,Regard EU-EPL,PPR,GATE2,GATE2 Regard EU-EPL,preventive,0,1,1
33390,GATE2 Regard EU-EPL 93,Regard d'assainissement,Regard EU-EPL,PPR,GATE2,GATE2 Regard EU-EPL,preventive,0,1,1
33391,GATE2 Regard EU-EPL 94,Regard d'assainissement,Regard EU-EPL,PPR,GATE2,GATE2 Regard EU-EPL,preventive,0,1,1
33392,GATE2 Regard EU-EPL 95,Regard d'assainissement,Regard EU-EPL,PPR,GATE2,GATE2 Regard EU-EPL,preventive,0,1,1
33393,GATE2 Regard EU-EPL 96,Regard d'assainissement,Regard EU-EPL,PPR,GATE2,GATE2 Regard EU-EPL,preventive,0,1,1
33394,GATE2 Regard EU-EPL 97,Regard d'assainissement,Regard EU-EPL,PPR,GATE2,GATE2 Regard EU-EPL,preventive,0,1,1
33395,GATE2 Regard EU-EPL 98,Regard d'assainissement,Regard EU-EPL,PPR,GATE2,GATE2 Regard EU-EPL,preventive,0,1,1
33396,GATE2 Regard EU-EPL 99,Regard d'assainissement,Regard EU-EPL,PPR,GATE2,GATE2 Regard EU-EPL,preventive,0,1,1
33397,GATE2 Regard EU-EPL 100,Regard d'assainissement,Regard EU-EPL,PPR,GATE2,GATE2 Regard EU-EPL,preventive,0,1,1
33398,GATE2 Regard EU-EPL 101,Regard d'assainissement,Regard EU-EPL,PPR,GATE2,GATE2 Regard EU-EPL,preventive,0,1,1
33399,GATE2 Regard EU-EPL 102,Regard d'assainissement,Regard EU-EPL,PPR,GATE2,GATE2 Regard EU-EPL,preventive,0,1,1
33400,GATE2 Regard EU-EPL 103,Regard d'assainissement,Regard EU-EPL,PPR,GATE2,GATE2 Regard EU-EPL,preventive,0,1,1
33401,GATE2 Regard EU-EPL 104,Regard d'assainissement,Regard EU-EPL,PPR,GATE2,GATE2 Regard EU-EPL,preventive,0,1,1
33402,GATE2 Regard EU-EPL 105,Regard d'assainissement,Regard EU-EPL,PPR,GATE2,GATE2 Regard EU-EPL,preventive,0,1,1
33403,GATE2 Regard EU-EPL 106,Regard d'assainissement,Regard EU-EPL,PPR,GATE2,GATE2 Regard EU-EPL,preventive,0,1,1
33404,GATE2 Regard EU-EPL 107,Regard d'assainissement,Regard EU-EPL,PPR,GATE2,GATE2 Regard EU-EPL,preventive,0,1,1
33405,GATE2 Regard EU-EPL 108,Regard d'assainissement,Regard EU-EPL,PPR,GATE2,GATE2 Regard EU-EPL,preventive,0,1,1
33406,GATE2 Regard EU-EPL 109,Regard d'assainissement,Regard EU-EPL,PPR,GATE2,GATE2 Regard EU-EPL,preventive,0,1,1
33407,GATE2 Regard EU-EPL 110,Regard d'assainissement,Regard EU-EPL,PPR,GATE2,GATE2 Regard EU-EPL,preventive,0,1,1
33408,GATE2 Regard EU-EPL 111,Regard d'assainissement,Regard EU-EPL,PPR,GATE2,GATE2 Regard EU-EPL,preventive,0,1,1
33409,GATE2 Regard EU-EPL 112,Regard d'assainissement,Regard EU-EPL,PPR,GATE2,GATE2 Regard EU-EPL,preventive,0,1,1
33410,GATE2 Regard EU-EPL 113,Regard d'assainissement,Regard EU-EPL,PPR,GATE2,GATE2 Regard EU-EPL,preventive,0,1,1
33411,GATE2 Regard EU-EPL 114,Regard d'assainissement,Regard EU-EPL,PPR,GATE2,GATE2 Regard EU-EPL,preventive,0,1,1
33412,GATE2 Regard EU-EPL 115,Regard d'assainissement,Regard EU-EPL,PPR,GATE2,GATE2 Regard EU-EPL,preventive,0,1,1
33413,GATE2 Regard EU-EPL 116,Regard d'assainissement,Regard EU-EPL,PPR,GATE2,GATE2 Regard EU-EPL,preventive,0,1,1
33414,GATE2 Regard EU-EPL 117,Regard d'assainissement,Regard EU-EPL,PPR,GATE2,GATE2 Regard EU-EPL,preventive,0,1,1
33415,GATE2 Regard EU-EPL 118,Regard d'assainissement,Regard EU-EPL,PPR,GATE2,GATE2 Regard EU-EPL,preventive,0,1,1
33416,GATE2 Regard EU-EPL 119,Regard d'assainissement,Regard EU-EPL,PPR,GATE2,GATE2 Regard EU-EPL,preventive,0,1,1
33417,GATE2 Regard EU-EPL 120,Regard d'assainissement,Regard EU-EPL,PPR,GATE2,GATE2 Regard EU-EPL,preventive,0,1,1
33418,GATE2 Regard EU-EPL 121,Regard d'assainissement,Regard EU-EPL,PPR,GATE2,GATE2 Regard EU-EPL,preventive,0,1,1
33419,GATE2 Regard EU-EPL 122,Regard d'assainissement,Regard EU-EPL,PPR,GATE2,GATE2 Regard EU-EPL,preventive,0,1,1
33420,GATE2 Regard EU-EPL 123,Regard d'assainissement,Regard EU-EPL,PPR,GATE2,GATE2 Regard EU-EPL,preventive,0,1,1
33421,GATE2 Regard EU-EPL 124,Regard d'assainissement,Regard EU-EPL,PPR,GATE2,GATE2 Regard EU-EPL,preventive,0,1,1
33422,GATE2 Regard EU-EPL 125,Regard d'assainissement,Regard EU-EPL,PPR,GATE2,GATE2 Regard EU-EPL,preventive,0,1,1
33423,GATE2 Regard EU-EPL 126,Regard d'assainissement,Regard EU-EPL,PPR,GATE2,GATE2 Regard EU-EPL,preventive,0,1,1
33424,GATE2 Regard EU-EPL 127,Regard d'assainissement,Regard EU-EPL,PPR,GATE2,GATE2 Regard EU-EPL,preventive,0,1,1
33425,GATE2 Regard EU-EPL 128,Regard d'assainissement,Regard EU-EPL,PPR,GATE2,GATE2 Regard EU-EPL,preventive,0,1,1
33426,GATE2 Regard EU-EPL 129,Regard d'assainissement,Regard EU-EPL,PPR,GATE2,GATE2 Regard EU-EPL,preventive,0,1,1
33427,GATE2 Regard EU-EPL 130,Regard d'assainissement,Regard EU-EPL,PPR,GATE2,GATE2 Regard EU-EPL,preventive,0,1,1
33428,GATE2 Regard EU-EPL 131,Regard d'assainissement,Regard EU-EPL,PPR,GATE2,GATE2 Regard EU-EPL,preventive,0,1,1
33429,GATE2 Regard EU-EPL 132,Regard d'assainissement,Regard EU-EPL,PPR,GATE2,GATE2 Regard EU-EPL,preventive,0,1,1
33430,GATE2 Regard EU-EPL 133,Regard d'assainissement,Regard EU-EPL,PPR,GATE2,GATE2 Regard EU-EPL,preventive,0,1,1
33431,GATE2 Regard EU-EPL 134,Regard d'assainissement,Regard EU-EPL,PPR,GATE2,GATE2 Regard EU-EPL,preventive,0,1,1
33432,GATE2 Regard EU-EPL 135,Regard d'assainissement,Regard EU-EPL,PPR,GATE2,GATE2 Regard EU-EPL,preventive,0,1,1
33433,GATE2 Regard EU-EPL 136,Regard d'assainissement,Regard EU-EPL,PPR,GATE2,GATE2 Regard EU-EPL,preventive,0,1,1
33434,GATE2 Regard EU-EPL 137,Regard d'assainissement,Regard EU-EPL,PPR,GATE2,GATE2 Regard EU-EPL,preventive,0,1,1
33435,GATE2 Regard EU-EPL 138,Regard d'assainissement,Regard EU-EPL,PPR,GATE2,GATE2 Regard EU-EPL,preventive,0,1,1
33436,GATE2 Regard EU-EPL 139,Regard d'assainissement,Regard EU-EPL,PPR,GATE2,GATE2 Regard EU-EPL,preventive,0,1,1
33437,GATE2 Regard EU-EPL 140,Regard d'assainissement,Regard EU-EPL,PPR,GATE2,GATE2 Regard EU-EPL,preventive,0,1,1
33438,GATE2 Regard EU-EPL 141,Regard d'assainissement,Regard EU-EPL,PPR,GATE2,GATE2 Regard EU-EPL,preventive,0,1,1
33439,GATE2 Regard EU-EPL 142,Regard d'assainissement,Regard EU-EPL,PPR,GATE2,GATE2 Regard EU-EPL,preventive,0,1,1
33440,GATE2 Regard EU-EPL 143,Regard d'assainissement,Regard EU-EPL,PPR,GATE2,GATE2 Regard EU-EPL,preventive,0,1,1
33441,GATE2 Regard EU-EPL 144,Regard d'assainissement,Regard EU-EPL,PPR,GATE2,GATE2 Regard EU-EPL,preventive,0,1,1
33442,GATE2 Regard EU-EPL 145,Regard d'assainissement,Regard EU-EPL,PPR,GATE2,GATE2 Regard EU-EPL,preventive,0,1,1
33443,GATE2 Regard EU-EPL 146,Regard d'assainissement,Regard EU-EPL,PPR,GATE2,GATE2 Regard EU-EPL,preventive,0,1,1
33444,GATE2 Regard EU-EPL 147,Regard d'assainissement,Regard EU-EPL,PPR,GATE2,GATE2 Regard EU-EPL,preventive,0,1,1
33445,GATE2 Regard EU-EPL 148,Regard d'assainissement,Regard EU-EPL,PPR,GATE2,GATE2 Regard EU-EPL,preventive,0,1,1
33446,GATE2 Regard EU-EPL 149,Regard d'assainissement,Regard EU-EPL,PPR,GATE2,GATE2 Regard EU-EPL,preventive,0,1,1
33447,GATE2 Regard EU-EPL 150,Regard d'assainissement,Regard EU-EPL,PPR,GATE2,GATE2 Regard EU-EPL,preventive,0,1,1
33448,GATE2 Regard EU-EPL 151,Regard d'assainissement,Regard EU-EPL,PPR,GATE2,GATE2 Regard EU-EPL,preventive,0,1,1
33449,GATE2 Regard EU-EPL 152,Regard d'assainissement,Regard EU-EPL,PPR,GATE2,GATE2 Regard EU-EPL,preventive,0,1,1
33450,GATE2 Regard EU-EPL 153,Regard d'assainissement,Regard EU-EPL,PPR,GATE2,GATE2 Regard EU-EPL,preventive,0,1,1
33451,GATE2 Regard EU-EPL 154,Regard d'assainissement,Regard EU-EPL,PPR,GATE2,GATE2 Regard EU-EPL,preventive,0,1,1
33452,GATE2 Regard EU-EPL 155,Regard d'assainissement,Regard EU-EPL,PPR,GATE2,GATE2 Regard EU-EPL,preventive,0,1,1
33453,GATE2 Regard EU-EPL 156,Regard d'assainissement,Regard EU-EPL,PPR,GATE2,GATE2 Regard EU-EPL,preventive,0,1,1
33454,GATE2 Regard EU-EPL 157,Regard d'assainissement,Regard EU-EPL,PPR,GATE2,GATE2 Regard EU-EPL,preventive,0,1,1
33455,GATE2 Regard EU-EPL 158,Regard d'assainissement,Regard EU-EPL,PPR,GATE2,GATE2 Regard EU-EPL,preventive,0,1,1
33456,GATE2 Regard EU-EPL 159,Regard d'assainissement,Regard EU-EPL,PPR,GATE2,GATE2 Regard EU-EPL,preventive,0,1,1
33457,GATE2 Regard EU-EPL 160,Regard d'assainissement,Regard EU-EPL,PPR,GATE2,GATE2 Regard EU-EPL,preventive,0,1,1
33458,GATE2 Regard EU-EPL 161,Regard d'assainissement,Regard EU-EPL,PPR,GATE2,GATE2 Regard EU-EPL,preventive,0,1,1
33459,GATE2 Regard EU-EPL 162,Regard d'assainissement,Regard EU-EPL,PPR,GATE2,GATE2 Regard EU-EPL,preventive,0,1,1
33460,GATE2 Regard EU-EPL 163,Regard d'assainissement,Regard EU-EPL,PPR,GATE2,GATE2 Regard EU-EPL,preventive,0,1,1
33461,GATE2 Regard EU-EPL 164,Regard d'assainissement,Regard EU-EPL,PPR,GATE2,GATE2 Regard EU-EPL,preventive,0,1,1
33462,GATE2 Regard EU-EPL 165,Regard d'assainissement,Regard EU-EPL,PPR,GATE2,GATE2 Regard EU-EPL,preventive,0,1,1
33463,GATE2 Regard EU-EPL 166,Regard d'assainissement,Regard EU-EPL,PPR,GATE2,GATE2 Regard EU-EPL,preventive,0,1,1
33464,GATE2 Regard EU-EPL 167,Regard d'assainissement,Regard EU-EPL,PPR,GATE2,GATE2 Regard EU-EPL,preventive,0,1,1
33465,GATE2 Regard EU-EPL 168,Regard d'assainissement,Regard EU-EPL,PPR,GATE2,GATE2 Regard EU-EPL,preventive,0,1,1
33466,GATE2 Regard EU-EPL 169,Regard d'assainissement,Regard EU-EPL,PPR,GATE2,GATE2 Regard EU-EPL,preventive,0,1,1
33467,GATE2 Regard EU-EPL 170,Regard d'assainissement,Regard EU-EPL,PPR,GATE2,GATE2 Regard EU-EPL,preventive,0,1,1
33468,GATE2 Regard EU-EPL 171,Regard d'assainissement,Regard EU-EPL,PPR,GATE2,GATE2 Regard EU-EPL,preventive,0,1,1
33469,GATE2 Regard EU-EPL 172,Regard d'assainissement,Regard EU-EPL,PPR,GATE2,GATE2 Regard EU-EPL,preventive,0,1,1
33470,GATE2 Regard EU-EPL 173,Regard d'assainissement,Regard EU-EPL,PPR,GATE2,GATE2 Regard EU-EPL,preventive,0,1,1
33471,GATE2 Regard EU-EPL 174,Regard d'assainissement,Regard EU-EPL,PPR,GATE2,GATE2 Regard EU-EPL,preventive,0,1,1
33472,GATE2 Regard EU-EPL 175,Regard d'assainissement,Regard EU-EPL,PPR,GATE2,GATE2 Regard EU-EPL,preventive,0,1,1
33473,GATE2 Regard EU-EPL 176,Regard d'assainissement,Regard EU-EPL,PPR,GATE2,GATE2 Regard EU-EPL,preventive,0,1,1
33474,GATE2 Regard EU-EPL 177,Regard d'assainissement,Regard EU-EPL,PPR,GATE2,GATE2 Regard EU-EPL,preventive,0,1,1
33475,GATE2 Regard EU-EPL 178,Regard d'assainissement,Regard EU-EPL,PPR,GATE2,GATE2 Regard EU-EPL,preventive,0,1,1
33476,GATE2 Regard EU-EPL 179,Regard d'assainissement,Regard EU-EPL,PPR,GATE2,GATE2 Regard EU-EPL,preventive,0,1,1
33477,GATE2 Regard EU-EPL 180,Regard d'assainissement,Regard EU-EPL,PPR,GATE2,GATE2 Regard EU-EPL,preventive,0,1,1
33478,GATE2 Regard EU-EPL 181,Regard d'assainissement,Regard EU-EPL,PPR,GATE2,GATE2 Regard EU-EPL,preventive,0,1,1
33479,GATE2 Regard EU-EPL 182,Regard d'assainissement,Regard EU-EPL,PPR,GATE2,GATE2 Regard EU-EPL,preventive,0,1,1
33480,GATE2 Regard EU-EPL 183,Regard d'assainissement,Regard EU-EPL,PPR,GATE2,GATE2 Regard EU-EPL,preventive,0,1,1
33481,GATE2 Regard EU-EPL 184,Regard d'assainissement,Regard EU-EPL,PPR,GATE2,GATE2 Regard EU-EPL,preventive,0,1,1
33482,GATE2 Regard EU-EPL 185,Regard d'assainissement,Regard EU-EPL,PPR,GATE2,GATE2 Regard EU-EPL,preventive,0,1,1
33483,GATE2 Regard EU-EPL 186,Regard d'assainissement,Regard EU-EPL,PPR,GATE2,GATE2 Regard EU-EPL,preventive,0,1,1
33484,GATE2 Regard EU-EPL 187,Regard d'assainissement,Regard EU-EPL,PPR,GATE2,GATE2 Regard EU-EPL,preventive,0,1,1
33485,GATE2 Regard EU-EPL 188,Regard d'assainissement,Regard EU-EPL,PPR,GATE2,GATE2 Regard EU-EPL,preventive,0,1,1
33486,GATE2 Regard EU-EPL 189,Regard d'assainissement,Regard EU-EPL,PPR,GATE2,GATE2 Regard EU-EPL,preventive,0,1,1
33487,GATE2 Regard EU-EPL 190,Regard d'assainissement,Regard EU-EPL,PPR,GATE2,GATE2 Regard EU-EPL,preventive,0,1,1
33488,GATE2 Regard EU-EPL 191,Regard d'assainissement,Regard EU-EPL,PPR,GATE2,GATE2 Regard EU-EPL,preventive,0,1,1
33489,GATE2 Regard EU-EPL 192,Regard d'assainissement,Regard EU-EPL,PPR,GATE2,GATE2 Regard EU-EPL,preventive,0,1,1
33490,GATE2 Regard EU-EPL 193,Regard d'assainissement,Regard EU-EPL,PPR,GATE2,GATE2 Regard EU-EPL,preventive,0,1,1
33491,GATE2 Regard EU-EPL 194,Regard d'assainissement,Regard EU-EPL,PPR,GATE2,GATE2 Regard EU-EPL,preventive,0,1,1
33492,GATE2 Regard EU-EPL 195,Regard d'assainissement,Regard EU-EPL,PPR,GATE2,GATE2 Regard EU-EPL,preventive,0,1,1
33493,GATE2 Regard EU-EPL 196,Regard d'assainissement,Regard EU-EPL,PPR,GATE2,GATE2 Regard EU-EPL,preventive,0,1,1
33494,GATE2 Regard EU-EPL 197,Regard d'assainissement,Regard EU-EPL,PPR,GATE2,GATE2 Regard EU-EPL,preventive,0,1,1
33495,GATE2 Regard EU-EPL 198,Regard d'assainissement,Regard EU-EPL,PPR,GATE2,GATE2 Regard EU-EPL,preventive,0,1,1
33496,GATE2 Regard EU-EPL 199,Regard d'assainissement,Regard EU-EPL,PPR,GATE2,GATE2 Regard EU-EPL,preventive,0,1,1
33497,GATE2 Regard EU-EPL 200,Regard d'assainissement,Regard EU-EPL,PPR,GATE2,GATE2 Regard EU-EPL,preventive,0,1,1
33498,GATE3 Regard EU-EPL 1,Regard d'assainissement,Regard EU-EPL,PPR,GATE3,GATE3 Regard EU-EPL,preventive,0,1,1
33499,GATE3 Regard EU-EPL 2,Regard d'assainissement,Regard EU-EPL,PPR,GATE3,GATE3 Regard EU-EPL,preventive,0,1,1
33500,GATE3 Regard EU-EPL 3,Regard d'assainissement,Regard EU-EPL,PPR,GATE3,GATE3 Regard EU-EPL,preventive,0,1,1
33501,GATE3 Regard EU-EPL 4,Regard d'assainissement,Regard EU-EPL,PPR,GATE3,GATE3 Regard EU-EPL,preventive,0,1,1
33502,GATE3 Regard EU-EPL 5,Regard d'assainissement,Regard EU-EPL,PPR,GATE3,GATE3 Regard EU-EPL,preventive,0,1,1
33503,GATE3 Regard EU-EPL 6,Regard d'assainissement,Regard EU-EPL,PPR,GATE3,GATE3 Regard EU-EPL,preventive,0,1,1
33504,GATE3 Regard EU-EPL 7,Regard d'assainissement,Regard EU-EPL,PPR,GATE3,GATE3 Regard EU-EPL,preventive,0,1,1
33505,GATE3 Regard EU-EPL 8,Regard d'assainissement,Regard EU-EPL,PPR,GATE3,GATE3 Regard EU-EPL,preventive,0,1,1
33506,GATE3 Regard EU-EPL 9,Regard d'assainissement,Regard EU-EPL,PPR,GATE3,GATE3 Regard EU-EPL,preventive,0,1,1
33507,GATE3 Regard EU-EPL 10,Regard d'assainissement,Regard EU-EPL,PPR,GATE3,GATE3 Regard EU-EPL,preventive,0,1,1
33508,GATE3 Regard EU-EPL 11,Regard d'assainissement,Regard EU-EPL,PPR,GATE3,GATE3 Regard EU-EPL,"corrective, preventive",1,1,2
33509,GATE3 Regard EU-EPL 12,Regard d'assainissement,Regard EU-EPL,PPR,GATE3,GATE3 Regard EU-EPL,"corrective, preventive",2,1,3
33510,GATE3 Regard EU-EPL 13,Regard d'assainissement,Regard EU-EPL,PPR,GATE3,GATE3 Regard EU-EPL,preventive,0,1,1
33511,GATE3 Regard EU-EPL 14,Regard d'assainissement,Regard EU-EPL,PPR,GATE3,GATE3 Regard EU-EPL,preventive,0,1,1
33512,GATE3 Regard EU-EPL 15,Regard d'assainissement,Regard EU-EPL,PPR,GATE3,GATE3 Regard EU-EPL,preventive,0,1,1
33513,GATE3 Regard EU-EPL 16,Regard d'assainissement,Regard EU-EPL,PPR,GATE3,GATE3 Regard EU-EPL,preventive,0,1,1
33514,GATE3 Regard EU-EPL 17,Regard d'assainissement,Regard EU-EPL,PPR,GATE3,GATE3 Regard EU-EPL,preventive,0,1,1
33515,GATE3 Regard EU-EPL 18,Regard d'assainissement,Regard EU-EPL,PPR,GATE3,GATE3 Regard EU-EPL,preventive,0,1,1
33516,GATE3 Regard EU-EPL 19,Regard d'assainissement,Regard EU-EPL,PPR,GATE3,GATE3 Regard EU-EPL,preventive,0,1,1
33517,GATE3 Regard EU-EPL 20,Regard d'assainissement,Regard EU-EPL,PPR,GATE3,GATE3 Regard EU-EPL,"corrective, preventive",1,1,2
33518,GATE3 Regard EU-EPL 21,Regard d'assainissement,Regard EU-EPL,PPR,GATE3,GATE3 Regard EU-EPL,preventive,0,1,1
33519,GATE3 Regard EU-EPL 22,Regard d'assainissement,Regard EU-EPL,PPR,GATE3,GATE3 Regard EU-EPL,preventive,0,1,1
33520,GATE3 Regard EU-EPL 23,Regard d'assainissement,Regard EU-EPL,PPR,GATE3,GATE3 Regard EU-EPL,preventive,0,1,1
33521,GATE3 Regard EU-EPL 24,Regard d'assainissement,Regard EU-EPL,PPR,GATE3,GATE3 Regard EU-EPL,preventive,0,1,1
33522,GATE3 Regard EU-EPL 25,Regard d'assainissement,Regard EU-EPL,PPR,GATE3,GATE3 Regard EU-EPL,preventive,0,1,1
33523,GATE3 Regard EU-EPL 26,Regard d'assainissement,Regard EU-EPL,PPR,GATE3,GATE3 Regard EU-EPL,preventive,0,1,1
33524,GATE3 Regard EU-EPL 27,Regard d'assainissement,Regard EU-EPL,PPR,GATE3,GATE3 Regard EU-EPL,preventive,0,1,1
33525,GATE3 Regard EU-EPL 28,Regard d'assainissement,Regard EU-EPL,PPR,GATE3,GATE3 Regard EU-EPL,preventive,0,1,1
33526,GATE3 Regard EU-EPL 29,Regard d'assainissement,Regard EU-EPL,PPR,GATE3,GATE3 Regard EU-EPL,preventive,0,1,1
33527,GATE3 Regard EU-EPL 30,Regard d'assainissement,Regard EU-EPL,PPR,GATE3,GATE3 Regard EU-EPL,"corrective, preventive",1,1,2
33528,GATE3 Regard EU-EPL 31,Regard d'assainissement,Regard EU-EPL,PPR,GATE3,GATE3 Regard EU-EPL,preventive,0,1,1
33529,GATE3 Regard EU-EPL 32,Regard d'assainissement,Regard EU-EPL,PPR,GATE3,GATE3 Regard EU-EPL,"corrective, preventive",1,1,2
33530,GATE3 Regard EU-EPL 33,Regard d'assainissement,Regard EU-EPL,PPR,GATE3,GATE3 Regard EU-EPL,preventive,0,1,1
33531,GATE3 Regard EU-EPL 34,Regard d'assainissement,Regard EU-EPL,PPR,GATE3,GATE3 Regard EU-EPL,preventive,0,1,1
33532,GATE3 Regard EU-EPL 35,Regard d'assainissement,Regard EU-EPL,PPR,GATE3,GATE3 Regard EU-EPL,preventive,0,1,1
33533,GATE3 Regard EU-EPL 36,Regard d'assainissement,Regard EU-EPL,PPR,GATE3,GATE3 Regard EU-EPL,preventive,0,1,1
33534,GATE3 Regard EU-EPL 37,Regard d'assainissement,Regard EU-EPL,PPR,GATE3,GATE3 Regard EU-EPL,preventive,0,1,1
33535,GATE3 Regard EU-EPL 38,Regard d'assainissement,Regard EU-EPL,PPR,GATE3,GATE3 Regard EU-EPL,preventive,0,1,1
33536,GATE3 Regard EU-EPL 39,Regard d'assainissement,Regard EU-EPL,PPR,GATE3,GATE3 Regard EU-EPL,"corrective, preventive",1,1,2
33537,GATE3 Regard EU-EPL 40,Regard d'assainissement,Regard EU-EPL,PPR,GATE3,GATE3 Regard EU-EPL,preventive,0,1,1
33538,GATE3 Regard EU-EPL 41,Regard d'assainissement,Regard EU-EPL,PPR,GATE3,GATE3 Regard EU-EPL,preventive,0,1,1
33539,GATE3 Regard EU-EPL 42,Regard d'assainissement,Regard EU-EPL,PPR,GATE3,GATE3 Regard EU-EPL,preventive,0,1,1
33540,GATE3 Regard EU-EPL 43,Regard d'assainissement,Regard EU-EPL,PPR,GATE3,GATE3 Regard EU-EPL,preventive,0,1,1
33541,GATE3 Regard EU-EPL 44,Regard d'assainissement,Regard EU-EPL,PPR,GATE3,GATE3 Regard EU-EPL,preventive,0,1,1
33542,GATE3 Regard EU-EPL 45,Regard d'assainissement,Regard EU-EPL,PPR,GATE3,GATE3 Regard EU-EPL,preventive,0,1,1
33543,GATE3 Regard EU-EPL 46,Regard d'assainissement,Regard EU-EPL,PPR,GATE3,GATE3 Regard EU-EPL,preventive,0,1,1
33544,GATE3 Regard EU-EPL 47,Regard d'assainissement,Regard EU-EPL,PPR,GATE3,GATE3 Regard EU-EPL,preventive,0,1,1
33545,GATE3 Regard EU-EPL 48,Regard d'assainissement,Regard EU-EPL,PPR,GATE3,GATE3 Regard EU-EPL,preventive,0,1,1
33546,GATE3 Regard EU-EPL 49,Regard d'assainissement,Regard EU-EPL,PPR,GATE3,GATE3 Regard EU-EPL,preventive,0,1,1
33547,GATE3 Regard EU-EPL 50,Regard d'assainissement,Regard EU-EPL,PPR,GATE3,GATE3 Regard EU-EPL,preventive,0,1,1
33548,VP-PPR Regard EU-EPL 1,Regard d'assainissement,Regard EU-EPL,PPR,PPR01,VP-PPR Regard EU-EPL,"corrective, preventive",1,1,2
33549,VP-PPR Regard EU-EPL 2,Regard d'assainissement,Regard EU-EPL,PPR,PPR01,VP-PPR Regard EU-EPL,"corrective, preventive",1,1,2
33550,VP-PPR Regard EU-EPL 3,Regard d'assainissement,Regard EU-EPL,PPR,PPR01,VP-PPR Regard EU-EPL,preventive,0,1,1
33551,VP-PPR Regard EU-EPL 4,Regard d'assainissement,Regard EU-EPL,PPR,PPR01,VP-PPR Regard EU-EPL,preventive,0,1,1
33552,VP-PPR Regard EU-EPL 5,Regard d'assainissement,Regard EU-EPL,PPR,PPR01,VP-PPR Regard EU-EPL,preventive,0,1,1
33553,VP-PPR Regard EU-EPL 6,Regard d'assainissement,Regard EU-EPL,PPR,PPR01,VP-PPR Regard EU-EPL,preventive,0,1,1
33554,VP-PPR Regard EU-EPL 7,Regard d'assainissement,Regard EU-EPL,PPR,PPR01,VP-PPR Regard EU-EPL,preventive,0,1,1
33555,VP-PPR Regard EU-EPL 8,Regard d'assainissement,Regard EU-EPL,PPR,PPR01,VP-PPR Regard EU-EPL,preventive,0,1,1
33556,VP-PPR Regard EU-EPL 9,Regard d'assainissement,Regard EU-EPL,PPR,PPR01,VP-PPR Regard EU-EPL,preventive,0,1,1
33557,VP-PPR Regard EU-EPL 10,Regard d'assainissement,Regard EU-EPL,PPR,PPR01,VP-PPR Regard EU-EPL,preventive,0,1,1
33558,VP-PPR Regard EU-EPL 11,Regard d'assainissement,Regard EU-EPL,PPR,PPR01,VP-PPR Regard EU-EPL,preventive,0,1,1
33559,VP-PPR Regard EU-EPL 12,Regard d'assainissement,Regard EU-EPL,PPR,PPR01,VP-PPR Regard EU-EPL,preventive,0,1,1
33560,VP-PPR Regard EU-EPL 13,Regard d'assainissement,Regard EU-EPL,PPR,PPR01,VP-PPR Regard EU-EPL,preventive,0,1,1
33561,VP-PPR Regard EU-EPL 14,Regard d'assainissement,Regard EU-EPL,PPR,PPR01,VP-PPR Regard EU-EPL,preventive,0,1,1
33562,VP-PPR Regard EU-EPL 15,Regard d'assainissement,Regard EU-EPL,PPR,PPR01,VP-PPR Regard EU-EPL,preventive,0,1,1
33563,VP-PPR Regard EU-EPL 16,Regard d'assainissement,Regard EU-EPL,PPR,PPR01,VP-PPR Regard EU-EPL,preventive,0,1,1
33564,VP-PPR Regard EU-EPL 17,Regard d'assainissement,Regard EU-EPL,PPR,PPR01,VP-PPR Regard EU-EPL,preventive,0,1,1
33565,VP-PPR Regard EU-EPL 18,Regard d'assainissement,Regard EU-EPL,PPR,PPR01,VP-PPR Regard EU-EPL,preventive,0,1,1
33566,VP-PPR Regard EU-EPL 19,Regard d'assainissement,Regard EU-EPL,PPR,PPR01,VP-PPR Regard EU-EPL,preventive,0,1,1
33567,VP-PPR Regard EU-EPL 20,Regard d'assainissement,Regard EU-EPL,PPR,PPR01,VP-PPR Regard EU-EPL,preventive,0,1,1
33568,VP-PPR Regard EU-EPL 21,Regard d'assainissement,Regard EU-EPL,PPR,PPR01,VP-PPR Regard EU-EPL,preventive,0,1,1
33569,VP-PPR Regard EU-EPL 22,Regard d'assainissement,Regard EU-EPL,PPR,PPR01,VP-PPR Regard EU-EPL,preventive,0,1,1
33570,VP-PPR Regard EU-EPL 23,Regard d'assainissement,Regard EU-EPL,PPR,PPR01,VP-PPR Regard EU-EPL,preventive,0,1,1
33571,VP-PPR Regard EU-EPL 24,Regard d'assainissement,Regard EU-EPL,PPR,PPR01,VP-PPR Regard EU-EPL,preventive,0,1,1
33572,VP-PPR Regard EU-EPL 25,Regard d'assainissement,Regard EU-EPL,PPR,PPR01,VP-PPR Regard EU-EPL,preventive,0,1,1
33573,VP-PPR Regard EU-EPL 26,Regard d'assainissement,Regard EU-EPL,PPR,PPR01,VP-PPR Regard EU-EPL,preventive,0,1,1
33574,VP-PPR Regard EU-EPL 27,Regard d'assainissement,Regard EU-EPL,PPR,PPR01,VP-PPR Regard EU-EPL,preventive,0,1,1
33575,VP-PPR Regard EU-EPL 28,Regard d'assainissement,Regard EU-EPL,PPR,PPR01,VP-PPR Regard EU-EPL,preventive,0,1,1
33576,VP-PPR Regard EU-EPL 29,Regard d'assainissement,Regard EU-EPL,PPR,PPR01,VP-PPR Regard EU-EPL,preventive,0,1,1
33577,VP-PPR Regard EU-EPL 30,Regard d'assainissement,Regard EU-EPL,PPR,PPR01,VP-PPR Regard EU-EPL,preventive,0,1,1
33578,VP-PPR Regard EU-EPL 31,Regard d'assainissement,Regard EU-EPL,PPR,PPR01,VP-PPR Regard EU-EPL,preventive,0,1,1
33579,VP-PPR Regard EU-EPL 32,Regard d'assainissement,Regard EU-EPL,PPR,PPR01,VP-PPR Regard EU-EPL,preventive,0,1,1
33580,VP-PPR Regard EU-EPL 33,Regard d'assainissement,Regard EU-EPL,PPR,PPR01,VP-PPR Regard EU-EPL,preventive,0,1,1
33581,VP-PPR Regard EU-EPL 34,Regard d'assainissement,Regard EU-EPL,PPR,PPR01,VP-PPR Regard EU-EPL,preventive,0,1,1
33582,VP-PPR Regard EU-EPL 35,Regard d'assainissement,Regard EU-EPL,PPR,PPR01,VP-PPR Regard EU-EPL,preventive,0,1,1
33583,VP-PPR Regard EU-EPL 36,Regard d'assainissement,Regard EU-EPL,PPR,PPR01,VP-PPR Regard EU-EPL,preventive,0,1,1
33584,VP-PPR Regard EU-EPL 37,Regard d'assainissement,Regard EU-EPL,PPR,PPR01,VP-PPR Regard EU-EPL,"corrective, preventive",1,1,2
33585,VP-PPR Regard EU-EPL 38,Regard d'assainissement,Regard EU-EPL,PPR,PPR01,VP-PPR Regard EU-EPL,preventive,0,1,1
33586,VP-PPR Regard EU-EPL 39,Regard d'assainissement,Regard EU-EPL,PPR,PPR01,VP-PPR Regard EU-EPL,preventive,0,1,1
33587,VP-PPR Regard EU-EPL 40,Regard d'assainissement,Regard EU-EPL,PPR,PPR01,VP-PPR Regard EU-EPL,preventive,0,1,1
33588,VP-PPR Regard EU-EPL 41,Regard d'assainissement,Regard EU-EPL,PPR,PPR01,VP-PPR Regard EU-EPL,preventive,0,1,1
33589,VP-PPR Regard EU-EPL 42,Regard d'assainissement,Regard EU-EPL,PPR,PPR01,VP-PPR Regard EU-EPL,preventive,0,1,1
33590,VP-PPR Regard EU-EPL 43,Regard d'assainissement,Regard EU-EPL,PPR,PPR01,VP-PPR Regard EU-EPL,preventive,0,1,1
33591,VP-PPR Regard EU-EPL 44,Regard d'assainissement,Regard EU-EPL,PPR,PPR01,VP-PPR Regard EU-EPL,preventive,0,1,1
33592,VP-PPR Regard EU-EPL 45,Regard d'assainissement,Regard EU-EPL,PPR,PPR01,VP-PPR Regard EU-EPL,preventive,0,1,1
33593,VP-PPR Regard EU-EPL 46,Regard d'assainissement,Regard EU-EPL,PPR,PPR01,VP-PPR Regard EU-EPL,preventive,0,1,1
33594,VP-PPR Regard EU-EPL 47,Regard d'assainissement,Regard EU-EPL,PPR,PPR01,VP-PPR Regard EU-EPL,preventive,0,1,1
33595,VP-PPR Regard EU-EPL 48,Regard d'assainissement,Regard EU-EPL,PPR,PPR01,VP-PPR Regard EU-EPL,preventive,0,1,1
33596,VP-PPR Regard EU-EPL 49,Regard d'assainissement,Regard EU-EPL,PPR,PPR01,VP-PPR Regard EU-EPL,preventive,0,1,1
33597,VP-PPR Regard EU-EPL 50,Regard d'assainissement,Regard EU-EPL,PPR,PPR01,VP-PPR Regard EU-EPL,preventive,0,1,1
33598,VP-PPR Regard EU-EPL 51,Regard d'assainissement,Regard EU-EPL,PPR,PPR01,VP-PPR Regard EU-EPL,preventive,0,1,1
33599,VP-PPR Regard EU-EPL 52,Regard d'assainissement,Regard EU-EPL,PPR,PPR01,VP-PPR Regard EU-EPL,preventive,0,1,1
33600,VP-PPR Regard EU-EPL 53,Regard d'assainissement,Regard EU-EPL,PPR,PPR01,VP-PPR Regard EU-EPL,preventive,0,1,1
33601,VP-PPR Regard EU-EPL 54,Regard d'assainissement,Regard EU-EPL,PPR,PPR01,VP-PPR Regard EU-EPL,preventive,0,1,1
33602,VP-PPR Regard EU-EPL 55,Regard d'assainissement,Regard EU-EPL,PPR,PPR01,VP-PPR Regard EU-EPL,preventive,0,1,1
33645,TM2 Regard EU-EPL 43,Regard d'assainissement,Regard EU-EPL,TM2,TM02,TM2 Regard EU-EPL,corrective,1,0,1
33782,VP-PPR Avaloir 29,Regard d'assainissement,Avaloir,PPR,PPR01,VP-PPR Avaloir,corrective,1,0,1
33783,VP-PPR Avaloir 30,Regard d'assainissement,Avaloir,PPR,PPR01,VP-PPR Avaloir,corrective,1,0,1
33793,VP-PPR Avaloir 40,Regard d'assainissement,Avaloir,PPR,PPR01,VP-PPR Avaloir,corrective,1,0,1
33978,VP-TM2 Avaloir 175,Regard d'assainissement,Avaloir,TM2,TM02,VP-TM2 Avaloir,corrective,1,0,1
34021,VP-TM2 Avaloir 218,Regard d'assainissement,Avaloir,TM2,TM02,VP-TM2 Avaloir,corrective,1,0,1
34044,PPR Clôture 298,Clôture,Clôture,PPR,PPR01,PPR Clôture,corrective,2,0,2
34142,PPR Regard EU-EPL 200,Regard d'assainissement,Regard EU-EPL,PPR,PPR01,PPR Regard EU-EPL,corrective,1,0,1
34143,PPR Regard EU-EPL 201,Regard d'assainissement,Regard EU-EPL,PPR,PPR01,PPR Regard EU-EPL,corrective,2,0,2
34149,Bollard 141 - 300T,Ouvrages d'amarrage et d'accostage,Bollard,TM2,TM02,Terminal à conteneurs 3 (TC3),preventive,0,1,1
34150,Bollard DPC PPR,Ouvrages d'amarrage et d'accostage,Bollard,PPR,PPR01,Digue principale à caisson 2 - DPC2,"corrective, preventive",1,1,2
34151,Bollard DST PPR,Ouvrages d'amarrage et d'accostage,Bollard,PPR,PPR01,Digue secondaire à talus 2 - DST2,preventive,0,1,1
34152,Bollard 12 -150T,Ouvrages d'amarrage et d'accostage,Bollard,PPR,PPR01,Poste N1,preventive,0,1,1
34153,Bollard 13 - 150T,Ouvrages d'amarrage et d'accostage,Bollard,PPR,PPR01,Poste N1,preventive,0,1,1
34154,Bollard D 03 - 150T,Ouvrages d'amarrage et d'accostage,Bollard,PPR,PPR01,Poste N3,preventive,0,1,1
34155,Bollard D 03 - 150T,Ouvrages d'amarrage et d'accostage,Bollard,PPR,PPR01,Poste N4,preventive,0,1,1
34156,Pieu 11,Ouvrages de chargement et déchargement,Pieu,TM1,TM01,Môle Car Carrier,preventive,0,2,2
34157,Pieu 13,Ouvrages de chargement et déchargement,Pieu,TM1,TM01,Môle Car Carrier,preventive,0,1,1
34158,Pieu 14,Ouvrages de chargement et déchargement,Pieu,TM1,TM01,Môle Car Carrier,preventive,0,1,1
34159,Pieu 15,Ouvrages de chargement et déchargement,Pieu,TM1,TM01,Môle Car Carrier,preventive,0,1,1
34160,Pieu 16,Ouvrages de chargement et déchargement,Pieu,TM1,TM01,Môle Car Carrier,preventive,0,1,1
34161,Pieu 17,Ouvrages de chargement et déchargement,Pieu,TM1,TM01,Môle Car Carrier,preventive,0,1,1
34162,Pieu 18,Ouvrages de chargement et déchargement,Pieu,TM1,TM01,Môle Car Carrier,preventive,0,1,1
34163,Pieu 19,Ouvrages de chargement et déchargement,Pieu,TM1,TM01,Môle Car Carrier,preventive,0,1,1
34164,Pieu 20,Ouvrages de chargement et déchargement,Pieu,TM1,TM01,Môle Car Carrier,preventive,0,1,1
34165,Pieu 21,Ouvrages de chargement et déchargement,Pieu,TM1,TM01,Môle Car Carrier,preventive,0,1,1
34166,Pieu 22,Ouvrages de chargement et déchargement,Pieu,TM1,TM01,Môle Car Carrier,preventive,0,1,1
34167,Pieu 23,Ouvrages de chargement et déchargement,Pieu,TM1,TM01,Môle Car Carrier,preventive,0,1,1
34168,Pieu 24,Ouvrages de chargement et déchargement,Pieu,TM1,TM01,Môle Car Carrier,preventive,0,1,1
34169,Pieu 25,Ouvrages de chargement et déchargement,Pieu,TM1,TM01,Môle Car Carrier,preventive,0,1,1
34170,Pieu 26,Ouvrages de chargement et déchargement,Pieu,TM1,TM01,Môle Car Carrier,preventive,0,1,1
34171,Pieu 27,Ouvrages de chargement et déchargement,Pieu,TM1,TM01,Môle Car Carrier,preventive,0,1,1
34172,Pieu 28,Ouvrages de chargement et déchargement,Pieu,TM1,TM01,Môle Car Carrier,preventive,0,1,1
34173,Pieu 29,Ouvrages de chargement et déchargement,Pieu,TM1,TM01,Môle Car Carrier,preventive,0,1,1
34174,Pieu 30,Ouvrages de chargement et déchargement,Pieu,TM1,TM01,Môle Car Carrier,preventive,0,1,1
34175,Pieu 31,Ouvrages de chargement et déchargement,Pieu,TM1,TM01,Môle Car Carrier,preventive,0,1,1
34176,Pieu 32,Ouvrages de chargement et déchargement,Pieu,TM1,TM01,Môle Car Carrier,preventive,0,1,1
34177,Pieu 33,Ouvrages de chargement et déchargement,Pieu,TM1,TM01,Môle Car Carrier,preventive,0,1,1
34178,Pieu 34,Ouvrages de chargement et déchargement,Pieu,TM1,TM01,Môle Car Carrier,preventive,0,1,1
34179,Pieu 35,Ouvrages de chargement et déchargement,Pieu,TM1,TM01,Môle Car Carrier,preventive,0,1,1
34180,Pieu 36,Ouvrages de chargement et déchargement,Pieu,TM1,TM01,Môle Car Carrier,preventive,0,1,1
34181,Pieu 37,Ouvrages de chargement et déchargement,Pieu,TM1,TM01,Môle Car Carrier,preventive,0,1,1
34182,Pieu 38,Ouvrages de chargement et déchargement,Pieu,TM1,TM01,Môle Car Carrier,preventive,0,1,1
34183,Pieu 39,Ouvrages de chargement et déchargement,Pieu,TM1,TM01,Môle Car Carrier,preventive,0,1,1
34184,Pieu 40,Ouvrages de chargement et déchargement,Pieu,TM1,TM01,Môle Car Carrier,preventive,0,1,1
34185,Pieu 41,Ouvrages de chargement et déchargement,Pieu,TM1,TM01,Môle Car Carrier,preventive,0,1,1
34186,Pieu 42,Ouvrages de chargement et déchargement,Pieu,TM1,TM01,Môle Car Carrier,preventive,0,1,1
34187,Pieu 43,Ouvrages de chargement et déchargement,Pieu,TM1,TM01,Môle Car Carrier,preventive,0,1,1
34188,Pieu 44,Ouvrages de chargement et déchargement,Pieu,TM1,TM01,Môle Car Carrier,preventive,0,1,1
34189,Pieu 45,Ouvrages de chargement et déchargement,Pieu,TM1,TM01,Môle Car Carrier,preventive,0,1,1
34190,Pieu 46,Ouvrages de chargement et déchargement,Pieu,TM1,TM01,Môle Car Carrier,preventive,0,1,1
34191,Pieu 47,Ouvrages de chargement et déchargement,Pieu,TM1,TM01,Môle Car Carrier,preventive,0,1,1
34192,Pieu 48,Ouvrages de chargement et déchargement,Pieu,TM1,TM01,Môle Car Carrier,preventive,0,1,1
34193,Pieu 49,Ouvrages de chargement et déchargement,Pieu,TM1,TM01,Môle Car Carrier,preventive,0,1,1
34194,Pieu 50,Ouvrages de chargement et déchargement,Pieu,TM1,TM01,Môle Car Carrier,preventive,0,1,1
34195,Pieu 51,Ouvrages de chargement et déchargement,Pieu,TM1,TM01,Môle Car Carrier,preventive,0,1,1
34196,Pieu 52,Ouvrages de chargement et déchargement,Pieu,TM1,TM01,Môle Car Carrier,preventive,0,1,1
34197,Pieu 53,Ouvrages de chargement et déchargement,Pieu,TM1,TM01,Môle Car Carrier,preventive,0,1,1
34198,Pieu 54,Ouvrages de chargement et déchargement,Pieu,TM1,TM01,Môle Car Carrier,preventive,0,1,1
34199,Pieu 55,Ouvrages de chargement et déchargement,Pieu,TM1,TM01,Môle Car Carrier,preventive,0,1,1
34200,Pieu 56,Ouvrages de chargement et déchargement,Pieu,TM1,TM01,Môle Car Carrier,preventive,0,1,1
34201,Pieu 57,Ouvrages de chargement et déchargement,Pieu,TM1,TM01,Môle Car Carrier,preventive,0,1,1
34202,Pieu 58,Ouvrages de chargement et déchargement,Pieu,TM1,TM01,Môle Car Carrier,preventive,0,1,1
34203,Pieu 59,Ouvrages de chargement et déchargement,Pieu,TM1,TM01,Môle Car Carrier,preventive,0,1,1
34204,Pieu 60,Ouvrages de chargement et déchargement,Pieu,TM1,TM01,Môle Car Carrier,preventive,0,1,1
34205,Pieu 61,Ouvrages de chargement et déchargement,Pieu,TM1,TM01,Môle Car Carrier,preventive,0,1,1
34206,Pieu 62,Ouvrages de chargement et déchargement,Pieu,TM1,TM01,Môle Car Carrier,preventive,0,1,1
34207,Pieu 63,Ouvrages de chargement et déchargement,Pieu,TM1,TM01,Môle Car Carrier,preventive,0,1,1
34208,Pieu 64,Ouvrages de chargement et déchargement,Pieu,TM1,TM01,Môle Car Carrier,preventive,0,1,1
34209,Pieu 65,Ouvrages de chargement et déchargement,Pieu,TM1,TM01,Môle Car Carrier,preventive,0,1,1
34210,Pieu 66,Ouvrages de chargement et déchargement,Pieu,TM1,TM01,Môle Car Carrier,preventive,0,1,1
34211,Pieu 67,Ouvrages de chargement et déchargement,Pieu,TM1,TM01,Môle Car Carrier,preventive,0,1,1
34212,Pieu 68,Ouvrages de chargement et déchargement,Pieu,TM1,TM01,Môle Car Carrier,preventive,0,1,1
34213,Pieu 69,Ouvrages de chargement et déchargement,Pieu,TM1,TM01,Môle Car Carrier,preventive,0,1,1
34214,Pieu 70,Ouvrages de chargement et déchargement,Pieu,TM1,TM01,Môle Car Carrier,preventive,0,1,1
34215,Pieu 71,Ouvrages de chargement et déchargement,Pieu,TM1,TM01,Môle Car Carrier,preventive,0,1,1
34216,Pieu 72,Ouvrages de chargement et déchargement,Pieu,TM1,TM01,Môle Car Carrier,preventive,0,1,1
34217,Pieu 73,Ouvrages de chargement et déchargement,Pieu,TM1,TM01,Môle Car Carrier,preventive,0,1,1
34218,Pieu 74,Ouvrages de chargement et déchargement,Pieu,TM1,TM01,Môle Car Carrier,preventive,0,1,1
34219,Pieu 75,Ouvrages de chargement et déchargement,Pieu,TM1,TM01,Môle Car Carrier,preventive,0,1,1
34220,Pieu 76,Ouvrages de chargement et déchargement,Pieu,TM1,TM01,Môle Car Carrier,preventive,0,1,1
34221,Pieu 77,Ouvrages de chargement et déchargement,Pieu,TM1,TM01,Môle Car Carrier,preventive,0,1,1
34222,Pieu 78,Ouvrages de chargement et déchargement,Pieu,TM1,TM01,Môle Car Carrier,preventive,0,1,1
34223,Pieu 79,Ouvrages de chargement et déchargement,Pieu,TM1,TM01,Môle Car Carrier,preventive,0,1,1
34224,Pieu 80,Ouvrages de chargement et déchargement,Pieu,TM1,TM01,Môle Car Carrier,preventive,0,1,1
34225,Pieu 81,Ouvrages de chargement et déchargement,Pieu,TM1,TM01,Môle Car Carrier,preventive,0,1,1
34226,Pieu 82,Ouvrages de chargement et déchargement,Pieu,TM1,TM01,Môle Car Carrier,preventive,0,1,1
34227,Pieu 83,Ouvrages de chargement et déchargement,Pieu,TM1,TM01,Môle Car Carrier,preventive,0,1,1
34228,Pieu 84,Ouvrages de chargement et déchargement,Pieu,TM1,TM01,Môle Car Carrier,preventive,0,1,1
34229,Pieu 85,Ouvrages de chargement et déchargement,Pieu,TM1,TM01,Môle Car Carrier,preventive,0,1,1
34230,Pieu 86,Ouvrages de chargement et déchargement,Pieu,TM1,TM01,Môle Car Carrier,preventive,0,1,1
34231,Pieu 87,Ouvrages de chargement et déchargement,Pieu,TM1,TM01,Môle Car Carrier,preventive,0,1,1
34232,Pieu 88,Ouvrages de chargement et déchargement,Pieu,TM1,TM01,Môle Car Carrier,preventive,0,1,1
34233,Pieu 89,Ouvrages de chargement et déchargement,Pieu,TM1,TM01,Môle Car Carrier,preventive,0,1,1
34234,Pieu 90,Ouvrages de chargement et déchargement,Pieu,TM1,TM01,Môle Car Carrier,preventive,0,1,1
34235,Pieu 91,Ouvrages de chargement et déchargement,Pieu,TM1,TM01,Môle Car Carrier,preventive,0,1,1
34236,Pieu 92,Ouvrages de chargement et déchargement,Pieu,TM1,TM01,Môle Car Carrier,preventive,0,1,1
34237,Pieu 93,Ouvrages de chargement et déchargement,Pieu,TM1,TM01,Môle Car Carrier,preventive,0,1,1
34238,Pieu 94,Ouvrages de chargement et déchargement,Pieu,TM1,TM01,Môle Car Carrier,preventive,0,1,1
34239,Pieu 95,Ouvrages de chargement et déchargement,Pieu,TM1,TM01,Môle Car Carrier,preventive,0,1,1
34240,Pieu 96,Ouvrages de chargement et déchargement,Pieu,TM1,TM01,Môle Car Carrier,preventive,0,1,1
34241,Pieu 97,Ouvrages de chargement et déchargement,Pieu,TM1,TM01,Môle Car Carrier,preventive,0,1,1
34242,Pieu 98,Ouvrages de chargement et déchargement,Pieu,TM1,TM01,Môle Car Carrier,preventive,0,1,1
34243,Pieu 99,Ouvrages de chargement et déchargement,Pieu,TM1,TM01,Môle Car Carrier,preventive,0,1,1
34244,Pieu 100,Ouvrages de chargement et déchargement,Pieu,TM1,TM01,Môle Car Carrier,preventive,0,1,1
34245,Pieu 101,Ouvrages de chargement et déchargement,Pieu,TM1,TM01,Môle Car Carrier,preventive,0,1,1
34246,Pieu 102,Ouvrages de chargement et déchargement,Pieu,TM1,TM01,Môle Car Carrier,preventive,0,1,1
34247,Pieu 103,Ouvrages de chargement et déchargement,Pieu,TM1,TM01,Môle Car Carrier,preventive,0,1,1
34248,Pieu 104,Ouvrages de chargement et déchargement,Pieu,TM1,TM01,Môle Car Carrier,preventive,0,1,1
34249,Pieu 105,Ouvrages de chargement et déchargement,Pieu,TM1,TM01,Môle Car Carrier,preventive,0,1,1
34250,Pieu 106,Ouvrages de chargement et déchargement,Pieu,TM1,TM01,Môle Car Carrier,preventive,0,1,1
34251,Pieu 107,Ouvrages de chargement et déchargement,Pieu,TM1,TM01,Môle Car Carrier,preventive,0,1,1
34252,Pieu 108,Ouvrages de chargement et déchargement,Pieu,TM1,TM01,Môle Car Carrier,preventive,0,1,1
34253,Pieu 109,Ouvrages de chargement et déchargement,Pieu,TM1,TM01,Môle Car Carrier,preventive,0,1,1
34254,Pieu 110,Ouvrages de chargement et déchargement,Pieu,TM1,TM01,Môle Car Carrier,preventive,0,1,1
34255,Pieu 111,Ouvrages de chargement et déchargement,Pieu,TM1,TM01,Môle Car Carrier,preventive,0,1,1
34256,Pieu 112,Ouvrages de chargement et déchargement,Pieu,TM1,TM01,Môle Car Carrier,preventive,0,1,1
34257,Pieu 113,Ouvrages de chargement et déchargement,Pieu,TM1,TM01,Môle Car Carrier,preventive,0,1,1
34258,Pieu 114,Ouvrages de chargement et déchargement,Pieu,TM1,TM01,Môle Car Carrier,preventive,0,1,1
34259,Pieu 115,Ouvrages de chargement et déchargement,Pieu,TM1,TM01,Môle Car Carrier,preventive,0,1,1
34260,Pieu 116,Ouvrages de chargement et déchargement,Pieu,TM1,TM01,Môle Car Carrier,preventive,0,1,1
34261,Pieu 117,Ouvrages de chargement et déchargement,Pieu,TM1,TM01,Môle Car Carrier,preventive,0,1,1
34262,Pieu 118,Ouvrages de chargement et déchargement,Pieu,TM1,TM01,Môle Car Carrier,preventive,0,1,1
34263,Pieu 119,Ouvrages de chargement et déchargement,Pieu,TM1,TM01,Môle Car Carrier,preventive,0,1,1
34264,Pieu 120,Ouvrages de chargement et déchargement,Pieu,TM1,TM01,Môle Car Carrier,preventive,0,1,1
34265,Pieu 121,Ouvrages de chargement et déchargement,Pieu,TM1,TM01,Môle Car Carrier,preventive,0,1,1
34266,Pieu 122,Ouvrages de chargement et déchargement,Pieu,TM1,TM01,Môle Car Carrier,preventive,0,1,1
34267,Pieu 123,Ouvrages de chargement et déchargement,Pieu,TM1,TM01,Môle Car Carrier,preventive,0,1,1
34268,Pieu 124,Ouvrages de chargement et déchargement,Pieu,TM1,TM01,Môle Car Carrier,preventive,0,1,1
34269,Pieu 125,Ouvrages de chargement et déchargement,Pieu,TM1,TM01,Môle Car Carrier,preventive,0,1,1
34270,Pieu 126,Ouvrages de chargement et déchargement,Pieu,TM1,TM01,Môle Car Carrier,preventive,0,1,1
34271,Pieu 127,Ouvrages de chargement et déchargement,Pieu,TM1,TM01,Môle Car Carrier,preventive,0,1,1
34272,Pieu 128,Ouvrages de chargement et déchargement,Pieu,TM1,TM01,Môle Car Carrier,preventive,0,1,1
34273,Pieu 129,Ouvrages de chargement et déchargement,Pieu,TM1,TM01,Môle Car Carrier,preventive,0,1,1
34274,Pieu 130,Ouvrages de chargement et déchargement,Pieu,TM1,TM01,Môle Car Carrier,preventive,0,1,1
34275,Pieu 131,Ouvrages de chargement et déchargement,Pieu,TM1,TM01,Môle Car Carrier,preventive,0,1,1
34276,Pieu 132,Ouvrages de chargement et déchargement,Pieu,TM1,TM01,Môle Car Carrier,preventive,0,1,1
34277,Pieu 133,Ouvrages de chargement et déchargement,Pieu,TM1,TM01,Môle Car Carrier,preventive,0,1,1
34278,Pieu 134,Ouvrages de chargement et déchargement,Pieu,TM1,TM01,Môle Car Carrier,preventive,0,1,1
34279,Pieu 135,Ouvrages de chargement et déchargement,Pieu,TM1,TM01,Môle Car Carrier,preventive,0,1,1
34280,Pieu 136,Ouvrages de chargement et déchargement,Pieu,TM1,TM01,Môle Car Carrier,preventive,0,1,1
34281,Pieu 137,Ouvrages de chargement et déchargement,Pieu,TM1,TM01,Môle Car Carrier,preventive,0,1,1
34282,Pieu 138,Ouvrages de chargement et déchargement,Pieu,TM1,TM01,Môle Car Carrier,preventive,0,1,1
34283,Pieu 139,Ouvrages de chargement et déchargement,Pieu,TM1,TM01,Môle Car Carrier,preventive,0,1,1
34284,Pieu 140,Ouvrages de chargement et déchargement,Pieu,TM1,TM01,Môle Car Carrier,preventive,0,1,1
34285,Pieu 141,Ouvrages de chargement et déchargement,Pieu,TM1,TM01,Môle Car Carrier,preventive,0,1,1
34286,Pieu 142,Ouvrages de chargement et déchargement,Pieu,TM1,TM01,Môle Car Carrier,preventive,0,1,1
34287,Pieu 143,Ouvrages de chargement et déchargement,Pieu,TM1,TM01,Môle Car Carrier,preventive,0,1,1
34288,Pieu 144,Ouvrages de chargement et déchargement,Pieu,TM1,TM01,Môle Car Carrier,preventive,0,1,1
34289,Pieu 145,Ouvrages de chargement et déchargement,Pieu,TM1,TM01,Môle Car Carrier,preventive,0,1,1
34290,Pieu 146,Ouvrages de chargement et déchargement,Pieu,TM1,TM01,Môle Car Carrier,preventive,0,1,1
34291,Pieu 147,Ouvrages de chargement et déchargement,Pieu,TM1,TM01,Môle Car Carrier,preventive,0,1,1
34292,Pieu 148,Ouvrages de chargement et déchargement,Pieu,TM1,TM01,Môle Car Carrier,preventive,0,1,1
34293,Pieu 149,Ouvrages de chargement et déchargement,Pieu,TM1,TM01,Môle Car Carrier,preventive,0,1,1
34294,Pieu 150,Ouvrages de chargement et déchargement,Pieu,TM1,TM01,Môle Car Carrier,preventive,0,1,1
34295,Pieu 151,Ouvrages de chargement et déchargement,Pieu,TM1,TM01,Môle Car Carrier,preventive,0,1,1
34296,Pieu 152,Ouvrages de chargement et déchargement,Pieu,TM1,TM01,Môle Car Carrier,preventive,0,1,1
34297,Pieu 153,Ouvrages de chargement et déchargement,Pieu,TM1,TM01,Môle Car Carrier,preventive,0,1,1
34298,Pieu 154,Ouvrages de chargement et déchargement,Pieu,TM1,TM01,Môle Car Carrier,preventive,0,1,1
34299,Pieu 155,Ouvrages de chargement et déchargement,Pieu,TM1,TM01,Môle Car Carrier,preventive,0,1,1
34300,Pieu 156,Ouvrages de chargement et déchargement,Pieu,TM1,TM01,Môle Car Carrier,preventive,0,1,1
34301,Pieu 157,Ouvrages de chargement et déchargement,Pieu,TM1,TM01,Môle Car Carrier,preventive,0,1,1
34302,Pieu 158,Ouvrages de chargement et déchargement,Pieu,TM1,TM01,Môle Car Carrier,preventive,0,1,1
34303,Pieu 159,Ouvrages de chargement et déchargement,Pieu,TM1,TM01,Môle Car Carrier,preventive,0,1,1
34304,Pieu 160,Ouvrages de chargement et déchargement,Pieu,TM1,TM01,Môle Car Carrier,preventive,0,1,1
34305,Pieu 161,Ouvrages de chargement et déchargement,Pieu,TM1,TM01,Môle Car Carrier,preventive,0,1,1
34306,Pieu 162,Ouvrages de chargement et déchargement,Pieu,TM1,TM01,Môle Car Carrier,preventive,0,1,1
34307,Pieu 163,Ouvrages de chargement et déchargement,Pieu,TM1,TM01,Môle Car Carrier,preventive,0,1,1
34308,Pieu 164,Ouvrages de chargement et déchargement,Pieu,TM1,TM01,Môle Car Carrier,preventive,0,1,1
34309,Pieu 165,Ouvrages de chargement et déchargement,Pieu,TM1,TM01,Môle Car Carrier,preventive,0,1,1
34310,Pieu 166,Ouvrages de chargement et déchargement,Pieu,TM1,TM01,Môle Car Carrier,preventive,0,1,1
34311,Pieu 167,Ouvrages de chargement et déchargement,Pieu,TM1,TM01,Môle Car Carrier,preventive,0,1,1
34312,Pieu 168,Ouvrages de chargement et déchargement,Pieu,TM1,TM01,Môle Car Carrier,preventive,0,1,1
34313,Pieu 169,Ouvrages de chargement et déchargement,Pieu,TM1,TM01,Môle Car Carrier,preventive,0,1,1
34314,Pieu 170,Ouvrages de chargement et déchargement,Pieu,TM1,TM01,Môle Car Carrier,preventive,0,1,1
34315,Pieu 171,Ouvrages de chargement et déchargement,Pieu,TM1,TM01,Môle Car Carrier,preventive,0,1,1
34316,Pieu 172,Ouvrages de chargement et déchargement,Pieu,TM1,TM01,Môle Car Carrier,preventive,0,1,1
34317,Pieu 173,Ouvrages de chargement et déchargement,Pieu,TM1,TM01,Môle Car Carrier,preventive,0,1,1
34318,Pieu 174,Ouvrages de chargement et déchargement,Pieu,TM1,TM01,Môle Car Carrier,preventive,0,1,1
34319,Pieu 175,Ouvrages de chargement et déchargement,Pieu,TM1,TM01,Môle Car Carrier,preventive,0,1,1
34320,Pieu 176,Ouvrages de chargement et déchargement,Pieu,TM1,TM01,Môle Car Carrier,preventive,0,1,1
34321,Pieu 177,Ouvrages de chargement et déchargement,Pieu,TM1,TM01,Môle Car Carrier,preventive,0,1,1
34322,Pieu 178,Ouvrages de chargement et déchargement,Pieu,TM1,TM01,Môle Car Carrier,preventive,0,1,1
34323,Pieu 179,Ouvrages de chargement et déchargement,Pieu,TM1,TM01,Môle Car Carrier,preventive,0,1,1
34324,Pieu 180,Ouvrages de chargement et déchargement,Pieu,TM1,TM01,Môle Car Carrier,preventive,0,1,1
34325,Pieu 181,Ouvrages de chargement et déchargement,Pieu,TM1,TM01,Môle Car Carrier,preventive,0,1,1
34326,Pieu 182,Ouvrages de chargement et déchargement,Pieu,TM1,TM01,Môle Car Carrier,preventive,0,1,1
34327,Pieu 183,Ouvrages de chargement et déchargement,Pieu,TM1,TM01,Môle Car Carrier,preventive,0,1,1
34328,Pieu 184,Ouvrages de chargement et déchargement,Pieu,TM1,TM01,Môle Car Carrier,preventive,0,1,1
34329,Pieu 185,Ouvrages de chargement et déchargement,Pieu,TM1,TM01,Môle Car Carrier,preventive,0,1,1
34330,Pieu 186,Ouvrages de chargement et déchargement,Pieu,TM1,TM01,Môle Car Carrier,preventive,0,1,1
34331,Pieu 187,Ouvrages de chargement et déchargement,Pieu,TM1,TM01,Môle Car Carrier,preventive,0,1,1
34332,Pieu 188,Ouvrages de chargement et déchargement,Pieu,TM1,TM01,Môle Car Carrier,preventive,0,1,1
34333,Pieu 189,Ouvrages de chargement et déchargement,Pieu,TM1,TM01,Môle Car Carrier,preventive,0,1,1
34334,Pieu 190,Ouvrages de chargement et déchargement,Pieu,TM1,TM01,Môle Car Carrier,preventive,0,1,1
34335,Pieu 191,Ouvrages de chargement et déchargement,Pieu,TM1,TM01,Môle Car Carrier,preventive,0,1,1
34336,Pieu 192,Ouvrages de chargement et déchargement,Pieu,TM1,TM01,Môle Car Carrier,preventive,0,1,1
34337,Pieu 193,Ouvrages de chargement et déchargement,Pieu,TM1,TM01,Môle Car Carrier,preventive,0,1,1
34338,Pieu 194,Ouvrages de chargement et déchargement,Pieu,TM1,TM01,Môle Car Carrier,preventive,0,1,1
34339,Pieu 195,Ouvrages de chargement et déchargement,Pieu,TM1,TM01,Môle Car Carrier,preventive,0,1,1
34340,Pieu 196,Ouvrages de chargement et déchargement,Pieu,TM1,TM01,Môle Car Carrier,preventive,0,1,1
34341,Pieu 197,Ouvrages de chargement et déchargement,Pieu,TM1,TM01,Môle Car Carrier,preventive,0,1,1
34342,Pieu 198,Ouvrages de chargement et déchargement,Pieu,TM1,TM01,Môle Car Carrier,preventive,0,1,1
34343,Pieu 199,Ouvrages de chargement et déchargement,Pieu,TM1,TM01,Môle Car Carrier,preventive,0,1,1
34344,Pieu 200,Ouvrages de chargement et déchargement,Pieu,TM1,TM01,Môle Car Carrier,preventive,0,1,1
34345,Pieu 201,Ouvrages de chargement et déchargement,Pieu,TM1,TM01,Môle Car Carrier,preventive,0,1,1
34346,Pieu 202,Ouvrages de chargement et déchargement,Pieu,TM1,TM01,Môle Car Carrier,preventive,0,1,1
34347,Pieu 203,Ouvrages de chargement et déchargement,Pieu,TM1,TM01,Môle Car Carrier,preventive,0,1,1
34348,Pieu 204,Ouvrages de chargement et déchargement,Pieu,TM1,TM01,Môle Car Carrier,preventive,0,1,1
34349,Pieu 205,Ouvrages de chargement et déchargement,Pieu,TM1,TM01,Môle Car Carrier,preventive,0,1,1
34350,Pieu 206,Ouvrages de chargement et déchargement,Pieu,TM1,TM01,Môle Car Carrier,preventive,0,1,1
34351,Pieu 207,Ouvrages de chargement et déchargement,Pieu,TM1,TM01,Môle Car Carrier,preventive,0,1,1
34352,Pieu 208,Ouvrages de chargement et déchargement,Pieu,TM1,TM01,Môle Car Carrier,preventive,0,1,1
34353,Pieu 209,Ouvrages de chargement et déchargement,Pieu,TM1,TM01,Môle Car Carrier,preventive,0,1,1
34354,Pieu 210,Ouvrages de chargement et déchargement,Pieu,TM1,TM01,Môle Car Carrier,preventive,0,1,1
34355,Pieu 211,Ouvrages de chargement et déchargement,Pieu,TM1,TM01,Môle Car Carrier,preventive,0,1,1
34356,Pieu 212,Ouvrages de chargement et déchargement,Pieu,TM1,TM01,Môle Car Carrier,preventive,0,1,1
34357,Pieu 213,Ouvrages de chargement et déchargement,Pieu,TM1,TM01,Môle Car Carrier,preventive,0,1,1
34358,Pieu 214,Ouvrages de chargement et déchargement,Pieu,TM1,TM01,Môle Car Carrier,preventive,0,1,1
34359,Pieu 215,Ouvrages de chargement et déchargement,Pieu,TM1,TM01,Môle Car Carrier,preventive,0,1,1
34360,Pieu 216,Ouvrages de chargement et déchargement,Pieu,TM1,TM01,Môle Car Carrier,preventive,0,1,1
34361,Pieu 217,Ouvrages de chargement et déchargement,Pieu,TM1,TM01,Môle Car Carrier,preventive,0,1,1
34362,Pieu 218,Ouvrages de chargement et déchargement,Pieu,TM1,TM01,Môle Car Carrier,preventive,0,1,1
34363,Pieu 219,Ouvrages de chargement et déchargement,Pieu,TM1,TM01,Môle Car Carrier,preventive,0,1,1
34364,Pieu 220,Ouvrages de chargement et déchargement,Pieu,TM1,TM01,Môle Car Carrier,preventive,0,1,1
34365,Pieu 221,Ouvrages de chargement et déchargement,Pieu,TM1,TM01,Môle Car Carrier,preventive,0,1,1
34366,Pieu 222,Ouvrages de chargement et déchargement,Pieu,TM1,TM01,Môle Car Carrier,preventive,0,1,1
34367,Pieu 223,Ouvrages de chargement et déchargement,Pieu,TM1,TM01,Môle Car Carrier,preventive,0,1,1
34368,Pieu 224,Ouvrages de chargement et déchargement,Pieu,TM1,TM01,Môle Car Carrier,preventive,0,1,1
34369,Pieu 225,Ouvrages de chargement et déchargement,Pieu,TM1,TM01,Môle Car Carrier,preventive,0,1,1
34370,Pieu 226,Ouvrages de chargement et déchargement,Pieu,TM1,TM01,Môle Car Carrier,preventive,0,1,1
34371,Pieu 227,Ouvrages de chargement et déchargement,Pieu,TM1,TM01,Môle Car Carrier,preventive,0,1,1
34372,Pieu 228,Ouvrages de chargement et déchargement,Pieu,TM1,TM01,Môle Car Carrier,preventive,0,1,1
34373,Pieu 229,Ouvrages de chargement et déchargement,Pieu,TM1,TM01,Môle Car Carrier,preventive,0,1,1
34374,Pieu 230,Ouvrages de chargement et déchargement,Pieu,TM1,TM01,Môle Car Carrier,preventive,0,1,1
34375,Pieu 231,Ouvrages de chargement et déchargement,Pieu,TM1,TM01,Môle Car Carrier,preventive,0,1,1
34376,Pieu 232,Ouvrages de chargement et déchargement,Pieu,TM1,TM01,Môle Car Carrier,preventive,0,1,1
34377,Pieu 233,Ouvrages de chargement et déchargement,Pieu,TM1,TM01,Môle Car Carrier,preventive,0,1,1
34378,Pieu 234,Ouvrages de chargement et déchargement,Pieu,TM1,TM01,Môle Car Carrier,preventive,0,1,1
34379,Pieu 235,Ouvrages de chargement et déchargement,Pieu,TM1,TM01,Môle Car Carrier,preventive,0,1,1
34380,Pieu 236,Ouvrages de chargement et déchargement,Pieu,TM1,TM01,Môle Car Carrier,preventive,0,1,1
34381,Pieu 237,Ouvrages de chargement et déchargement,Pieu,TM1,TM01,Môle Car Carrier,preventive,0,1,1
34382,Pieu 238,Ouvrages de chargement et déchargement,Pieu,TM1,TM01,Môle Car Carrier,preventive,0,1,1
34383,Pieu 239,Ouvrages de chargement et déchargement,Pieu,TM1,TM01,Môle Car Carrier,preventive,0,1,1
34384,Pieu 240,Ouvrages de chargement et déchargement,Pieu,TM1,TM01,Môle Car Carrier,preventive,0,1,1
34385,Pieu 241,Ouvrages de chargement et déchargement,Pieu,TM1,TM01,Môle Car Carrier,preventive,0,1,1
34386,Pieu 242,Ouvrages de chargement et déchargement,Pieu,TM1,TM01,Môle Car Carrier,preventive,0,1,1
34387,Pieu 243,Ouvrages de chargement et déchargement,Pieu,TM1,TM01,Môle Car Carrier,preventive,0,1,1
34388,Pieu 244,Ouvrages de chargement et déchargement,Pieu,TM1,TM01,Môle Car Carrier,preventive,0,1,1
34389,Pieu 245,Ouvrages de chargement et déchargement,Pieu,TM1,TM01,Môle Car Carrier,preventive,0,1,1
34390,Pieu 246,Ouvrages de chargement et déchargement,Pieu,TM1,TM01,Môle Car Carrier,preventive,0,1,1
34391,Pieu 247,Ouvrages de chargement et déchargement,Pieu,TM1,TM01,Môle Car Carrier,preventive,0,1,1
34392,Pieu 248,Ouvrages de chargement et déchargement,Pieu,TM1,TM01,Môle Car Carrier,preventive,0,1,1
34393,Pieu 249,Ouvrages de chargement et déchargement,Pieu,TM1,TM01,Môle Car Carrier,preventive,0,1,1
34394,Pieu 250,Ouvrages de chargement et déchargement,Pieu,TM1,TM01,Môle Car Carrier,preventive,0,1,1
34395,Pieu 251,Ouvrages de chargement et déchargement,Pieu,TM1,TM01,Môle Car Carrier,preventive,0,1,1
34396,Pieu 252,Ouvrages de chargement et déchargement,Pieu,TM1,TM01,Môle Car Carrier,preventive,0,1,1
34397,Pieu 253,Ouvrages de chargement et déchargement,Pieu,TM1,TM01,Môle Car Carrier,preventive,0,1,1
34398,Pieu 254,Ouvrages de chargement et déchargement,Pieu,TM1,TM01,Môle Car Carrier,preventive,0,1,1
34399,Pieu 255,Ouvrages de chargement et déchargement,Pieu,TM1,TM01,Môle Car Carrier,preventive,0,1,1
34400,Pieu 256,Ouvrages de chargement et déchargement,Pieu,TM1,TM01,Môle Car Carrier,preventive,0,1,1
34401,Pieu 257,Ouvrages de chargement et déchargement,Pieu,TM1,TM01,Môle Car Carrier,preventive,0,1,1
34402,Pieu 258,Ouvrages de chargement et déchargement,Pieu,TM1,TM01,Môle Car Carrier,preventive,0,1,1
34403,Pieu 259,Ouvrages de chargement et déchargement,Pieu,TM1,TM01,Môle Car Carrier,preventive,0,1,1
34404,Pieu 260,Ouvrages de chargement et déchargement,Pieu,TM1,TM01,Môle Car Carrier,preventive,0,1,1
34405,Pieu 261,Ouvrages de chargement et déchargement,Pieu,TM1,TM01,Môle Car Carrier,preventive,0,1,1
34406,Pieu 262,Ouvrages de chargement et déchargement,Pieu,TM1,TM01,Môle Car Carrier,preventive,0,1,1
34407,Pieu 263,Ouvrages de chargement et déchargement,Pieu,TM1,TM01,Môle Car Carrier,preventive,0,1,1
34408,Pieu 264,Ouvrages de chargement et déchargement,Pieu,TM1,TM01,Môle Car Carrier,preventive,0,1,1
34409,Pieu 265,Ouvrages de chargement et déchargement,Pieu,TM1,TM01,Môle Car Carrier,preventive,0,1,1
34410,Pieu 266,Ouvrages de chargement et déchargement,Pieu,TM1,TM01,Môle Car Carrier,preventive,0,1,1
34411,Pieu 267,Ouvrages de chargement et déchargement,Pieu,TM1,TM01,Môle Car Carrier,preventive,0,1,1
34412,Pieu 268,Ouvrages de chargement et déchargement,Pieu,TM1,TM01,Môle Car Carrier,preventive,0,1,1
34413,Pieu 269,Ouvrages de chargement et déchargement,Pieu,TM1,TM01,Môle Car Carrier,preventive,0,1,1
34414,Pieu 270,Ouvrages de chargement et déchargement,Pieu,TM1,TM01,Môle Car Carrier,preventive,0,1,1
34415,Pieu 271,Ouvrages de chargement et déchargement,Pieu,TM1,TM01,Môle Car Carrier,preventive,0,1,1
34416,Pieu 272,Ouvrages de chargement et déchargement,Pieu,TM1,TM01,Môle Car Carrier,preventive,0,1,1
34417,Pieu 273,Ouvrages de chargement et déchargement,Pieu,TM1,TM01,Môle Car Carrier,preventive,0,1,1
34418,Pieu 274,Ouvrages de chargement et déchargement,Pieu,TM1,TM01,Môle Car Carrier,preventive,0,1,1
34419,Pieu 275,Ouvrages de chargement et déchargement,Pieu,TM1,TM01,Môle Car Carrier,preventive,0,1,1
34420,Pieu 276,Ouvrages de chargement et déchargement,Pieu,TM1,TM01,Môle Car Carrier,preventive,0,1,1
34421,Pieu 277,Ouvrages de chargement et déchargement,Pieu,TM1,TM01,Môle Car Carrier,preventive,0,1,1
34422,Pieu 278,Ouvrages de chargement et déchargement,Pieu,TM1,TM01,Môle Car Carrier,preventive,0,1,1
34423,Pieu 279,Ouvrages de chargement et déchargement,Pieu,TM1,TM01,Môle Car Carrier,preventive,0,1,1
34424,Pieu 280,Ouvrages de chargement et déchargement,Pieu,TM1,TM01,Môle Car Carrier,preventive,0,1,1
34425,Pieu 281,Ouvrages de chargement et déchargement,Pieu,TM1,TM01,Môle Car Carrier,preventive,0,1,1
34426,Pieu 282,Ouvrages de chargement et déchargement,Pieu,TM1,TM01,Môle Car Carrier,preventive,0,1,1
34427,Pieu 283,Ouvrages de chargement et déchargement,Pieu,TM1,TM01,Môle Car Carrier,preventive,0,1,1
34428,Pieu 284,Ouvrages de chargement et déchargement,Pieu,TM1,TM01,Môle Car Carrier,preventive,0,1,1
34429,Pieu 285,Ouvrages de chargement et déchargement,Pieu,TM1,TM01,Môle Car Carrier,preventive,0,1,1
34430,Pieu 286,Ouvrages de chargement et déchargement,Pieu,TM1,TM01,Môle Car Carrier,preventive,0,1,1
34431,Pieu 287,Ouvrages de chargement et déchargement,Pieu,TM1,TM01,Môle Car Carrier,preventive,0,1,1
34432,Pieu 288,Ouvrages de chargement et déchargement,Pieu,TM1,TM01,Môle Car Carrier,preventive,0,1,1
34433,Pieu 289,Ouvrages de chargement et déchargement,Pieu,TM1,TM01,Môle Car Carrier,preventive,0,1,1
34434,Pieu 290,Ouvrages de chargement et déchargement,Pieu,TM1,TM01,Môle Car Carrier,preventive,0,1,1
34435,Pieu 291,Ouvrages de chargement et déchargement,Pieu,TM1,TM01,Môle Car Carrier,preventive,0,1,1
34436,Pieu 292,Ouvrages de chargement et déchargement,Pieu,TM1,TM01,Môle Car Carrier,preventive,0,1,1
34437,Pieu 293,Ouvrages de chargement et déchargement,Pieu,TM1,TM01,Môle Car Carrier,preventive,0,1,1
34438,Pieu 294,Ouvrages de chargement et déchargement,Pieu,TM1,TM01,Môle Car Carrier,preventive,0,1,1
34439,Pieu 295,Ouvrages de chargement et déchargement,Pieu,TM1,TM01,Môle Car Carrier,preventive,0,1,1
34440,Pieu 296,Ouvrages de chargement et déchargement,Pieu,TM1,TM01,Môle Car Carrier,preventive,0,1,1
34441,Pieu 297,Ouvrages de chargement et déchargement,Pieu,TM1,TM01,Môle Car Carrier,preventive,0,1,1
34442,Pieu 298,Ouvrages de chargement et déchargement,Pieu,TM1,TM01,Môle Car Carrier,preventive,0,1,1
34443,Pieu 299,Ouvrages de chargement et déchargement,Pieu,TM1,TM01,Môle Car Carrier,preventive,0,1,1
34444,Pieu 300,Ouvrages de chargement et déchargement,Pieu,TM1,TM01,Môle Car Carrier,preventive,0,1,1
34445,Pieu 1,Ouvrages de chargement et déchargement,Pieu,TM1,TM01,Môle Car Carrier,preventive,0,2,2
34446,Pieu 2,Ouvrages de chargement et déchargement,Pieu,TM1,TM01,Môle Car Carrier,preventive,0,2,2
34447,Pieu 3,Ouvrages de chargement et déchargement,Pieu,TM1,TM01,Môle Car Carrier,preventive,0,1,1
34448,Pieu 4,Ouvrages de chargement et déchargement,Pieu,TM1,TM01,Môle Car Carrier,preventive,0,1,1
34449,Pieu 5,Ouvrages de chargement et déchargement,Pieu,TM1,TM01,Môle Car Carrier,preventive,0,1,1
34450,Pieu 6,Ouvrages de chargement et déchargement,Pieu,TM1,TM01,Môle Car Carrier,preventive,0,1,1
34451,Pieu 7,Ouvrages de chargement et déchargement,Pieu,TM1,TM01,Môle Car Carrier,preventive,0,1,1
34452,Pieu 8,Ouvrages de chargement et déchargement,Pieu,TM1,TM01,Môle Car Carrier,preventive,0,1,1
34453,Pieu 9,Ouvrages de chargement et déchargement,Pieu,TM1,TM01,Môle Car Carrier,preventive,0,1,1
34454,Pieu 10,Ouvrages de chargement et déchargement,Pieu,TM1,TM01,Môle Car Carrier,preventive,0,1,1
34455,Pieu 12,Ouvrages de chargement et déchargement,Pieu,TM1,TM01,Môle Car Carrier,preventive,0,1,1
34456,Pieu 1,Ouvrages de chargement et déchargement,Pieu,PPR,PPR01,Poste N1,preventive,0,1,1
34457,Pieu 2,Ouvrages de chargement et déchargement,Pieu,PPR,PPR01,Poste N1,preventive,0,1,1
34458,Pieu 3,Ouvrages de chargement et déchargement,Pieu,PPR,PPR01,Poste N1,preventive,0,1,1
34459,Pieu 4,Ouvrages de chargement et déchargement,Pieu,PPR,PPR01,Poste N1,preventive,0,1,1
34460,Pieu 5,Ouvrages de chargement et déchargement,Pieu,PPR,PPR01,Poste N1,preventive,0,1,1
34461,Pieu 6,Ouvrages de chargement et déchargement,Pieu,PPR,PPR01,Poste N1,preventive,0,1,1
34462,Pieu 7,Ouvrages de chargement et déchargement,Pieu,PPR,PPR01,Poste N1,preventive,0,1,1
34463,Pieu 8,Ouvrages de chargement et déchargement,Pieu,PPR,PPR01,Poste N1,preventive,0,1,1
34464,Pieu 9,Ouvrages de chargement et déchargement,Pieu,PPR,PPR01,Poste N1,preventive,0,1,1
34465,Pieu 10,Ouvrages de chargement et déchargement,Pieu,PPR,PPR01,Poste N1,preventive,0,1,1
34466,Pieu 11,Ouvrages de chargement et déchargement,Pieu,PPR,PPR01,Poste N1,preventive,0,1,1
34467,Pieu 12,Ouvrages de chargement et déchargement,Pieu,PPR,PPR01,Poste N1,preventive,0,1,1
34468,Pieu 13,Ouvrages de chargement et déchargement,Pieu,PPR,PPR01,Poste N1,preventive,0,1,1
34469,Pieu 14,Ouvrages de chargement et déchargement,Pieu,PPR,PPR01,Poste N1,preventive,0,1,1
34470,Pieu 15,Ouvrages de chargement et déchargement,Pieu,PPR,PPR01,Poste N1,preventive,0,1,1
34471,Pieu 16,Ouvrages de chargement et déchargement,Pieu,PPR,PPR01,Poste N1,preventive,0,1,1
34472,Pieu 17,Ouvrages de chargement et déchargement,Pieu,PPR,PPR01,Poste N1,preventive,0,1,1
34473,Pieu 18,Ouvrages de chargement et déchargement,Pieu,PPR,PPR01,Poste N1,preventive,0,1,1
34474,Pieu 19,Ouvrages de chargement et déchargement,Pieu,PPR,PPR01,Poste N1,preventive,0,1,1
34475,Pieu 20,Ouvrages de chargement et déchargement,Pieu,PPR,PPR01,Poste N1,preventive,0,1,1
34476,Pieu 1,Ouvrages de chargement et déchargement,Pieu,PPR,PPR01,Poste N2-3,preventive,0,1,1
34477,Pieu 2,Ouvrages de chargement et déchargement,Pieu,PPR,PPR01,Poste N2-3,preventive,0,1,1
34478,Pieu 3,Ouvrages de chargement et déchargement,Pieu,PPR,PPR01,Poste N2-3,preventive,0,1,1
34479,Pieu 4,Ouvrages de chargement et déchargement,Pieu,PPR,PPR01,Poste N2-3,preventive,0,1,1
34480,Pieu 5,Ouvrages de chargement et déchargement,Pieu,PPR,PPR01,Poste N2-3,preventive,0,1,1
34481,Pieu 6,Ouvrages de chargement et déchargement,Pieu,PPR,PPR01,Poste N2-3,preventive,0,1,1
34482,Pieu 7,Ouvrages de chargement et déchargement,Pieu,PPR,PPR01,Poste N2-3,preventive,0,1,1
34483,Pieu 8,Ouvrages de chargement et déchargement,Pieu,PPR,PPR01,Poste N2-3,preventive,0,1,1
34484,Pieu 9,Ouvrages de chargement et déchargement,Pieu,PPR,PPR01,Poste N2-3,preventive,0,1,1
34485,Pieu 10,Ouvrages de chargement et déchargement,Pieu,PPR,PPR01,Poste N2-3,preventive,0,1,1
34486,Pieu 11,Ouvrages de chargement et déchargement,Pieu,PPR,PPR01,Poste N2-3,preventive,0,1,1
34487,Pieu 12,Ouvrages de chargement et déchargement,Pieu,PPR,PPR01,Poste N2-3,preventive,0,1,1
34488,Pieu 13,Ouvrages de chargement et déchargement,Pieu,PPR,PPR01,Poste N2-3,preventive,0,1,1
34489,Pieu 14,Ouvrages de chargement et déchargement,Pieu,PPR,PPR01,Poste N2-3,preventive,0,1,1
34490,Pieu 15,Ouvrages de chargement et déchargement,Pieu,PPR,PPR01,Poste N2-3,preventive,0,1,1
34491,Pieu 16,Ouvrages de chargement et déchargement,Pieu,PPR,PPR01,Poste N2-3,preventive,0,1,1
34492,Pieu 1,Ouvrages de chargement et déchargement,Pieu,PPR,PPR01,Poste N4-5,preventive,0,1,1
34493,Pieu 2,Ouvrages de chargement et déchargement,Pieu,PPR,PPR01,Poste N4-5,preventive,0,1,1
34494,Pieu 3,Ouvrages de chargement et déchargement,Pieu,PPR,PPR01,Poste N4-5,preventive,0,1,1
34495,Pieu 4,Ouvrages de chargement et déchargement,Pieu,PPR,PPR01,Poste N4-5,preventive,0,1,1
34496,Pieu 5,Ouvrages de chargement et déchargement,Pieu,PPR,PPR01,Poste N4-5,preventive,0,1,1
34497,Pieu 6,Ouvrages de chargement et déchargement,Pieu,PPR,PPR01,Poste N4-5,preventive,0,1,1
34498,Pieu 7,Ouvrages de chargement et déchargement,Pieu,PPR,PPR01,Poste N4-5,preventive,0,1,1
34499,Pieu 8,Ouvrages de chargement et déchargement,Pieu,PPR,PPR01,Poste N4-5,preventive,0,1,1
34500,Pieu 9,Ouvrages de chargement et déchargement,Pieu,PPR,PPR01,Poste N4-5,preventive,0,1,1
34501,Pieu 10,Ouvrages de chargement et déchargement,Pieu,PPR,PPR01,Poste N4-5,preventive,0,1,1
34502,Pieu 11,Ouvrages de chargement et déchargement,Pieu,PPR,PPR01,Poste N4-5,preventive,0,1,1
34503,Pieu 12,Ouvrages de chargement et déchargement,Pieu,PPR,PPR01,Poste N4-5,preventive,0,1,1
34504,Pieu 13,Ouvrages de chargement et déchargement,Pieu,PPR,PPR01,Poste N4-5,preventive,0,1,1
34505,Pieu 14,Ouvrages de chargement et déchargement,Pieu,PPR,PPR01,Poste N4-5,preventive,0,1,1
34506,Pieu 15,Ouvrages de chargement et déchargement,Pieu,PPR,PPR01,Poste N4-5,preventive,0,1,1
34507,Pieu 16,Ouvrages de chargement et déchargement,Pieu,PPR,PPR01,Poste N4-5,preventive,0,1,1
34508,Pieu 17,Ouvrages de chargement et déchargement,Pieu,PPR,PPR01,Poste N4-5,preventive,0,1,1
34509,Pieu 18,Ouvrages de chargement et déchargement,Pieu,PPR,PPR01,Poste N4-5,preventive,0,1,1
34510,Pieu 19,Ouvrages de chargement et déchargement,Pieu,PPR,PPR01,Poste N4-5,preventive,0,1,1
34511,Pieu 20,Ouvrages de chargement et déchargement,Pieu,PPR,PPR01,Poste N4-5,preventive,0,1,1
34512,Pieu 1,Ouvrages de chargement et déchargement,Pieu,PPR,PPR01,Poste N6-7,preventive,0,1,1
34513,Pieu 2,Ouvrages de chargement et déchargement,Pieu,PPR,PPR01,Poste N6-7,preventive,0,1,1
34514,Pieu 3,Ouvrages de chargement et déchargement,Pieu,PPR,PPR01,Poste N6-7,preventive,0,1,1
34515,Pieu 4,Ouvrages de chargement et déchargement,Pieu,PPR,PPR01,Poste N6-7,preventive,0,1,1
34516,Pieu 5,Ouvrages de chargement et déchargement,Pieu,PPR,PPR01,Poste N6-7,preventive,0,1,1
34517,Pieu 6,Ouvrages de chargement et déchargement,Pieu,PPR,PPR01,Poste N6-7,preventive,0,1,1
34518,Pieu 7,Ouvrages de chargement et déchargement,Pieu,PPR,PPR01,Poste N6-7,preventive,0,1,1
34519,Pieu 8,Ouvrages de chargement et déchargement,Pieu,PPR,PPR01,Poste N6-7,preventive,0,1,1
34520,Pieu 9,Ouvrages de chargement et déchargement,Pieu,PPR,PPR01,Poste N6-7,preventive,0,1,1
34521,Pieu 10,Ouvrages de chargement et déchargement,Pieu,PPR,PPR01,Poste N6-7,preventive,0,1,1
34522,Pieu 11,Ouvrages de chargement et déchargement,Pieu,PPR,PPR01,Poste N6-7,preventive,0,1,1
34523,Pieu 12,Ouvrages de chargement et déchargement,Pieu,PPR,PPR01,Poste N6-7,preventive,0,1,1
34524,Pieu 13,Ouvrages de chargement et déchargement,Pieu,PPR,PPR01,Poste N6-7,preventive,0,1,1
34525,Pieu 14,Ouvrages de chargement et déchargement,Pieu,PPR,PPR01,Poste N6-7,preventive,0,1,1
34526,Pieu 15,Ouvrages de chargement et déchargement,Pieu,PPR,PPR01,Poste N6-7,preventive,0,1,1
34527,Pieu 16,Ouvrages de chargement et déchargement,Pieu,PPR,PPR01,Poste N6-7,preventive,0,1,1
34528,Pieu 17,Ouvrages de chargement et déchargement,Pieu,PPR,PPR01,Poste N6-7,preventive,0,1,1
34529,Pieu 18,Ouvrages de chargement et déchargement,Pieu,PPR,PPR01,Poste N6-7,preventive,0,1,1
34530,Pieu 19,Ouvrages de chargement et déchargement,Pieu,PPR,PPR01,Poste N6-7,preventive,0,1,1
34531,Pieu 20,Ouvrages de chargement et déchargement,Pieu,PPR,PPR01,Poste N6-7,preventive,0,1,1
34532,Pieu 1,Ouvrages de chargement et déchargement,Pieu,PPR,PPR01,Poste N8,preventive,0,1,1
34533,Pieu 2,Ouvrages de chargement et déchargement,Pieu,PPR,PPR01,Poste N8,preventive,0,1,1
34534,Pieu 3,Ouvrages de chargement et déchargement,Pieu,PPR,PPR01,Poste N8,preventive,0,1,1
34535,Pieu 4,Ouvrages de chargement et déchargement,Pieu,PPR,PPR01,Poste N8,preventive,0,1,1
34536,Pieu 5,Ouvrages de chargement et déchargement,Pieu,PPR,PPR01,Poste N8,preventive,0,1,1
34537,Pieu 6,Ouvrages de chargement et déchargement,Pieu,PPR,PPR01,Poste N8,preventive,0,1,1
34538,Pieu 7,Ouvrages de chargement et déchargement,Pieu,PPR,PPR01,Poste N8,preventive,0,1,1
34539,Pieu 8,Ouvrages de chargement et déchargement,Pieu,PPR,PPR01,Poste N8,preventive,0,1,1
34540,Pieu 9,Ouvrages de chargement et déchargement,Pieu,PPR,PPR01,Poste N8,preventive,0,1,1
34541,Pieu 10,Ouvrages de chargement et déchargement,Pieu,PPR,PPR01,Poste N8,preventive,0,1,1
34542,Pieu 11,Ouvrages de chargement et déchargement,Pieu,PPR,PPR01,Poste N8,preventive,0,1,1
34543,Pieu 12,Ouvrages de chargement et déchargement,Pieu,PPR,PPR01,Poste N8,preventive,0,1,1
34544,Pieu 13,Ouvrages de chargement et déchargement,Pieu,PPR,PPR01,Poste N8,preventive,0,1,1
34545,Pieu 14,Ouvrages de chargement et déchargement,Pieu,PPR,PPR01,Poste N8,preventive,0,1,1
34546,Pieu 15,Ouvrages de chargement et déchargement,Pieu,PPR,PPR01,Poste N8,preventive,0,1,1
34547,Pieu 16,Ouvrages de chargement et déchargement,Pieu,PPR,PPR01,Poste N8,preventive,0,1,1
34548,Pieu 17,Ouvrages de chargement et déchargement,Pieu,PPR,PPR01,Poste N8,preventive,0,1,1
34549,Pieu 18,Ouvrages de chargement et déchargement,Pieu,PPR,PPR01,Poste N8,preventive,0,1,1
34550,Pieu 19,Ouvrages de chargement et déchargement,Pieu,PPR,PPR01,Poste N8,preventive,0,1,1
34551,Pieu 20,Ouvrages de chargement et déchargement,Pieu,PPR,PPR01,Poste N8,preventive,0,1,1
34553,RN16 OHydr1,Ouvrages hydrauliques,Ouvrage hydraulique,TM2,ZEXT01,RN16 OHydr1,corrective,1,0,1
34554,RN16 OHydr2,Ouvrages hydrauliques,Ouvrage hydraulique,TM2,ZEXT01,RN16 OHydr2,corrective,1,0,1
34555,RN16 OHydr3,Ouvrages hydrauliques,Ouvrage hydraulique,TM2,ZEXT01,RN16 OHydr3,corrective,1,0,1
34556,RN16 OHydr4,Ouvrages hydrauliques,Ouvrage hydraulique,PPR,ZEXT01,RN16 OHydr4,corrective,1,0,1
34564,Ombrage01,Structure d'ombrage,Ombrage,PPR,PPR01,Ombrage01,"corrective, preventive",1,1,2
34565,Ombrage02,Structure d'ombrage,Ombrage,PPR,PPR01,Ombrage02,"corrective, preventive",1,1,2
34566,Ombrage03,Structure d'ombrage,Ombrage,PPR,PPR01,Ombrage03,preventive,0,1,1
34567,Ombrage04,Structure d'ombrage,Ombrage,PPR,PPR01,Ombrage04,"corrective, preventive",1,1,2
34568,Ombrage05,Structure d'ombrage,Ombrage,PPR,PPR01,Ombrage05,preventive,0,1,1
34569,Ombrage06,Structure d'ombrage,Ombrage,PPR,PPR01,Ombrage06,preventive,0,1,1
34570,Ombrage07,Structure d'ombrage,Ombrage,PPR,PPR01,Ombrage07,preventive,0,1,1
34571,Ombrage08,Structure d'ombrage,Ombrage,PPR,PPR01,Ombrage08,"corrective, preventive",1,1,2
34572,Ombrage09,Structure d'ombrage,Ombrage,PPR,PPR01,Ombrage09,preventive,0,1,1
34573,Ombrage10,Structure d'ombrage,Ombrage,PPR,PPR01,Ombrage10,preventive,0,1,1
34574,Ombrage11,Structure d'ombrage,Ombrage,PPR,PPR01,Ombrage11,preventive,0,1,1
34575,Ombrage12,Structure d'ombrage,Ombrage,PPR,PPR01,Ombrage12,preventive,0,1,1
34576,Ombrage13,Structure d'ombrage,Ombrage,PPR,PPR01,Ombrage13,preventive,0,1,1
34577,Ombrage14,Structure d'ombrage,Ombrage,PPR,PPR01,Ombrage14,preventive,0,1,1
34578,Ombrage15,Structure d'ombrage,Ombrage,PPR,PPR01,Ombrage15,preventive,0,1,1
34579,Ombrage16,Structure d'ombrage,Ombrage,PPR,PPR01,Ombrage16,preventive,0,1,1
34580,Ombrage17,Structure d'ombrage,Ombrage,PPR,PPR01,Ombrage17,preventive,0,1,1
34581,Ombrage18,Structure d'ombrage,Ombrage,PPR,PPR01,Ombrage18,preventive,0,1,1
34582,OM53,Structure d'ombrage,Ombrage,TM1,TM01,OMBRAGE01,preventive,0,1,1
34583,Panneau de signalisation (RN16) 10,Voies de circulation,Panneaux de signalisation,PPR,PPR01,Panneau de signalisation RN-16,preventive,0,1,1
34590,Panneau de signalisation (RN16) 8,Voies de circulation,Panneaux de signalisation,PPR,PPR01,Panneau de signalisation RN-16,preventive,0,1,1
34591,Panneau de signalisation (RN16) 9,Voies de circulation,Panneaux de signalisation,PPR,PPR01,Panneau de signalisation RN-16,preventive,0,1,1
34592,Panneau de signalisation (RN16) 11,Voies de circulation,Panneaux de signalisation,PPR,PPR01,Panneau de signalisation RN-16,preventive,0,1,1
34593,Panneau de signalisation (RN16) 12,Voies de circulation,Panneaux de signalisation,PPR,PPR01,Panneau de signalisation RN-16,preventive,0,1,1
34594,Panneau de signalisation (RN16) 13,Voies de circulation,Panneaux de signalisation,PPR,PPR01,Panneau de signalisation RN-16,preventive,0,1,1
34595,Panneau de signalisation (RN16) 14,Voies de circulation,Panneaux de signalisation,TM1,TM01,Panneau de signalisation RN-16,preventive,0,1,1
34596,Panneau de signalisation (RN16) 15,Voies de circulation,Panneaux de signalisation,TM1,TM01,Panneau de signalisation RN-16,preventive,0,1,1
34597,Panneau de signalisation (RN16) 16,Voies de circulation,Panneaux de signalisation,TM1,TM01,Panneau de signalisation RN-16,preventive,0,1,1
34598,Panneau de signalisation (RN16) 19,Voies de circulation,Panneaux de signalisation,TM1,TM01,Panneau de signalisation RN-16,preventive,0,1,1
34599,Panneau de signalisation (RN16) 20,Voies de circulation,Panneaux de signalisation,TM1,TM01,Panneau de signalisation RN-16,preventive,0,1,1
34600,Panneau de signalisation (RN16) 21,Voies de circulation,Panneaux de signalisation,TM1,TM01,Panneau de signalisation RN-16,preventive,0,1,1
34601,Panneau de signalisation (RN16) 22,Voies de circulation,Panneaux de signalisation,TM1,TM01,Panneau de signalisation RN-16,preventive,0,1,1
34602,Panneau de signalisation (RN16) 23,Voies de circulation,Panneaux de signalisation,TM1,TM01,Panneau de signalisation RN-16,preventive,0,1,1
34603,Panneau de signalisation (RN16) 24,Voies de circulation,Panneaux de signalisation,TM1,TM01,Panneau de signalisation RN-16,preventive,0,1,1
34604,Panneau de signalisation (RN16) 25,Voies de circulation,Panneaux de signalisation,TM1,TM01,Panneau de signalisation RN-16,preventive,0,1,1
34605,Panneau de signalisation (RN16) 26,Voies de circulation,Panneaux de signalisation,TM1,TM01,Panneau de signalisation RN-16,preventive,0,1,1
34606,Panneau de signalisation (RN16) 27,Voies de circulation,Panneaux de signalisation,TM1,TM01,Panneau de signalisation RN-16,preventive,0,1,1
34607,Panneau de signalisation (RN16) 28,Voies de circulation,Panneaux de signalisation,TM1,TM01,Panneau de signalisation RN-16,preventive,0,1,1
34608,Panneau de signalisation (RN16) 29,Voies de circulation,Panneaux de signalisation,TM1,TM01,Panneau de signalisation RN-16,preventive,0,1,1
34609,Panneau de signalisation (RN16) 30,Voies de circulation,Panneaux de signalisation,TM1,TM01,Panneau de signalisation RN-16,preventive,0,1,1
34610,Panneau de signalisation (RN16) 31,Voies de circulation,Panneaux de signalisation,TM1,TM01,Panneau de signalisation RN-16,preventive,0,1,1
34611,Panneau de signalisation (RN16) 18,Voies de circulation,Panneaux de signalisation,TM1,TM01,Panneau de signalisation RN-16,preventive,0,1,1
34613,Panneau de signalisation (RN16) 17,Voies de circulation,Panneaux de signalisation,TM1,TM01,Panneau de signalisation RN-16,preventive,0,1,1
34616,Zone 5,Bassin,Bassin,PPR,PPR01,Bassin PPR,preventive,0,89,89
34624,Zone 11,Bassin,Bassin,TM1,TM01,Bassin TM1,preventive,0,89,89
34631,Portail mécanique01,Clôture,Portail mécanique,TM1,TM01,GATE2,corrective,16,0,16
34637,Portail mécanique07,Clôture,Portail mécanique,TM2,TM02,Entrée PNG,corrective,1,0,1
34639,Portail mécanique09,Clôture,Portail mécanique,TM1,TM01,Entrée bureau capitainerie,corrective,2,0,2
34641,Portail mécanique11,Clôture,Portail mécanique,MEDHUB,ZFL01,Entrée ZFL01,corrective,1,0,1
34642,Poteau d'incendie 01,Système d'incendie,Poteau d'incendie,TM1,TM01,Parking TF,corrective,1,0,1
41977,Poteau d'incendie 30,Système d'incendie,Poteau d'incendie,TM2,TM02,Parking TM2,corrective,1,0,1
41991,CI,Voies de circulation,Panneaux de signalisation,PPR,ZEXT01,RN16,preventive,0,1,1
41992,CI,Voies de circulation,Panneaux de signalisation,PPR,ZEXT01,RN16,preventive,0,1,1
41993,CI,Voies de circulation,Panneaux de signalisation,PPR,ZEXT01,RN16,preventive,0,1,1
41994,CI,Voies de circulation,Panneaux de signalisation,PPR,ZEXT01,RN16,preventive,0,1,1
41995,CI,Voies de circulation,Panneaux de signalisation,PPR,ZEXT01,RN16,preventive,0,1,1
41996,CI,Voies de circulation,Panneaux de signalisation,PPR,ZEXT01,RN16,preventive,0,1,1
41997,CI,Voies de circulation,Panneaux de signalisation,PPR,ZEXT01,RN16,preventive,0,1,1
41998,CI,Voies de circulation,Panneaux de signalisation,PPR,ZEXT01,RN16,preventive,0,1,1
41999,CI,Voies de circulation,Panneaux de signalisation,PPR,ZEXT01,RN16,preventive,0,1,1
42000,CI,Voies de circulation,Panneaux de signalisation,PPR,ZEXT01,RN16,preventive,0,1,1
42001,CI,Voies de circulation,Panneaux de signalisation,PPR,ZEXT01,RN16,preventive,0,1,1
42002,CI,Voies de circulation,Panneaux de signalisation,PPR,ZEXT01,RN16,preventive,0,1,1
42003,CI,Voies de circulation,Panneaux de signalisation,PPR,ZEXT01,RN16,preventive,0,1,1
42004,CI,Voies de circulation,Panneaux de signalisation,PPR,ZEXT01,RN16,preventive,0,1,1
42005,CI,Voies de circulation,Panneaux de signalisation,PPR,ZEXT01,RN16,preventive,0,1,1
42006,CI,Voies de circulation,Panneaux de signalisation,PPR,ZEXT01,RN16,preventive,0,1,1
42007,CI,Voies de circulation,Panneaux de signalisation,PPR,ZEXT01,RN16,preventive,0,1,1
42008,CI,Voies de circulation,Panneaux de signalisation,PPR,ZEXT01,RN16,preventive,0,1,1
42009,CI,Voies de circulation,Panneaux de signalisation,PPR,ZEXT01,RN16,preventive,0,1,1
42010,CI,Voies de circulation,Panneaux de signalisation,PPR,ZEXT01,RN16,preventive,0,1,1
42011,CI,Voies de circulation,Panneaux de signalisation,PPR,ZEXT01,RN16,preventive,0,1,1
42012,CI,Voies de circulation,Panneaux de signalisation,PPR,ZEXT01,RN16,preventive,0,1,1
42013,CI,Voies de circulation,Panneaux de signalisation,PPR,ZEXT01,RN16,preventive,0,1,1
42014,CI,Voies de circulation,Panneaux de signalisation,PPR,ZEXT01,RN16,preventive,0,1,1
42015,CI,Voies de circulation,Panneaux de signalisation,PPR,ZEXT01,RN16,preventive,0,1,1
42016,CI,Voies de circulation,Panneaux de signalisation,PPR,ZEXT01,RN16,preventive,0,1,1
42017,CI,Voies de circulation,Panneaux de signalisation,PPR,ZEXT01,RN16,preventive,0,1,1
42018,CI,Voies de circulation,Panneaux de signalisation,PPR,ZEXT01,RN16,preventive,0,1,1
42019,CI,Voies de circulation,Panneaux de signalisation,PPR,ZEXT01,RN16,preventive,0,1,1
42020,CI,Voies de circulation,Panneaux de signalisation,PPR,ZEXT01,RN16,preventive,0,1,1
42021,CI,Voies de circulation,Panneaux de signalisation,PPR,ZEXT01,RN16,preventive,0,1,1
42022,CI,Voies de circulation,Panneaux de signalisation,PPR,ZEXT01,RN16,preventive,0,1,1
42023,CI,Voies de circulation,Panneaux de signalisation,PPR,ZEXT01,RN16,preventive,0,1,1
42024,CI,Voies de circulation,Panneaux de signalisation,PPR,ZEXT01,RN16,preventive,0,1,1
42025,CI,Voies de circulation,Panneaux de signalisation,PPR,ZEXT01,RN16,preventive,0,1,1
42026,CI,Voies de circulation,Panneaux de signalisation,PPR,ZEXT01,RN16,preventive,0,1,1
42027,CI,Voies de circulation,Panneaux de signalisation,PPR,ZEXT01,RN16,preventive,0,1,1
42028,CI,Voies de circulation,Panneaux de signalisation,PPR,ZEXT01,RN16,preventive,0,1,1
42029,CI,Voies de circulation,Panneaux de signalisation,PPR,ZEXT01,RN16,preventive,0,1,1
42030,CI,Voies de circulation,Panneaux de signalisation,PPR,ZEXT01,RN16,preventive,0,1,1
42031,CI,Voies de circulation,Panneaux de signalisation,TM1,ZEXT01,RN16,preventive,0,1,1
42032,CI,Voies de circulation,Panneaux de signalisation,TM1,ZEXT01,RN16,preventive,0,1,1
42033,CI,Voies de circulation,Panneaux de signalisation,TM1,ZEXT01,RN16,preventive,0,1,1
42034,CI,Voies de circulation,Panneaux de signalisation,TM1,ZEXT01,RN16,preventive,0,1,1
42035,CI,Voies de circulation,Panneaux de signalisation,TM1,ZEXT01,RN16,preventive,0,1,1
42036,CI,Voies de circulation,Panneaux de signalisation,TM1,ZEXT01,RN16,preventive,0,1,1
42037,CI,Voies de circulation,Panneaux de signalisation,TM1,ZEXT01,RN16,preventive,0,1,1
42038,CI,Voies de circulation,Panneaux de signalisation,TM1,ZEXT01,RN16,preventive,0,1,1
42039,CI,Voies de circulation,Panneaux de signalisation,TM1,ZEXT01,RN16,"corrective, preventive",1,1,2
42040,CI,Voies de circulation,Panneaux de signalisation,TM1,ZEXT01,RN16,preventive,0,1,1
42041,CI,Voies de circulation,Panneaux de signalisation,TM1,ZEXT01,RN16,preventive,0,1,1
42042,CI,Voies de circulation,Panneaux de signalisation,TM1,ZEXT01,RN16,preventive,0,1,1
42043,CI,Voies de circulation,Panneaux de signalisation,TM1,ZEXT01,RN16,preventive,0,1,1
42044,CI,Voies de circulation,Panneaux de signalisation,TM1,ZEXT01,RN16,preventive,0,1,1
42045,CI,Voies de circulation,Panneaux de signalisation,TM1,ZEXT01,RN16,preventive,0,1,1
42046,CI,Voies de circulation,Panneaux de signalisation,TM1,ZEXT01,RN16,preventive,0,1,1
42047,CI,Voies de circulation,Panneaux de signalisation,TM1,ZEXT01,RN16,preventive,0,1,1
42048,CI,Voies de circulation,Panneaux de signalisation,TM1,ZEXT01,RN16,preventive,0,1,1
42049,CI,Voies de circulation,Panneaux de signalisation,TM1,ZEXT01,RN16,"corrective, preventive",1,1,2
42050,CI,Voies de circulation,Panneaux de signalisation,TM1,ZEXT01,RN16,preventive,0,1,1
42051,CI,Voies de circulation,Panneaux de signalisation,TM1,ZEXT01,RN16,preventive,0,1,1
42052,CI,Voies de circulation,Panneaux de signalisation,TM1,ZEXT01,RN16,preventive,0,1,1
42053,CI,Voies de circulation,Panneaux de signalisation,TM1,ZEXT01,RN16,preventive,0,1,1
42054,CI,Voies de circulation,Panneaux de signalisation,TM1,ZEXT01,RN16,preventive,0,1,1
42055,CI,Voies de circulation,Panneaux de signalisation,TM1,ZEXT01,RN16,preventive,0,1,1
42056,CI,Voies de circulation,Panneaux de signalisation,TM1,ZEXT01,RN16,preventive,0,1,1
42057,CI,Voies de circulation,Panneaux de signalisation,TM1,ZEXT01,RN16,preventive,0,1,1
42058,CI,Voies de circulation,Panneaux de signalisation,TM1,ZEXT01,RN16,preventive,0,1,1
42059,CI,Voies de circulation,Panneaux de signalisation,TM1,ZEXT01,RN16,preventive,0,1,1
42060,CI,Voies de circulation,Panneaux de signalisation,TM1,ZEXT01,RN16,preventive,0,1,1
42061,CI,Voies de circulation,Panneaux de signalisation,TM1,ZEXT01,RN16,preventive,0,1,1
42062,CI,Voies de circulation,Panneaux de signalisation,TM1,ZEXT01,RN16,preventive,0,1,1
42063,CI,Voies de circulation,Panneaux de signalisation,TM1,ZEXT01,RN16,preventive,0,1,1
42064,CI,Voies de circulation,Panneaux de signalisation,TM1,ZEXT01,RN16,preventive,0,1,1
42065,CI,Voies de circulation,Panneaux de signalisation,TM1,ZEXT01,RN16,preventive,0,1,1
42066,CI,Voies de circulation,Panneaux de signalisation,TM1,ZEXT01,RN16,preventive,0,1,1
42067,CI,Voies de circulation,Panneaux de signalisation,TM1,ZEXT01,RN16,preventive,0,1,1
42068,CI,Voies de circulation,Panneaux de signalisation,TM1,ZEXT01,RN16,preventive,0,1,1
42069,CI,Voies de circulation,Panneaux de signalisation,TM1,ZEXT01,RN16,preventive,0,1,1
42070,CI,Voies de circulation,Panneaux de signalisation,TM1,ZEXT01,RN16,preventive,0,1,1
42071,CI,Voies de circulation,Panneaux de signalisation,TM1,ZEXT01,RN16,preventive,0,1,1
42072,CI,Voies de circulation,Panneaux de signalisation,TM1,ZEXT01,RN16,preventive,0,1,1
42073,CI,Voies de circulation,Panneaux de signalisation,TM1,ZEXT01,RN16,preventive,0,1,1
42074,CI,Voies de circulation,Panneaux de signalisation,TM1,ZEXT01,RN16,preventive,0,1,1
42075,CI,Voies de circulation,Panneaux de signalisation,TM1,ZEXT01,RN16,preventive,0,1,1
42076,CI,Voies de circulation,Panneaux de signalisation,TM1,ZEXT01,RN16,preventive,0,1,1
42077,CI,Voies de circulation,Panneaux de signalisation,TM1,ZEXT01,RN16,preventive,0,1,1
42078,CI,Voies de circulation,Panneaux de signalisation,TM1,ZEXT01,RN16,preventive,0,1,1
42079,CI,Voies de circulation,Panneaux de signalisation,TM1,ZEXT01,RN16,preventive,0,1,1
42080,CI,Voies de circulation,Panneaux de signalisation,TM1,ZEXT01,RN16,preventive,0,1,1
42081,CI,Voies de circulation,Panneaux de signalisation,TM1,ZEXT01,RN16,preventive,0,1,1
42082,CI,Voies de circulation,Panneaux de signalisation,TM1,ZEXT01,RN16,preventive,0,1,1
42083,CI,Voies de circulation,Panneaux de signalisation,TM1,ZEXT01,RN16,"corrective, preventive",1,1,2
42084,CI,Voies de circulation,Panneaux de signalisation,TM1,ZEXT01,RN16,preventive,0,1,1
42085,CI,Voies de circulation,Panneaux de signalisation,TM1,ZEXT01,RN16,preventive,0,1,1
42086,CI,Voies de circulation,Panneaux de signalisation,TM1,ZEXT01,RN16,preventive,0,1,1
42087,CI,Voies de circulation,Panneaux de signalisation,TM1,ZEXT01,RN16,preventive,0,1,1
42088,CI,Voies de circulation,Panneaux de signalisation,TM1,ZEXT01,RN16,preventive,0,1,1
42089,CI,Voies de circulation,Panneaux de signalisation,TM1,ZEXT01,RN16,preventive,0,1,1
42090,CI,Voies de circulation,Panneaux de signalisation,TM1,ZEXT01,RN16,preventive,0,1,1
42091,CI,Voies de circulation,Panneaux de signalisation,TM1,ZEXT01,RN16,preventive,0,1,1
42092,CI,Voies de circulation,Panneaux de signalisation,TM1,ZEXT01,RN16,preventive,0,1,1
42093,CI,Voies de circulation,Panneaux de signalisation,TM1,ZEXT01,RN16,preventive,0,1,1
42115,CI,Voies de circulation,Panneaux de signalisation,TM2,ZEXT01,RN16,preventive,0,1,1
42116,CI,Voies de circulation,Panneaux de signalisation,TM2,ZEXT01,RN16,preventive,0,1,1
42117,CI,Voies de circulation,Panneaux de signalisation,TM2,ZEXT01,RN16,preventive,0,1,1
42118,CI,Voies de circulation,Panneaux de signalisation,TM2,ZEXT01,RN16,preventive,0,1,1
42119,CI,Voies de circulation,Panneaux de signalisation,TM2,ZEXT01,RN16,preventive,0,1,1
42120,CI,Voies de circulation,Panneaux de signalisation,TM2,ZEXT01,RN16,preventive,0,1,1
42121,CI,Voies de circulation,Panneaux de signalisation,TM2,ZEXT01,RN16,preventive,0,1,1
42122,CI,Voies de circulation,Panneaux de signalisation,TM2,ZEXT01,RN16,preventive,0,1,1
42123,CI,Voies de circulation,Panneaux de signalisation,TM2,ZEXT01,RN16,preventive,0,1,1
42124,CI,Voies de circulation,Panneaux de signalisation,TM2,ZEXT01,RN16,preventive,0,1,1
42125,CI,Voies de circulation,Panneaux de signalisation,TM2,ZEXT01,RN16,preventive,0,1,1
42126,CI,Voies de circulation,Panneaux de signalisation,TM2,ZEXT01,RN16,preventive,0,1,1
42127,CI,Voies de circulation,Panneaux de signalisation,TM2,ZEXT01,RN16,preventive,0,1,1
42128,CI,Voies de circulation,Panneaux de signalisation,TM2,ZEXT01,RN16,preventive,0,1,1
42129,CI,Voies de circulation,Panneaux de signalisation,TM2,ZEXT01,RN16,preventive,0,1,1
42130,CI,Voies de circulation,Panneaux de signalisation,TM2,ZEXT01,RN16,preventive,0,1,1
42131,CI,Voies de circulation,Panneaux de signalisation,TM2,ZEXT01,RN16,preventive,0,1,1
42132,CI,Voies de circulation,Panneaux de signalisation,TM2,ZEXT01,RN16,preventive,0,1,1
42133,CI,Voies de circulation,Panneaux de signalisation,TM2,ZEXT01,RN16,preventive,0,1,1
42134,CI,Voies de circulation,Panneaux de signalisation,TM2,ZEXT01,RN16,preventive,0,1,1
42135,CI,Voies de circulation,Panneaux de signalisation,TM2,ZEXT01,RN16,preventive,0,1,1
42136,CI,Voies de circulation,Panneaux de signalisation,TM2,ZEXT01,RN16,preventive,0,1,1
42137,CI,Voies de circulation,Panneaux de signalisation,TM2,ZEXT01,RN16,preventive,0,1,1
42138,CI,Voies de circulation,Panneaux de signalisation,TM2,ZEXT01,RN16,preventive,0,1,1
42140,CI,Voies de circulation,Panneaux de signalisation,TM2,ZEXT01,RN16,corrective,1,0,1
42150,LO,Voies de circulation,Panneaux de signalisation,PPR,ZEXT01,RN16,preventive,0,1,1
42151,LO,Voies de circulation,Panneaux de signalisation,PPR,ZEXT01,RN16,preventive,0,1,1
42152,LO,Voies de circulation,Panneaux de signalisation,PPR,ZEXT01,RN16,preventive,0,1,1
42153,LO,Voies de circulation,Panneaux de signalisation,PPR,ZEXT01,RN16,preventive,0,1,1
42154,LO,Voies de circulation,Panneaux de signalisation,PPR,ZEXT01,RN16,preventive,0,1,1
42155,LO,Voies de circulation,Panneaux de signalisation,PPR,ZEXT01,RN16,preventive,0,1,1
42156,LO,Voies de circulation,Panneaux de signalisation,PPR,ZEXT01,RN16,preventive,0,1,1
42157,LO,Voies de circulation,Panneaux de signalisation,PPR,ZEXT01,RN16,preventive,0,1,1
42158,LO,Voies de circulation,Panneaux de signalisation,PPR,ZEXT01,RN16,preventive,0,1,1
42159,LO,Voies de circulation,Panneaux de signalisation,PPR,ZEXT01,RN16,preventive,0,1,1
42160,LO,Voies de circulation,Panneaux de signalisation,PPR,ZEXT01,RN16,preventive,0,1,1
42161,LO,Voies de circulation,Panneaux de signalisation,PPR,ZEXT01,RN16,"corrective, preventive",1,1,2
42162,LO,Voies de circulation,Panneaux de signalisation,PPR,ZEXT01,RN16,preventive,0,1,1
42163,LO,Voies de circulation,Panneaux de signalisation,PPR,ZEXT01,RN16,preventive,0,1,1
42164,LO,Voies de circulation,Panneaux de signalisation,PPR,ZEXT01,RN16,preventive,0,1,1
42175,LO,Voies de circulation,Panneaux de signalisation,TM1,ZEXT01,RN16,corrective,1,0,1
42193,TR,Voies de circulation,Panneaux de signalisation,PPR,ZEXT01,RN16,preventive,0,1,1
42194,TR,Voies de circulation,Panneaux de signalisation,PPR,ZEXT01,RN16,preventive,0,1,1
42195,TR,Voies de circulation,Panneaux de signalisation,PPR,ZEXT01,RN16,preventive,0,1,1
42196,TR,Voies de circulation,Panneaux de signalisation,PPR,ZEXT01,RN16,preventive,0,1,1
42197,TR,Voies de circulation,Panneaux de signalisation,PPR,ZEXT01,RN16,preventive,0,1,1
42198,TR,Voies de circulation,Panneaux de signalisation,PPR,ZEXT01,RN16,preventive,0,1,1
42199,TR,Voies de circulation,Panneaux de signalisation,PPR,ZEXT01,RN16,preventive,0,1,1
42200,TR,Voies de circulation,Panneaux de signalisation,PPR,ZEXT01,RN16,preventive,0,1,1
42201,TR,Voies de circulation,Panneaux de signalisation,PPR,ZEXT01,RN16,preventive,0,1,1
42223,CI,Voies de circulation,Panneaux de signalisation,PPR,PPR01,PPR,preventive,0,1,1
42224,TR,Voies de circulation,Panneaux de signalisation,PPR,PPR01,PPR,preventive,0,1,1
42225,TR,Voies de circulation,Panneaux de signalisation,PPR,PPR01,PPR,preventive,0,1,1
42226,CI,Voies de circulation,Panneaux de signalisation,PPR,PPR01,PPR,"corrective, preventive",1,1,2
42227,TR,Voies de circulation,Panneaux de signalisation,PPR,PPR01,PPR,preventive,0,1,1
42228,CI,Voies de circulation,Panneaux de signalisation,PPR,PPR01,PPR,preventive,0,1,1
42229,CI,Voies de circulation,Panneaux de signalisation,PPR,PPR01,PPR,preventive,0,1,1
42230,CI,Voies de circulation,Panneaux de signalisation,PPR,PPR01,PPR,preventive,0,1,1
42231,TR,Voies de circulation,Panneaux de signalisation,PPR,PPR01,PPR,preventive,0,1,1
42232,TR,Voies de circulation,Panneaux de signalisation,PPR,PPR01,PPR,preventive,0,1,1
42233,CI,Voies de circulation,Panneaux de signalisation,PPR,PPR01,PPR,preventive,0,1,1
42234,CI,Voies de circulation,Panneaux de signalisation,PPR,PPR01,PPR,preventive,0,1,1
42235,TR,Voies de circulation,Panneaux de signalisation,PPR,PPR01,PPR,preventive,0,1,1
42236,TR,Voies de circulation,Panneaux de signalisation,PPR,PPR01,PPR,preventive,0,1,1
42237,CI,Voies de circulation,Panneaux de signalisation,PPR,PPR01,PPR,preventive,0,1,1
42238,TR,Voies de circulation,Panneaux de signalisation,PPR,PPR01,PPR,preventive,0,1,1
42239,TR,Voies de circulation,Panneaux de signalisation,PPR,PPR01,PPR,preventive,0,1,1
42240,CI,Voies de circulation,Panneaux de signalisation,PPR,PPR01,PPR,preventive,0,1,1
42241,CI,Voies de circulation,Panneaux de signalisation,PPR,PPR01,PPR,preventive,0,1,1
42242,CI,Voies de circulation,Panneaux de signalisation,PPR,PPR01,PPR,preventive,0,1,1
42243,TR,Voies de circulation,Panneaux de signalisation,PPR,PPR01,PPR,preventive,0,1,1
42244,TR,Voies de circulation,Panneaux de signalisation,PPR,PPR01,PPR,preventive,0,1,1
42245,TR,Voies de circulation,Panneaux de signalisation,PPR,PPR01,PPR,preventive,0,1,1
42246,CI,Voies de circulation,Panneaux de signalisation,PPR,PPR01,PPR,preventive,0,1,1
42247,CI,Voies de circulation,Panneaux de signalisation,PPR,PPR01,PPR,preventive,0,1,1
42248,CI,Voies de circulation,Panneaux de signalisation,PPR,PPR01,PPR,preventive,0,1,1
42249,TR,Voies de circulation,Panneaux de signalisation,PPR,PPR01,PPR,preventive,0,1,1
42250,LO,Voies de circulation,Panneaux de signalisation,PPR,PPR01,PPR,preventive,0,1,1
42251,TR,Voies de circulation,Panneaux de signalisation,PPR,PPR01,PPR,preventive,0,1,1
42252,CI,Voies de circulation,Panneaux de signalisation,PPR,PPR01,PPR,preventive,0,1,1
42253,CI,Voies de circulation,Panneaux de signalisation,PPR,PPR01,PPR,preventive,0,1,1
42254,CI,Voies de circulation,Panneaux de signalisation,PPR,PPR01,PPR,preventive,0,1,1
42255,TR,Voies de circulation,Panneaux de signalisation,PPR,PPR01,PPR,preventive,0,1,1
42256,LO,Voies de circulation,Panneaux de signalisation,PPR,PPR01,PPR,preventive,0,1,1
42257,CI,Voies de circulation,Panneaux de signalisation,PPR,PPR01,PPR,preventive,0,1,1
42258,CI,Voies de circulation,Panneaux de signalisation,PPR,PPR01,PPR,preventive,0,1,1
42259,CI,Voies de circulation,Panneaux de signalisation,PPR,PPR01,PPR,preventive,0,1,1
42260,TR,Voies de circulation,Panneaux de signalisation,PPR,PPR01,PPR,preventive,0,1,1
42261,CI,Voies de circulation,Panneaux de signalisation,PPR,PPR01,PPR,preventive,0,1,1
42262,TR,Voies de circulation,Panneaux de signalisation,PPR,PPR01,PPR,preventive,0,1,1
42263,CI,Voies de circulation,Panneaux de signalisation,PPR,PPR01,PPR,"corrective, preventive",1,1,2
42264,CI,Voies de circulation,Panneaux de signalisation,PPR,PPR01,PPR,preventive,0,1,1
42265,TR,Voies de circulation,Panneaux de signalisation,PPR,PPR01,PPR,preventive,0,1,1
42266,TR,Voies de circulation,Panneaux de signalisation,PPR,PPR01,PPR,preventive,0,1,1
42267,TR,Voies de circulation,Panneaux de signalisation,PPR,PPR01,PPR,preventive,0,1,1
42268,TR,Voies de circulation,Panneaux de signalisation,PPR,PPR01,PPR,preventive,0,1,1
42269,LO,Voies de circulation,Panneaux de signalisation,PPR,PPR01,PPR,preventive,0,1,1
42270,LO,Voies de circulation,Panneaux de signalisation,PPR,PPR01,PPR,preventive,0,1,1
42271,CI,Voies de circulation,Panneaux de signalisation,PPR,PPR01,PPR,preventive,0,1,1
42272,CI,Voies de circulation,Panneaux de signalisation,PPR,PPR01,PPR,preventive,0,1,1
42273,TR,Voies de circulation,Panneaux de signalisation,PPR,PPR01,PPR,preventive,0,1,1
42274,CI,Voies de circulation,Panneaux de signalisation,PPR,PPR01,PPR,preventive,0,1,1
42275,CI,Voies de circulation,Panneaux de signalisation,PPR,PPR01,PPR,preventive,0,1,1
42276,TR,Voies de circulation,Panneaux de signalisation,PPR,PPR01,PPR,preventive,0,1,1
42277,CI,Voies de circulation,Panneaux de signalisation,PPR,PPR01,PPR,preventive,0,1,1
42278,CI,Voies de circulation,Panneaux de signalisation,PPR,PPR01,PPR,preventive,0,1,1
42279,LO,Voies de circulation,Panneaux de signalisation,PPR,PPR01,PPR,preventive,0,1,1
42280,CI,Voies de circulation,Panneaux de signalisation,PPR,PPR01,PPR,preventive,0,1,1
42281,TR,Voies de circulation,Panneaux de signalisation,PPR,PPR01,PPR,preventive,0,1,1
42282,CI,Voies de circulation,Panneaux de signalisation,PPR,PPR01,PPR,preventive,0,1,1
42283,TR,Voies de circulation,Panneaux de signalisation,PPR,PPR01,PPR,preventive,0,1,1
42284,CI,Voies de circulation,Panneaux de signalisation,PPR,PPR01,PPR,preventive,0,1,1
42285,TR,Voies de circulation,Panneaux de signalisation,PPR,PPR01,PPR,preventive,0,1,1
42286,TR,Voies de circulation,Panneaux de signalisation,PPR,PPR01,PPR,preventive,0,1,1
42287,TR,Voies de circulation,Panneaux de signalisation,PPR,PPR01,PPR,preventive,0,1,1
42288,CI,Voies de circulation,Panneaux de signalisation,PPR,PPR01,PPR,preventive,0,1,1
42289,CI,Voies de circulation,Panneaux de signalisation,PPR,PPR01,PPR,preventive,0,1,1
42290,CI,Voies de circulation,Panneaux de signalisation,PPR,PPR01,PPR,preventive,0,1,1
42291,CI,Voies de circulation,Panneaux de signalisation,PPR,PPR01,PPR,preventive,0,1,1
42292,CI,Voies de circulation,Panneaux de signalisation,PPR,PPR01,PPR,preventive,0,1,1
42293,TR,Voies de circulation,Panneaux de signalisation,PPR,PPR01,PPR,preventive,0,1,1
42294,CI,Voies de circulation,Panneaux de signalisation,PPR,PPR01,PPR,preventive,0,1,1
42295,TR,Voies de circulation,Panneaux de signalisation,PPR,PPR01,PPR,preventive,0,1,1
42296,CI,Voies de circulation,Panneaux de signalisation,PPR,PPR01,PPR,preventive,0,1,1
42297,TR,Voies de circulation,Panneaux de signalisation,PPR,PPR01,PPR,preventive,0,1,1
42298,TR,Voies de circulation,Panneaux de signalisation,PPR,PPR01,PPR,preventive,0,1,1
42299,CI_TR,Voies de circulation,Panneaux de signalisation,PPR,PPR01,PPR,preventive,0,1,1
42302,CI,Voies de circulation,Panneaux de signalisation,TM1,TM01,TM1,corrective,3,0,3
42308,LO,Voies de circulation,Panneaux de signalisation,TM1,TM01,TM1,corrective,1,0,1
42313,TR,Voies de circulation,Panneaux de signalisation,TM1,TM01,TM1,corrective,2,0,2
42331,CI,Voies de circulation,Panneaux de signalisation,TM1,TM01,TM1,corrective,1,0,1
42342,CI,Voies de circulation,Panneaux de signalisation,TM1,TM01,TM1,corrective,1,0,1
42344,TR,Voies de circulation,Panneaux de signalisation,TM1,TM01,TM1,corrective,1,0,1
42354,CI,Voies de circulation,Panneaux de signalisation,TM1,TM01,TM1,corrective,1,0,1
42371,TR,Voies de circulation,Panneaux de signalisation,TM1,TM01,TM1,corrective,1,0,1
42373,CI,Voies de circulation,Panneaux de signalisation,TM1,TM01,TM1,corrective,1,0,1
42374,TR,Voies de circulation,Panneaux de signalisation,TM1,TM01,TM1,corrective,3,0,3
42379,CI,Voies de circulation,Panneaux de signalisation,TM1,TM01,TM1,corrective,1,0,1
42415,CI,Voies de circulation,Panneaux de signalisation,TM1,TM01,TM1,corrective,1,0,1
42428,CI,Voies de circulation,Panneaux de signalisation,TM1,TM01,TM1,corrective,1,0,1
42432,CI,Voies de circulation,Panneaux de signalisation,TM1,TM01,TM1,corrective,1,0,1
42438,CI,Voies de circulation,Panneaux de signalisation,TM1,TM01,TM1,corrective,1,0,1
42459,CI,Voies de circulation,Panneaux de signalisation,TM1,TM01,TM1,corrective,1,0,1
42478,CI,Voies de circulation,Panneaux de signalisation,TM1,TM01,TM1,corrective,1,0,1
42504,CI,Voies de circulation,Panneaux de signalisation,TM1,TM01,TM1,corrective,1,0,1
42513,CI,Voies de circulation,Panneaux de signalisation,TM1,TM01,TM1,preventive,0,1,1
42514,LO,Voies de circulation,Panneaux de signalisation,TM1,TM01,TM1,preventive,0,1,1
42515,CI,Voies de circulation,Panneaux de signalisation,TM1,TM01,TM1,preventive,0,1,1
42516,CI,Voies de circulation,Panneaux de signalisation,TM1,TM01,TM1,preventive,0,1,1
42517,CI,Voies de circulation,Panneaux de signalisation,TM1,TM01,TM1,preventive,0,1,1
42518,LO,Voies de circulation,Panneaux de signalisation,TM1,TM01,TM1,preventive,0,1,1
42519,CI,Voies de circulation,Panneaux de signalisation,TM1,TM01,TM1,preventive,0,1,1
42520,CI,Voies de circulation,Panneaux de signalisation,TM1,TM01,TM1,preventive,0,1,1
42521,LO,Voies de circulation,Panneaux de signalisation,TM1,TM01,TM1,"corrective, preventive",2,1,3
42522,CI,Voies de circulation,Panneaux de signalisation,TM1,TM01,TM1,preventive,0,1,1
42523,LO,Voies de circulation,Panneaux de signalisation,TM1,TM01,TM1,preventive,0,1,1
42524,CI,Voies de circulation,Panneaux de signalisation,TM1,TM01,TM1,preventive,0,1,1
42525,CI_TR,Voies de circulation,Panneaux de signalisation,TM1,TM01,TM1,preventive,0,1,1
42526,CI,Voies de circulation,Panneaux de signalisation,TM1,TM01,TM1,preventive,0,1,1
42527,CI,Voies de circulation,Panneaux de signalisation,TM1,TM01,TM1,preventive,0,1,1
42528,CI,Voies de circulation,Panneaux de signalisation,TM1,TM01,TM1,preventive,0,1,1
42529,LO,Voies de circulation,Panneaux de signalisation,TM1,TM01,TM1,preventive,0,1,1
42530,TR,Voies de circulation,Panneaux de signalisation,TM1,TM01,TM1,preventive,0,1,1
42531,LO,Voies de circulation,Panneaux de signalisation,TM1,TM01,TM1,preventive,0,1,1
42532,LO,Voies de circulation,Panneaux de signalisation,TM1,TM01,TM1,preventive,0,1,1
42533,TR,Voies de circulation,Panneaux de signalisation,TM1,TM01,TM1,preventive,0,1,1
42534,TR,Voies de circulation,Panneaux de signalisation,TM1,TM01,TM1,preventive,0,1,1
42535,TR,Voies de circulation,Panneaux de signalisation,TM1,TM01,TM1,preventive,0,1,1
42536,TR,Voies de circulation,Panneaux de signalisation,TM1,TM01,TM1,preventive,0,1,1
42537,TR,Voies de circulation,Panneaux de signalisation,TM1,TM01,TM1,preventive,0,1,1
42538,LO,Voies de circulation,Panneaux de signalisation,TM1,TM01,TM1,preventive,0,1,1
42539,CI,Voies de circulation,Panneaux de signalisation,TM1,TM01,TM1,preventive,0,1,1
42601,TR,Voies de circulation,Panneaux de signalisation,TM2,TM02,TM2,corrective,1,0,1
42602,TR,Voies de circulation,Panneaux de signalisation,TM2,TM02,TM2,corrective,1,0,1
42606,CI,Voies de circulation,Panneaux de signalisation,TM2,TM02,TM2,corrective,1,0,1
42607,CI,Voies de circulation,Panneaux de signalisation,TM2,TM02,TM2,corrective,2,0,2
42608,TR,Voies de circulation,Panneaux de signalisation,TM2,TM02,TM2,corrective,1,0,1
42609,TR,Voies de circulation,Panneaux de signalisation,TM2,TM02,TM2,corrective,2,0,2
42612,TR,Voies de circulation,Panneaux de signalisation,TM2,TM02,TM2,corrective,1,0,1
42613,CI,Voies de circulation,Panneaux de signalisation,TM2,TM02,TM2,corrective,1,0,1
42614,CI,Voies de circulation,Panneaux de signalisation,TM2,TM02,TM2,corrective,1,0,1
42630,TR,Voies de circulation,Panneaux de signalisation,PPR,PPR01,PPR,"corrective, preventive",1,1,2
42631,TR,Voies de circulation,Panneaux de signalisation,PPR,PPR01,PPR,"corrective, preventive",1,1,2
42632,TR,Voies de circulation,Panneaux de signalisation,PPR,PPR01,PPR,preventive,0,1,1
42633,CI,Voies de circulation,Panneaux de signalisation,PPR,PPR01,PPR,"corrective, preventive",1,1,2
42634,TR,Voies de circulation,Panneaux de signalisation,PPR,PPR01,PPR,preventive,0,1,1
42635,LO,Voies de circulation,Panneaux de signalisation,PPR,PPR01,PPR,preventive,0,1,1
42636,CI,Voies de circulation,Panneaux de signalisation,PPR,PPR01,PPR,"corrective, preventive",1,1,2
42637,LO,Voies de circulation,Panneaux de signalisation,PPR,PPR01,PPR,preventive,0,1,1
42638,CI,Voies de circulation,Panneaux de signalisation,PPR,PPR01,PPR,preventive,0,1,1
42639,CI,Voies de circulation,Panneaux de signalisation,PPR,PPR01,PPR,preventive,0,1,1
42640,LO,Voies de circulation,Panneaux de signalisation,PPR,PPR01,PPR,preventive,0,1,1
42641,LO,Voies de circulation,Panneaux de signalisation,PPR,PPR01,PPR,preventive,0,1,1
42642,TR,Voies de circulation,Panneaux de signalisation,PPR,PPR01,PPR,preventive,0,1,1
42643,CI,Voies de circulation,Panneaux de signalisation,PPR,PPR01,PPR,preventive,0,1,1
42644,CI,Voies de circulation,Panneaux de signalisation,PPR,PPR01,PPR,preventive,0,1,1
42645,TR,Voies de circulation,Panneaux de signalisation,PPR,PPR01,PPR,preventive,0,1,1
42646,TR,Voies de circulation,Panneaux de signalisation,PPR,PPR01,PPR,"corrective, preventive",1,1,2
42647,CI,Voies de circulation,Panneaux de signalisation,PPR,PPR01,PPR,preventive,0,1,1
42648,CI,Voies de circulation,Panneaux de signalisation,PPR,PPR01,PPR,preventive,0,1,1
42649,CI,Voies de circulation,Panneaux de signalisation,PPR,PPR01,PPR,preventive,0,1,1
42650,CI,Voies de circulation,Panneaux de signalisation,PPR,PPR01,PPR,"corrective, preventive",2,1,3
42651,CI,Voies de circulation,Panneaux de signalisation,PPR,PPR01,PPR,preventive,0,1,1
42652,LO,Voies de circulation,Panneaux de signalisation,PPR,PPR01,PPR,preventive,0,1,1
42653,CI,Voies de circulation,Panneaux de signalisation,PPR,PPR01,PPR,preventive,0,1,1
42654,CI,Voies de circulation,Panneaux de signalisation,PPR,PPR01,PPR,preventive,0,1,1
42655,TR,Voies de circulation,Panneaux de signalisation,PPR,PPR01,PPR,preventive,0,1,1
42656,TR,Voies de circulation,Panneaux de signalisation,PPR,PPR01,PPR,preventive,0,1,1
42657,TR,Voies de circulation,Panneaux de signalisation,PPR,PPR01,PPR,preventive,0,1,1
42658,CI,Voies de circulation,Panneaux de signalisation,PPR,PPR01,PPR,preventive,0,1,1
42659,LO,Voies de circulation,Panneaux de signalisation,PPR,PPR01,PPR,"corrective, preventive",1,1,2
42660,CI,Voies de circulation,Panneaux de signalisation,PPR,PPR01,PPR,preventive,0,1,1
42661,CI,Voies de circulation,Panneaux de signalisation,PPR,PPR01,PPR,preventive,0,1,1
42662,CI,Voies de circulation,Panneaux de signalisation,PPR,PPR01,PPR,preventive,0,1,1
42663,LO,Voies de circulation,Panneaux de signalisation,PPR,PPR01,PPR,preventive,0,1,1
42664,TR,Voies de circulation,Panneaux de signalisation,PPR,PPR01,PPR,preventive,0,1,1
42665,TR,Voies de circulation,Panneaux de signalisation,PPR,PPR01,PPR,"corrective, preventive",1,1,2
42666,CI,Voies de circulation,Panneaux de signalisation,PPR,PPR01,PPR,preventive,0,1,1
42667,CI,Voies de circulation,Panneaux de signalisation,PPR,PPR01,PPR,"corrective, preventive",1,1,2
42668,CI,Voies de circulation,Panneaux de signalisation,PPR,PPR01,PPR,"corrective, preventive",1,1,2
42669,CI,Voies de circulation,Panneaux de signalisation,PPR,PPR01,PPR,preventive,0,1,1
42670,TR,Voies de circulation,Panneaux de signalisation,PPR,PPR01,PPR,preventive,0,1,1
42671,TR,Voies de circulation,Panneaux de signalisation,PPR,PPR01,PPR,preventive,0,1,1
42672,LO,Voies de circulation,Panneaux de signalisation,PPR,PPR01,PPR,preventive,0,1,1
42673,CI,Voies de circulation,Panneaux de signalisation,PPR,PPR01,PPR,preventive,0,1,1
42674,CI,Voies de circulation,Panneaux de signalisation,PPR,PPR01,PPR,preventive,0,1,1
42675,CI,Voies de circulation,Panneaux de signalisation,PPR,PPR01,PPR,preventive,0,1,1
42676,CI,Voies de circulation,Panneaux de signalisation,PPR,PPR01,PPR,preventive,0,1,1
42677,LO,Voies de circulation,Panneaux de signalisation,PPR,PPR01,PPR,preventive,0,1,1
42678,LO,Voies de circulation,Panneaux de signalisation,PPR,PPR01,PPR,preventive,0,1,1
42679,CI,Voies de circulation,Panneaux de signalisation,PPR,PPR01,PPR,preventive,0,1,1
42680,CI,Voies de circulation,Panneaux de signalisation,PPR,PPR01,PPR,preventive,0,1,1
42681,TR,Voies de circulation,Panneaux de signalisation,PPR,PPR01,PPR,preventive,0,1,1
42682,TR,Voies de circulation,Panneaux de signalisation,PPR,PPR01,PPR,preventive,0,1,1
42683,CI,Voies de circulation,Panneaux de signalisation,PPR,PPR01,PPR,"corrective, preventive",1,1,2
42684,LO,Voies de circulation,Panneaux de signalisation,PPR,PPR01,PPR,preventive,0,1,1
42685,CI,Voies de circulation,Panneaux de signalisation,PPR,PPR01,PPR,preventive,0,1,1
42686,CI,Voies de circulation,Panneaux de signalisation,PPR,PPR01,PPR,preventive,0,1,1
42687,CI,Voies de circulation,Panneaux de signalisation,PPR,PPR01,PPR,preventive,0,1,1
42688,LO,Voies de circulation,Panneaux de signalisation,PPR,PPR01,PPR,preventive,0,1,1
42689,TR,Voies de circulation,Panneaux de signalisation,PPR,PPR01,PPR,preventive,0,1,1
42690,CI,Voies de circulation,Panneaux de signalisation,PPR,PPR01,PPR,preventive,0,1,1
42691,CI,Voies de circulation,Panneaux de signalisation,PPR,PPR01,PPR,preventive,0,1,1
42692,TR,Voies de circulation,Panneaux de signalisation,PPR,PPR01,PPR,preventive,0,1,1
42693,LO,Voies de circulation,Panneaux de signalisation,PPR,PPR01,PPR,preventive,0,1,1
42694,LO,Voies de circulation,Panneaux de signalisation,PPR,PPR01,PPR,preventive,0,1,1
42695,LO,Voies de circulation,Panneaux de signalisation,PPR,PPR01,PPR,preventive,0,1,1
42696,CI,Voies de circulation,Panneaux de signalisation,PPR,PPR01,PPR,preventive,0,1,1
42697,CI,Voies de circulation,Panneaux de signalisation,PPR,PPR01,PPR,preventive,0,1,1
42698,CI,Voies de circulation,Panneaux de signalisation,PPR,PPR01,PPR,preventive,0,1,1
42699,LO,Voies de circulation,Panneaux de signalisation,PPR,PPR01,PPR,preventive,0,1,1
42700,LO,Voies de circulation,Panneaux de signalisation,PPR,PPR01,PPR,preventive,0,1,1
42701,LO,Voies de circulation,Panneaux de signalisation,PPR,PPR01,PPR,preventive,0,1,1
42702,LO,Voies de circulation,Panneaux de signalisation,PPR,PPR01,PPR,preventive,0,1,1
42703,LO,Voies de circulation,Panneaux de signalisation,PPR,PPR01,PPR,preventive,0,1,1
42704,LO,Voies de circulation,Panneaux de signalisation,PPR,PPR01,PPR,preventive,0,1,1
42705,LO,Voies de circulation,Panneaux de signalisation,PPR,PPR01,PPR,preventive,0,1,1
42706,LO,Voies de circulation,Panneaux de signalisation,PPR,PPR01,PPR,preventive,0,1,1
42707,LO,Voies de circulation,Panneaux de signalisation,PPR,PPR01,PPR,preventive,0,1,1
42708,LO,Voies de circulation,Panneaux de signalisation,PPR,PPR01,PPR,preventive,0,1,1
42709,LO,Voies de circulation,Panneaux de signalisation,PPR,PPR01,PPR,preventive,0,1,1
42710,LO,Voies de circulation,Panneaux de signalisation,PPR,PPR01,PPR,preventive,0,1,1
42711,LO,Voies de circulation,Panneaux de signalisation,PPR,PPR01,PPR,preventive,0,1,1
42712,LO,Voies de circulation,Panneaux de signalisation,PPR,PPR01,PPR,preventive,0,1,1
42713,LO,Voies de circulation,Panneaux de signalisation,PPR,PPR01,PPR,preventive,0,1,1
42714,LO,Voies de circulation,Panneaux de signalisation,PPR,PPR01,PPR,preventive,0,1,1
42715,LO,Voies de circulation,Panneaux de signalisation,PPR,PPR01,PPR,preventive,0,1,1
42716,LO,Voies de circulation,Panneaux de signalisation,PPR,PPR01,PPR,preventive,0,1,1
42717,LO,Voies de circulation,Panneaux de signalisation,PPR,PPR01,PPR,preventive,0,1,1
42718,LO,Voies de circulation,Panneaux de signalisation,PPR,PPR01,PPR,preventive,0,1,1
42719,LO,Voies de circulation,Panneaux de signalisation,PPR,PPR01,PPR,preventive,0,1,1
42720,LO,Voies de circulation,Panneaux de signalisation,PPR,PPR01,PPR,preventive,0,1,1
42721,LO,Voies de circulation,Panneaux de signalisation,PPR,PPR01,PPR,preventive,0,1,1
42722,LO,Voies de circulation,Panneaux de signalisation,PPR,PPR01,PPR,preventive,0,1,1
42723,LO,Voies de circulation,Panneaux de signalisation,PPR,PPR01,PPR,preventive,0,1,1
42724,LO,Voies de circulation,Panneaux de signalisation,PPR,PPR01,PPR,preventive,0,1,1
42725,LO,Voies de circulation,Panneaux de signalisation,PPR,PPR01,PPR,preventive,0,1,1
42726,LO,Voies de circulation,Panneaux de signalisation,PPR,PPR01,PPR,preventive,0,1,1
42727,LO,Voies de circulation,Panneaux de signalisation,PPR,PPR01,PPR,preventive,0,1,1
42728,LO,Voies de circulation,Panneaux de signalisation,PPR,PPR01,PPR,preventive,0,1,1
42729,LO,Voies de circulation,Panneaux de signalisation,PPR,PPR01,PPR,"corrective, preventive",1,1,2
42730,LO,Voies de circulation,Panneaux de signalisation,PPR,PPR01,PPR,preventive,0,1,1
42731,LO,Voies de circulation,Panneaux de signalisation,PPR,PPR01,PPR,preventive,0,1,1
42732,LO,Voies de circulation,Panneaux de signalisation,PPR,PPR01,PPR,preventive,0,1,1
42733,LO,Voies de circulation,Panneaux de signalisation,PPR,PPR01,PPR,preventive,0,1,1
42734,LO,Voies de circulation,Panneaux de signalisation,PPR,PPR01,PPR,preventive,0,1,1
42735,LO,Voies de circulation,Panneaux de signalisation,PPR,PPR01,PPR,preventive,0,1,1
42736,LO,Voies de circulation,Panneaux de signalisation,PPR,PPR01,PPR,preventive,0,1,1
42737,LO,Voies de circulation,Panneaux de signalisation,PPR,PPR01,PPR,preventive,0,1,1
42738,LO,Voies de circulation,Panneaux de signalisation,PPR,PPR01,PPR,preventive,0,1,1
42739,LO,Voies de circulation,Panneaux de signalisation,PPR,PPR01,PPR,preventive,0,1,1
42740,LO,Voies de circulation,Panneaux de signalisation,PPR,PPR01,PPR,preventive,0,1,1
42741,LO,Voies de circulation,Panneaux de signalisation,PPR,PPR01,PPR,preventive,0,1,1
42742,LO,Voies de circulation,Panneaux de signalisation,PPR,PPR01,PPR,preventive,0,1,1
42743,CI,Voies de circulation,Panneaux de signalisation,PPR,PPR01,PPR,preventive,0,1,1
42744,CI,Voies de circulation,Panneaux de signalisation,PPR,PPR01,PPR,preventive,0,1,1
42745,CI,Voies de circulation,Panneaux de signalisation,PPR,PPR01,PPR,preventive,0,1,1
42746,CI,Voies de circulation,Panneaux de signalisation,PPR,PPR01,PPR,"corrective, preventive",1,1,2
42747,TR,Voies de circulation,Panneaux de signalisation,PPR,PPR01,PPR,preventive,0,1,1
42748,LO,Voies de circulation,Panneaux de signalisation,PPR,PPR01,PPR,preventive,0,1,1
42749,LO,Voies de circulation,Panneaux de signalisation,PPR,PPR01,PPR,preventive,0,1,1
42750,TR,Voies de circulation,Panneaux de signalisation,PPR,PPR01,PPR,preventive,0,1,1
42751,TR,Voies de circulation,Panneaux de signalisation,PPR,PPR01,PPR,preventive,0,1,1
42752,LO,Voies de circulation,Panneaux de signalisation,PPR,PPR01,PPR,preventive,0,1,1
42753,LO,Voies de circulation,Panneaux de signalisation,PPR,PPR01,PPR,preventive,0,1,1
42754,LO,Voies de circulation,Panneaux de signalisation,PPR,PPR01,PPR,preventive,0,1,1
42755,LO,Voies de circulation,Panneaux de signalisation,PPR,PPR01,PPR,preventive,0,1,1
42828,Ombrage19,Structure d'ombrage,Ombrage,TM1,SAS IMPORT,Sas Import,"corrective, preventive",3,1,4
42829,Ombrage20,Structure d'ombrage,Ombrage,TM1,TM01,Bureau capitainerie,preventive,0,1,1
42830,Ombrage21,Structure d'ombrage,Ombrage,TM1,TM01,Bureau capitainerie,preventive,0,1,1
42831,Ombrage22,Structure d'ombrage,Ombrage,TM1,TM01,Bureau capitainerie,"corrective, preventive",1,1,2
42832,Ombrage23,Structure d'ombrage,Ombrage,TM1,TM01,Giratoire Eddalia,preventive,0,1,1
42833,Ombrage24,Structure d'ombrage,Ombrage,TM1,TM01,Giratoire Bell vidure,"corrective, preventive",1,1,2
42838,Ombrage29,Structure d'ombrage,Ombrage,PPR,PPR01,Parking poste 1&2,preventive,0,1,1
42839,Ombrage30,Structure d'ombrage,Ombrage,PPR,PPR01,Parking poste1&2,preventive,0,1,1
42840,Ombrage31,Structure d'ombrage,Ombrage,PPR,PPR01,Parking poste1&2,preventive,0,1,1
42841,Ombrage32,Structure d'ombrage,Ombrage,PPR,PPR01,Parking poste1&2,preventive,0,1,1
42842,Ombrage33,Structure d'ombrage,Ombrage,PPR,PPR01,Parking poste3&4,preventive,0,1,1
42843,Ombrage34,Structure d'ombrage,Ombrage,PPR,PPR01,Parking poste3&4,preventive,0,1,1
42844,Ombrage35,Structure d'ombrage,Ombrage,TM1,TM01,Parking poste3&4,preventive,0,1,1
42845,Ombrage61,Structure d'ombrage,Ombrage,PPR,PPR01,Parking poste3&4,preventive,0,1,1
42846,Ombrage36,Structure d'ombrage,Ombrage,PPR,PPR01,Parking poste3&4,preventive,0,1,1
42847,Ombrage37,Structure d'ombrage,Ombrage,TM1,TM01,Parking poste3&4,preventive,0,1,1
42848,Ombrage38,Structure d'ombrage,Ombrage,PPR,PPR01,Parking poste3&4,preventive,0,1,1
42849,Ombrage39,Structure d'ombrage,Ombrage,PPR,PPR01,Parking poste3&4,preventive,0,1,1
42850,Ombrage 40,Structure d'ombrage,Ombrage,PPR,PPR01,Parking poste 5&6,preventive,0,1,1
42851,Ombrage 41,Structure d'ombrage,Ombrage,PPR,PPR01,Parking poste 5&6,preventive,0,1,1
42852,Ombrage 42,Structure d'ombrage,Ombrage,PPR,PPR01,Parking poste 5&6,"corrective, preventive",4,1,5
42853,Ombrage 43,Structure d'ombrage,Ombrage,PPR,PPR01,Parking poste 5&6,preventive,0,1,1
42854,Ombrage 44,Structure d'ombrage,Ombrage,PPR,PPR01,Parking poste 3&4,preventive,0,1,1
42855,Ombrage 45,Structure d'ombrage,Ombrage,PPR,PPR01,Parking poste 3&4,preventive,0,1,1
42856,Ombrage46,Structure d'ombrage,Ombrage,TM1,TM01,Entrée GATE02,preventive,0,1,1
42857,Ombrage 47,Structure d'ombrage,Ombrage,PPR,GATE3,Entrée GATE03,preventive,0,1,1
42858,Ombrage 48,Structure d'ombrage,Ombrage,TM2,TM02,PNG,preventive,0,1,1
42859,Ombrage 49,Structure d'ombrage,Ombrage,TM2,TM02,PNG,preventive,0,1,1
42860,Ombrage 50,Structure d'ombrage,Ombrage,TM2,TM02,PNG,preventive,0,1,1
42861,Ombrage 51,Structure d'ombrage,Ombrage,TM2,TM02,Bureau caisson,preventive,0,1,1
42862,Ombrage 52,Structure d'ombrage,Ombrage,TM2,TM02,Bureau caisson,preventive,0,1,1
42885,Sas export_ Murette01,Terre plein,Parking,TM1,SAS IMPORT,Sas export,preventive,0,13,13
42907,SAS-EXP Regard EU-EPL 11,Regard d'assainissement,Regard EU-EPL,TM1,SAS EXPORT,SAS-EXP Regard EU-EPL,corrective,1,0,1
42915,SAS-EXP Regard EU-EPL 19,Regard d'assainissement,Regard EU-EPL,TM1,SAS EXPORT,SAS-EXP Regard EU-EPL,corrective,1,0,1
42916,SAS-EXP Regard EU-EPL 20,Regard d'assainissement,Regard EU-EPL,TM1,SAS EXPORT,SAS-EXP Regard EU-EPL,corrective,2,0,2
42982,SAS-EXP Regard EU-EPL 86,Regard d'assainissement,Regard EU-EPL,TM1,SAS EXPORT,SAS-EXP Regard EU-EPL,corrective,3,0,3
42991,SAS-EXP Regard EU-EPL 95,Regard d'assainissement,Regard EU-EPL,TM1,SAS EXPORT,SAS-EXP Regard EU-EPL,corrective,1,0,1
43001,SAS-EXP Regard EU-EPL 105,Regard d'assainissement,Regard EU-EPL,TM1,SAS EXPORT,SAS-EXP Regard EU-EPL,corrective,1,0,1
43013,SAS-EXP Regard EU-EPL 117,Regard d'assainissement,Regard EU-EPL,TM1,SAS EXPORT,SAS-EXP Regard EU-EPL,corrective,1,0,1
43014,SAS-EXP Regard EU-EPL 118,Regard d'assainissement,Regard EU-EPL,TM1,SAS EXPORT,SAS-EXP Regard EU-EPL,corrective,1,0,1
43028,SAS-EXP Regard EU-EPL 132,Regard d'assainissement,Regard EU-EPL,TM1,SAS EXPORT,SAS-EXP Regard EU-EPL,corrective,1,0,1
43042,SAS-EXP Regard EU-EPL 146,Regard d'assainissement,Regard EU-EPL,TM1,SAS EXPORT,SAS-EXP Regard EU-EPL,corrective,1,0,1
43091,SAS-EXP Regard EU-EPL 195,Regard d'assainissement,Regard EU-EPL,TM1,SAS EXPORT,SAS-EXP Regard EU-EPL,corrective,3,0,3
43096,SAS-EXP Regard EU-EPL 200,Regard d'assainissement,Regard EU-EPL,TM1,SAS EXPORT,SAS-EXP Regard EU-EPL,corrective,1,0,1
43112,SAS-EXP Regard EP 5,Regard d'eau potable,Regard EP,TM1,SAS EXPORT,SAS-EXP Regard EP,corrective,1,0,1
43114,Croc 13 - 75T,Ouvrages d'amarrage et d'accostage,Croc,TM1,TM01,Poste pétrolier 1,preventive,0,1,1
43115,Croc 06 - 75T,Ouvrages d'amarrage et d'accostage,Croc,TM1,TM01,Poste pétrolier 1,preventive,0,1,1
43116,Croc 07 - 75T,Ouvrages d'amarrage et d'accostage,Croc,TM1,TM01,Poste pétrolier 1,preventive,0,1,1
43117,Croc 01 - 150T,Ouvrages d'amarrage et d'accostage,Croc,TM1,TM01,Poste pétrolier 2,preventive,0,1,1
43118,Croc 09 - 150T,Ouvrages d'amarrage et d'accostage,Croc,TM1,TM01,Poste pétrolier 2,preventive,0,1,1
43119,Croc 05 - 150T,Ouvrages d'amarrage et d'accostage,Croc,TM1,TM01,Poste pétrolier 2,preventive,0,1,1
43120,Croc 10 - 150T,Ouvrages d'amarrage et d'accostage,Croc,TM1,TM01,Poste pétrolier 1,preventive,0,1,1
43121,Ombrage 54,Structure d'ombrage,Ombrage,PPR,GATE3,GATE3,preventive,0,1,1
43122,Ombrage 55,Structure d'ombrage,Ombrage,PPR,GATE3,GATE3,preventive,0,1,1
43123,Ombrage 56,Structure d'ombrage,Ombrage,PPR,GATE3,GATE3,preventive,0,1,1
43124,Ombrage 57,Structure d'ombrage,Ombrage,PPR,GATE3,GATE3,preventive,0,1,1
43125,Ombrage 58,Structure d'ombrage,Ombrage,PPR,GATE3,GATE3,preventive,0,1,1
43126,Ombrage 59,Structure d'ombrage,Ombrage,PPR,GATE3,GATE3,preventive,0,1,1
43127,Ombrage 60,Structure d'ombrage,Ombrage,PPR,GATE3,GATE3,preventive,0,1,1
43128,Ombrage 62,Structure d'ombrage,Ombrage,PPR,GATE3,GATE3,preventive,0,1,1
43129,Ombrage 62,Structure d'ombrage,Ombrage,PPR,GATE3,GATE3,preventive,0,1,1
43130,Ombrage 63,Structure d'ombrage,Ombrage,PPR,PPR01,PPR,preventive,0,1,1
43131,Ombrage 64,Structure d'ombrage,Ombrage,PPR,PPR01,PPR,preventive,0,1,1
43138,ZS01,Clôture,Clôture,TM1,ZEXT01,Zone de décharge déouane,corrective,2,0,2
43139,TAA01,Ouvrages de soutènement,Talus,TM1,SAS EXPORT,Talus_avec ancrage,corrective,1,0,1
43140,Fossé bétonné,Ouvrages hydrauliques,Fossé bétonné,TM1,TM01,Fossé bétonné,corrective,1,0,1
78165,Applique LED 2,Equipement éclairage,Applique LED ,TM1,TMPC01,Secteur 3,corrective,1,0,1
78215,Applique LED 2,Equipement éclairage,Applique LED ,TM1,TMPC01,Secteur 8,corrective,2,0,2
78232,Armoire électrique 1,Equipement électrique,Armoire électrique ,TM1,TMPC01,Secteur 5,preventive,0,3,3
78372,Bouche VMC 1,Equipement climatisation et VMC,Bouche VMC,TM1,TMPC01,Secteur 8,corrective,1,0,1
78385,Centrale de traitement d'air 1,Equipement climatisation et VMC,Centrale de traitement d'air,TM1,TMPC01,Secteur 2,preventive,0,1,1
78389,Chauffe eau 1,Equipement plomberie et sanitaire,Chauffe eau électrique,TM1,TMPC01,Secteur 1,corrective,1,0,1
79018,Cloison ,Equipement lot archi / Menuiserie ,Cloison,TM1,TMPC01,Secteur 2,corrective,1,0,1
79128,Cloison ,Equipement lot archi / Menuiserie ,Cloison,TM1,TMPC01,Secteur 3,corrective,1,0,1
79404,Cloison ,Equipement lot archi / Menuiserie ,Cloison,TM1,TMPC01,Secteur 4,corrective,1,0,1
79845,Cloison ,Equipement lot archi / Menuiserie ,Cloison,MEDHUB,ZFL01,Secteur 4,corrective,1,0,1
80398,Cloison ,Equipement lot archi / Menuiserie ,Cloison,TM1,TMPC01,Secteur 6,corrective,1,0,1
80403,Cloison ,Equipement lot archi / Menuiserie ,Cloison,TM1,TMPC01,Secteur 6,corrective,1,0,1
80483,Cloison ,Equipement lot archi / Menuiserie ,Cloison,TM1,TMPC01,Secteur 6,corrective,1,0,1
80535,Cloison ,Equipement lot archi / Menuiserie ,Cloison,TM1,TMPC01,Secteur 6,corrective,1,0,1
80760,Cloison ,Equipement lot archi / Menuiserie ,Cloison,TM1,TMPC01,Secteur 7,corrective,1,0,1
80911,Cloison ,Equipement lot archi / Menuiserie ,Cloison,TM1,TMPC01,Secteur 8,corrective,1,0,1
81101,Cloison ,Equipement lot archi / Menuiserie ,Cloison,TM1,TMPC01,Secteur 8,corrective,1,0,1
81624,Dalle ,Element de structure ,Dalle,TM1,TMPC01,Secteur 3,corrective,1,0,1
81627,Dalle ,Element de structure ,Dalle,TM1,TMPC01,Secteur 4,corrective,1,0,1
81635,Dalle ,Element de structure ,Dalle,TM1,TMPC01,Secteur 5,corrective,1,0,1
82823,Diffuseur de soufflage 1,Equipement climatisation et VMC,Diffuseur de soufflage ,TM1,TMPC01,Secteur 5,corrective,1,0,1
83070,"Distributeur papier, serviette 2",Equipement plomberie et sanitaire,"Distributeur papier, serviette",TM1,TMPC01,Secteur 1,corrective,1,0,1
83191,"Distributeur papier, serviette 1",Equipement plomberie et sanitaire,"Distributeur papier, serviette",TM1,TMPC01,Secteur 8,corrective,1,0,1
83199,Distributeur savon 1,Equipement plomberie et sanitaire,Distributeur savon,TM1,TMPC01,Secteur 1,corrective,1,0,1
83200,Distributeur savon 1,Equipement plomberie et sanitaire,Distributeur savon,TM1,TMPC01,Secteur 1,corrective,1,0,1
83249,Distributeur savon 1,Equipement plomberie et sanitaire,Distributeur savon,TM1,TMPC01,Secteur 5,corrective,1,0,1
84726,Interrupteur d'allumage 2,Equipement éclairage,Interrupteur d'allumage ,TM1,TMPC01,Secteur 1,corrective,1,0,1
84744,Interrupteur d'allumage 1,Equipement éclairage,Interrupteur d'allumage ,TM1,TMPC01,Secteur 2,corrective,1,0,1
85063,Interrupteur d'allumage 2,Equipement éclairage,Interrupteur d'allumage ,TM1,TMPC01,Secteur 5,corrective,1,0,1
85070,Interrupteur d'allumage 5,Equipement éclairage,Interrupteur d'allumage ,TM1,TMPC01,Secteur 5,corrective,1,0,1
85231,Interrupteur d'allumage 1,Equipement éclairage,Interrupteur d'allumage ,TM1,TMPC01,Secteur 8,corrective,1,0,1
85933,Lampe linéaire continue 8,Equipement éclairage,Lampe linéaire continue ,TM1,TMPC01,Secteur 2,corrective,1,0,1
86493,Lampe linéaire continue 6,Equipement éclairage,Caisson lumineux,MEDHUB,ZFL01,Secteur 4,corrective,1,0,1
86496,Lampe linéaire continue 9,Equipement éclairage,Caisson lumineux,MEDHUB,ZFL01,Secteur 4,corrective,1,0,1
86578,Lampe linéaire continue 4,Equipement éclairage,Lampe linéaire continue ,TM1,TMPC01,Secteur 4,corrective,1,0,1
87196,Lampe linéaire continue 1,Equipement éclairage,Lampe linéaire continue ,TM1,TMPC01,Secteur 8,corrective,1,0,1
87336,Lampe linéaire continue 1,Equipement éclairage,Lampe linéaire continue ,TM1,TMPC01,Secteur 8,corrective,1,0,1
87391,Lavabo 1,Equipement plomberie et sanitaire,Lavabo,TM1,TMPC01,Secteur 3,corrective,1,0,1
87419,Lavabo 1,Equipement plomberie et sanitaire,Lavabo,MEDHUB,ZFL01,Secteur 4,corrective,2,0,2
87420,Lavabo 2,Equipement plomberie et sanitaire,Lavabo,MEDHUB,ZFL01,Secteur 4,corrective,1,0,1
87426,Lavabo 2,Equipement plomberie et sanitaire,Lavabo,TM1,TMPC01,Secteur 5,corrective,1,0,1
87434,Lavabo 1,Equipement plomberie et sanitaire,Lavabo,TM1,TMPC01,Secteur 6,corrective,2,0,2
87456,Lavabo 2,Equipement plomberie et sanitaire,Lavabo,TM1,TMPC01,Secteur 8,corrective,1,0,1
87457,Climatiseur cassette 1,Equipement climatisation et VMC,Climatiseur cassette ,TM1,TMPC01,Secteur 1,preventive,0,3,3
87458,Mono split 1,Equipement climatisation et VMC,Mono split ,TM1,TMPC01,Secteur 1,"corrective, preventive",1,3,4
87989,Plafond ,Equipement lot archi / Menuiserie ,Plafond,TM1,TMPC01,Secteur 1,corrective,1,0,1
88060,Plafond ,Equipement lot archi / Menuiserie ,Plafond,TM1,TMPC01,Secteur 3,corrective,1,0,1
88104,Plafond ,Equipement lot archi / Menuiserie ,Plafond,TM1,TMPC01,Secteur 3,corrective,1,0,1
88224,Plafond ,Equipement lot archi / Menuiserie ,Plafond,TM1,TMPC01,Secteur 4,corrective,1,0,1
88320,Plafond ,Equipement lot archi / Menuiserie ,Plafond,TM1,TMPC01,Secteur 5,corrective,1,0,1
88324,Plafond ,Equipement lot archi / Menuiserie ,Plafond,TM1,TMPC01,Secteur 5,corrective,1,0,1
88505,Plafond ,Equipement lot archi / Menuiserie ,Plafond,TM1,TMPC01,Secteur 8,corrective,1,0,1
88533,Plafond ,Equipement lot archi / Menuiserie ,Plafond,TM1,TMPC01,Secteur 8,corrective,1,0,1
88540,Plafond ,Equipement lot archi / Menuiserie ,Plafond,TM1,TMPC01,Secteur 8,corrective,1,0,1
88576,Pompe à chaleur 2,Equipement climatisation et VMC,Pompe à chaleur,TM1,TMPC01,Secteur 2,preventive,0,3,3
88577,Pompe à chaleur 1,Equipement climatisation et VMC,Pompe à chaleur,TM1,TMPC01,Secteur 2,"corrective, preventive",1,3,4
88578,Pompe à chaleur ,Equipement climatisation et VMC,Pompe à chaleur,TM1,TMPC01,Secteur 3,preventive,0,3,3
88579,Pompe à chaleur ,Equipement climatisation et VMC,Pompe à chaleur,TM1,TMPC01,Secteur 3,preventive,0,3,3
88580,Pompe à chaleur ,Equipement climatisation et VMC,Pompe à chaleur,TM1,TMPC01,Secteur 3,preventive,0,3,3
88581,Pompe à chaleur ,Equipement climatisation et VMC,Pompe à chaleur,TM1,TMPC01,Secteur 4,preventive,0,1,1
88583,Pompe à chaleur ,Equipement climatisation et VMC,Pompe à chaleur,TM1,TMPC01,Secteur 6,preventive,0,3,3
88584,Pompe à chaleur ,Equipement climatisation et VMC,Pompe à chaleur,TM1,TMPC01,Secteur 6,preventive,0,3,3
88585,Pompe à chaleur ,Equipement climatisation et VMC,Pompe à chaleur,TM1,TMPC01,Secteur 6,preventive,0,3,3
88586,Pompe à chaleur ,Equipement climatisation et VMC,Pompe à chaleur,TM1,TMPC01,Secteur 7,preventive,0,3,3
88587,Pompe à chaleur ,Equipement climatisation et VMC,Pompe à chaleur,TM1,TMPC01,Secteur 7,preventive,0,3,3
88588,Pompe à chaleur ,Equipement climatisation et VMC,Pompe à chaleur,TM1,TMPC01,Secteur 7,"corrective, preventive",1,3,4
88589,Pompe à chaleur ,Equipement climatisation et VMC,Pompe à chaleur,TM1,TMPC01,Secteur 8,preventive,0,2,2
88590,Pompe à chaleur ,Equipement climatisation et VMC,Pompe à chaleur,TM1,TMPC01,Secteur 8,preventive,0,2,2
88591,Pompe à chaleur ,Equipement climatisation et VMC,Pompe à chaleur,TM1,TMPC01,Secteur 8,preventive,0,2,2
88602,Porte bois 1,Equipement lot archi / Menuiserie ,Porte  bois,TM1,TMPC01,Secteur 1,corrective,1,0,1
88610,Porte bois 1,Equipement lot archi / Menuiserie ,Porte  bois,TM1,TMPC01,Secteur 1,corrective,2,0,2
88622,Porte bois 1,Equipement lot archi / Menuiserie ,Porte  bois,TM1,TMPC01,Secteur 1,corrective,2,0,2
88623,Porte bois 1,Equipement lot archi / Menuiserie ,Porte  bois,TM1,TMPC01,Secteur 1,corrective,1,0,1
88624,Porte bois 1,Equipement lot archi / Menuiserie ,Porte  bois,TM1,TMPC01,Secteur 1,corrective,2,0,2
88625,Porte bois 1,Equipement lot archi / Menuiserie ,Porte  bois,TM1,TMPC01,Secteur 1,corrective,2,0,2
88642,Porte bois 1,Equipement lot archi / Menuiserie ,Porte  bois,TM1,TMPC01,Secteur 1,corrective,1,0,1
88664,Porte bois 1,Equipement lot archi / Menuiserie ,Porte  bois,TM1,TMPC01,Secteur 1,corrective,1,0,1
88775,Porte bois 1,Equipement lot archi / Menuiserie ,Porte  bois,TM1,TMPC01,Secteur 2,corrective,1,0,1
88826,Porte 1,Equipement lot archi / Menuiserie ,Porte  bois,TM1,TMPC01,Secteur 3,corrective,1,0,1
88839,Porte 1,Equipement lot archi / Menuiserie ,Porte  bois,TM1,TMPC01,Secteur 3,corrective,1,0,1
88862,Porte 1,Equipement lot archi / Menuiserie ,Porte  bois,TM1,TMPC01,Secteur 3,corrective,1,0,1
88956,Porte 5,Equipement lot archi / Menuiserie ,Porte  bois,TM1,TMPC01,Secteur 4,corrective,1,0,1
89109,Porte 1,Equipement lot archi / Menuiserie ,Porte vitrée,TM1,TMPC01,Secteur 4,corrective,1,0,1
89140,Porte 1,Equipement lot archi / Menuiserie ,Porte  bois,TM1,TMPC01,Secteur 5,corrective,1,0,1
89146,Porte 1,Equipement lot archi / Menuiserie ,Porte aluminium,TM1,TMPC01,Secteur 5,corrective,1,0,1
89162,Porte 3,Equipement lot archi / Menuiserie ,Porte vitrée,TM1,TMPC01,Secteur 5,corrective,1,0,1
89209,Porte 1,Equipement lot archi / Menuiserie ,Porte vitrée,TM1,TMPC01,Secteur 5,corrective,1,0,1
89243,Porte 1,Equipement lot archi / Menuiserie ,Porte  bois,TM1,TMPC01,Secteur 6,corrective,1,0,1
89245,Porte 1,Equipement lot archi / Menuiserie ,Porte  bois,TM1,TMPC01,Secteur 6,corrective,1,0,1
89285,Porte 1,Equipement lot archi / Menuiserie ,Porte  bois,TM1,TMPC01,Secteur 8,corrective,1,0,1
89289,Porte 1,Equipement lot archi / Menuiserie ,Porte  bois,TM1,TMPC01,Secteur 8,corrective,1,0,1
89300,Porte 4,Equipement lot archi / Menuiserie ,Porte  bois,TM1,TMPC01,Secteur 8,corrective,1,0,1
89308,Porte 2,Equipement lot archi / Menuiserie ,Porte  bois,TM1,TMPC01,Secteur 8,corrective,1,0,1
89643,Poteau ,Element de structure ,Poteau ,TM1,TMPC01,Secteur 5,corrective,1,0,1
89951,Prise de courant 1,Equipement électrique,Prise de courant ,TM1,TMPC01,Secteur 1,corrective,1,0,1
90116,Prise de courant 1,Equipement électrique,Prise de courant ,TM1,TMPC01,Secteur 4,corrective,1,0,1
90118,Prise de courant 1,Equipement électrique,Prise de courant ,TM1,TMPC01,Secteur 4,corrective,1,0,1
90124,Prise de courant 1,Equipement électrique,Prise de courant ,MEDHUB,ZFL01,Secteur 4,corrective,1,0,1
90132,Prise de courant 2,Equipement électrique,Prise de courant ,TM1,TMPC01,Secteur 5,corrective,1,0,1
90399,Spot 1,Equipement éclairage,Spot,TM1,TMPC01,Secteur 1,corrective,1,0,1
90458,Spot 1,Equipement éclairage,Spot,TM1,TMPC01,Secteur 1,corrective,1,0,1
90473,Spot 2,Equipement éclairage,Spot,TM1,TMPC01,Secteur 2,corrective,1,0,1
90685,Spot 1,Equipement éclairage,Spot,TM1,TMPC01,Secteur 4,corrective,1,0,1
90718,Spot 21,Equipement éclairage,Spot,MEDHUB,ZFL01,Secteur 4,corrective,1,0,1
90775,Spot 2,Equipement éclairage,Spot,MEDHUB,ZFL01,Secteur 4,corrective,1,0,1
90776,Spot 3,Equipement éclairage,Spot,MEDHUB,ZFL01,Secteur 4,corrective,1,0,1
90795,Spot 1,Equipement éclairage,Spot,TM1,TMPC01,Secteur 5,corrective,1,0,1
90806,Spot 2,Equipement éclairage,Spot,TM1,TMPC01,Secteur 5,corrective,1,0,1
90872,Spot 40,Equipement éclairage,Spot,TM1,TMPC01,Secteur 5,corrective,1,0,1
90889,Spot 57,Equipement éclairage,Spot,TM1,TMPC01,Secteur 5,corrective,1,0,1
90895,Spot 1,Equipement éclairage,Spot,TM1,TMPC01,Secteur 5,corrective,1,0,1
91016,Spot 10,Equipement éclairage,Spot,TM1,TMPC01,Secteur 8,corrective,1,0,1
91030,Spot 13,Equipement éclairage,Spot,TM1,TMPC01,Secteur 8,corrective,1,0,1
91032,Spot 15,Equipement éclairage,Spot,TM1,TMPC01,Secteur 8,corrective,1,0,1
91077,Spot 1,Equipement éclairage,Spot,TM1,TMPC01,Secteur 8,corrective,1,0,1
91083,Spot 7,Equipement éclairage,Spot,TM1,TMPC01,Secteur 8,corrective,1,0,1
91128,TGBT 1,Equipement électrique,TGBT,TM1,TMPC01,Secteur 1,preventive,0,3,3
91359,Thermostat Clim 1,Equipement climatisation et VMC,Thermostat Clim,MEDHUB,ZFL01,Secteur 4,corrective,1,0,1
91426,Thermostat Clim 1,Equipement climatisation et VMC,Thermostat Clim,TM1,TMPC01,Secteur 8,corrective,1,0,1
91500,Toiture ,Element de structure ,Toiture,TM1,TMPC01,Secteur 8,corrective,1,0,1
91505,Ventiloconvecteur 1,Equipement climatisation et VMC,Ventilo-convecteur ,TM1,TMPC01,Secteur 1,preventive,0,1,1
91506,Ventiloconvecteur 2,Equipement climatisation et VMC,Ventilo-convecteur ,TM1,TMPC01,Secteur 1,preventive,0,1,1
91507,Ventiloconvecteur 6,Equipement climatisation et VMC,Ventilo-convecteur ,TM1,TMPC01,Secteur 1,preventive,0,1,1
91508,Ventiloconvecteur 5,Equipement climatisation et VMC,Ventilo-convecteur ,TM1,TMPC01,Secteur 1,preventive,0,1,1
91509,Ventiloconvecteur 4,Equipement climatisation et VMC,Ventilo-convecteur ,TM1,TMPC01,Secteur 1,preventive,0,1,1
91510,Ventiloconvecteur 2,Equipement climatisation et VMC,Ventilo-convecteur ,TM1,TMPC01,Secteur 1,preventive,0,1,1
91511,Ventiloconvecteur 3,Equipement climatisation et VMC,Ventilo-convecteur ,TM1,TMPC01,Secteur 1,preventive,0,1,1
91512,Ventiloconvecteur 1,Equipement climatisation et VMC,Ventilo-convecteur ,TM1,TMPC01,Secteur 1,preventive,0,1,1
91513,Ventiloconvecteur 2,Equipement climatisation et VMC,Ventilo-convecteur ,TM1,TMPC01,Secteur 1,preventive,0,1,1
91514,Ventiloconvecteur 1,Equipement climatisation et VMC,Ventilo-convecteur ,TM1,TMPC01,Secteur 1,preventive,0,1,1
91515,Ventiloconvecteur 7,Equipement climatisation et VMC,Ventilo-convecteur ,TM1,TMPC01,Secteur 1,preventive,0,1,1
91516,Ventiloconvecteur 1,Equipement climatisation et VMC,Ventilo-convecteur ,TM1,TMPC01,Secteur 1,preventive,0,1,1
91517,Ventiloconvecteur 2,Equipement climatisation et VMC,Ventilo-convecteur ,TM1,TMPC01,Secteur 1,preventive,0,1,1
91518,Ventiloconvecteur 3,Equipement climatisation et VMC,Ventilo-convecteur ,TM1,TMPC01,Secteur 1,preventive,0,1,1
91519,Ventiloconvecteur 4,Equipement climatisation et VMC,Ventilo-convecteur ,TM1,TMPC01,Secteur 1,preventive,0,1,1
91520,Ventiloconvecteur 5,Equipement climatisation et VMC,Ventilo-convecteur ,TM1,TMPC01,Secteur 1,preventive,0,1,1
91521,Ventiloconvecteur 6,Equipement climatisation et VMC,Ventilo-convecteur ,TM1,TMPC01,Secteur 1,preventive,0,1,1
91522,Ventiloconvecteur 1,Equipement climatisation et VMC,Ventilo-convecteur ,TM1,TMPC01,Secteur 1,preventive,0,1,1
91523,Ventiloconvecteur 2,Equipement climatisation et VMC,Ventilo-convecteur ,TM1,TMPC01,Secteur 1,preventive,0,1,1
91524,Ventiloconvecteur 3,Equipement climatisation et VMC,Ventilo-convecteur ,TM1,TMPC01,Secteur 1,preventive,0,1,1
91525,Ventiloconvecteur 4,Equipement climatisation et VMC,Ventilo-convecteur ,TM1,TMPC01,Secteur 1,preventive,0,1,1
91526,Ventiloconvecteur 6,Equipement climatisation et VMC,Ventilo-convecteur ,TM1,TMPC01,Secteur 1,preventive,0,1,1
91527,Ventiloconvecteur 7,Equipement climatisation et VMC,Ventilo-convecteur ,TM1,TMPC01,Secteur 1,preventive,0,1,1
91528,Ventiloconvecteur 5,Equipement climatisation et VMC,Ventilo-convecteur ,TM1,TMPC01,Secteur 1,preventive,0,1,1
91529,Ventiloconvecteur 8,Equipement climatisation et VMC,Ventilo-convecteur ,TM1,TMPC01,Secteur 1,preventive,0,1,1
91530,Ventiloconvecteur 2,Equipement climatisation et VMC,Ventilo-convecteur ,TM1,TMPC01,Secteur 1,preventive,0,1,1
91531,Ventiloconvecteur 1,Equipement climatisation et VMC,Ventilo-convecteur ,TM1,TMPC01,Secteur 1,preventive,0,1,1
91532,Ventiloconvecteur 3,Equipement climatisation et VMC,Ventilo-convecteur ,TM1,TMPC01,Secteur 1,preventive,0,1,1
91533,Ventiloconvecteur 4,Equipement climatisation et VMC,Ventilo-convecteur ,TM1,TMPC01,Secteur 1,preventive,0,1,1
91534,Ventiloconvecteur 4,Equipement climatisation et VMC,Ventilo-convecteur ,TM1,TMPC01,Secteur 1,preventive,0,1,1
91535,Ventiloconvecteur 6,Equipement climatisation et VMC,Ventilo-convecteur ,TM1,TMPC01,Secteur 1,preventive,0,1,1
91536,Ventiloconvecteur 7,Equipement climatisation et VMC,Ventilo-convecteur ,TM1,TMPC01,Secteur 1,preventive,0,1,1
91537,Ventiloconvecteur 5,Equipement climatisation et VMC,Ventilo-convecteur ,TM1,TMPC01,Secteur 1,preventive,0,1,1
91538,Ventiloconvecteur 2,Equipement climatisation et VMC,Ventilo-convecteur ,TM1,TMPC01,Secteur 1,preventive,0,1,1
91539,Ventiloconvecteur 3,Equipement climatisation et VMC,Ventilo-convecteur ,TM1,TMPC01,Secteur 1,preventive,0,1,1
91540,Ventiloconvecteur 1,Equipement climatisation et VMC,Ventilo-convecteur ,TM1,TMPC01,Secteur 1,preventive,0,1,1
91541,Ventiloconvecteur 13,Equipement climatisation et VMC,Ventilo-convecteur ,TM1,TMPC01,Secteur 1,preventive,0,1,1
91542,Ventiloconvecteur 9,Equipement climatisation et VMC,Ventilo-convecteur ,TM1,TMPC01,Secteur 1,preventive,0,1,1
91543,Ventiloconvecteur 10,Equipement climatisation et VMC,Ventilo-convecteur ,TM1,TMPC01,Secteur 1,preventive,0,1,1
91544,Ventiloconvecteur 11,Equipement climatisation et VMC,Ventilo-convecteur ,TM1,TMPC01,Secteur 1,preventive,0,1,1
91545,Ventiloconvecteur 12,Equipement climatisation et VMC,Ventilo-convecteur ,TM1,TMPC01,Secteur 1,preventive,0,1,1
91546,Ventiloconvecteur 8,Equipement climatisation et VMC,Ventilo-convecteur ,TM1,TMPC01,Secteur 1,preventive,0,1,1
91547,Ventiloconvecteur 1,Equipement climatisation et VMC,Ventilo-convecteur ,TM1,TMPC01,Secteur 1,preventive,0,1,1
91548,Ventiloconvecteur 3,Equipement climatisation et VMC,Ventilo-convecteur ,TM1,TMPC01,Secteur 1,preventive,0,1,1
91549,Ventiloconvecteur 2,Equipement climatisation et VMC,Ventilo-convecteur ,TM1,TMPC01,Secteur 1,preventive,0,1,1
91550,Ventiloconvecteur 5,Equipement climatisation et VMC,Ventilo-convecteur ,TM1,TMPC01,Secteur 1,preventive,0,1,1
91551,Ventiloconvecteur 4,Equipement climatisation et VMC,Ventilo-convecteur ,TM1,TMPC01,Secteur 1,preventive,0,1,1
91552,Ventiloconvecteur 7,Equipement climatisation et VMC,Ventilo-convecteur ,TM1,TMPC01,Secteur 1,preventive,0,1,1
91553,Ventiloconvecteur 6,Equipement climatisation et VMC,Ventilo-convecteur ,TM1,TMPC01,Secteur 1,preventive,0,1,1
91554,Ventiloconvecteur 2,Equipement climatisation et VMC,Ventilo-convecteur ,TM1,TMPC01,Secteur 1,preventive,0,1,1
91555,Ventiloconvecteur 3,Equipement climatisation et VMC,Ventilo-convecteur ,TM1,TMPC01,Secteur 1,preventive,0,1,1
91556,Ventiloconvecteur 1,Equipement climatisation et VMC,Ventilo-convecteur ,TM1,TMPC01,Secteur 1,preventive,0,1,1
91557,Ventiloconvecteur 8,Equipement climatisation et VMC,Ventilo-convecteur ,TM1,TMPC01,Secteur 1,preventive,0,1,1
91558,Ventiloconvecteur 7,Equipement climatisation et VMC,Ventilo-convecteur ,TM1,TMPC01,Secteur 1,preventive,0,1,1
91559,Ventiloconvecteur 4,Equipement climatisation et VMC,Ventilo-convecteur ,TM1,TMPC01,Secteur 1,preventive,0,1,1
91560,Ventiloconvecteur 6,Equipement climatisation et VMC,Ventilo-convecteur ,TM1,TMPC01,Secteur 1,preventive,0,1,1
91561,Ventiloconvecteur 5,Equipement climatisation et VMC,Ventilo-convecteur ,TM1,TMPC01,Secteur 1,preventive,0,1,1
91562,Ventiloconvecteur 1,Equipement climatisation et VMC,Ventilo-convecteur ,TM1,TMPC01,Secteur 1,preventive,0,1,1
91563,Ventiloconvecteur 1,Equipement climatisation et VMC,Ventilo-convecteur ,TM1,TMPC01,Secteur 1,preventive,0,1,1
91564,Ventiloconvecteur 6,Equipement climatisation et VMC,Ventilo-convecteur ,TM1,TMPC01,Secteur 1,preventive,0,1,1
91565,Ventiloconvecteur 5,Equipement climatisation et VMC,Ventilo-convecteur ,TM1,TMPC01,Secteur 1,preventive,0,1,1
91566,Ventiloconvecteur 4,Equipement climatisation et VMC,Ventilo-convecteur ,TM1,TMPC01,Secteur 1,preventive,0,1,1
91567,Ventiloconvecteur 3,Equipement climatisation et VMC,Ventilo-convecteur ,TM1,TMPC01,Secteur 1,preventive,0,1,1
91568,Ventiloconvecteur 2,Equipement climatisation et VMC,Ventilo-convecteur ,TM1,TMPC01,Secteur 1,preventive,0,1,1
91569,Ventiloconvecteur 1,Equipement climatisation et VMC,Ventilo-convecteur ,TM1,TMPC01,Secteur 1,preventive,0,1,1
91570,Ventiloconvecteur 5,Equipement climatisation et VMC,Ventilo-convecteur ,TM1,TMPC01,Secteur 1,preventive,0,1,1
91571,Ventiloconvecteur 4,Equipement climatisation et VMC,Ventilo-convecteur ,TM1,TMPC01,Secteur 1,preventive,0,1,1
91572,Ventiloconvecteur 7,Equipement climatisation et VMC,Ventilo-convecteur ,TM1,TMPC01,Secteur 1,preventive,0,1,1
91573,Ventiloconvecteur 6,Equipement climatisation et VMC,Ventilo-convecteur ,TM1,TMPC01,Secteur 1,preventive,0,1,1
91574,Ventiloconvecteur 2,Equipement climatisation et VMC,Ventilo-convecteur ,TM1,TMPC01,Secteur 1,preventive,0,1,1
91575,Ventiloconvecteur 1,Equipement climatisation et VMC,Ventilo-convecteur ,TM1,TMPC01,Secteur 1,preventive,0,1,1
91576,Ventiloconvecteur 3,Equipement climatisation et VMC,Ventilo-convecteur ,TM1,TMPC01,Secteur 1,preventive,0,1,1
91577,Ventiloconvecteur 1,Equipement climatisation et VMC,Ventilo-convecteur ,TM1,TMPC01,Secteur 1,preventive,0,1,1
91578,Ventiloconvecteur 2,Equipement climatisation et VMC,Ventilo-convecteur ,TM1,TMPC01,Secteur 1,preventive,0,1,1
91579,Ventiloconvecteur 1,Equipement climatisation et VMC,Ventilo-convecteur ,TM1,TMPC01,Secteur 1,preventive,0,1,1
91580,Ventiloconvecteur 3,Equipement climatisation et VMC,Ventilo-convecteur ,TM1,TMPC01,Secteur 1,preventive,0,1,1
91581,Ventiloconvecteur 2,Equipement climatisation et VMC,Ventilo-convecteur ,TM1,TMPC01,Secteur 1,preventive,0,1,1
91582,Ventiloconvecteur 3,Equipement climatisation et VMC,Ventilo-convecteur ,TM1,TMPC01,Secteur 1,preventive,0,1,1
91583,Ventiloconvecteur 2,Equipement climatisation et VMC,Ventilo-convecteur ,TM1,TMPC01,Secteur 1,preventive,0,1,1
91584,Ventiloconvecteur 1,Equipement climatisation et VMC,Ventilo-convecteur ,TM1,TMPC01,Secteur 1,preventive,0,1,1
91585,Ventiloconvecteur 1,Equipement climatisation et VMC,Ventilo-convecteur ,TM1,TMPC01,Secteur 1,preventive,0,1,1
91586,Ventiloconvecteur 3,Equipement climatisation et VMC,Ventilo-convecteur ,TM1,TMPC01,Secteur 1,preventive,0,1,1
91587,Ventiloconvecteur 2,Equipement climatisation et VMC,Ventilo-convecteur ,TM1,TMPC01,Secteur 1,preventive,0,1,1
91588,Ventiloconvecteur 1,Equipement climatisation et VMC,Ventilo-convecteur ,TM1,TMPC01,Secteur 1,preventive,0,1,1
91589,Ventiloconvecteur 10,Equipement climatisation et VMC,Ventilo-convecteur ,TM1,TMPC01,Secteur 1,preventive,0,1,1
91590,Ventiloconvecteur 9,Equipement climatisation et VMC,Ventilo-convecteur ,TM1,TMPC01,Secteur 1,preventive,0,1,1
91591,Ventiloconvecteur 12,Equipement climatisation et VMC,Ventilo-convecteur ,TM1,TMPC01,Secteur 1,preventive,0,1,1
91592,Ventiloconvecteur 11,Equipement climatisation et VMC,Ventilo-convecteur ,TM1,TMPC01,Secteur 1,preventive,0,1,1
91593,Ventiloconvecteur 6,Equipement climatisation et VMC,Ventilo-convecteur ,TM1,TMPC01,Secteur 1,preventive,0,1,1
91594,Ventiloconvecteur 5,Equipement climatisation et VMC,Ventilo-convecteur ,TM1,TMPC01,Secteur 1,preventive,0,1,1
91595,Ventiloconvecteur 8,Equipement climatisation et VMC,Ventilo-convecteur ,TM1,TMPC01,Secteur 1,preventive,0,1,1
91596,Ventiloconvecteur 7,Equipement climatisation et VMC,Ventilo-convecteur ,TM1,TMPC01,Secteur 1,preventive,0,1,1
91597,Ventiloconvecteur 2,Equipement climatisation et VMC,Ventilo-convecteur ,TM1,TMPC01,Secteur 1,preventive,0,1,1
91598,Ventiloconvecteur 1,Equipement climatisation et VMC,Ventilo-convecteur ,TM1,TMPC01,Secteur 1,preventive,0,1,1
91599,Ventiloconvecteur 4,Equipement climatisation et VMC,Ventilo-convecteur ,TM1,TMPC01,Secteur 1,preventive,0,1,1
91600,Ventiloconvecteur 3,Equipement climatisation et VMC,Ventilo-convecteur ,TM1,TMPC01,Secteur 1,preventive,0,1,1
91601,Ventiloconvecteur 2,Equipement climatisation et VMC,Ventilo-convecteur ,TM1,TMPC01,Secteur 1,preventive,0,1,1
91602,Ventiloconvecteur 1,Equipement climatisation et VMC,Ventilo-convecteur ,TM1,TMPC01,Secteur 1,preventive,0,1,1
91603,Ventiloconvecteur 3,Equipement climatisation et VMC,Ventilo-convecteur ,TM1,TMPC01,Secteur 1,preventive,0,1,1
91604,Ventiloconvecteur 4,Equipement climatisation et VMC,Ventilo-convecteur ,TM1,TMPC01,Secteur 1,preventive,0,1,1
91605,Ventiloconvecteur 4,Equipement climatisation et VMC,Ventilo-convecteur ,TM1,TMPC01,Secteur 1,preventive,0,1,1
91606,Ventiloconvecteur 5,Equipement climatisation et VMC,Ventilo-convecteur ,TM1,TMPC01,Secteur 1,preventive,0,1,1
91607,Ventiloconvecteur 3,Equipement climatisation et VMC,Ventilo-convecteur ,TM1,TMPC01,Secteur 1,preventive,0,1,1
91608,Ventiloconvecteur 2,Equipement climatisation et VMC,Ventilo-convecteur ,TM1,TMPC01,Secteur 1,preventive,0,1,1
91609,Ventiloconvecteur 1,Equipement climatisation et VMC,Ventilo-convecteur ,TM1,TMPC01,Secteur 1,preventive,0,1,1
91610,Ventiloconvecteur 10,Equipement climatisation et VMC,Ventilo-convecteur ,TM1,TMPC01,Secteur 1,preventive,0,1,1
91611,Ventiloconvecteur 9,Equipement climatisation et VMC,Ventilo-convecteur ,TM1,TMPC01,Secteur 1,preventive,0,1,1
91612,Ventiloconvecteur 12,Equipement climatisation et VMC,Ventilo-convecteur ,TM1,TMPC01,Secteur 1,preventive,0,1,1
91613,Ventiloconvecteur 11,Equipement climatisation et VMC,Ventilo-convecteur ,TM1,TMPC01,Secteur 1,preventive,0,1,1
91614,Ventiloconvecteur 7,Equipement climatisation et VMC,Ventilo-convecteur ,TM1,TMPC01,Secteur 1,preventive,0,1,1
91615,Ventiloconvecteur 6,Equipement climatisation et VMC,Ventilo-convecteur ,TM1,TMPC01,Secteur 1,preventive,0,1,1
91616,Ventiloconvecteur 8,Equipement climatisation et VMC,Ventilo-convecteur ,TM1,TMPC01,Secteur 1,preventive,0,1,1
91617,Ventiloconvecteur 3,Equipement climatisation et VMC,Ventilo-convecteur ,TM1,TMPC01,Secteur 1,preventive,0,1,1
91618,Ventiloconvecteur 1,Equipement climatisation et VMC,Ventilo-convecteur ,TM1,TMPC01,Secteur 1,preventive,0,1,1
91619,Ventiloconvecteur 6,Equipement climatisation et VMC,Ventilo-convecteur ,TM1,TMPC01,Secteur 1,preventive,0,1,1
91620,Ventiloconvecteur 5,Equipement climatisation et VMC,Ventilo-convecteur ,TM1,TMPC01,Secteur 1,preventive,0,1,1
91621,Ventiloconvecteur 8,Equipement climatisation et VMC,Ventilo-convecteur ,TM1,TMPC01,Secteur 1,preventive,0,1,1
91622,Ventiloconvecteur 7,Equipement climatisation et VMC,Ventilo-convecteur ,TM1,TMPC01,Secteur 1,preventive,0,1,1
91623,Ventiloconvecteur 4,Equipement climatisation et VMC,Ventilo-convecteur ,TM1,TMPC01,Secteur 1,preventive,0,1,1
91624,Ventiloconvecteur 2,Equipement climatisation et VMC,Ventilo-convecteur ,TM1,TMPC01,Secteur 1,preventive,0,1,1
91628,Ventilo-convecteur 1,Equipement climatisation et VMC,Ventilo-convecteur ,TM1,TMPC01,Secteur 2,preventive,0,1,1
91629,Ventilo-convecteur 4,Equipement climatisation et VMC,Ventilo-convecteur ,TM1,TMPC01,Secteur 2,preventive,0,1,1
91630,Ventilo-convecteur 2,Equipement climatisation et VMC,Ventilo-convecteur ,TM1,TMPC01,Secteur 2,preventive,0,1,1
91631,Ventilo-convecteur 5,Equipement climatisation et VMC,Ventilo-convecteur ,TM1,TMPC01,Secteur 2,preventive,0,1,1
91632,Ventilo-convecteur 3,Equipement climatisation et VMC,Ventilo-convecteur ,TM1,TMPC01,Secteur 2,preventive,0,1,1
91633,Ventilo-convecteur 7,Equipement climatisation et VMC,Ventilo-convecteur ,TM1,TMPC01,Secteur 2,preventive,0,1,1
91634,Ventilo-convecteur 6,Equipement climatisation et VMC,Ventilo-convecteur ,TM1,TMPC01,Secteur 2,preventive,0,1,1
91635,Ventilo-convecteur 3,Equipement climatisation et VMC,Ventilo-convecteur ,TM1,TMPC01,Secteur 2,preventive,0,1,1
91636,Ventilo-convecteur 2,Equipement climatisation et VMC,Ventilo-convecteur ,TM1,TMPC01,Secteur 2,preventive,0,1,1
91637,Ventilo-convecteur 5,Equipement climatisation et VMC,Ventilo-convecteur ,TM1,TMPC01,Secteur 2,preventive,0,1,1
91638,Ventilo-convecteur 4,Equipement climatisation et VMC,Ventilo-convecteur ,TM1,TMPC01,Secteur 2,preventive,0,1,1
91639,Ventilo-convecteur 1,Equipement climatisation et VMC,Ventilo-convecteur ,TM1,TMPC01,Secteur 2,preventive,0,1,1
91640,Ventilo-convecteur 7,Equipement climatisation et VMC,Ventilo-convecteur ,TM1,TMPC01,Secteur 2,preventive,0,1,1
91641,Ventilo-convecteur 4,Equipement climatisation et VMC,Ventilo-convecteur ,TM1,TMPC01,Secteur 2,preventive,0,1,1
91642,Ventilo-convecteur 3,Equipement climatisation et VMC,Ventilo-convecteur ,TM1,TMPC01,Secteur 2,preventive,0,1,1
91643,Ventilo-convecteur 6,Equipement climatisation et VMC,Ventilo-convecteur ,TM1,TMPC01,Secteur 2,preventive,0,1,1
91644,Ventilo-convecteur 5,Equipement climatisation et VMC,Ventilo-convecteur ,TM1,TMPC01,Secteur 2,preventive,0,1,1
91645,Ventilo-convecteur 8,Equipement climatisation et VMC,Ventilo-convecteur ,TM1,TMPC01,Secteur 2,preventive,0,1,1
91646,Ventilo-convecteur 2,Equipement climatisation et VMC,Ventilo-convecteur ,TM1,TMPC01,Secteur 2,preventive,0,1,1
91647,Ventilo-convecteur 1,Equipement climatisation et VMC,Ventilo-convecteur ,TM1,TMPC01,Secteur 2,preventive,0,1,1
91648,Ventilo-convecteur 4,Equipement climatisation et VMC,Ventilo-convecteur ,TM1,TMPC01,Secteur 2,preventive,0,1,1
91649,Ventilo-convecteur 1,Equipement climatisation et VMC,Ventilo-convecteur ,TM1,TMPC01,Secteur 2,preventive,0,1,1
91650,Ventilo-convecteur 3,Equipement climatisation et VMC,Ventilo-convecteur ,TM1,TMPC01,Secteur 2,preventive,0,1,1
91651,Ventilo-convecteur 2,Equipement climatisation et VMC,Ventilo-convecteur ,TM1,TMPC01,Secteur 2,preventive,0,1,1
91652,Ventiloconvecteur 1,Equipement climatisation et VMC,Ventilo-convecteur ,TM1,TMPC01,Secteur 3,preventive,0,1,1
91653,Ventiloconvecteur 2,Equipement climatisation et VMC,Ventilo-convecteur ,TM1,TMPC01,Secteur 3,preventive,0,1,1
91654,Ventiloconvecteur 1,Equipement climatisation et VMC,Ventilo-convecteur ,TM1,TMPC01,Secteur 3,preventive,0,1,1
91655,Ventiloconvecteur 2,Equipement climatisation et VMC,Ventilo-convecteur ,TM1,TMPC01,Secteur 3,preventive,0,1,1
91656,Ventiloconvecteur 1,Equipement climatisation et VMC,Ventilo-convecteur ,TM1,TMPC01,Secteur 3,preventive,0,1,1
91657,Ventiloconvecteur 2,Equipement climatisation et VMC,Ventilo-convecteur ,TM1,TMPC01,Secteur 3,preventive,0,1,1
91658,Ventiloconvecteur 3,Equipement climatisation et VMC,Ventilo-convecteur ,TM1,TMPC01,Secteur 3,preventive,0,1,1
91659,Ventiloconvecteur 1,Equipement climatisation et VMC,Ventilo-convecteur ,TM1,TMPC01,Secteur 3,preventive,0,1,1
91660,Ventiloconvecteur 2,Equipement climatisation et VMC,Ventilo-convecteur ,TM1,TMPC01,Secteur 3,preventive,0,1,1
91661,Ventiloconvecteur 3,Equipement climatisation et VMC,Ventilo-convecteur ,TM1,TMPC01,Secteur 3,preventive,0,1,1
91662,Ventiloconvecteur 1,Equipement climatisation et VMC,Ventilo-convecteur ,TM1,TMPC01,Secteur 3,preventive,0,1,1
91663,Ventiloconvecteur 2,Equipement climatisation et VMC,Ventilo-convecteur ,TM1,TMPC01,Secteur 3,preventive,0,1,1
91664,Ventiloconvecteur 3,Equipement climatisation et VMC,Ventilo-convecteur ,TM1,TMPC01,Secteur 3,preventive,0,1,1
91665,Ventiloconvecteur 4,Equipement climatisation et VMC,Ventilo-convecteur ,TM1,TMPC01,Secteur 3,preventive,0,1,1
91666,Ventiloconvecteur 1,Equipement climatisation et VMC,Ventilo-convecteur ,TM1,TMPC01,Secteur 3,preventive,0,1,1
91667,Ventiloconvecteur 2,Equipement climatisation et VMC,Ventilo-convecteur ,TM1,TMPC01,Secteur 3,preventive,0,1,1
91668,Ventiloconvecteur 3,Equipement climatisation et VMC,Ventilo-convecteur ,TM1,TMPC01,Secteur 3,preventive,0,1,1
91669,Ventiloconvecteur 4,Equipement climatisation et VMC,Ventilo-convecteur ,TM1,TMPC01,Secteur 3,preventive,0,1,1
91670,Ventiloconvecteur 1,Equipement climatisation et VMC,Ventilo-convecteur ,TM1,TMPC01,Secteur 3,preventive,0,1,1
91671,Ventiloconvecteur 2,Equipement climatisation et VMC,Ventilo-convecteur ,TM1,TMPC01,Secteur 3,preventive,0,1,1
91672,Ventiloconvecteur 3,Equipement climatisation et VMC,Ventilo-convecteur ,TM1,TMPC01,Secteur 3,preventive,0,1,1
91673,Ventiloconvecteur 1,Equipement climatisation et VMC,Ventilo-convecteur ,TM1,TMPC01,Secteur 3,preventive,0,1,1
91674,Ventiloconvecteur 1,Equipement climatisation et VMC,Ventilo-convecteur ,TM1,TMPC01,Secteur 3,preventive,0,1,1
91675,Ventiloconvecteur 1,Equipement climatisation et VMC,Ventilo-convecteur ,TM1,TMPC01,Secteur 3,preventive,0,1,1
91676,Ventiloconvecteur 2,Equipement climatisation et VMC,Ventilo-convecteur ,TM1,TMPC01,Secteur 3,preventive,0,1,1
91677,Ventiloconvecteur 3,Equipement climatisation et VMC,Ventilo-convecteur ,TM1,TMPC01,Secteur 3,preventive,0,1,1
91678,Ventiloconvecteur 4,Equipement climatisation et VMC,Ventilo-convecteur ,TM1,TMPC01,Secteur 3,preventive,0,1,1
91679,Ventiloconvecteur 1,Equipement climatisation et VMC,Ventilo-convecteur ,TM1,TMPC01,Secteur 3,preventive,0,1,1
91680,Ventiloconvecteur 1,Equipement climatisation et VMC,Ventilo-convecteur ,TM1,TMPC01,Secteur 3,preventive,0,1,1
91681,Ventiloconvecteur 2,Equipement climatisation et VMC,Ventilo-convecteur ,TM1,TMPC01,Secteur 3,preventive,0,1,1
91682,Ventiloconvecteur 1,Equipement climatisation et VMC,Ventilo-convecteur ,TM1,TMPC01,Secteur 3,preventive,0,1,1
91683,Ventiloconvecteur 2,Equipement climatisation et VMC,Ventilo-convecteur ,TM1,TMPC01,Secteur 3,preventive,0,1,1
91684,Ventiloconvecteur 3,Equipement climatisation et VMC,Ventilo-convecteur ,TM1,TMPC01,Secteur 3,preventive,0,1,1
91685,Ventiloconvecteur 1,Equipement climatisation et VMC,Ventilo-convecteur ,TM1,TMPC01,Secteur 3,preventive,0,1,1
91686,Ventiloconvecteur 2,Equipement climatisation et VMC,Ventilo-convecteur ,TM1,TMPC01,Secteur 3,preventive,0,1,1
91687,Ventiloconvecteur 3,Equipement climatisation et VMC,Ventilo-convecteur ,TM1,TMPC01,Secteur 3,preventive,0,1,1
91688,Ventiloconvecteur 4,Equipement climatisation et VMC,Ventilo-convecteur ,TM1,TMPC01,Secteur 3,preventive,0,1,1
91689,Ventiloconvecteur 1,Equipement climatisation et VMC,Ventilo-convecteur ,TM1,TMPC01,Secteur 3,preventive,0,1,1
91690,Ventiloconvecteur 2,Equipement climatisation et VMC,Ventilo-convecteur ,TM1,TMPC01,Secteur 3,preventive,0,1,1
91691,Ventiloconvecteur 3,Equipement climatisation et VMC,Ventilo-convecteur ,TM1,TMPC01,Secteur 3,preventive,0,1,1
91692,Ventiloconvecteur 4,Equipement climatisation et VMC,Ventilo-convecteur ,TM1,TMPC01,Secteur 3,preventive,0,1,1
91693,Ventiloconvecteur 5,Equipement climatisation et VMC,Ventilo-convecteur ,TM1,TMPC01,Secteur 3,preventive,0,1,1
91694,Ventiloconvecteur 6,Equipement climatisation et VMC,Ventilo-convecteur ,TM1,TMPC01,Secteur 3,preventive,0,1,1
91695,Ventiloconvecteur 7,Equipement climatisation et VMC,Ventilo-convecteur ,TM1,TMPC01,Secteur 3,preventive,0,1,1
91696,Ventiloconvecteur 8,Equipement climatisation et VMC,Ventilo-convecteur ,TM1,TMPC01,Secteur 3,preventive,0,1,1
91697,Ventiloconvecteur 1,Equipement climatisation et VMC,Ventilo-convecteur ,TM1,TMPC01,Secteur 3,preventive,0,1,1
91698,Ventiloconvecteur 2,Equipement climatisation et VMC,Ventilo-convecteur ,TM1,TMPC01,Secteur 3,preventive,0,1,1
91699,Ventiloconvecteur 3,Equipement climatisation et VMC,Ventilo-convecteur ,TM1,TMPC01,Secteur 3,preventive,0,1,1
91700,Ventiloconvecteur 4,Equipement climatisation et VMC,Ventilo-convecteur ,TM1,TMPC01,Secteur 3,preventive,0,1,1
91701,Ventiloconvecteur 5,Equipement climatisation et VMC,Ventilo-convecteur ,TM1,TMPC01,Secteur 3,preventive,0,1,1
91702,Ventiloconvecteur 1,Equipement climatisation et VMC,Ventilo-convecteur ,TM1,TMPC01,Secteur 3,preventive,0,1,1
91703,Ventiloconvecteur 2,Equipement climatisation et VMC,Ventilo-convecteur ,TM1,TMPC01,Secteur 3,preventive,0,1,1
91704,Ventiloconvecteur 3,Equipement climatisation et VMC,Ventilo-convecteur ,TM1,TMPC01,Secteur 3,preventive,0,1,1
91705,Ventiloconvecteur 4,Equipement climatisation et VMC,Ventilo-convecteur ,TM1,TMPC01,Secteur 3,preventive,0,1,1
91706,Ventiloconvecteur 1,Equipement climatisation et VMC,Ventilo-convecteur ,TM1,TMPC01,Secteur 3,preventive,0,1,1
91707,Ventiloconvecteur 2,Equipement climatisation et VMC,Ventilo-convecteur ,TM1,TMPC01,Secteur 3,preventive,0,1,1
91708,Ventiloconvecteur 3,Equipement climatisation et VMC,Ventilo-convecteur ,TM1,TMPC01,Secteur 3,preventive,0,1,1
91709,Ventiloconvecteur 4,Equipement climatisation et VMC,Ventilo-convecteur ,TM1,TMPC01,Secteur 3,preventive,0,1,1
91710,Ventiloconvecteur 1,Equipement climatisation et VMC,Ventilo-convecteur ,TM1,TMPC01,Secteur 3,preventive,0,1,1
91711,Ventiloconvecteur 1,Equipement climatisation et VMC,Ventilo-convecteur ,TM1,TMPC01,Secteur 3,preventive,0,1,1
91712,Ventiloconvecteur 1,Equipement climatisation et VMC,Ventilo-convecteur ,TM1,TMPC01,Secteur 4,preventive,0,1,1
91713,Ventiloconvecteur 2,Equipement climatisation et VMC,Ventilo-convecteur ,TM1,TMPC01,Secteur 4,preventive,0,1,1
91714,Ventiloconvecteur 3,Equipement climatisation et VMC,Ventilo-convecteur ,TM1,TMPC01,Secteur 4,preventive,0,1,1
91715,Ventiloconvecteur 4,Equipement climatisation et VMC,Ventilo-convecteur ,TM1,TMPC01,Secteur 4,preventive,0,1,1
91716,Ventiloconvecteur 1,Equipement climatisation et VMC,Ventilo-convecteur ,TM1,TMPC01,Secteur 4,preventive,0,1,1
91717,Ventiloconvecteur 2,Equipement climatisation et VMC,Ventilo-convecteur ,TM1,TMPC01,Secteur 4,preventive,0,1,1
91718,Ventiloconvecteur 1,Equipement climatisation et VMC,Ventilo-convecteur ,TM1,TMPC01,Secteur 4,preventive,0,1,1
91719,Ventiloconvecteur 1,Equipement climatisation et VMC,Ventilo-convecteur ,TM1,TMPC01,Secteur 4,preventive,0,1,1
91720,Ventiloconvecteur 2,Equipement climatisation et VMC,Ventilo-convecteur ,TM1,TMPC01,Secteur 4,preventive,0,1,1
91721,Ventiloconvecteur 3,Equipement climatisation et VMC,Ventilo-convecteur ,TM1,TMPC01,Secteur 4,preventive,0,1,1
91722,Ventiloconvecteur 1,Equipement climatisation et VMC,Ventilo-convecteur ,TM1,TMPC01,Secteur 4,preventive,0,1,1
91723,Ventiloconvecteur 2,Equipement climatisation et VMC,Ventilo-convecteur ,TM1,TMPC01,Secteur 4,preventive,0,1,1
91724,Ventiloconvecteur 3,Equipement climatisation et VMC,Ventilo-convecteur ,TM1,TMPC01,Secteur 4,preventive,0,1,1
91725,Ventiloconvecteur 4,Equipement climatisation et VMC,Ventilo-convecteur ,TM1,TMPC01,Secteur 4,preventive,0,1,1
91726,Ventiloconvecteur 5,Equipement climatisation et VMC,Ventilo-convecteur ,TM1,TMPC01,Secteur 4,preventive,0,1,1
91727,Ventiloconvecteur 6,Equipement climatisation et VMC,Ventilo-convecteur ,TM1,TMPC01,Secteur 4,preventive,0,1,1
91728,Ventiloconvecteur 1,Equipement climatisation et VMC,Ventilo-convecteur ,TM1,TMPC01,Secteur 4,preventive,0,1,1
91729,Ventiloconvecteur 2,Equipement climatisation et VMC,Ventilo-convecteur ,TM1,TMPC01,Secteur 4,preventive,0,1,1
91730,Ventiloconvecteur 3,Equipement climatisation et VMC,Ventilo-convecteur ,TM1,TMPC01,Secteur 4,preventive,0,1,1
91731,Ventiloconvecteur 1,Equipement climatisation et VMC,Ventilo-convecteur ,TM1,TMPC01,Secteur 4,preventive,0,1,1
91732,Ventiloconvecteur 2,Equipement climatisation et VMC,Ventilo-convecteur ,TM1,TMPC01,Secteur 4,preventive,0,1,1
91733,Ventiloconvecteur 3,Equipement climatisation et VMC,Ventilo-convecteur ,TM1,TMPC01,Secteur 4,preventive,0,1,1
91734,Ventiloconvecteur 4,Equipement climatisation et VMC,Ventilo-convecteur ,TM1,TMPC01,Secteur 4,preventive,0,1,1
91735,Ventiloconvecteur 5,Equipement climatisation et VMC,Ventilo-convecteur ,TM1,TMPC01,Secteur 4,preventive,0,1,1
91736,Ventiloconvecteur 6,Equipement climatisation et VMC,Ventilo-convecteur ,TM1,TMPC01,Secteur 4,preventive,0,1,1
91737,Ventiloconvecteur 7,Equipement climatisation et VMC,Ventilo-convecteur ,TM1,TMPC01,Secteur 4,preventive,0,1,1
91738,Ventiloconvecteur 8,Equipement climatisation et VMC,Ventilo-convecteur ,TM1,TMPC01,Secteur 4,preventive,0,1,1
91739,Ventiloconvecteur 1,Equipement climatisation et VMC,Ventilo-convecteur ,TM1,TMPC01,Secteur 4,preventive,0,1,1
91740,Ventiloconvecteur 1,Equipement climatisation et VMC,Ventilo-convecteur ,TM1,TMPC01,Secteur 4,preventive,0,1,1
91741,Ventiloconvecteur 1,Equipement climatisation et VMC,Ventilo-convecteur ,TM1,TMPC01,Secteur 4,preventive,0,1,1
91742,Ventiloconvecteur 2,Equipement climatisation et VMC,Ventilo-convecteur ,TM1,TMPC01,Secteur 4,preventive,0,1,1
91743,Ventiloconvecteur 3,Equipement climatisation et VMC,Ventilo-convecteur ,TM1,TMPC01,Secteur 4,preventive,0,1,1
91744,Ventiloconvecteur 1,Equipement climatisation et VMC,Ventilo-convecteur ,TM1,TMPC01,Secteur 4,preventive,0,1,1
91745,Ventiloconvecteur 2,Equipement climatisation et VMC,Ventilo-convecteur ,TM1,TMPC01,Secteur 4,preventive,0,1,1
91746,Ventiloconvecteur 3,Equipement climatisation et VMC,Ventilo-convecteur ,TM1,TMPC01,Secteur 4,preventive,0,1,1
91747,Ventiloconvecteur 1,Equipement climatisation et VMC,Ventilo-convecteur ,TM1,TMPC01,Secteur 4,preventive,0,1,1
91748,Ventiloconvecteur 2,Equipement climatisation et VMC,Ventilo-convecteur ,TM1,TMPC01,Secteur 4,preventive,0,1,1
91749,Ventiloconvecteur 3,Equipement climatisation et VMC,Ventilo-convecteur ,TM1,TMPC01,Secteur 4,preventive,0,1,1
91750,Ventiloconvecteur 1,Equipement climatisation et VMC,Ventilo-convecteur ,TM1,TMPC01,Secteur 4,preventive,0,1,1
91751,Ventiloconvecteur 2,Equipement climatisation et VMC,Ventilo-convecteur ,TM1,TMPC01,Secteur 4,preventive,0,1,1
91752,Ventiloconvecteur 3,Equipement climatisation et VMC,Ventilo-convecteur ,TM1,TMPC01,Secteur 4,preventive,0,1,1
91753,Ventiloconvecteur 1,Equipement climatisation et VMC,Ventilo-convecteur ,TM1,TMPC01,Secteur 4,preventive,0,1,1
91754,Ventiloconvecteur 2,Equipement climatisation et VMC,Ventilo-convecteur ,TM1,TMPC01,Secteur 4,preventive,0,1,1
91755,Ventiloconvecteur 3,Equipement climatisation et VMC,Ventilo-convecteur ,TM1,TMPC01,Secteur 4,preventive,0,1,1
91756,Ventiloconvecteur 1,Equipement climatisation et VMC,Ventilo-convecteur ,TM1,TMPC01,Secteur 4,preventive,0,1,1
91757,Ventiloconvecteur 2,Equipement climatisation et VMC,Ventilo-convecteur ,TM1,TMPC01,Secteur 4,preventive,0,1,1
91758,Ventiloconvecteur 3,Equipement climatisation et VMC,Ventilo-convecteur ,TM1,TMPC01,Secteur 4,preventive,0,1,1
91759,Ventiloconvecteur 1,Equipement climatisation et VMC,Ventilo-convecteur ,TM1,TMPC01,Secteur 4,preventive,0,1,1
91760,Ventiloconvecteur 2,Equipement climatisation et VMC,Ventilo-convecteur ,TM1,TMPC01,Secteur 4,preventive,0,1,1
91761,Ventiloconvecteur 3,Equipement climatisation et VMC,Ventilo-convecteur ,TM1,TMPC01,Secteur 4,preventive,0,1,1
91762,Ventiloconvecteur 4,Equipement climatisation et VMC,Ventilo-convecteur ,TM1,TMPC01,Secteur 4,preventive,0,1,1
91763,Ventiloconvecteur 5,Equipement climatisation et VMC,Ventilo-convecteur ,TM1,TMPC01,Secteur 4,preventive,0,1,1
91764,Ventiloconvecteur 6,Equipement climatisation et VMC,Ventilo-convecteur ,TM1,TMPC01,Secteur 4,preventive,0,1,1
91765,Ventiloconvecteur 7,Equipement climatisation et VMC,Ventilo-convecteur ,TM1,TMPC01,Secteur 4,preventive,0,1,1
91766,Ventiloconvecteur 1,Equipement climatisation et VMC,Ventilo-convecteur ,TM1,TMPC01,Secteur 4,preventive,0,1,1
91767,Ventiloconvecteur 2,Equipement climatisation et VMC,Ventilo-convecteur ,TM1,TMPC01,Secteur 4,preventive,0,1,1
91768,Ventiloconvecteur 3,Equipement climatisation et VMC,Ventilo-convecteur ,TM1,TMPC01,Secteur 4,preventive,0,1,1
91769,Ventiloconvecteur 1,Equipement climatisation et VMC,Ventilo-convecteur ,TM1,TMPC01,Secteur 4,preventive,0,1,1
91770,Ventiloconvecteur 2,Equipement climatisation et VMC,Ventilo-convecteur ,TM1,TMPC01,Secteur 4,preventive,0,1,1
91771,Ventiloconvecteur 3,Equipement climatisation et VMC,Ventilo-convecteur ,TM1,TMPC01,Secteur 4,preventive,0,1,1
91772,Ventiloconvecteur 4,Equipement climatisation et VMC,Ventilo-convecteur ,TM1,TMPC01,Secteur 4,preventive,0,1,1
91773,Ventiloconvecteur 1,Equipement climatisation et VMC,Ventilo-convecteur ,TM1,TMPC01,Secteur 4,preventive,0,1,1
91774,Ventiloconvecteur 2,Equipement climatisation et VMC,Ventilo-convecteur ,TM1,TMPC01,Secteur 4,preventive,0,1,1
91775,Ventiloconvecteur 3,Equipement climatisation et VMC,Ventilo-convecteur ,TM1,TMPC01,Secteur 4,preventive,0,1,1
91776,Ventiloconvecteur 1,Equipement climatisation et VMC,Ventilo-convecteur ,TM1,TMPC01,Secteur 4,preventive,0,1,1
91777,Ventiloconvecteur 2,Equipement climatisation et VMC,Ventilo-convecteur ,TM1,TMPC01,Secteur 4,preventive,0,1,1
91778,Ventiloconvecteur 3,Equipement climatisation et VMC,Ventilo-convecteur ,TM1,TMPC01,Secteur 4,preventive,0,1,1
91779,Ventiloconvecteur 1,Equipement climatisation et VMC,Ventilo-convecteur ,TM1,TMPC01,Secteur 4,preventive,0,1,1
91780,Ventiloconvecteur 2,Equipement climatisation et VMC,Ventilo-convecteur ,TM1,TMPC01,Secteur 4,preventive,0,1,1
91781,Ventiloconvecteur 1,Equipement climatisation et VMC,Ventilo-convecteur ,TM1,TMPC01,Secteur 4,preventive,0,1,1
91782,Ventiloconvecteur 2,Equipement climatisation et VMC,Ventilo-convecteur ,TM1,TMPC01,Secteur 4,preventive,0,1,1
91783,Ventiloconvecteur 3,Equipement climatisation et VMC,Ventilo-convecteur ,TM1,TMPC01,Secteur 4,preventive,0,1,1
91784,Ventiloconvecteur 4,Equipement climatisation et VMC,Ventilo-convecteur ,TM1,TMPC01,Secteur 4,preventive,0,1,1
91785,Ventiloconvecteur 5,Equipement climatisation et VMC,Ventilo-convecteur ,TM1,TMPC01,Secteur 4,preventive,0,1,1
91786,Ventiloconvecteur 1,Equipement climatisation et VMC,Ventilo-convecteur ,TM1,TMPC01,Secteur 4,preventive,0,1,1
91787,Ventiloconvecteur 1,Equipement climatisation et VMC,Ventilo-convecteur ,TM1,TMPC01,Secteur 4,preventive,0,1,1
91788,Ventiloconvecteur 2,Equipement climatisation et VMC,Ventilo-convecteur ,TM1,TMPC01,Secteur 4,preventive,0,1,1
91789,Ventiloconvecteur 3,Equipement climatisation et VMC,Ventilo-convecteur ,TM1,TMPC01,Secteur 4,preventive,0,1,1
91790,Ventiloconvecteur 4,Equipement climatisation et VMC,Ventilo-convecteur ,TM1,TMPC01,Secteur 4,preventive,0,1,1
91791,Ventiloconvecteur 5,Equipement climatisation et VMC,Ventilo-convecteur ,TM1,TMPC01,Secteur 4,preventive,0,1,1
91792,Ventiloconvecteur 1,Equipement climatisation et VMC,Ventilo-convecteur ,TM1,TMPC01,Secteur 4,preventive,0,1,1
91793,Ventiloconvecteur 1,Equipement climatisation et VMC,Ventilo-convecteur ,MEDHUB,ZFL01,Secteur 4,"corrective, preventive",1,1,2
91794,Ventiloconvecteur 2,Equipement climatisation et VMC,Ventilo-convecteur ,TM1,TMPC01,Secteur 4,preventive,0,1,1
91795,Ventiloconvecteur 3,Equipement climatisation et VMC,Ventilo-convecteur ,TM1,TMPC01,Secteur 4,preventive,0,1,1
91796,Ventiloconvecteur 4,Equipement climatisation et VMC,Ventilo-convecteur ,TM1,TMPC01,Secteur 4,preventive,0,1,1
91797,Ventiloconvecteur 1,Equipement climatisation et VMC,Ventilo-convecteur ,MEDHUB,ZFL01,Secteur 4,preventive,0,1,1
91798,Ventiloconvecteur 2,Equipement climatisation et VMC,Ventilo-convecteur ,MEDHUB,ZFL01,Secteur 4,"corrective, preventive",1,1,2
91799,Ventiloconvecteur 3,Equipement climatisation et VMC,Ventilo-convecteur ,MEDHUB,ZFL01,Secteur 4,preventive,0,1,1
91800,Ventiloconvecteur 4,Equipement climatisation et VMC,Ventilo-convecteur ,MEDHUB,ZFL01,Secteur 4,preventive,0,1,1
91801,Ventiloconvecteur 5,Equipement climatisation et VMC,Ventilo-convecteur ,MEDHUB,ZFL01,Secteur 4,preventive,0,1,1
91802,Ventiloconvecteur 1,Equipement climatisation et VMC,Ventilo-convecteur ,MEDHUB,ZFL01,Secteur 4,preventive,0,1,1
91803,Ventiloconvecteur 1,Equipement climatisation et VMC,Ventilo-convecteur ,TM1,TMPC01,Secteur 4,preventive,0,1,1
91804,Ventiloconvecteur 2,Equipement climatisation et VMC,Ventilo-convecteur ,TM1,TMPC01,Secteur 4,preventive,0,1,1
91805,Ventiloconvecteur 3,Equipement climatisation et VMC,Ventilo-convecteur ,TM1,TMPC01,Secteur 4,preventive,0,1,1
91806,Ventiloconvecteur 1,Equipement climatisation et VMC,Ventilo-convecteur ,TM1,TMPC01,Secteur 4,preventive,0,1,1
91807,Ventiloconvecteur 1,Equipement climatisation et VMC,Ventilo-convecteur ,TM1,TMPC01,Secteur 4,preventive,0,1,1
91808,Ventiloconvecteur 2,Equipement climatisation et VMC,Ventilo-convecteur ,TM1,TMPC01,Secteur 4,preventive,0,1,1
91809,Ventiloconvecteur 3,Equipement climatisation et VMC,Ventilo-convecteur ,TM1,TMPC01,Secteur 4,preventive,0,1,1
91810,Ventiloconvecteur 1,Equipement climatisation et VMC,Ventilo-convecteur ,TM1,TMPC01,Secteur 4,preventive,0,1,1
91811,Ventiloconvecteur 2,Equipement climatisation et VMC,Ventilo-convecteur ,TM1,TMPC01,Secteur 4,preventive,0,1,1
91812,Ventiloconvecteur 3,Equipement climatisation et VMC,Ventilo-convecteur ,TM1,TMPC01,Secteur 4,preventive,0,1,1
91813,Ventiloconvecteur 1,Equipement climatisation et VMC,Ventilo-convecteur ,TM1,TMPC01,Secteur 4,preventive,0,1,1
91814,Ventiloconvecteur 2,Equipement climatisation et VMC,Ventilo-convecteur ,TM1,TMPC01,Secteur 4,preventive,0,1,1
91815,Ventiloconvecteur 3,Equipement climatisation et VMC,Ventilo-convecteur ,TM1,TMPC01,Secteur 4,preventive,0,1,1
91816,Ventiloconvecteur 1,Equipement climatisation et VMC,Ventilo-convecteur ,TM1,TMPC01,Secteur 4,preventive,0,1,1
91817,Ventiloconvecteur 2,Equipement climatisation et VMC,Ventilo-convecteur ,TM1,TMPC01,Secteur 4,preventive,0,1,1
91818,Ventiloconvecteur 3,Equipement climatisation et VMC,Ventilo-convecteur ,TM1,TMPC01,Secteur 4,preventive,0,1,1
91819,Ventiloconvecteur 4,Equipement climatisation et VMC,Ventilo-convecteur ,TM1,TMPC01,Secteur 4,preventive,0,1,1
91820,Ventiloconvecteur 1,Equipement climatisation et VMC,Ventilo-convecteur ,TM1,TMPC01,Secteur 4,preventive,0,1,1
91821,Ventiloconvecteur 2,Equipement climatisation et VMC,Ventilo-convecteur ,TM1,TMPC01,Secteur 4,preventive,0,1,1
91822,Ventiloconvecteur 1,Equipement climatisation et VMC,Ventilo-convecteur ,TM1,TMPC01,Secteur 4,preventive,0,1,1
91823,Ventiloconvecteur 2,Equipement climatisation et VMC,Ventilo-convecteur ,TM1,TMPC01,Secteur 4,preventive,0,1,1
91824,Ventiloconvecteur 3,Equipement climatisation et VMC,Ventilo-convecteur ,TM1,TMPC01,Secteur 4,preventive,0,1,1
91825,Ventiloconvecteur 1,Equipement climatisation et VMC,Ventilo-convecteur ,MEDHUB,ZFL01,Secteur 4,preventive,0,1,1
91826,Ventiloconvecteur 2,Equipement climatisation et VMC,Ventilo-convecteur ,MEDHUB,ZFL01,Secteur 4,"corrective, preventive",1,1,2
91827,Ventiloconvecteur 3,Equipement climatisation et VMC,Ventilo-convecteur ,MEDHUB,ZFL01,Secteur 4,preventive,0,1,1
91828,Ventiloconvecteur 1,Equipement climatisation et VMC,Ventilo-convecteur ,MEDHUB,ZFL01,Secteur 4,preventive,0,1,1
91829,Ventiloconvecteur 2,Equipement climatisation et VMC,Ventilo-convecteur ,MEDHUB,ZFL01,Secteur 4,preventive,0,1,1
91830,Ventiloconvecteur 3,Equipement climatisation et VMC,Ventilo-convecteur ,MEDHUB,ZFL01,Secteur 4,preventive,0,1,1
91831,Ventiloconvecteur 1,Equipement climatisation et VMC,Ventilo-convecteur ,MEDHUB,ZFL01,Secteur 4,preventive,0,1,1
91832,Ventiloconvecteur 2,Equipement climatisation et VMC,Ventilo-convecteur ,MEDHUB,ZFL01,Secteur 4,preventive,0,1,1
91833,Ventiloconvecteur 3,Equipement climatisation et VMC,Ventilo-convecteur ,MEDHUB,ZFL01,Secteur 4,preventive,0,1,1
91848,Ventiloconvecteur 1,Equipement climatisation et VMC,Ventilo-convecteur ,TM1,TMPC01,Secteur 8,preventive,0,1,1
91849,Ventiloconvecteur 2,Equipement climatisation et VMC,Ventilo-convecteur ,TM1,TMPC01,Secteur 8,preventive,0,1,1
91850,Ventiloconvecteur 3,Equipement climatisation et VMC,Ventilo-convecteur ,TM1,TMPC01,Secteur 8,preventive,0,1,1
91851,Ventiloconvecteur 4,Equipement climatisation et VMC,Ventilo-convecteur ,TM1,TMPC01,Secteur 8,preventive,0,1,1
91852,Ventiloconvecteur 5,Equipement climatisation et VMC,Ventilo-convecteur ,TM1,TMPC01,Secteur 8,preventive,0,1,1
91853,Ventiloconvecteur 6,Equipement climatisation et VMC,Ventilo-convecteur ,TM1,TMPC01,Secteur 8,preventive,0,1,1
91854,Ventiloconvecteur 7,Equipement climatisation et VMC,Ventilo-convecteur ,TM1,TMPC01,Secteur 8,preventive,0,1,1
91855,Ventiloconvecteur 8,Equipement climatisation et VMC,Ventilo-convecteur ,TM1,TMPC01,Secteur 8,preventive,0,1,1
91856,Ventiloconvecteur 9,Equipement climatisation et VMC,Ventilo-convecteur ,TM1,TMPC01,Secteur 8,preventive,0,1,1
91857,Ventiloconvecteur 10,Equipement climatisation et VMC,Ventilo-convecteur ,TM1,TMPC01,Secteur 8,preventive,0,1,1
91858,Ventiloconvecteur 11,Equipement climatisation et VMC,Ventilo-convecteur ,TM1,TMPC01,Secteur 8,preventive,0,1,1
91859,Ventiloconvecteur 12,Equipement climatisation et VMC,Ventilo-convecteur ,TM1,TMPC01,Secteur 8,preventive,0,1,1
91860,Ventiloconvecteur 1,Equipement climatisation et VMC,Ventilo-convecteur ,TM1,TMPC01,Secteur 8,preventive,0,1,1
91861,Ventiloconvecteur 2,Equipement climatisation et VMC,Ventilo-convecteur ,TM1,TMPC01,Secteur 8,preventive,0,1,1
91862,Ventiloconvecteur 3,Equipement climatisation et VMC,Ventilo-convecteur ,TM1,TMPC01,Secteur 8,preventive,0,1,1
91863,Ventiloconvecteur 4,Equipement climatisation et VMC,Ventilo-convecteur ,TM1,TMPC01,Secteur 8,preventive,0,1,1
91864,Ventiloconvecteur 5,Equipement climatisation et VMC,Ventilo-convecteur ,TM1,TMPC01,Secteur 8,preventive,0,1,1
91865,Ventiloconvecteur 6,Equipement climatisation et VMC,Ventilo-convecteur ,TM1,TMPC01,Secteur 8,preventive,0,1,1
91866,Ventiloconvecteur 1,Equipement climatisation et VMC,Ventilo-convecteur ,TM1,TMPC01,Secteur 8,preventive,0,1,1
91867,Ventiloconvecteur 2,Equipement climatisation et VMC,Ventilo-convecteur ,TM1,TMPC01,Secteur 8,preventive,0,1,1
91868,Ventiloconvecteur 3,Equipement climatisation et VMC,Ventilo-convecteur ,TM1,TMPC01,Secteur 8,preventive,0,1,1
91869,Ventiloconvecteur 4,Equipement climatisation et VMC,Ventilo-convecteur ,TM1,TMPC01,Secteur 8,preventive,0,1,1
91870,Ventiloconvecteur 5,Equipement climatisation et VMC,Ventilo-convecteur ,TM1,TMPC01,Secteur 8,preventive,0,1,1
91871,Ventiloconvecteur 6,Equipement climatisation et VMC,Ventilo-convecteur ,TM1,TMPC01,Secteur 8,preventive,0,1,1
91872,Ventiloconvecteur 7,Equipement climatisation et VMC,Ventilo-convecteur ,TM1,TMPC01,Secteur 8,preventive,0,1,1
91873,Ventiloconvecteur 8,Equipement climatisation et VMC,Ventilo-convecteur ,TM1,TMPC01,Secteur 8,preventive,0,1,1
91874,Ventiloconvecteur 9,Equipement climatisation et VMC,Ventilo-convecteur ,TM1,TMPC01,Secteur 8,preventive,0,1,1
91875,Ventiloconvecteur 10,Equipement climatisation et VMC,Ventilo-convecteur ,TM1,TMPC01,Secteur 8,preventive,0,1,1
91876,Ventiloconvecteur 11,Equipement climatisation et VMC,Ventilo-convecteur ,TM1,TMPC01,Secteur 8,preventive,0,1,1
91877,Ventiloconvecteur 12,Equipement climatisation et VMC,Ventilo-convecteur ,TM1,TMPC01,Secteur 8,preventive,0,1,1
91878,Ventiloconvecteur 13,Equipement climatisation et VMC,Ventilo-convecteur ,TM1,TMPC01,Secteur 8,preventive,0,1,1
91879,Ventiloconvecteur 14,Equipement climatisation et VMC,Ventilo-convecteur ,TM1,TMPC01,Secteur 8,preventive,0,1,1
91880,Ventiloconvecteur 1,Equipement climatisation et VMC,Ventilo-convecteur ,TM1,TMPC01,Secteur 8,preventive,0,1,1
91881,Ventiloconvecteur 2,Equipement climatisation et VMC,Ventilo-convecteur ,TM1,TMPC01,Secteur 8,preventive,0,1,1
91882,Ventiloconvecteur 3,Equipement climatisation et VMC,Ventilo-convecteur ,TM1,TMPC01,Secteur 8,preventive,0,1,1
91883,Ventiloconvecteur 4,Equipement climatisation et VMC,Ventilo-convecteur ,TM1,TMPC01,Secteur 8,preventive,0,1,1
91884,Ventiloconvecteur 5,Equipement climatisation et VMC,Ventilo-convecteur ,TM1,TMPC01,Secteur 8,preventive,0,1,1
91885,Ventiloconvecteur 6,Equipement climatisation et VMC,Ventilo-convecteur ,TM1,TMPC01,Secteur 8,preventive,0,1,1
91886,Ventiloconvecteur 1,Equipement climatisation et VMC,Ventilo-convecteur ,TM1,TMPC01,Secteur 8,preventive,0,1,1
91887,Ventiloconvecteur 2,Equipement climatisation et VMC,Ventilo-convecteur ,TM1,TMPC01,Secteur 8,"corrective, preventive",1,1,2
91888,Ventiloconvecteur 3,Equipement climatisation et VMC,Ventilo-convecteur ,TM1,TMPC01,Secteur 8,preventive,0,1,1
91889,Ventiloconvecteur 4,Equipement climatisation et VMC,Ventilo-convecteur ,TM1,TMPC01,Secteur 8,preventive,0,1,1
91890,Ventiloconvecteur 5,Equipement climatisation et VMC,Ventilo-convecteur ,TM1,TMPC01,Secteur 8,preventive,0,1,1
91891,Ventiloconvecteur 6,Equipement climatisation et VMC,Ventilo-convecteur ,TM1,TMPC01,Secteur 8,preventive,0,1,1
91892,Ventiloconvecteur 7,Equipement climatisation et VMC,Ventilo-convecteur ,TM1,TMPC01,Secteur 8,preventive,0,1,1
91893,Ventiloconvecteur 8,Equipement climatisation et VMC,Ventilo-convecteur ,TM1,TMPC01,Secteur 8,preventive,0,1,1
91894,Ventiloconvecteur 9,Equipement climatisation et VMC,Ventilo-convecteur ,TM1,TMPC01,Secteur 8,preventive,0,1,1
91895,Ventiloconvecteur 10,Equipement climatisation et VMC,Ventilo-convecteur ,TM1,TMPC01,Secteur 8,preventive,0,1,1
91896,Ventiloconvecteur 11,Equipement climatisation et VMC,Ventilo-convecteur ,TM1,TMPC01,Secteur 8,preventive,0,1,1
91897,Ventiloconvecteur 12,Equipement climatisation et VMC,Ventilo-convecteur ,TM1,TMPC01,Secteur 8,preventive,0,1,1
91898,Ventiloconvecteur 13,Equipement climatisation et VMC,Ventilo-convecteur ,TM1,TMPC01,Secteur 8,preventive,0,1,1
91899,Ventiloconvecteur 14,Equipement climatisation et VMC,Ventilo-convecteur ,TM1,TMPC01,Secteur 8,preventive,0,1,1
91900,Ventiloconvecteur 15,Equipement climatisation et VMC,Ventilo-convecteur ,TM1,TMPC01,Secteur 8,preventive,0,1,1
91901,Ventiloconvecteur 16,Equipement climatisation et VMC,Ventilo-convecteur ,TM1,TMPC01,Secteur 8,preventive,0,1,1
91902,Ventiloconvecteur 1,Equipement climatisation et VMC,Ventilo-convecteur ,TM1,TMPC01,Secteur 8,preventive,0,1,1
91903,Ventiloconvecteur 2,Equipement climatisation et VMC,Ventilo-convecteur ,TM1,TMPC01,Secteur 8,preventive,0,1,1
91904,Ventiloconvecteur 3,Equipement climatisation et VMC,Ventilo-convecteur ,TM1,TMPC01,Secteur 8,preventive,0,1,1
91905,Ventiloconvecteur 4,Equipement climatisation et VMC,Ventilo-convecteur ,TM1,TMPC01,Secteur 8,preventive,0,1,1
91906,Ventiloconvecteur 5,Equipement climatisation et VMC,Ventilo-convecteur ,TM1,TMPC01,Secteur 8,preventive,0,1,1
91907,Ventiloconvecteur 6,Equipement climatisation et VMC,Ventilo-convecteur ,TM1,TMPC01,Secteur 8,preventive,0,1,1
91908,Ventiloconvecteur 7,Equipement climatisation et VMC,Ventilo-convecteur ,TM1,TMPC01,Secteur 8,preventive,0,1,1
91909,Ventiloconvecteur 8,Equipement climatisation et VMC,Ventilo-convecteur ,TM1,TMPC01,Secteur 8,preventive,0,1,1
91910,Ventiloconvecteur 9,Equipement climatisation et VMC,Ventilo-convecteur ,TM1,TMPC01,Secteur 8,preventive,0,1,1
91911,Ventiloconvecteur 10,Equipement climatisation et VMC,Ventilo-convecteur ,TM1,TMPC01,Secteur 8,preventive,0,1,1
91912,Ventiloconvecteur 1,Equipement climatisation et VMC,Ventilo-convecteur ,TM1,TMPC01,Secteur 8,preventive,0,1,1
91913,Ventiloconvecteur 2,Equipement climatisation et VMC,Ventilo-convecteur ,TM1,TMPC01,Secteur 8,preventive,0,1,1
91914,Ventiloconvecteur 3,Equipement climatisation et VMC,Ventilo-convecteur ,TM1,TMPC01,Secteur 8,preventive,0,1,1
91915,Ventiloconvecteur 4,Equipement climatisation et VMC,Ventilo-convecteur ,TM1,TMPC01,Secteur 8,preventive,0,1,1
91916,Ventiloconvecteur 5,Equipement climatisation et VMC,Ventilo-convecteur ,TM1,TMPC01,Secteur 8,preventive,0,1,1
91917,Ventiloconvecteur 6,Equipement climatisation et VMC,Ventilo-convecteur ,TM1,TMPC01,Secteur 8,preventive,0,1,1
91918,Ventiloconvecteur 7,Equipement climatisation et VMC,Ventilo-convecteur ,TM1,TMPC01,Secteur 8,preventive,0,1,1
91919,Ventiloconvecteur 8,Equipement climatisation et VMC,Ventilo-convecteur ,TM1,TMPC01,Secteur 8,preventive,0,1,1
91920,Ventiloconvecteur 1,Equipement climatisation et VMC,Ventilo-convecteur ,TM1,TMPC01,Secteur 8,preventive,0,1,1
91921,Ventiloconvecteur 2,Equipement climatisation et VMC,Ventilo-convecteur ,TM1,TMPC01,Secteur 8,preventive,0,1,1
91922,Ventiloconvecteur 3,Equipement climatisation et VMC,Ventilo-convecteur ,TM1,TMPC01,Secteur 8,preventive,0,1,1
91923,Ventiloconvecteur 4,Equipement climatisation et VMC,Ventilo-convecteur ,TM1,TMPC01,Secteur 8,preventive,0,1,1
91924,Ventiloconvecteur 5,Equipement climatisation et VMC,Ventilo-convecteur ,TM1,TMPC01,Secteur 8,preventive,0,1,1
91925,Ventiloconvecteur 6,Equipement climatisation et VMC,Ventilo-convecteur ,TM1,TMPC01,Secteur 8,preventive,0,1,1
91926,Ventiloconvecteur 7,Equipement climatisation et VMC,Ventilo-convecteur ,TM1,TMPC01,Secteur 8,preventive,0,1,1
91927,Ventiloconvecteur 1,Equipement climatisation et VMC,Ventilo-convecteur ,TM1,TMPC01,Secteur 8,preventive,0,1,1
91928,Ventiloconvecteur 2,Equipement climatisation et VMC,Ventilo-convecteur ,TM1,TMPC01,Secteur 8,preventive,0,1,1
91929,Ventiloconvecteur 3,Equipement climatisation et VMC,Ventilo-convecteur ,TM1,TMPC01,Secteur 8,preventive,0,1,1
91930,Ventiloconvecteur 4,Equipement climatisation et VMC,Ventilo-convecteur ,TM1,TMPC01,Secteur 8,preventive,0,1,1
91931,Ventiloconvecteur 5,Equipement climatisation et VMC,Ventilo-convecteur ,TM1,TMPC01,Secteur 8,preventive,0,1,1
91932,Ventiloconvecteur 6,Equipement climatisation et VMC,Ventilo-convecteur ,TM1,TMPC01,Secteur 8,preventive,0,1,1
91933,Ventiloconvecteur 7,Equipement climatisation et VMC,Ventilo-convecteur ,TM1,TMPC01,Secteur 8,"corrective, preventive",1,1,2
91934,Ventiloconvecteur 1,Equipement climatisation et VMC,Ventilo-convecteur ,TM1,TMPC01,Secteur 8,preventive,0,1,1
91935,Ventiloconvecteur 2,Equipement climatisation et VMC,Ventilo-convecteur ,TM1,TMPC01,Secteur 8,preventive,0,1,1
91936,Ventiloconvecteur 3,Equipement climatisation et VMC,Ventilo-convecteur ,TM1,TMPC01,Secteur 8,preventive,0,1,1
91937,Ventiloconvecteur 4,Equipement climatisation et VMC,Ventilo-convecteur ,TM1,TMPC01,Secteur 8,preventive,0,1,1
91938,Ventiloconvecteur 5,Equipement climatisation et VMC,Ventilo-convecteur ,TM1,TMPC01,Secteur 8,preventive,0,1,1
91939,Ventiloconvecteur 6,Equipement climatisation et VMC,Ventilo-convecteur ,TM1,TMPC01,Secteur 8,preventive,0,1,1
91940,Ventiloconvecteur 7,Equipement climatisation et VMC,Ventilo-convecteur ,TM1,TMPC01,Secteur 8,preventive,0,1,1
91941,Ventiloconvecteur 8,Equipement climatisation et VMC,Ventilo-convecteur ,TM1,TMPC01,Secteur 8,preventive,0,1,1
91942,Ventiloconvecteur 9,Equipement climatisation et VMC,Ventilo-convecteur ,TM1,TMPC01,Secteur 8,preventive,0,1,1
91943,Ventiloconvecteur 10,Equipement climatisation et VMC,Ventilo-convecteur ,TM1,TMPC01,Secteur 8,preventive,0,1,1
91944,Ventiloconvecteur 11,Equipement climatisation et VMC,Ventilo-convecteur ,TM1,TMPC01,Secteur 8,preventive,0,1,1
91945,Ventiloconvecteur 12,Equipement climatisation et VMC,Ventilo-convecteur ,TM1,TMPC01,Secteur 8,preventive,0,1,1
91953,WC Sanitaire 2,Equipement plomberie et sanitaire,WC Sanitaire,TM1,TMPC01,Secteur 1,corrective,1,0,1
91955,WC Sanitaire 1,Equipement plomberie et sanitaire,WC Sanitaire,TM1,TMPC01,Secteur 1,corrective,1,0,1
91961,WC Sanitaire 2,Equipement plomberie et sanitaire,WC Sanitaire,TM1,TMPC01,Secteur 1,corrective,1,0,1
91995,WC Sanitaire 2,Equipement plomberie et sanitaire,WC Sanitaire,TM1,TMPC01,Secteur 3,corrective,1,0,1
92000,WC Sanitaire 2,Equipement plomberie et sanitaire,WC Sanitaire,TM1,TMPC01,Secteur 4,corrective,1,0,1
92029,WC Sanitaire 1,Equipement plomberie et sanitaire,WC Sanitaire,MEDHUB,ZFL01,Secteur 4,corrective,1,0,1
92039,WC Sanitaire 2,Equipement plomberie et sanitaire,WC Sanitaire,TM1,TMPC01,Secteur 5,corrective,1,0,1
92045,WC Sanitaire 4,Equipement plomberie et sanitaire,WC Sanitaire,TM1,TMPC01,Secteur 5,corrective,1,0,1
92073,WC Sanitaire 2,Equipement plomberie et sanitaire,WC Sanitaire,TM1,TMPC01,Secteur 8,corrective,1,0,1
92080,WC Sanitaire 3,Equipement plomberie et sanitaire,WC Sanitaire,TM1,TMPC01,Secteur 8,corrective,1,0,1
92086,WC Sanitaire 3,Equipement plomberie et sanitaire,WC Sanitaire,TM1,TMPC01,Secteur 8,corrective,1,0,1
92087,WC Sanitaire 1,Equipement plomberie et sanitaire,WC Sanitaire,TM1,TMPC01,Secteur 8,corrective,1,0,1
100227,WC Sanitaire 1,Equipement plomberie et sanitaire,WC Sanitaire,PPR,PPR01,Flemingo,corrective,1,0,1
100234,WC Sanitaire 2,Equipement plomberie et sanitaire,WC Sanitaire,PPR,PPR01,Flemingo,corrective,1,0,1
100281,Porte bois 4,Equipement lot archi / Menuiserie ,Porte  bois,PPR,PPR01,Flemingo,corrective,1,0,1
100288,Porte bois 2,Equipement lot archi / Menuiserie ,Porte  bois,PPR,PPR01,Flemingo,corrective,1,0,1
100308,Plafond ,Equipement lot archi / Menuiserie ,Plafond,PPR,PPR01,Flemingo,corrective,1,0,1
100359,Lavabo 2,Equipement plomberie et sanitaire,Lavabo,PPR,PPR01,Flemingo,corrective,1,0,1
100386,Interrupteur d'allumage 2,Equipement éclairage,Interrupteur d'allumage ,PPR,PPR01,Flemingo,corrective,1,0,1
100463,Dalle ,Element de structure ,Dalle,PPR,PPR01,Flemingo,corrective,1,0,1
100475,Cloison ,Equipement lot archi / Menuiserie ,Cloison,PPR,PPR01,Flemingo,corrective,1,0,1
100522,Cloison ,Equipement lot archi / Menuiserie ,Cloison,PPR,PPR01,Flemingo,corrective,1,0,1
100651,Cloison ,Equipement lot archi / Menuiserie ,Cloison,TM1,ZEXT01,VTS,corrective,1,0,1
100814,Interrupteur d'allumage 1,Equipement éclairage,Interrupteur d'allumage ,TM1,ZEXT01,VTS,corrective,1,0,1
100824,Interrupteur d'allumage 1,Equipement éclairage,Interrupteur d'allumage ,TM1,ZEXT01,VTS,corrective,1,0,1
100908,Toiture ,Element de structure ,Toiture,TM1,ZEXT01,VTS,corrective,1,0,1
100915,WC Sanitaire 2,Equipement plomberie et sanitaire,WC Sanitaire,TM1,ZEXT01,VTS,corrective,1,0,1
101035,Toiture -,Element de structure ,Toiture,TM2,TM02,Safety brigade,corrective,1,0,1
101105,Dalle -,Element de structure ,Dalle,TM2,TM02,Safety brigade,corrective,1,0,1
101239,Porte sectionnelle 5,"Equipement de sécurité, contôle et exploitation",Porte sectionnelle,TM2,TM02,Safety brigade,corrective,1,0,1
101377,Cloison ,Equipement lot archi / Menuiserie ,Cloison,TM1,TM01,ZVC,corrective,1,0,1
101439,Fenêtre 1,Equipement lot archi / Menuiserie ,Fenêtre ,TM1,TM01,ZVC,corrective,1,0,1
101440,Fenêtre 1,Equipement lot archi / Menuiserie ,Fenêtre ,TM1,TM01,ZVC,corrective,2,0,2
101443,Fenêtre 1,Equipement lot archi / Menuiserie ,Fenêtre ,TM1,TM01,ZVC,corrective,1,0,1
101460,Interrupteur d'allumage 1,Equipement éclairage,Interrupteur d'allumage ,TM1,TM01,ZVC,corrective,1,0,1
101461,Interrupteur d'allumage 1,Equipement éclairage,Interrupteur d'allumage ,TM1,TM01,ZVC,corrective,2,0,2
101566,Mono split 1,Equipement climatisation et VMC,Mono split ,TM1,TM01,ZVC,preventive,0,3,3
101584,Plafond ,Equipement lot archi / Menuiserie ,Plafond,TM1,TM01,ZVC,corrective,1,0,1
101586,Porte bois 1,Equipement lot archi / Menuiserie ,Porte  bois,TM1,TM01,ZVC,corrective,1,0,1
101590,Porte vitrée 1,Equipement lot archi / Menuiserie ,Porte vitrée,TM1,TM01,ZVC,corrective,1,0,1
101602,Porte bois 2,Equipement lot archi / Menuiserie ,Porte  bois,TM1,TM01,ZVC,corrective,1,0,1
101604,Prise de courant 1,Equipement électrique,Prise de courant ,TM1,TM01,ZVC,corrective,1,0,1
101608,Prise de courant 1,Equipement électrique,Prise de courant ,TM1,TM01,ZVC,corrective,1,0,1
101883,Lavabo 1,Equipement plomberie et sanitaire,Lavabo,TM2,TM02,Gendarmerie,corrective,1,0,1
110870,Cloison -,Equipement lot archi / Menuiserie ,Cloison,MEDHUB,ZFL01,Entrepôt 70,corrective,3,0,3
112428,Cloison ,Equipement lot archi / Menuiserie ,Cloison,MEDHUB,ZFL01,Entrepôt 92,corrective,1,0,1
112769,Porte 1,Equipement lot archi / Menuiserie ,Porte  bois,MEDHUB,ZFL01,Entrepôt 92,corrective,1,0,1
113195,Ascenseur 1,Equipement  de levage,Ascenseur ,MEDHUB,ZFL01,Entrepôt 140,preventive,0,3,3
113406,Cloison ,Equipement lot archi / Menuiserie ,Cloison,MEDHUB,ZFL01,Entrepôt 130,corrective,1,0,1
113998,Interrupteur d'allumage 1,Equipement éclairage,Interrupteur d'allumage ,MEDHUB,ZFL01,Entrepôt 140,corrective,1,0,1
114118,Lampe linéaire continue 1,Equipement éclairage,Lampe linéaire continue ,MEDHUB,ZFL01,Entrepôt 140,corrective,1,0,1
114421,Plafond ,Equipement lot archi / Menuiserie ,Plafond,MEDHUB,ZFL01,Entrepôt 140,corrective,1,0,1
114508,Porte bois 1,Equipement lot archi / Menuiserie ,Porte  bois,MEDHUB,ZFL01,Entrepôt 140,corrective,1,0,1
114639,Séche main 1,Equipement plomberie et sanitaire,Séche main,MEDHUB,ZFL01,Entrepôt 140,corrective,1,0,1
114802,WC Sanitaire 1,Equipement plomberie et sanitaire,WC Sanitaire,MEDHUB,ZFL01,Entrepôt 140,corrective,1,0,1
114806,WC Sanitaire 1,Equipement plomberie et sanitaire,WC Sanitaire,MEDHUB,ZFL01,Entrepôt 140,corrective,1,0,1
114823,WC Sanitaire 1,Equipement plomberie et sanitaire,WC Sanitaire,MEDHUB,ZFL01,Entrepôt 140,corrective,3,0,3
115301,Porte bois 1,Equipement lot archi / Menuiserie ,Porte  bois,MEDHUB,ZFL01,Entrepôt 82,corrective,1,0,1
115729,Cloison ,Equipement lot archi / Menuiserie ,Cloison,MEDHUB,ZFL01,Entrepôt 102,corrective,1,0,1
117297,Cloison -,Equipement lot archi / Menuiserie ,Cloison,MEDHUB,ZFL01,Entrepôt 80,corrective,1,0,1
117658,Cloison -,Equipement lot archi / Menuiserie ,Cloison,MEDHUB,ZFL01,Entrepôt 90,corrective,1,0,1
117659,Cloison -,Equipement lot archi / Menuiserie ,Cloison,MEDHUB,ZFL01,Entrepôt 90,corrective,1,0,1
117660,Cloison -,Equipement lot archi / Menuiserie ,Cloison,MEDHUB,ZFL01,Entrepôt 90,corrective,2,0,2
117860,Porte bois 1,Equipement lot archi / Menuiserie ,Porte  bois,MEDHUB,ZFL01,Entrepôt 90,corrective,1,0,1
118459,Cloison ,Equipement lot archi / Menuiserie ,Cloison,MEDHUB,ZFL01,Entrepôt 110,corrective,1,0,1
119479,Toiture ,Element de structure ,Toiture,MEDHUB,ZFL01,Entrepôt 110,corrective,2,0,2
119483,WC Sanitaire 1,Equipement plomberie et sanitaire,WC Sanitaire,MEDHUB,ZFL01,Entrepôt 110,corrective,1,0,1
119485,WC Sanitaire 1,Equipement plomberie et sanitaire,WC Sanitaire,MEDHUB,ZFL01,Entrepôt 110,corrective,1,0,1
119500,Ascenseur 1,Equipement  de levage,Ascenseur ,MEDHUB,ZFL01,Entrepôt 130,preventive,0,3,3
120200,Lampe linéaire continue 2,Equipement éclairage,Lampe linéaire continue ,MEDHUB,ZFL01,Entrepôt 130,corrective,1,0,1
120308,Plafond ,Equipement lot archi / Menuiserie ,Plafond,MEDHUB,ZFL01,Entrepôt 130,corrective,1,0,1
120416,Porte bois 1,Equipement lot archi / Menuiserie ,Porte  bois,MEDHUB,ZFL01,Entrepôt 130,corrective,1,0,1
120537,Prise de courant 2,Equipement électrique,Prise de courant ,MEDHUB,ZFL01,Entrepôt 130,corrective,1,0,1
121301,Lampe linéaire continue 1,Equipement éclairage,Lampe linéaire continue ,MEDHUB,ZFL01,Entrepôt 71,corrective,1,0,1
121741,Toiture -,Element de structure ,Toiture,MEDHUB,ZFL01,Entrepôt 71,corrective,1,0,1
121744,Toiture -,Element de structure ,Toiture,MEDHUB,ZFL01,Entrepôt 71,corrective,1,0,1
122154,Armoire électrique 2,Equipement électrique,Armoire électrique ,MEDHUB,ZFL01,Entrepôt 61,preventive,0,2,2
122155,Armoire électrique 1,Equipement électrique,Armoire électrique ,MEDHUB,ZFL01,Entrepôt 61,preventive,0,2,2
122218,Climatiseur cassette 1,Equipement climatisation et VMC,Climatiseur cassette ,MEDHUB,ZFL01,Entrepôt 61,preventive,0,1,1
122226,Climatiseur cassette 1,Equipement climatisation et VMC,Climatiseur cassette ,MEDHUB,ZFL01,Entrepôt 61,preventive,0,1,1
123499,TGBT 1,Equipement électrique,TGBT,MEDHUB,ZFL01,Entrepôt 61,preventive,0,1,1
123500,TGBT 2,Equipement électrique,TGBT,MEDHUB,ZFL01,Entrepôt 61,preventive,0,1,1
123504,Toiture -,Element de structure ,Toiture,MEDHUB,ZFL01,Entrepôt 61,corrective,1,0,1
123865,Cloison ,Equipement lot archi / Menuiserie ,Cloison,MEDHUB,ZFL01,Entrepôt 120,corrective,1,0,1
123888,Cloison ,Equipement lot archi / Menuiserie ,Cloison,MEDHUB,ZFL01,Entrepôt 120,corrective,1,0,1
123907,Cloison ,Equipement lot archi / Menuiserie ,Cloison,MEDHUB,ZFL01,Entrepôt 120,corrective,1,0,1
123918,Cloison ,Equipement lot archi / Menuiserie ,Cloison,MEDHUB,ZFL01,Entrepôt 120,corrective,1,0,1
124471,Gard corp ,Equipement lot archi / Menuiserie ,Gard corp,MEDHUB,ZFL01,Entrepôt 120,corrective,1,0,1
124636,Lavabo 1,Equipement plomberie et sanitaire,Lavabo,MEDHUB,ZFL01,Entrepôt 120,corrective,1,0,1
124696,Porte bois 1,Equipement lot archi / Menuiserie ,Porte  bois,MEDHUB,ZFL01,Entrepôt 120,corrective,1,0,1
124702,Porte bois 2,Equipement lot archi / Menuiserie ,Porte  bois,MEDHUB,ZFL01,Entrepôt 120,corrective,1,0,1
124703,Porte bois 1,Equipement lot archi / Menuiserie ,Porte  bois,MEDHUB,ZFL01,Entrepôt 120,corrective,1,0,1
124728,Porte bois 1,Equipement lot archi / Menuiserie ,Porte  bois,MEDHUB,ZFL01,Entrepôt 120,corrective,1,0,1
125055,Spot 2,Equipement éclairage,Spot,MEDHUB,ZFL01,Entrepôt 120,corrective,1,0,1
125062,Spot 1,Equipement éclairage,Spot,MEDHUB,ZFL01,Entrepôt 120,corrective,1,0,1
125125,TGBT 1,Equipement électrique,TGBT,MEDHUB,ZFL01,Entrepôt 120,preventive,0,1,1
125127,TGBT 1,Equipement électrique,TGBT,MEDHUB,ZFL01,Entrepôt 120,preventive,0,1,1
127159,Cloison ,Equipement lot archi / Menuiserie ,Cloison,PPR,PPR01,Ancienne gare maritime,corrective,1,0,1
127585,Fenêtre 1,Equipement lot archi / Menuiserie ,Fenêtre ,PPR,PPR01,Ancienne gare maritime,corrective,1,0,1
127676,Interrupteur d'allumage 2,Equipement éclairage,Interrupteur d'allumage ,PPR,PPR01,Ancienne gare maritime,corrective,1,0,1
127683,Interrupteur d'allumage 1,Equipement éclairage,Interrupteur d'allumage ,PPR,PPR01,Ancienne gare maritime,corrective,1,0,1
127920,Lampe linéaire continue 2,Equipement éclairage,Lampe linéaire continue ,PPR,PPR01,Ancienne gare maritime,corrective,1,0,1
127938,Lavabo 1,Equipement plomberie et sanitaire,Lavabo,PPR,PPR01,Ancienne gare maritime,corrective,1,0,1
128165,Porte 1,Equipement lot archi / Menuiserie ,Porte  bois,PPR,PPR01,Ancienne gare maritime,corrective,1,0,1
128194,Porte 1,Equipement lot archi / Menuiserie ,Porte  bois,PPR,PPR01,Ancienne gare maritime,corrective,1,0,1
128205,Porte 2,Equipement lot archi / Menuiserie ,Porte  bois,PPR,PPR01,Ancienne gare maritime,corrective,1,0,1
128222,Porte 1,Equipement lot archi / Menuiserie ,Porte  bois,PPR,PPR01,Ancienne gare maritime,corrective,1,0,1
128282,Porte 2,Equipement lot archi / Menuiserie ,Porte  bois,PPR,PPR01,Ancienne gare maritime,corrective,1,0,1
128840,Spot 2,Equipement éclairage,Spot,PPR,PPR01,Ancienne gare maritime,corrective,1,0,1
128994,Spot 2,Equipement éclairage,Spot,PPR,PPR01,Ancienne gare maritime,corrective,1,0,1
129268,Ventiloconvecteur 1,Equipement climatisation et VMC,Ventilo-convecteur ,PPR,PPR01,Ancienne gare maritime,preventive,0,1,1
129269,Ventiloconvecteur 1,Equipement climatisation et VMC,Ventilo-convecteur ,PPR,PPR01,Ancienne gare maritime,"corrective, preventive",1,1,2
129270,Ventiloconvecteur 2,Equipement climatisation et VMC,Ventilo-convecteur ,PPR,PPR01,Ancienne gare maritime,preventive,0,1,1
129271,Ventiloconvecteur 1,Equipement climatisation et VMC,Ventilo-convecteur ,PPR,PPR01,Ancienne gare maritime,preventive,0,1,1
129272,Ventiloconvecteur 2,Equipement climatisation et VMC,Ventilo-convecteur ,PPR,PPR01,Ancienne gare maritime,"corrective, preventive",1,1,2
129273,Ventiloconvecteur 1,Equipement climatisation et VMC,Ventilo-convecteur ,PPR,PPR01,Ancienne gare maritime,preventive,0,1,1
129274,Ventiloconvecteur 1,Equipement climatisation et VMC,Ventilo-convecteur ,PPR,PPR01,Ancienne gare maritime,preventive,0,1,1
129275,Ventiloconvecteur 1,Equipement climatisation et VMC,Ventilo-convecteur ,PPR,PPR01,Ancienne gare maritime,preventive,0,1,1
129276,Ventiloconvecteur 1,Equipement climatisation et VMC,Ventilo-convecteur ,PPR,PPR01,Ancienne gare maritime,preventive,0,1,1
129277,Ventiloconvecteur 1,Equipement climatisation et VMC,Ventilo-convecteur ,PPR,PPR01,Ancienne gare maritime,preventive,0,1,1
129278,Ventiloconvecteur 1,Equipement climatisation et VMC,Ventilo-convecteur ,PPR,PPR01,Ancienne gare maritime,preventive,0,1,1
129279,Ventiloconvecteur 1,Equipement climatisation et VMC,Ventilo-convecteur ,PPR,PPR01,Ancienne gare maritime,preventive,0,1,1
129280,Ventiloconvecteur 1,Equipement climatisation et VMC,Ventilo-convecteur ,PPR,PPR01,Ancienne gare maritime,preventive,0,1,1
129281,Ventiloconvecteur 1,Equipement climatisation et VMC,Ventilo-convecteur ,PPR,PPR01,Ancienne gare maritime,preventive,0,1,1
129282,Ventiloconvecteur 1,Equipement climatisation et VMC,Ventilo-convecteur ,PPR,PPR01,Ancienne gare maritime,preventive,0,1,1
129283,Ventiloconvecteur 1,Equipement climatisation et VMC,Ventilo-convecteur ,PPR,PPR01,Ancienne gare maritime,preventive,0,1,1
129284,Ventiloconvecteur 2,Equipement climatisation et VMC,Ventilo-convecteur ,PPR,PPR01,Ancienne gare maritime,preventive,0,1,1
129285,Ventiloconvecteur 3,Equipement climatisation et VMC,Ventilo-convecteur ,PPR,PPR01,Ancienne gare maritime,preventive,0,1,1
129286,Ventiloconvecteur 4,Equipement climatisation et VMC,Ventilo-convecteur ,PPR,PPR01,Ancienne gare maritime,preventive,0,1,1
129287,Ventiloconvecteur 5,Equipement climatisation et VMC,Ventilo-convecteur ,PPR,PPR01,Ancienne gare maritime,preventive,0,1,1
129288,Ventiloconvecteur 6,Equipement climatisation et VMC,Ventilo-convecteur ,PPR,PPR01,Ancienne gare maritime,preventive,0,1,1
129289,Ventiloconvecteur 7,Equipement climatisation et VMC,Ventilo-convecteur ,PPR,PPR01,Ancienne gare maritime,preventive,0,1,1
129290,Ventiloconvecteur 8,Equipement climatisation et VMC,Ventilo-convecteur ,PPR,PPR01,Ancienne gare maritime,preventive,0,1,1
129291,Ventiloconvecteur 9,Equipement climatisation et VMC,Ventilo-convecteur ,PPR,PPR01,Ancienne gare maritime,preventive,0,1,1
129292,Ventiloconvecteur 10,Equipement climatisation et VMC,Ventilo-convecteur ,PPR,PPR01,Ancienne gare maritime,preventive,0,1,1
129293,Ventiloconvecteur 11,Equipement climatisation et VMC,Ventilo-convecteur ,PPR,PPR01,Ancienne gare maritime,preventive,0,1,1
129294,Ventiloconvecteur 12,Equipement climatisation et VMC,Ventilo-convecteur ,PPR,PPR01,Ancienne gare maritime,preventive,0,1,1
129295,Ventiloconvecteur 13,Equipement climatisation et VMC,Ventilo-convecteur ,PPR,PPR01,Ancienne gare maritime,preventive,0,1,1
129296,Ventiloconvecteur 1,Equipement climatisation et VMC,Ventilo-convecteur ,PPR,PPR01,Ancienne gare maritime,preventive,0,1,1
129297,Ventiloconvecteur 2,Equipement climatisation et VMC,Ventilo-convecteur ,PPR,PPR01,Ancienne gare maritime,"corrective, preventive",1,1,2
129298,Ventiloconvecteur 3,Equipement climatisation et VMC,Ventilo-convecteur ,PPR,PPR01,Ancienne gare maritime,preventive,0,1,1
129299,Ventiloconvecteur 4,Equipement climatisation et VMC,Ventilo-convecteur ,PPR,PPR01,Ancienne gare maritime,preventive,0,1,1
129300,Ventiloconvecteur 5,Equipement climatisation et VMC,Ventilo-convecteur ,PPR,PPR01,Ancienne gare maritime,preventive,0,1,1
129301,Ventiloconvecteur 6,Equipement climatisation et VMC,Ventilo-convecteur ,PPR,PPR01,Ancienne gare maritime,preventive,0,1,1
129302,Ventiloconvecteur 7,Equipement climatisation et VMC,Ventilo-convecteur ,PPR,PPR01,Ancienne gare maritime,preventive,0,1,1
129303,Ventiloconvecteur 8,Equipement climatisation et VMC,Ventilo-convecteur ,PPR,PPR01,Ancienne gare maritime,preventive,0,1,1
129304,Ventiloconvecteur 9,Equipement climatisation et VMC,Ventilo-convecteur ,PPR,PPR01,Ancienne gare maritime,preventive,0,1,1
129305,Ventiloconvecteur 10,Equipement climatisation et VMC,Ventilo-convecteur ,PPR,PPR01,Ancienne gare maritime,preventive,0,1,1
129306,Ventiloconvecteur 11,Equipement climatisation et VMC,Ventilo-convecteur ,PPR,PPR01,Ancienne gare maritime,preventive,0,1,1
129307,Ventiloconvecteur 1,Equipement climatisation et VMC,Ventilo-convecteur ,PPR,PPR01,Ancienne gare maritime,preventive,0,1,1
129308,Ventiloconvecteur 2,Equipement climatisation et VMC,Ventilo-convecteur ,PPR,PPR01,Ancienne gare maritime,preventive,0,1,1
129309,Ventiloconvecteur 3,Equipement climatisation et VMC,Ventilo-convecteur ,PPR,PPR01,Ancienne gare maritime,preventive,0,1,1
129310,Ventiloconvecteur 4,Equipement climatisation et VMC,Ventilo-convecteur ,PPR,PPR01,Ancienne gare maritime,preventive,0,1,1
129311,Ventiloconvecteur 5,Equipement climatisation et VMC,Ventilo-convecteur ,PPR,PPR01,Ancienne gare maritime,preventive,0,1,1
129312,Ventiloconvecteur 6,Equipement climatisation et VMC,Ventilo-convecteur ,PPR,PPR01,Ancienne gare maritime,preventive,0,1,1
129313,Ventiloconvecteur 7,Equipement climatisation et VMC,Ventilo-convecteur ,PPR,PPR01,Ancienne gare maritime,preventive,0,1,1
129314,Ventiloconvecteur 8,Equipement climatisation et VMC,Ventilo-convecteur ,PPR,PPR01,Ancienne gare maritime,preventive,0,1,1
129315,Ventiloconvecteur 9,Equipement climatisation et VMC,Ventilo-convecteur ,PPR,PPR01,Ancienne gare maritime,preventive,0,1,1
129316,Ventiloconvecteur 10,Equipement climatisation et VMC,Ventilo-convecteur ,PPR,PPR01,Ancienne gare maritime,preventive,0,1,1
129317,Ventiloconvecteur 11,Equipement climatisation et VMC,Ventilo-convecteur ,PPR,PPR01,Ancienne gare maritime,preventive,0,1,1
129326,WC Sanitaire 1,Equipement plomberie et sanitaire,WC Sanitaire,PPR,PPR01,Ancienne gare maritime,corrective,1,0,1
129327,WC Sanitaire 1,Equipement plomberie et sanitaire,WC Sanitaire,PPR,PPR01,Ancienne gare maritime,corrective,1,0,1
129337,WC Sanitaire 1,Equipement plomberie et sanitaire,WC Sanitaire,PPR,PPR01,Ancienne gare maritime,corrective,1,0,1
129338,WC Sanitaire 1,Equipement plomberie et sanitaire,WC Sanitaire,PPR,PPR01,Ancienne gare maritime,corrective,1,0,1
129344,WC Sanitaire 1,Equipement plomberie et sanitaire,WC Sanitaire,PPR,PPR01,Ancienne gare maritime,corrective,2,0,2
129349,WC Sanitaire 2,Equipement plomberie et sanitaire,WC Sanitaire,PPR,PPR01,Ancienne gare maritime,corrective,1,0,1
132465,Cloison ,Equipement lot archi / Menuiserie ,Cloison,PPR,PPR01,Entree parking TIR,corrective,1,0,1
132514,Mono split 1,Equipement climatisation et VMC,Mono split ,PPR,PPR01,Entree parking TIR,preventive,0,3,3
132515,Mono split 1,Equipement climatisation et VMC,Mono split ,PPR,PPR01,Entree parking TIR,preventive,0,3,3
132516,Mono split 1,Equipement climatisation et VMC,Mono split ,PPR,PPR01,Entree parking TIR,preventive,0,3,3
132630,Cloison ,Equipement lot archi / Menuiserie ,Cloison,PPR,PPR01,PNG PPR,corrective,1,0,1
132633,Dalle ,Element de structure ,Dalle,PPR,PPR01,PNG PPR,corrective,1,0,1
132646,Fenêtre 2,Equipement lot archi / Menuiserie ,Fenêtre ,PPR,PPR01,PNG PPR,corrective,1,0,1
132667,Lavabo 1,Equipement plomberie et sanitaire,Lavabo,PPR,PPR01,PNG PPR,corrective,4,0,4
132668,Mono split 1,Equipement climatisation et VMC,Mono split ,PPR,PPR01,PNG PPR,preventive,0,3,3
132669,Mono split 1,Equipement climatisation et VMC,Mono split ,PPR,PPR01,PNG PPR,preventive,0,3,3
132670,Mono split 1,Equipement climatisation et VMC,Mono split ,PPR,PPR01,PNG PPR,preventive,0,3,3
132683,Porte 1,Equipement lot archi / Menuiserie ,Porte  bois,PPR,PPR01,PNG PPR,corrective,1,0,1
132687,Porte 2,Equipement lot archi / Menuiserie ,Porte  bois,PPR,PPR01,PNG PPR,corrective,2,0,2
132689,Porte 2,Equipement lot archi / Menuiserie ,Porte  bois,PPR,PPR01,PNG PPR,corrective,1,0,1
132725,WC Sanitaire 1,Equipement plomberie et sanitaire,WC Sanitaire,PPR,PPR01,PNG PPR,corrective,1,0,1
132806,Fenêtre 1,Equipement lot archi / Menuiserie ,Fenêtre ,PPR,PPR01,Police exploitation quai 3,corrective,1,0,1
132905,Prise de courant 1,Equipement électrique,Prise de courant ,PPR,PPR01,Police exploitation quai 3,corrective,1,0,1
132933,Bloc autonome secours 1,Equipement éclairage,Bloc autonome secours ,PPR,PPR01,Sanitaire 1 quai 3,corrective,1,0,1
132966,Cloison ,Equipement lot archi / Menuiserie ,Cloison,PPR,PPR01,Sanitaire 1 quai 3,corrective,1,0,1
133000,Dalle ,Element de structure ,Dalle,PPR,PPR01,Sanitaire 1 quai 3,corrective,1,0,1
133042,Interrupteur d'allumage 1,Equipement éclairage,Interrupteur d'allumage ,PPR,PPR01,Sanitaire 1 quai 3,corrective,1,0,1
133058,Lavabo 1,Equipement plomberie et sanitaire,Lavabo,PPR,PPR01,Sanitaire 1 quai 3,corrective,1,0,1
133060,Lavabo 1,Equipement plomberie et sanitaire,Lavabo,PPR,PPR01,Sanitaire 1 quai 3,corrective,1,0,1
133092,Porte 2,Equipement lot archi / Menuiserie ,Porte  bois,PPR,PPR01,Sanitaire 1 quai 3,corrective,1,0,1
133106,Spot 2,Equipement éclairage,Spot,PPR,PPR01,Sanitaire 1 quai 3,corrective,1,0,1
133111,Spot 2,Equipement éclairage,Spot,PPR,PPR01,Sanitaire 1 quai 3,corrective,1,0,1
133118,Spot 1,Equipement éclairage,Spot,PPR,PPR01,Sanitaire 1 quai 3,corrective,1,0,1
133134,WC Sanitaire 2,Equipement plomberie et sanitaire,WC Sanitaire,PPR,PPR01,Sanitaire 1 quai 3,corrective,2,0,2
133140,WC Sanitaire 1,Equipement plomberie et sanitaire,WC Sanitaire,PPR,PPR01,Sanitaire 1 quai 3,corrective,1,0,1
133142,WC Sanitaire 2,Equipement plomberie et sanitaire,WC Sanitaire,PPR,PPR01,Sanitaire 1 quai 3,corrective,1,0,1
133144,WC Sanitaire 1,Equipement plomberie et sanitaire,WC Sanitaire,PPR,PPR01,Sanitaire 1 quai 3,corrective,1,0,1
133215,Lavabo 1,Equipement plomberie et sanitaire,Lavabo,PPR,PPR01,Sanitaire 2 quai 3,corrective,1,0,1
133216,Lavabo 2,Equipement plomberie et sanitaire,Lavabo,PPR,PPR01,Sanitaire 2 quai 3,corrective,2,0,2
133257,WC Sanitaire 4,Equipement plomberie et sanitaire,WC Sanitaire,PPR,PPR01,Sanitaire 2 quai 3,corrective,1,0,1
133267,Bouche VMC 3,Equipement climatisation et VMC,Bouche VMC,PPR,PPR01,Sanitaire quai 1,corrective,1,0,1
133304,"Distributeur papier, serviette 1",Equipement plomberie et sanitaire,"Distributeur papier, serviette",PPR,PPR01,Sanitaire quai 1,corrective,1,0,1
133339,Lavabo 2,Equipement plomberie et sanitaire,Lavabo,PPR,PPR01,Sanitaire quai 1,corrective,1,0,1
133343,Lavabo 3,Equipement plomberie et sanitaire,Lavabo,PPR,PPR01,Sanitaire quai 1,corrective,1,0,1
133354,Porte bois 4,Equipement lot archi / Menuiserie ,Porte  bois,PPR,PPR01,Sanitaire quai 1,corrective,1,0,1
133360,Porte bois 4,Equipement lot archi / Menuiserie ,Porte  bois,PPR,PPR01,Sanitaire quai 1,corrective,2,0,2
133385,WC Sanitaire 3,Equipement plomberie et sanitaire,WC Sanitaire,PPR,PPR01,Sanitaire quai 1,corrective,1,0,1
133389,WC Sanitaire 3,Equipement plomberie et sanitaire,WC Sanitaire,PPR,PPR01,Sanitaire quai 1,corrective,1,0,1
133390,WC Sanitaire 4,Equipement plomberie et sanitaire,WC Sanitaire,PPR,PPR01,Sanitaire quai 1,corrective,1,0,1
133541,Porte 1,Equipement lot archi / Menuiserie ,Porte  bois,PPR,PPR01,Sanitaire quai 5,corrective,1,0,1
133669,Dalle ,Element de structure ,Dalle,PPR,PPR01,Sanitaire quai 7,corrective,2,0,2
133687,Distributeur savon 1,Equipement plomberie et sanitaire,Distributeur savon,PPR,PPR01,Sanitaire quai 7,corrective,1,0,1
133782,Spot 2,Equipement éclairage,Spot,PPR,PPR01,Sanitaire quai 7,corrective,1,0,1
133853,Distributeur savon 2,Equipement plomberie et sanitaire,Distributeur savon,PPR,PPR01,Sanitaire quai 8,corrective,1,0,1
133878,Lavabo 1,Equipement plomberie et sanitaire,Lavabo,PPR,PPR01,Sanitaire quai 8,corrective,1,0,1
133879,Lavabo 2,Equipement plomberie et sanitaire,Lavabo,PPR,PPR01,Sanitaire quai 8,corrective,2,0,2
133904,Spot 2,Equipement éclairage,Spot,PPR,PPR01,Sanitaire quai 8,corrective,1,0,1
133912,Spot 3,Equipement éclairage,Spot,PPR,PPR01,Sanitaire quai 8,corrective,1,0,1
133920,WC Sanitaire 2,Equipement plomberie et sanitaire,WC Sanitaire,PPR,PPR01,Sanitaire quai 8,corrective,2,0,2
133922,WC Sanitaire 1,Equipement plomberie et sanitaire,WC Sanitaire,PPR,PPR01,Sanitaire quai 8,corrective,1,0,1
133971,Dalle ,Element de structure ,Dalle,PPR,PPR01,Sortie parking TIR,corrective,1,0,1
134008,Mono split 1,Equipement climatisation et VMC,Mono split ,PPR,PPR01,Sortie parking TIR,preventive,0,3,3
134009,Mono split 1,Equipement climatisation et VMC,Mono split ,PPR,PPR01,Sortie parking TIR,preventive,0,3,3
134010,Mono split 1,Equipement climatisation et VMC,Mono split ,PPR,PPR01,Sortie parking TIR,preventive,0,3,3
134027,Porte 1,Equipement lot archi / Menuiserie ,Porte  bois,PPR,PPR01,Sortie parking TIR,corrective,1,0,1
134053,Prise de courant 1,Equipement électrique,Prise de courant ,PPR,PPR01,Sortie parking TIR,corrective,1,0,1
135168,Armoire électrique 1,Equipement électrique,Armoire électrique ,TM1,TMPC01,BELVEDERE,preventive,0,3,3
135169,Armoire électrique 2,Equipement électrique,Armoire électrique ,TM1,TMPC01,BELVEDERE,preventive,0,3,3
135170,Armoire électrique 3,Equipement électrique,Armoire électrique ,TM1,TMPC01,BELVEDERE,preventive,0,3,3
135171,Armoire électrique 4,Equipement électrique,Armoire électrique ,TM1,TMPC01,BELVEDERE,preventive,0,3,3
135172,Armoire électrique 1,Equipement électrique,Armoire électrique ,TM1,TMPC01,BELVEDERE,preventive,0,3,3
135173,Armoire électrique 2,Equipement électrique,Armoire électrique ,TM1,TMPC01,BELVEDERE,preventive,0,3,3
135174,Armoire électrique 3,Equipement électrique,Armoire électrique ,TM1,TMPC01,BELVEDERE,preventive,0,3,3
135175,Ascenseur 1,Equipement  de levage,Ascenseur ,TM1,TMPC01,BELVEDERE,preventive,0,3,3
135205,Climatiseur cassette 1,Equipement climatisation et VMC,Climatiseur cassette ,TM1,TMPC01,BELVEDERE,preventive,0,3,3
135604,Pompe à chaleur 1,Equipement climatisation et VMC,Pompe à chaleur,TM1,TMPC01,BELVEDERE,preventive,0,3,3
135714,Spot 3,Equipement éclairage,Spot,TM1,TMPC01,BELVEDERE,corrective,1,0,1
135755,Spot 1,Equipement éclairage,Spot,TM1,TMPC01,BELVEDERE,corrective,1,0,1
135973,TGBT 1,Equipement électrique,TGBT,TM1,TMPC01,BELVEDERE,preventive,0,3,3
136105,Armoire électrique -,Equipement électrique,Armoire électrique ,PPR,GATE3,Zone Billetterie,preventive,0,2,2
136106,Armoire électrique -,Equipement électrique,Armoire électrique ,PPR,GATE3,Zone Billetterie,preventive,0,2,2
136107,Armoire électrique 1,Equipement électrique,Armoire électrique ,PPR,GATE3,Replis Douane,preventive,0,3,3
136108,Armoire électrique 1,Equipement électrique,Armoire électrique ,PPR,GATE3,Bureaux De Fondation,preventive,0,3,3
136109,Armoire électrique 1,Equipement électrique,Armoire électrique ,PPR,GATE3,Nouveaux Bureaux,preventive,0,3,3
136110,Armoire électrique 1,Equipement électrique,Armoire électrique ,PPR,GATE3,Nouveaux Bureaux,preventive,0,3,3
136111,Armoire électrique 1,Equipement électrique,Armoire électrique ,PPR,GATE3,Bureaux DGSN,preventive,0,3,3
136112,Armoire électrique 1,Equipement électrique,Armoire électrique ,PPR,GATE3,Aubettes Douane Entree,preventive,0,2,2
136113,Armoire électrique 1,Equipement électrique,Armoire électrique ,PPR,GATE3,Aubettes Douane Entree,preventive,0,2,2
136114,Armoire électrique 1,Equipement électrique,Armoire électrique ,PPR,GATE3,Aubettes Douane Entree,preventive,0,2,2
136115,Armoire électrique 1,Equipement électrique,Armoire électrique ,PPR,GATE3,Aubettes Douane Entree,preventive,0,2,2
136116,Armoire électrique 1,Equipement électrique,Armoire électrique ,PPR,GATE3,Aubettes Douane Entree,preventive,0,2,2
136117,Armoire électrique 1,Equipement électrique,Armoire électrique ,PPR,GATE3,Aubettes Police Entree,preventive,0,2,2
136118,Armoire électrique 1,Equipement électrique,Armoire électrique ,PPR,GATE3,Aubettes Police Entree,preventive,0,2,2
136119,Armoire électrique 1,Equipement électrique,Armoire électrique ,PPR,GATE3,Aubettes Police Entree,preventive,0,2,2
136120,Armoire électrique 1,Equipement électrique,Armoire électrique ,PPR,GATE3,Aubettes Police Entree,preventive,0,2,2
136121,Armoire électrique 1,Equipement électrique,Armoire électrique ,PPR,GATE3,Aubettes Police Entree,preventive,0,2,2
136122,Armoire électrique 1,Equipement électrique,Armoire électrique ,PPR,GATE3,Aubettes Police Entree,preventive,0,2,2
136123,Armoire électrique 1,Equipement électrique,Armoire électrique ,PPR,GATE3,Aubettes Police Entree,preventive,0,2,2
136124,Armoire électrique 1,Equipement électrique,Armoire électrique ,PPR,GATE3,Aubettes Police Entree,preventive,0,2,2
136125,Armoire électrique 1,Equipement électrique,Armoire électrique ,PPR,GATE3,Aubettes Police Entree,preventive,0,2,2
136126,Armoire électrique 1,Equipement électrique,Armoire électrique ,PPR,GATE3,Aubettes Police Entree,preventive,0,2,2
136127,Armoire électrique 1,Equipement électrique,Armoire électrique ,PPR,GATE3,Aubettes Police Entree,preventive,0,2,2
136128,Armoire électrique 1,Equipement électrique,Armoire électrique ,PPR,GATE3,Aubettes Police Entree,preventive,0,2,2
136129,Armoire électrique 1,Equipement électrique,Armoire électrique ,PPR,GATE3,Aubettes Police Entree,preventive,0,2,2
136130,Armoire électrique 1,Equipement électrique,Armoire électrique ,PPR,GATE3,Aubettes Police Entree,preventive,0,2,2
136131,Armoire électrique 1,Equipement électrique,Armoire électrique ,PPR,GATE3,Aubettes Police Entree,preventive,0,2,2
136132,Armoire électrique 1,Equipement électrique,Armoire électrique ,PPR,GATE3,Zone Billetterie,preventive,0,2,2
136133,Armoire électrique 1,Equipement électrique,Armoire électrique ,PPR,GATE3,Aubettes Police Sortie,preventive,0,2,2
136134,Armoire électrique 2,Equipement électrique,Armoire électrique ,PPR,GATE3,Aubettes Police Sortie,preventive,0,2,2
136135,Armoire électrique 3,Equipement électrique,Armoire électrique ,PPR,GATE3,Aubettes Police Sortie,preventive,0,2,2
136141,Armoire électrique 1,Equipement électrique,Armoire électrique ,PPR,GATE3,Aubettes Check In,preventive,0,2,2
136142,Armoire électrique 2,Equipement électrique,Armoire électrique ,PPR,GATE3,Aubettes Check In,preventive,0,2,2
136143,Armoire électrique 1,Equipement électrique,Armoire électrique ,PPR,GATE3,Zone Billetterie,preventive,0,2,2
136144,Armoire électrique 2,Equipement électrique,Armoire électrique ,PPR,GATE3,Zone Billetterie,preventive,0,2,2
136145,Armoire électrique 3,Equipement électrique,Armoire électrique ,PPR,GATE3,Zone Billetterie,preventive,0,2,2
136146,Armoire électrique 4,Equipement électrique,Armoire électrique ,PPR,GATE3,Zone Billetterie,preventive,0,2,2
136147,Armoire électrique 5,Equipement électrique,Armoire électrique ,PPR,GATE3,Zone Billetterie,preventive,0,2,2
136148,Armoire électrique 1,Equipement électrique,Armoire électrique ,PPR,GATE3,Zone Billetterie,preventive,0,2,2
136149,Armoire électrique 1,Equipement électrique,Armoire électrique ,PPR,GATE3,Zone Billetterie,preventive,0,2,2
136199,Bouche VMC 4,Equipement climatisation et VMC,Bouche VMC,PPR,GATE3,Zone Billetterie,corrective,1,0,1
136236,Cloison ,Equipement lot archi / Menuiserie ,Cloison,PPR,GATE3,Bureau Police Et Douane 1,corrective,1,0,1
136280,Cloison ,Equipement lot archi / Menuiserie ,Cloison,PPR,GATE3,Bureau Police Et Douane 1,corrective,1,0,1
136461,Cloison ,Equipement lot archi / Menuiserie ,Cloison,PPR,GATE3,Aubettes ZB,corrective,4,0,4
136476,Cloison ,Equipement lot archi / Menuiserie ,Cloison,PPR,GATE3,Sanitaire 1,corrective,1,0,1
136542,Cloison ,Equipement lot archi / Menuiserie ,Cloison,PPR,GATE3,Nouveaux Bureaux,corrective,1,0,1
136611,Dalle ,Element de structure ,Dalle,PPR,GATE3,Sanitaire 1,corrective,1,0,1
136637,Distributeur savon 1,Equipement plomberie et sanitaire,Distributeur savon,PPR,GATE3,Sanitaire 1,corrective,1,0,1
136638,Distributeur savon 1,Equipement plomberie et sanitaire,Distributeur savon,PPR,GATE3,Sanitaire 1,corrective,1,0,1
136934,Fenêtre 2,Equipement lot archi / Menuiserie ,Fenêtre ,PPR,GATE3,Bureau Police Et Douane 1,corrective,1,0,1
137025,Fenêtre 1,Equipement lot archi / Menuiserie ,Fenêtre ,PPR,GATE3,Zone Billetterie,corrective,1,0,1
137026,Fenêtre 2,Equipement lot archi / Menuiserie ,Fenêtre ,PPR,GATE3,Zone Billetterie,corrective,1,0,1
137209,Interrupteur d'allumage 1,Equipement éclairage,Interrupteur d'allumage ,PPR,GATE3,Zone Billetterie,corrective,1,0,1
137428,Caisson lumineux 3,Equipement éclairage,Caisson lumineux,PPR,GATE3,Zone Billetterie,corrective,1,0,1
137430,Caisson lumineux 2,Equipement éclairage,Caisson lumineux,PPR,GATE3,Zone Billetterie,corrective,1,0,1
137436,Lavabo 1,Equipement plomberie et sanitaire,Lavabo,PPR,GATE3,Sanitaire 1,corrective,1,0,1
137437,Lavabo 2,Equipement plomberie et sanitaire,Lavabo,PPR,GATE3,Sanitaire 1,corrective,1,0,1
137441,Lavabo 1,Equipement plomberie et sanitaire,Lavabo,PPR,GATE3,Zone Billetterie,corrective,1,0,1
137443,Lavabo 1,Equipement plomberie et sanitaire,Lavabo,PPR,GATE3,Zone Billetterie,corrective,1,0,1
137445,Mono split 1,Equipement climatisation et VMC,Mono split ,PPR,GATE3,Aubettes ZB,preventive,0,2,2
137446,Mono split 1,Equipement climatisation et VMC,Mono split ,PPR,GATE3,Aubettes ZB,preventive,0,2,2
137447,Mono split 1,Equipement climatisation et VMC,Mono split ,PPR,GATE3,Replis Douane,preventive,0,3,3
137448,Mono split 1,Equipement climatisation et VMC,Mono split ,PPR,GATE3,Replis Douane,preventive,0,3,3
137449,Mono split 1,Equipement climatisation et VMC,Mono split ,PPR,GATE3,Replis Douane,preventive,0,3,3
137450,Mono split 1,Equipement climatisation et VMC,Mono split ,PPR,GATE3,Bureaux De Fondation,preventive,0,3,3
137451,Mono split 1,Equipement climatisation et VMC,Mono split ,PPR,GATE3,Bureaux De Fondation,preventive,0,3,3
137452,Mono split 1,Equipement climatisation et VMC,Mono split ,PPR,GATE3,Bureaux De Fondation,preventive,0,3,3
137453,Mono split 1,Equipement climatisation et VMC,Mono split ,PPR,GATE3,Nouveaux Bureaux,preventive,0,3,3
137454,Mono split 1,Equipement climatisation et VMC,Mono split ,PPR,GATE3,Nouveaux Bureaux,preventive,0,3,3
137455,Mono split 1,Equipement climatisation et VMC,Mono split ,PPR,GATE3,Nouveaux Bureaux,preventive,0,3,3
137456,Mono split 1,Equipement climatisation et VMC,Mono split ,PPR,GATE3,Bureaux DGSN,preventive,0,3,3
137457,Mono split 1,Equipement climatisation et VMC,Mono split ,PPR,GATE3,Bureaux DGSN,preventive,0,3,3
137458,Mono split 1,Equipement climatisation et VMC,Mono split ,PPR,GATE3,Bureau Douane,preventive,0,3,3
137459,Mono split 1,Equipement climatisation et VMC,Mono split ,PPR,GATE3,Bureau Douane,preventive,0,3,3
137460,Mono split 1,Equipement climatisation et VMC,Mono split ,PPR,GATE3,Aubettes Douane Entree,preventive,0,2,2
137461,Mono split 1,Equipement climatisation et VMC,Mono split ,PPR,GATE3,Aubettes Douane Entree,preventive,0,2,2
137462,Mono split 1,Equipement climatisation et VMC,Mono split ,PPR,GATE3,Aubettes Douane Entree,preventive,0,2,2
137463,Mono split 1,Equipement climatisation et VMC,Mono split ,PPR,GATE3,Aubettes Douane Entree,preventive,0,2,2
137464,Mono split 1,Equipement climatisation et VMC,Mono split ,PPR,GATE3,Aubettes Douane Entree,preventive,0,2,2
137469,Mono split 1,Equipement climatisation et VMC,Mono split ,PPR,GATE3,Aubettes Police Entree,preventive,0,2,2
137470,Mono split 1,Equipement climatisation et VMC,Mono split ,PPR,GATE3,Aubettes Police Entree,preventive,0,2,2
137471,Mono split 1,Equipement climatisation et VMC,Mono split ,PPR,GATE3,Aubettes Police Entree,preventive,0,2,2
137472,Mono split 1,Equipement climatisation et VMC,Mono split ,PPR,GATE3,Aubettes Police Entree,preventive,0,2,2
137473,Mono split 1,Equipement climatisation et VMC,Mono split ,PPR,GATE3,Aubettes Police Entree,preventive,0,2,2
137474,Mono split 1,Equipement climatisation et VMC,Mono split ,PPR,GATE3,Aubettes Police Entree,preventive,0,2,2
137475,Mono split 1,Equipement climatisation et VMC,Mono split ,PPR,GATE3,Aubettes Police Entree,preventive,0,2,2
137476,Mono split 1,Equipement climatisation et VMC,Mono split ,PPR,GATE3,Aubettes Police Entree,preventive,0,2,2
137477,Mono split 1,Equipement climatisation et VMC,Mono split ,PPR,GATE3,Aubettes Police Entree,preventive,0,2,2
137478,Mono split 1,Equipement climatisation et VMC,Mono split ,PPR,GATE3,Aubettes Police Entree,preventive,0,2,2
137479,Mono split 1,Equipement climatisation et VMC,Mono split ,PPR,GATE3,Aubettes Police Entree,preventive,0,2,2
137480,Mono split 1,Equipement climatisation et VMC,Mono split ,PPR,GATE3,Aubettes Police Entree,preventive,0,2,2
137481,Mono split 1,Equipement climatisation et VMC,Mono split ,PPR,GATE3,Aubettes Police Entree,preventive,0,2,2
137482,Mono split 1,Equipement climatisation et VMC,Mono split ,PPR,GATE3,Aubettes Police Entree,preventive,0,2,2
137483,Mono split 1,Equipement climatisation et VMC,Mono split ,PPR,GATE3,Aubettes Police Entree,preventive,0,2,2
137484,Mono split 1,Equipement climatisation et VMC,Mono split ,PPR,GATE3,Aubettes Police Entree,preventive,0,2,2
137493,Mono split 1,Equipement climatisation et VMC,Mono split ,PPR,GATE3,Bureau Police Et Douane 1,preventive,0,3,3
137494,Mono split 1,Equipement climatisation et VMC,Mono split ,PPR,GATE3,Bureau Police Et Douane 1,preventive,0,3,3
137495,Mono split 1,Equipement climatisation et VMC,Mono split ,PPR,GATE3,Aubettes Check In,preventive,0,2,2
137496,Mono split 1,Equipement climatisation et VMC,Mono split ,PPR,GATE3,Aubettes Check In,preventive,0,2,2
137497,Mono split 1,Equipement climatisation et VMC,Mono split ,PPR,GATE3,Aubettes Check In,preventive,0,2,2
137498,Mono split 1,Equipement climatisation et VMC,Mono split ,PPR,GATE3,Aubettes Check In,preventive,0,2,2
137499,Mono split 1,Equipement climatisation et VMC,Mono split ,PPR,GATE3,Aubettes Check In,preventive,0,2,2
137500,Mono split 1,Equipement climatisation et VMC,Mono split ,PPR,GATE3,Aubettes Check In,preventive,0,2,2
137501,Mono split 1,Equipement climatisation et VMC,Mono split ,PPR,GATE3,Aubettes Check In,preventive,0,2,2
137502,Mono split 1,Equipement climatisation et VMC,Mono split ,PPR,GATE3,Aubettes Check In,preventive,0,2,2
137503,Mono split 1,Equipement climatisation et VMC,Mono split ,PPR,GATE3,Aubettes Check In,preventive,0,2,2
137504,Mono split 1,Equipement climatisation et VMC,Mono split ,PPR,GATE3,Aubettes Check In,preventive,0,2,2
137505,Mono split 1,Equipement climatisation et VMC,Mono split ,PPR,GATE3,Zone Billetterie,preventive,0,3,3
137506,Mono split 1,Equipement climatisation et VMC,Mono split ,PPR,GATE3,Zone Billetterie,preventive,0,3,3
137507,Mono split 1,Equipement climatisation et VMC,Mono split ,PPR,GATE3,Zone Billetterie,preventive,0,3,3
137508,Mono split 1,Equipement climatisation et VMC,Mono split ,PPR,GATE3,Zone Billetterie,preventive,0,3,3
137509,Mono split 1,Equipement climatisation et VMC,Mono split ,PPR,GATE3,Zone Billetterie,preventive,0,3,3
137510,Mono split 1,Equipement climatisation et VMC,Mono split ,PPR,GATE3,Zone Billetterie,preventive,0,3,3
137511,Mono split 1,Equipement climatisation et VMC,Mono split ,PPR,GATE3,Zone Billetterie,preventive,0,3,3
137512,Mono split 1,Equipement climatisation et VMC,Mono split ,PPR,GATE3,Zone Billetterie,preventive,0,3,3
137513,Mono split 1,Equipement climatisation et VMC,Mono split ,PPR,GATE3,Zone Billetterie,preventive,0,3,3
137514,Mono split 1,Equipement climatisation et VMC,Mono split ,PPR,GATE3,Zone Billetterie,preventive,0,3,3
137515,Mono split 1,Equipement climatisation et VMC,Mono split ,PPR,GATE3,Zone Billetterie,preventive,0,3,3
137516,Mono split 1,Equipement climatisation et VMC,Mono split ,PPR,GATE3,Zone Billetterie,preventive,0,3,3
137517,Mono split 1,Equipement climatisation et VMC,Mono split ,PPR,GATE3,Zone Billetterie,preventive,0,3,3
137518,Mono split 1,Equipement climatisation et VMC,Mono split ,PPR,GATE3,Zone Billetterie,preventive,0,3,3
137521,Mono split 1,Equipement climatisation et VMC,Mono split ,PPR,GATE3,Zone Billetterie,preventive,0,3,3
137528,Plafonds ,Equipement lot archi / Menuiserie ,Plafond,PPR,GATE3,Sanitaire 1,corrective,1,0,1
137534,Plafonds ,Equipement lot archi / Menuiserie ,Plafond,PPR,GATE3,Zone Billetterie,corrective,1,0,1
137663,Porte bois 1,Equipement lot archi / Menuiserie ,Porte  bois,PPR,GATE3,Sanitaire 1,corrective,1,0,1
137664,Porte bois 2,Equipement lot archi / Menuiserie ,Porte  bois,PPR,GATE3,Sanitaire 1,corrective,2,0,2
137665,Porte bois 3,Equipement lot archi / Menuiserie ,Porte  bois,PPR,GATE3,Sanitaire 1,corrective,1,0,1
137667,Porte bois 1,Equipement lot archi / Menuiserie ,Porte  bois,PPR,GATE3,Sanitaire 1,corrective,2,0,2
137679,Porte bois 1,Equipement lot archi / Menuiserie ,Porte  bois,PPR,GATE3,Zone Billetterie,corrective,2,0,2
137682,Porte bois 4,Equipement lot archi / Menuiserie ,Porte  bois,PPR,GATE3,Zone Billetterie,corrective,2,0,2
137712,Porte Vitré 2,Equipement lot archi / Menuiserie ,Porte vitrée,PPR,GATE3,Nouveaux Bureaux,corrective,1,0,1
137730,Porte Vitré 1,Equipement lot archi / Menuiserie ,Porte vitrée,PPR,GATE3,Aubettes Police Entree,corrective,2,0,2
137732,Porte Vitré 1,Equipement lot archi / Menuiserie ,Porte vitrée,PPR,GATE3,Aubettes Police Entree,corrective,2,0,2
137779,Poteau ,Element de structure ,Poteau ,PPR,GATE3,Zone Billetterie,corrective,1,0,1
138044,Robinet 1,Equipement plomberie et sanitaire,Robinet ,PPR,GATE3,Nouveaux Bureaux,corrective,1,0,1
138060,Séche main 1,Equipement plomberie et sanitaire,Séche main,PPR,GATE3,Zone Billetterie,corrective,1,0,1
138214,Spot 3,Equipement éclairage,Spot,PPR,GATE3,Zone Billetterie,corrective,1,0,1
138216,Spot 5,Equipement éclairage,Spot,PPR,GATE3,Zone Billetterie,corrective,1,0,1
138234,Toiture ,Element de structure ,Toiture,PPR,GATE3,Zone Billetterie,corrective,1,0,1
138308,WC Sanitaire 2,Equipement plomberie et sanitaire,WC Sanitaire,PPR,GATE3,Sanitaire 1,corrective,1,0,1
138309,WC Sanitaire 3,Equipement plomberie et sanitaire,WC Sanitaire,PPR,GATE3,Sanitaire 1,corrective,1,0,1
138310,WC Sanitaire 1,Equipement plomberie et sanitaire,WC Sanitaire,PPR,GATE3,Sanitaire 1,corrective,1,0,1
138326,WC Sanitaire 1,Equipement plomberie et sanitaire,WC Sanitaire,PPR,GATE3,Zone Billetterie,corrective,1,0,1
138328,WC Sanitaire 3,Equipement plomberie et sanitaire,WC Sanitaire,PPR,GATE3,Zone Billetterie,corrective,1,0,1
138329,WC Sanitaire 4,Equipement plomberie et sanitaire,WC Sanitaire,PPR,GATE3,Zone Billetterie,corrective,1,0,1
138330,WC Sanitaire 5,Equipement plomberie et sanitaire,WC Sanitaire,PPR,GATE3,Zone Billetterie,corrective,2,0,2
138527,CLN ,Equipement lot archi / Menuiserie ,Cloison,TM2,TM02,BO Pilotage,corrective,1,0,1
138533,CLN ,Equipement lot archi / Menuiserie ,Cloison,TM2,TM02,BO Pilotage,corrective,1,0,1
138536,CLN ,Equipement lot archi / Menuiserie ,Cloison,TM2,TM02,BO Pilotage,corrective,2,0,2
138537,CLN ,Equipement lot archi / Menuiserie ,Cloison,TM2,TM02,BO Pilotage,corrective,1,0,1
138593,CLN ,Equipement lot archi / Menuiserie ,Cloison,TM2,TM02,BO Pilotage,corrective,1,0,1
138594,CLN ,Equipement lot archi / Menuiserie ,Cloison,TM2,TM02,BO Pilotage,corrective,1,0,1
138732,IA 1,Equipement éclairage,Interrupteur d'allumage ,TM2,TM02,BO Pilotage,corrective,1,0,1
138734,IA 1,Equipement éclairage,Interrupteur d'allumage ,TM2,TM02,BO Pilotage,corrective,1,0,1
138935,Armoire électrique 1,Equipement électrique,Armoire électrique ,PPR,GATE2,Bureaux douane,preventive,0,2,2
138936,Armoire électrique 1,Equipement électrique,Armoire électrique ,PPR,GATE2,Plateau & aubettes police,preventive,0,1,1
138937,Armoire électrique 2,Equipement électrique,Armoire électrique ,PPR,GATE2,Plateau & aubettes police,preventive,0,1,1
138938,Armoire électrique 3,Equipement électrique,Armoire électrique ,PPR,GATE2,Plateau & aubettes police,preventive,0,1,1
138939,Armoire électrique 4,Equipement électrique,Armoire électrique ,PPR,GATE2,Plateau & aubettes police,preventive,0,1,1
138940,Armoire électrique 5,Equipement électrique,Armoire électrique ,PPR,GATE2,Plateau & aubettes police,preventive,0,1,1
138941,Armoire électrique 1,Equipement électrique,Armoire électrique ,PPR,GATE2,Aubettes douane,preventive,0,2,2
138942,Armoire électrique 1,Equipement électrique,Armoire électrique ,PPR,GATE2,Aubettes douane,preventive,0,2,2
138943,Armoire électrique 1,Equipement électrique,Armoire électrique ,PPR,GATE2,Aubettes douane,preventive,0,2,2
138944,Armoire électrique 1,Equipement électrique,Armoire électrique ,PPR,GATE2,Aubettes douane,preventive,0,2,2
138945,Armoire électrique 1,Equipement électrique,Armoire électrique ,PPR,GATE2,Aubettes douane,preventive,0,2,2
138946,Armoire électrique 1,Equipement électrique,Armoire électrique ,PPR,GATE2,Aubettes douane,preventive,0,2,2
138947,Armoire électrique 1,Equipement électrique,Armoire électrique ,PPR,GATE2,local technique,preventive,0,1,1
138948,Armoire électrique 2,Equipement électrique,Armoire électrique ,PPR,GATE2,local technique,preventive,0,1,1
138949,Armoire électrique 3,Equipement électrique,Armoire électrique ,PPR,GATE2,local technique,preventive,0,1,1
138950,Armoire électrique 4,Equipement électrique,Armoire électrique ,PPR,GATE2,local technique,preventive,0,1,1
138951,Armoire électrique 5,Equipement électrique,Armoire électrique ,PPR,GATE2,local technique,preventive,0,1,1
138952,Armoire électrique 6,Equipement électrique,Armoire électrique ,PPR,GATE2,local technique,preventive,0,1,1
138953,Armoire électrique 1,Equipement électrique,Armoire électrique ,PPR,GATE2,Sanitaire 1,preventive,0,3,3
138954,Armoire électrique 1,Equipement électrique,Armoire électrique ,PPR,GATE2,Sanitaire 1,preventive,0,3,3
139167,Cloison ,Equipement lot archi / Menuiserie ,Cloison,PPR,GATE2,Aubettes douane,corrective,1,0,1
139320,Cloison ,Equipement lot archi / Menuiserie ,Cloison,PPR,GATE2,Entrée gâte 2,corrective,1,0,1
139505,Distributeur savon 1,Equipement plomberie et sanitaire,Distributeur savon,PPR,GATE2,Sanitaire 2,corrective,1,0,1
139651,Fenêtre 2,Equipement lot archi / Menuiserie ,Fenêtre ,PPR,GATE2,Aubettes douane,corrective,1,0,1
139655,Fenêtre 1,Equipement lot archi / Menuiserie ,Fenêtre ,PPR,GATE2,Aubettes douane,corrective,1,0,1
139662,Fenêtre 3,Equipement lot archi / Menuiserie ,Fenêtre ,PPR,GATE2,Aubettes douane,corrective,1,0,1
139665,Fenêtre 1,Equipement lot archi / Menuiserie ,Fenêtre ,PPR,GATE2,Aubettes douane,corrective,1,0,1
139670,Fenêtre 1,Equipement lot archi / Menuiserie ,Fenêtre ,PPR,GATE2,Aubettes douane,corrective,1,0,1
139765,Fenêtre 1,Equipement lot archi / Menuiserie ,Fenêtre ,PPR,GATE2,Plateau & aubettes police,corrective,1,0,1
139775,Fenêtre 1,Equipement lot archi / Menuiserie ,Fenêtre ,PPR,GATE2,Plateau & aubettes police,corrective,1,0,1
140107,Interrupteur d'allumage 1,Equipement éclairage,Interrupteur d'allumage ,PPR,GATE2,Plateau & aubettes police,corrective,1,0,1
140431,Mono split 1,Equipement climatisation et VMC,Mono split ,PPR,GATE2,Bureaux douane et police,preventive,0,3,3
140432,Mono split 1,Equipement climatisation et VMC,Mono split ,PPR,GATE2,Bureaux douane et police,preventive,0,3,3
140433,Mono split 1,Equipement climatisation et VMC,Mono split ,PPR,GATE2,Bureaux douane et police,preventive,0,3,3
140434,Mono split 1,Equipement climatisation et VMC,Mono split ,PPR,GATE2,Bureaux douane et police,preventive,0,3,3
140435,Mono split 1,Equipement climatisation et VMC,Mono split ,PPR,GATE2,Bureaux douane et police,preventive,0,3,3
140436,Mono split 1,Equipement climatisation et VMC,Mono split ,PPR,GATE2,Bureaux douane et police,preventive,0,3,3
140437,Mono split 1,Equipement climatisation et VMC,Mono split ,PPR,GATE2,Bureaux douane et police,preventive,0,3,3
140438,Mono split 1,Equipement climatisation et VMC,Mono split ,PPR,GATE2,Bureaux douane et police,preventive,0,3,3
140439,Mono split 1,Equipement climatisation et VMC,Mono split ,PPR,GATE2,Bureaux douane et police,preventive,0,3,3
140440,Mono split 2,Equipement climatisation et VMC,Mono split ,PPR,GATE2,Bureaux douane et police,preventive,0,3,3
140441,Mono split 1,Equipement climatisation et VMC,Mono split ,PPR,GATE2,Bureaux douane et police,preventive,0,3,3
140442,Mono split 2,Equipement climatisation et VMC,Mono split ,PPR,GATE2,Bureaux douane et police,preventive,0,3,3
140443,Mono split 1,Equipement climatisation et VMC,Mono split ,PPR,GATE2,Bureaux douane,preventive,0,3,3
140444,Mono split 1,Equipement climatisation et VMC,Mono split ,PPR,GATE2,Bureaux douane,preventive,0,3,3
140445,Mono split 1,Equipement climatisation et VMC,Mono split ,PPR,GATE2,Bureaux douane,preventive,0,3,3
140446,Mono split 1,Equipement climatisation et VMC,Mono split ,PPR,GATE2,Bureaux douane,preventive,0,3,3
140447,Mono split 1,Equipement climatisation et VMC,Mono split ,PPR,GATE2,Bureaux douane,preventive,0,3,3
140448,Mono split 1,Equipement climatisation et VMC,Mono split ,PPR,GATE2,Bureaux douane,preventive,0,3,3
140449,Mono split 2,Equipement climatisation et VMC,Mono split ,PPR,GATE2,Bureaux douane,preventive,0,3,3
140450,Mono split 1,Equipement climatisation et VMC,Mono split ,PPR,GATE2,Bureaux douane,preventive,0,3,3
140451,Mono split 2,Equipement climatisation et VMC,Mono split ,PPR,GATE2,Bureaux douane,preventive,0,3,3
140452,Mono split 1,Equipement climatisation et VMC,Mono split ,PPR,GATE2,Bureaux douane,preventive,0,3,3
140453,Mono split 1,Equipement climatisation et VMC,Mono split ,PPR,GATE2,Bureaux douane,preventive,0,3,3
140454,Mono split 1,Equipement climatisation et VMC,Mono split ,PPR,GATE2,Bureaux douane,preventive,0,3,3
140455,Mono split 1,Equipement climatisation et VMC,Mono split ,PPR,GATE2,Magasin,preventive,0,3,3
140456,Mono split 1,Equipement climatisation et VMC,Mono split ,PPR,GATE2,Plateau & aubettes police,preventive,0,3,3
140457,Mono split 1,Equipement climatisation et VMC,Mono split ,PPR,GATE2,Plateau & aubettes police,preventive,0,3,3
140458,Mono split 1,Equipement climatisation et VMC,Mono split ,PPR,GATE2,Aubettes douane,preventive,0,2,2
140459,Mono split 1,Equipement climatisation et VMC,Mono split ,PPR,GATE2,Aubettes douane,preventive,0,2,2
140460,Mono split 1,Equipement climatisation et VMC,Mono split ,PPR,GATE2,Aubettes douane,preventive,0,2,2
140461,Mono split 1,Equipement climatisation et VMC,Mono split ,PPR,GATE2,Aubettes douane,preventive,0,2,2
140462,Mono split 1,Equipement climatisation et VMC,Mono split ,PPR,GATE2,Aubettes douane,preventive,0,2,2
140463,Mono split 1,Equipement climatisation et VMC,Mono split ,PPR,GATE2,Aubettes douane,preventive,0,2,2
140464,Mono split 1,Equipement climatisation et VMC,Mono split ,PPR,GATE2,Plateau & aubettes police,preventive,0,3,3
140465,Mono split 1,Equipement climatisation et VMC,Mono split ,PPR,GATE2,Plateau & aubettes police,preventive,0,3,3
140466,Mono split 1,Equipement climatisation et VMC,Mono split ,PPR,GATE2,Plateau & aubettes police,preventive,0,3,3
140467,Mono split 1,Equipement climatisation et VMC,Mono split ,PPR,GATE2,Plateau & aubettes police,preventive,0,3,3
140468,Mono split 1,Equipement climatisation et VMC,Mono split ,PPR,GATE2,Plateau & aubettes police,preventive,0,3,3
140469,Mono split 1,Equipement climatisation et VMC,Mono split ,PPR,GATE2,Plateau & aubettes police,preventive,0,3,3
140470,Mono split 1,Equipement climatisation et VMC,Mono split ,PPR,GATE2,Plateau & aubettes police,preventive,0,3,3
140471,Mono split 1,Equipement climatisation et VMC,Mono split ,PPR,GATE2,Plateau & aubettes police,preventive,0,3,3
140472,Mono split 1,Equipement climatisation et VMC,Mono split ,PPR,GATE2,Plateau & aubettes police,preventive,0,3,3
140473,Mono split 1,Equipement climatisation et VMC,Mono split ,PPR,GATE2,Plateau & aubettes police,preventive,0,3,3
140474,Mono split 1,Equipement climatisation et VMC,Mono split ,PPR,GATE2,Plateau & aubettes police,preventive,0,3,3
140475,Mono split 1,Equipement climatisation et VMC,Mono split ,PPR,GATE2,Plateau & aubettes police,preventive,0,3,3
140476,Mono split 1,Equipement climatisation et VMC,Mono split ,PPR,GATE2,Plateau & aubettes police,preventive,0,3,3
140477,Mono split 1,Equipement climatisation et VMC,Mono split ,PPR,GATE2,Plateau & aubettes police,preventive,0,3,3
140478,Mono split 1,Equipement climatisation et VMC,Mono split ,PPR,GATE2,Plateau & aubettes police,preventive,0,3,3
140479,Mono split 1,Equipement climatisation et VMC,Mono split ,PPR,GATE2,Plateau & aubettes police,preventive,0,3,3
140480,Mono split 1,Equipement climatisation et VMC,Mono split ,PPR,GATE2,Plateau & aubettes police,preventive,0,3,3
140481,Mono split 1,Equipement climatisation et VMC,Mono split ,PPR,GATE2,Plateau & aubettes police,preventive,0,3,3
140482,Mono split 1,Equipement climatisation et VMC,Mono split ,PPR,GATE2,Plateau & aubettes police,preventive,0,3,3
140483,Mono split 1,Equipement climatisation et VMC,Mono split ,PPR,GATE2,Plateau & aubettes police,preventive,0,3,3
140484,Mono split 1,Equipement climatisation et VMC,Mono split ,PPR,GATE2,Plateau & aubettes police,preventive,0,3,3
140485,Mono split 1,Equipement climatisation et VMC,Mono split ,PPR,GATE2,Plateau & aubettes police,preventive,0,3,3
140486,Mono split 1,Equipement climatisation et VMC,Mono split ,PPR,GATE2,Plateau & aubettes police,preventive,0,3,3
140487,Mono split 1,Equipement climatisation et VMC,Mono split ,PPR,GATE2,Plateau & aubettes police,preventive,0,3,3
140488,Mono split 1,Equipement climatisation et VMC,Mono split ,PPR,GATE2,Plateau & aubettes police,preventive,0,3,3
140489,Mono split 1,Equipement climatisation et VMC,Mono split ,PPR,GATE2,Plateau & aubettes police,preventive,0,3,3
140490,Mono split 1,Equipement climatisation et VMC,Mono split ,PPR,GATE2,Plateau & aubettes police,preventive,0,3,3
140491,Mono split 1,Equipement climatisation et VMC,Mono split ,PPR,GATE2,Plateau & aubettes police,preventive,0,3,3
140492,Mono split 1,Equipement climatisation et VMC,Mono split ,PPR,GATE2,Plateau & aubettes police,preventive,0,3,3
140493,Mono split 1,Equipement climatisation et VMC,Mono split ,PPR,GATE2,Plateau & aubettes police,preventive,0,3,3
140494,Mono split 1,Equipement climatisation et VMC,Mono split ,PPR,GATE2,Plateau & aubettes police,preventive,0,3,3
140495,Mono split 1,Equipement climatisation et VMC,Mono split ,PPR,GATE2,Plateau & aubettes police,preventive,0,3,3
140496,Mono split 1,Equipement climatisation et VMC,Mono split ,PPR,GATE2,Plateau & aubettes police,preventive,0,3,3
140497,Mono split 1,Equipement climatisation et VMC,Mono split ,PPR,GATE2,Plateau & aubettes police,preventive,0,3,3
140498,Mono split 1,Equipement climatisation et VMC,Mono split ,PPR,GATE2,Plateau & aubettes police,preventive,0,3,3
140499,Mono split 1,Equipement climatisation et VMC,Mono split ,PPR,GATE2,Plateau & aubettes police,preventive,0,3,3
140500,Mono split 1,Equipement climatisation et VMC,Mono split ,PPR,GATE2,Bureaux de fondation,preventive,0,1,1
140501,Mono split 1,Equipement climatisation et VMC,Mono split ,PPR,GATE2,Bureaux de fondation,preventive,0,1,1
140502,Mono split 1,Equipement climatisation et VMC,Mono split ,PPR,GATE2,Bureaux de fondation,preventive,0,1,1
140631,Porte 1,Equipement lot archi / Menuiserie ,Porte  bois,PPR,GATE2,Bureaux douane et police,corrective,1,0,1
140649,Porte 1,Equipement lot archi / Menuiserie ,Porte  bois,PPR,GATE2,Bureaux douane et police,corrective,2,0,2
140738,Porte 3,Equipement lot archi / Menuiserie ,Porte  bois,PPR,GATE2,Sanitaire 1,corrective,1,0,1
140749,Porte coupe feu 1,Equipement lot archi / Menuiserie ,Porte coupe feu ,PPR,GATE2,Magasin,corrective,2,0,2
140758,Porte Vitré 2,Equipement lot archi / Menuiserie ,Porte vitrée,PPR,GATE2,Bureaux douane,corrective,1,0,1
140921,Prise de courant 3,Equipement électrique,Prise de courant ,PPR,GATE2,Aubettes douane,corrective,1,0,1
140922,Prise de courant 4,Equipement électrique,Prise de courant ,PPR,GATE2,Aubettes douane,corrective,1,0,1
141314,Spot 2,Equipement éclairage,Spot,PPR,GATE2,Sanitaire 2,corrective,1,0,1
141324,Spot 2,Equipement éclairage,Spot,PPR,GATE2,Sanitaire 2,corrective,1,0,1
141538,WC Sanitaire 2,Equipement plomberie et sanitaire,WC Sanitaire,PPR,GATE2,Sanitaire 2,corrective,1,0,1
141541,WC Sanitaire 1,Equipement plomberie et sanitaire,WC Sanitaire,PPR,GATE2,Sanitaire 2,corrective,1,0,1
149753,Armoire électrique 1,Equipement électrique,Armoire électrique ,TM1,SAS EXPORT,Sas Export PNG,preventive,0,3,3
149754,Armoire électrique 1,Equipement électrique,Armoire électrique ,TM1,SAS EXPORT,Batiment 7-H,preventive,0,2,2
149755,AEL 3,Equipement électrique,Armoire électrique ,TM1,SAS EXPORT,Batiment 8-F,preventive,0,2,2
149756,AEL 2,Equipement électrique,Armoire électrique ,TM1,SAS EXPORT,Batiment 8-F,preventive,0,2,2
149757,AEL 1,Equipement électrique,Armoire électrique ,TM1,SAS EXPORT,Batiment 8-F,preventive,0,2,2
149758,AEL 2,Equipement électrique,Armoire électrique ,TM1,SAS EXPORT,Batiment 8-F,preventive,0,2,2
149759,AEL 1,Equipement électrique,Armoire électrique ,TM1,SAS EXPORT,Batiment 8-F,preventive,0,1,1
149761,Armoire électrique 1,Equipement électrique,Armoire électrique ,TM1,SAS EXPORT,Batiment 1-A,preventive,0,2,2
149762,Armoire électrique 1,Equipement électrique,Armoire électrique ,TM1,SAS EXPORT,Batiment 1-A,preventive,0,2,2
149763,Armoire électrique 3,Equipement électrique,Armoire électrique ,TM1,SAS EXPORT,Batiment 1-A,preventive,0,2,2
149764,Armoire électrique 2,Equipement électrique,Armoire électrique ,TM1,SAS EXPORT,Batiment 1-A,preventive,0,2,2
149765,AEL 1,Equipement électrique,Armoire électrique ,TM1,SAS EXPORT,Batiment 2-B,preventive,0,2,2
149766,AEL 2,Equipement électrique,Armoire électrique ,TM1,SAS EXPORT,Batiment 2-B,preventive,0,2,2
149767,AEL 3,Equipement électrique,Armoire électrique ,TM1,SAS EXPORT,Batiment 2-B,preventive,0,2,2
149768,AEL 1,Equipement électrique,Armoire électrique ,TM1,SAS EXPORT,Batiment 3-C,preventive,0,2,2
149769,AEL 2,Equipement électrique,Armoire électrique ,TM1,SAS EXPORT,Batiment 3-C,preventive,0,2,2
149770,AEL 3,Equipement électrique,Armoire électrique ,TM1,SAS EXPORT,Batiment 3-C,preventive,0,2,2
149771,Armoire électrique 1,Equipement électrique,Armoire électrique ,TM1,SAS EXPORT,Batiment 6-E,preventive,0,2,2
149772,Armoire électrique 2,Equipement électrique,Armoire électrique ,TM1,SAS EXPORT,Batiment 6-E,preventive,0,2,2
149773,Armoire électrique 2,Equipement électrique,Armoire électrique ,TM1,SAS EXPORT,Batiment 6-E,preventive,0,2,2
149774,Armoire électrique 1,Equipement électrique,Armoire électrique ,TM1,SAS EXPORT,Batiment 6-E,preventive,0,2,2
149775,Armoire électrique 3,Equipement électrique,Armoire électrique ,TM1,SAS EXPORT,Batiment 6-E,preventive,0,2,2
149776,Ascenseur 1,Equipement  de levage,Ascenseur ,TM1,SAS EXPORT,Sas Export PNG,preventive,0,3,3
149884,Bloc autonome secours 1,Equipement éclairage,Bloc autonome secours ,TM1,SAS EXPORT,Batiment 4-G,corrective,1,0,1
150081,Centrale de traitement d'air 1,Equipement climatisation et VMC,Centrale de traitement d'air,TM1,SAS EXPORT,Batiment 1-A,preventive,0,1,1
150083,Centrale de traitement d'air 1,Equipement climatisation et VMC,Centrale de traitement d'air,TM1,SAS EXPORT,Batiment 6-E,preventive,0,1,1
150086,Chauffe eau 2,Equipement plomberie et sanitaire,Chauffe eau électrique,TM1,SAS EXPORT,Batiment 4-G,corrective,1,0,1
150133,Cloison ,Equipement lot archi / Menuiserie ,Cloison,TM1,SAS EXPORT,Batiment 1-A,corrective,1,0,1
150301,CLN ,Equipement lot archi / Menuiserie ,Cloison,TM1,SAS EXPORT,Batiment 2-B,corrective,1,0,1
150532,Cloison ,Equipement lot archi / Menuiserie ,Cloison,TM1,SAS EXPORT,Batiment 4-G,corrective,1,0,1
150539,Cloison ,Equipement lot archi / Menuiserie ,Cloison,TM1,SAS EXPORT,Batiment 4-G,corrective,2,0,2
150546,Cloison ,Equipement lot archi / Menuiserie ,Cloison,TM1,SAS EXPORT,Batiment 4-G,corrective,1,0,1
150551,Cloison ,Equipement lot archi / Menuiserie ,Cloison,TM1,SAS EXPORT,Batiment 4-G,corrective,1,0,1
150674,Cloison ,Equipement lot archi / Menuiserie ,Cloison,TM1,SAS EXPORT,Batiment 5-D,corrective,1,0,1
150907,Cloison ,Equipement lot archi / Menuiserie ,Cloison,TM1,SAS EXPORT,Batiment 7-H,corrective,1,0,1
150912,Cloison ,Equipement lot archi / Menuiserie ,Cloison,TM1,SAS EXPORT,Batiment 7-H,corrective,1,0,1
151001,CLN ,Equipement lot archi / Menuiserie ,Cloison,TM1,SAS EXPORT,Batiment 8-F,corrective,1,0,1
151077,Dalle ,Element de structure ,Dalle,TM1,SAS EXPORT,Batiment 1-A,corrective,4,0,4
151078,Dalle ,Element de structure ,Dalle,TM1,SAS EXPORT,Batiment 1-A,corrective,1,0,1
151087,DAL ,Element de structure ,Dalle,TM1,SAS EXPORT,Batiment 3-C,corrective,1,0,1
151097,Dalle ,Element de structure ,Dalle,TM1,SAS EXPORT,Batiment 4-G,corrective,1,0,1
151111,Dalle ,Element de structure ,Dalle,TM1,SAS EXPORT,Batiment 7-H,corrective,1,0,1
151347,DP 1,Equipement plomberie et sanitaire,"Distributeur papier, serviette",TM1,SAS EXPORT,Batiment 3-C,corrective,1,0,1
151379,DP 2,Equipement plomberie et sanitaire,"Distributeur papier, serviette",TM1,SAS EXPORT,Batiment 8-F,corrective,1,0,1
151394,Distributeur savon 1,Equipement plomberie et sanitaire,Distributeur savon,TM1,SAS EXPORT,Batiment 1-A,corrective,1,0,1
151395,Distributeur savon 1,Equipement plomberie et sanitaire,Distributeur savon,TM1,SAS EXPORT,Batiment 1-A,corrective,1,0,1
151407,DSA 1,Equipement plomberie et sanitaire,Distributeur savon,TM1,SAS EXPORT,Batiment 3-C,corrective,1,0,1
151421,Distributeur savon 2,Equipement plomberie et sanitaire,Distributeur savon,TM1,SAS EXPORT,Batiment 6-E,corrective,1,0,1
152353,Fenêtre 1,Equipement lot archi / Menuiserie ,Fenêtre ,TM1,SAS EXPORT,Batiment 6-E,corrective,1,0,1
152397,GC ,Equipement lot archi / Menuiserie ,Gard corp,TM1,SAS EXPORT,Batiment 3-C,corrective,1,0,1
152496,Interrupteur d'allumage 3,Equipement éclairage,Interrupteur d'allumage ,TM1,SAS EXPORT,Batiment 4-G,corrective,1,0,1
152512,Interrupteur d'allumage 1,Equipement éclairage,Interrupteur d'allumage ,TM1,SAS EXPORT,Batiment 4-G,corrective,1,0,1
152571,Interrupteur d'allumage 8,Equipement éclairage,Interrupteur d'allumage ,TM1,SAS EXPORT,Batiment 6-E,corrective,1,0,1
152609,Interrupteur d'allumage 1,Equipement éclairage,Interrupteur d'allumage ,TM1,SAS EXPORT,Batiment 7-H,corrective,1,0,1
152667,Interrupteur d'allumage 21,Equipement éclairage,Interrupteur d'allumage ,TM1,SAS EXPORT,Batiment 1-A,corrective,1,0,1
152758,IA 1,Equipement éclairage,Interrupteur d'allumage ,TM1,SAS EXPORT,Batiment 3-C,corrective,1,0,1
152759,IA 2,Equipement éclairage,Interrupteur d'allumage ,TM1,SAS EXPORT,Batiment 3-C,corrective,1,0,1
152761,IA 4,Equipement éclairage,Interrupteur d'allumage ,TM1,SAS EXPORT,Batiment 3-C,corrective,1,0,1
152883,Interrupteur d'allumage 3,Equipement éclairage,Interrupteur d'allumage ,TM1,SAS EXPORT,Batiment 6-E,corrective,1,0,1
152928,Lampe linéaire continue 1,Equipement éclairage,Lampe linéaire continue ,TM1,SAS EXPORT,Batiment 4-G,corrective,1,0,1
152930,Lampe linéaire continue 4,Equipement éclairage,Lampe linéaire continue ,TM1,SAS EXPORT,Batiment 4-G,corrective,1,0,1
152951,Caisson lumineux 6,Equipement éclairage,Caisson lumineux,TM1,SAS EXPORT,Batiment 4-G,corrective,1,0,1
152984,Caisson lumineux 2,Equipement éclairage,Caisson lumineux,TM1,SAS EXPORT,Batiment 4-G,corrective,1,0,1
152991,Caisson lumineux 2,Equipement éclairage,Caisson lumineux,TM1,SAS EXPORT,Batiment 4-G,corrective,1,0,1
153138,Lampe linéaire continue 2,Equipement éclairage,Lampe linéaire continue ,TM1,SAS EXPORT,Batiment 7-H,corrective,1,0,1
153185,Lampe linéaire continue 11,Equipement éclairage,Lampe linéaire continue ,TM1,SAS EXPORT,Batiment 7-H,corrective,1,0,1
153484,CAL 2,Equipement éclairage,Caisson lumineux,TM1,SAS EXPORT,Batiment 3-C,corrective,1,0,1
153511,LLC 4,Equipement éclairage,Lampe linéaire continue ,TM1,SAS EXPORT,Batiment 3-C,corrective,1,0,1
153520,LLC 3,Equipement éclairage,Lampe linéaire continue ,TM1,SAS EXPORT,Batiment 3-C,corrective,1,0,1
153532,LLC 3,Equipement éclairage,Lampe linéaire continue ,TM1,SAS EXPORT,Batiment 3-C,corrective,1,0,1
153660,Caisson lumineux 2,Equipement éclairage,Caisson lumineux,TM1,SAS EXPORT,Batiment 6-E,corrective,1,0,1
153823,Lampe linéaire continue 7,Equipement éclairage,Lampe linéaire continue ,TM1,SAS EXPORT,Batiment 7-H,corrective,1,0,1
153825,Caisson lumineux 2,Equipement éclairage,Caisson lumineux,TM1,SAS EXPORT,Batiment 6-E,corrective,1,0,1
153833,Lavabo 1,Equipement plomberie et sanitaire,Lavabo,TM1,SAS EXPORT,Sas Export PNG,corrective,2,0,2
153836,Lavabo 1,Equipement plomberie et sanitaire,Lavabo,TM1,SAS EXPORT,Batiment 4-G,corrective,1,0,1
153856,Lavabo 2,Equipement plomberie et sanitaire,Lavabo,TM1,SAS EXPORT,Batiment 6-E,corrective,1,0,1
153876,LVB 1,Equipement plomberie et sanitaire,Lavabo,TM1,SAS EXPORT,Batiment 3-C,corrective,1,0,1
153877,LVB 2,Equipement plomberie et sanitaire,Lavabo,TM1,SAS EXPORT,Batiment 3-C,corrective,1,0,1
153910,LVB 3,Equipement plomberie et sanitaire,Lavabo,TM1,SAS EXPORT,Batiment 8-F,corrective,1,0,1
153915,MSP 1,Equipement climatisation et VMC,Mono split ,TM1,SAS EXPORT,Batiment 8-F,preventive,0,4,4
153916,MSP 1,Equipement climatisation et VMC,Mono split ,TM1,SAS EXPORT,Batiment 8-F,preventive,0,4,4
153917,Mono split 1,Equipement climatisation et VMC,Mono split ,TM1,SAS EXPORT,Batiment 1-A,preventive,0,3,3
153918,MSP 2,Equipement climatisation et VMC,Mono split ,TM1,SAS EXPORT,Batiment 2-B,preventive,0,2,2
153919,MSP 1,Equipement climatisation et VMC,Mono split ,TM1,SAS EXPORT,Batiment 3-C,preventive,0,3,3
153920,Mono split 1,Equipement climatisation et VMC,Mono split ,TM1,SAS EXPORT,Batiment 6-E,preventive,0,3,3
153921,Condenseur 2,Equipement climatisation et VMC,Chambre froide,TM1,SAS EXPORT,Batiment 4-G,preventive,0,2,2
153922,Condenseur 1,Equipement climatisation et VMC,Chambre froide,TM1,SAS EXPORT,Batiment 4-G,preventive,0,2,2
153923,Condenseur 3,Equipement climatisation et VMC,Chambre froide,TM1,SAS EXPORT,Batiment 4-G,preventive,0,2,2
153924,Condenseur 4,Equipement climatisation et VMC,Chambre froide,TM1,SAS EXPORT,Batiment 4-G,preventive,0,2,2
153925,Condenseur 5,Equipement climatisation et VMC,Chambre froide,TM1,SAS EXPORT,Batiment 4-G,preventive,0,2,2
153926,Condenseur 6,Equipement climatisation et VMC,Chambre froide,TM1,SAS EXPORT,Batiment 4-G,preventive,0,2,2
154032,Plafond ,Equipement lot archi / Menuiserie ,Plafond,TM1,SAS EXPORT,Batiment 1-A,corrective,1,0,1
154099,PLFD ,Equipement lot archi / Menuiserie ,Plafond,TM1,SAS EXPORT,Batiment 3-C,corrective,2,0,2
154266,Porte automatique vitrée 1,Equipement lot archi / Menuiserie ,Porte automatique vitrée,TM1,SAS EXPORT,Batiment 1-A,corrective,2,0,2
154268,PAV 2,Equipement lot archi / Menuiserie ,Porte automatique vitrée,TM1,SAS EXPORT,Batiment 2-B,corrective,1,0,1
154276,Porte bois 1,Equipement lot archi / Menuiserie ,Porte  bois,TM1,SAS EXPORT,Sas Export PNG,corrective,1,0,1
154347,Porte bois 1,Equipement lot archi / Menuiserie ,Porte  bois,TM1,SAS EXPORT,Batiment 5-D,corrective,1,0,1
154374,Porte bois 8,Equipement lot archi / Menuiserie ,Porte  bois,TM1,SAS EXPORT,Batiment 6-E,corrective,1,0,1
154416,Porte coupe feu 1,Equipement lot archi / Menuiserie ,Porte coupe feu ,TM1,SAS EXPORT,Batiment 7-H,corrective,1,0,1
154438,POR 5,Equipement lot archi / Menuiserie ,Porte  bois,TM1,SAS EXPORT,Batiment 8-F,corrective,1,0,1
154465,Porte bois 1,Equipement lot archi / Menuiserie ,Porte  bois,TM1,SAS EXPORT,Batiment 1-A,corrective,1,0,1
154470,Porte bois 1,Equipement lot archi / Menuiserie ,Porte  bois,TM1,SAS EXPORT,Batiment 1-A,corrective,1,0,1
154472,Porte bois 3,Equipement lot archi / Menuiserie ,Porte  bois,TM1,SAS EXPORT,Batiment 1-A,corrective,1,0,1
154503,POR 3,Equipement lot archi / Menuiserie ,Porte  bois,TM1,SAS EXPORT,Batiment 2-B,corrective,1,0,1
154522,POR 1,Equipement lot archi / Menuiserie ,Porte  bois,TM1,SAS EXPORT,Batiment 3-C,corrective,2,0,2
154638,Porte Chambre froide 1,Equipement lot archi / Menuiserie ,Porte chambre froid ,TM1,SAS EXPORT,Batiment 4-G,corrective,1,0,1
154641,Porte bois 1,Equipement lot archi / Menuiserie ,Porte  bois,TM1,SAS EXPORT,Batiment 4-G,corrective,1,0,1
154659,Porte sectionnelle 1,"Equipement de sécurité, contôle et exploitation",Porte sectionnelle,TM1,SAS EXPORT,Batiment 4-G,corrective,1,0,1
154667,Porte sectionnelle 9,"Equipement de sécurité, contôle et exploitation",Porte sectionnelle,TM1,SAS EXPORT,Batiment 4-G,corrective,1,0,1
154675,Porte sectionnelle 6,"Equipement de sécurité, contôle et exploitation",Porte sectionnelle,TM1,SAS EXPORT,Batiment 4-G,corrective,1,0,1
154718,Porte Vitrée 1,Equipement lot archi / Menuiserie ,Porte vitrée,TM1,SAS EXPORT,Batiment 6-E,corrective,1,0,1
154942,PRC 1,Equipement électrique,Prise de courant ,TM1,SAS EXPORT,Batiment 3-C,corrective,1,0,1
155109,RIA ( Robinet Incendie Armé ) 2,Equipement de sécurité et incendie,RIA ( Robinet Incendie Armé ),TM1,SAS EXPORT,Batiment 4-G,corrective,1,0,1
155158,Séche main 1,Equipement plomberie et sanitaire,Séche main,TM1,SAS EXPORT,Batiment 4-G,corrective,1,0,1
155235,Spot 2,Equipement éclairage,Spot,TM1,SAS EXPORT,Sas Export PNG,corrective,2,0,2
155239,Spot 2,Equipement éclairage,Spot,TM1,SAS EXPORT,Sas Export PNG,corrective,1,0,1
155273,Spot 1,Equipement éclairage,Spot,TM1,SAS EXPORT,Batiment 4-G,corrective,1,0,1
155281,Spot 3,Equipement éclairage,Spot,TM1,SAS EXPORT,Batiment 4-G,corrective,1,0,1
155329,Spot 1,Equipement éclairage,Spot,TM1,SAS EXPORT,Batiment 5-D,corrective,1,0,1
155409,Spot 1,Equipement éclairage,Spot,TM1,SAS EXPORT,Batiment 7-H,corrective,1,0,1
155421,Spot 1,Equipement éclairage,Spot,TM1,SAS EXPORT,Batiment 7-H,corrective,1,0,1
155446,Spot 5,Equipement éclairage,Spot,TM1,SAS EXPORT,Sas Export PNG,corrective,1,0,1
155482,Spot 3,Equipement éclairage,Spot,TM1,SAS EXPORT,Batiment 1-A,corrective,3,0,3
155511,Spot 2,Equipement éclairage,Spot,TM1,SAS EXPORT,Batiment 1-A,corrective,1,0,1
155519,SP 2,Equipement éclairage,Spot,TM1,SAS EXPORT,Batiment 2-B,corrective,1,0,1
155524,SP 1,Equipement éclairage,Spot,TM1,SAS EXPORT,Batiment 2-B,corrective,1,0,1
155525,SP 2,Equipement éclairage,Spot,TM1,SAS EXPORT,Batiment 2-B,corrective,1,0,1
155537,SP 14,Equipement éclairage,Spot,TM1,SAS EXPORT,Batiment 2-B,corrective,2,0,2
155559,SP 4,Equipement éclairage,Spot,TM1,SAS EXPORT,Batiment 2-B,corrective,1,0,1
155589,SP 1,Equipement éclairage,Spot,TM1,SAS EXPORT,Batiment 3-C,corrective,1,0,1
155592,SP 4,Equipement éclairage,Spot,TM1,SAS EXPORT,Batiment 3-C,corrective,1,0,1
155593,SP 5,Equipement éclairage,Spot,TM1,SAS EXPORT,Batiment 3-C,corrective,1,0,1
155599,SP 6,Equipement éclairage,Spot,TM1,SAS EXPORT,Batiment 3-C,corrective,1,0,1
155630,SP 5,Equipement éclairage,Spot,TM1,SAS EXPORT,Batiment 3-C,corrective,1,0,1
155733,Spot 2,Equipement éclairage,Spot,TM1,SAS EXPORT,Batiment 6-E,corrective,1,0,1
155790,Spot 4,Equipement éclairage,Spot,TM1,SAS EXPORT,Batiment 6-E,corrective,1,0,1
155834,TGBT 1,Equipement électrique,TGBT,TM1,SAS EXPORT,Batiment 8-F,preventive,0,2,2
155835,TGBT 2,Equipement électrique,TGBT,TM1,SAS EXPORT,Batiment 1-A,preventive,0,2,2
155836,TGBT 1,Equipement électrique,TGBT,TM1,SAS EXPORT,Batiment 1-A,preventive,0,2,2
155837,TGBT 1,Equipement électrique,TGBT,TM1,SAS EXPORT,Batiment 2-B,preventive,0,2,2
155838,TGBT 2,Equipement électrique,TGBT,TM1,SAS EXPORT,Batiment 2-B,preventive,0,2,2
155839,TGBT 1,Equipement électrique,TGBT,TM1,SAS EXPORT,Batiment 3-C,preventive,0,2,2
155840,TGBT 2,Equipement électrique,TGBT,TM1,SAS EXPORT,Batiment 3-C,preventive,0,2,2
155868,TCL 1,Equipement climatisation et VMC,Thermostat Clim,TM1,SAS EXPORT,Batiment 2-B,corrective,1,0,1
155883,TCL 1,Equipement climatisation et VMC,Thermostat Clim,TM1,SAS EXPORT,Batiment 3-C,corrective,1,0,1
155947,Ventiloconvecteur 1,Equipement climatisation et VMC,Ventilo-convecteur ,TM1,SAS EXPORT,Sas Export PNG,preventive,0,1,1
155949,Ventilo-convecteur 1,Equipement climatisation et VMC,Ventilo-convecteur ,TM1,SAS EXPORT,Sas Export PNG,preventive,0,1,1
155950,Ventilo-convecteur 1,Equipement climatisation et VMC,Ventilo-convecteur ,TM1,SAS EXPORT,Sas Export PNG,preventive,0,1,1
155951,Ventilo-convecteur 1,Equipement climatisation et VMC,Ventilo-convecteur ,TM1,SAS EXPORT,Sas Export PNG,preventive,0,1,1
155965,Ventiloconvecteur 1,Equipement climatisation et VMC,Ventilo-convecteur ,TM1,SAS EXPORT,Batiment 6-E,preventive,0,1,1
155966,Ventiloconvecteur 1,Equipement climatisation et VMC,Ventilo-convecteur ,TM1,SAS EXPORT,Batiment 6-E,preventive,0,1,1
155967,Ventiloconvecteur 2,Equipement climatisation et VMC,Ventilo-convecteur ,TM1,SAS EXPORT,Batiment 6-E,preventive,0,1,1
155968,Ventiloconvecteur 1,Equipement climatisation et VMC,Ventilo-convecteur ,TM1,SAS EXPORT,Batiment 6-E,preventive,0,1,1
155971,Ventiloconvecteur 2,Equipement climatisation et VMC,Ventilo-convecteur ,TM1,SAS EXPORT,Batiment 6-E,preventive,0,1,1
155972,Ventiloconvecteur 1,Equipement climatisation et VMC,Ventilo-convecteur ,TM1,SAS EXPORT,Batiment 6-E,preventive,0,1,1
155973,Ventiloconvecteur 2,Equipement climatisation et VMC,Ventilo-convecteur ,TM1,SAS EXPORT,Batiment 6-E,preventive,0,1,1
155974,Ventiloconvecteur 1,Equipement climatisation et VMC,Ventilo-convecteur ,TM1,SAS EXPORT,Batiment 6-E,preventive,0,1,1
155975,Ventiloconvecteur 2,Equipement climatisation et VMC,Ventilo-convecteur ,TM1,SAS EXPORT,Batiment 6-E,preventive,0,1,1
155976,Ventiloconvecteur 1,Equipement climatisation et VMC,Ventilo-convecteur ,TM1,SAS EXPORT,Batiment 6-E,preventive,0,1,1
155991,Ventilo-convecteur 1,Equipement climatisation et VMC,Ventilo-convecteur ,TM1,SAS EXPORT,Batiment 1-A,preventive,0,1,1
155992,Ventilo-convecteur 1,Equipement climatisation et VMC,Ventilo-convecteur ,TM1,SAS EXPORT,Batiment 1-A,preventive,0,1,1
155993,Ventilo-convecteur 1,Equipement climatisation et VMC,Ventilo-convecteur ,TM1,SAS EXPORT,Batiment 1-A,preventive,0,1,1
155994,Ventilo-convecteur 1,Equipement climatisation et VMC,Ventilo-convecteur ,TM1,SAS EXPORT,Batiment 1-A,preventive,0,1,1
155995,Ventilo-convecteur 1,Equipement climatisation et VMC,Ventilo-convecteur ,TM1,SAS EXPORT,Batiment 1-A,preventive,0,1,1
155996,Ventilo-convecteur 1,Equipement climatisation et VMC,Ventilo-convecteur ,TM1,SAS EXPORT,Batiment 1-A,preventive,0,1,1
155997,Ventilo-convecteur 2,Equipement climatisation et VMC,Ventilo-convecteur ,TM1,SAS EXPORT,Batiment 1-A,preventive,0,1,1
155998,Ventilo-convecteur 4,Equipement climatisation et VMC,Ventilo-convecteur ,TM1,SAS EXPORT,Batiment 1-A,preventive,0,1,1
155999,Ventilo-convecteur 3,Equipement climatisation et VMC,Ventilo-convecteur ,TM1,SAS EXPORT,Batiment 1-A,preventive,0,1,1
156000,Ventilo-convecteur 1,Equipement climatisation et VMC,Ventilo-convecteur ,TM1,SAS EXPORT,Batiment 1-A,preventive,0,1,1
156001,Ventilo-convecteur 2,Equipement climatisation et VMC,Ventilo-convecteur ,TM1,SAS EXPORT,Batiment 1-A,preventive,0,1,1
156002,Ventilo-convecteur 1,Equipement climatisation et VMC,Ventilo-convecteur ,TM1,SAS EXPORT,Batiment 1-A,preventive,0,1,1
156003,Ventilo-convecteur 1,Equipement climatisation et VMC,Ventilo-convecteur ,TM1,SAS EXPORT,Batiment 1-A,preventive,0,1,1
156004,Ventilo-convecteur 1,Equipement climatisation et VMC,Ventilo-convecteur ,TM1,SAS EXPORT,Batiment 1-A,preventive,0,1,1
156005,Ventilo-convecteur 1,Equipement climatisation et VMC,Ventilo-convecteur ,TM1,SAS EXPORT,Batiment 1-A,preventive,0,1,1
156006,Ventilo-convecteur 1,Equipement climatisation et VMC,Ventilo-convecteur ,TM1,SAS EXPORT,Batiment 1-A,preventive,0,1,1
156007,Ventilo-convecteur 1,Equipement climatisation et VMC,Ventilo-convecteur ,TM1,SAS EXPORT,Batiment 1-A,preventive,0,1,1
156008,Ventilo-convecteur 1,Equipement climatisation et VMC,Ventilo-convecteur ,TM1,SAS EXPORT,Batiment 1-A,preventive,0,1,1
156009,Ventilo-convecteur 1,Equipement climatisation et VMC,Ventilo-convecteur ,TM1,SAS EXPORT,Batiment 1-A,preventive,0,1,1
156010,Ventilo-convecteur 1,Equipement climatisation et VMC,Ventilo-convecteur ,TM1,SAS EXPORT,Batiment 1-A,preventive,0,1,1
156011,Ventilo-convecteur 1,Equipement climatisation et VMC,Ventilo-convecteur ,TM1,SAS EXPORT,Batiment 1-A,preventive,0,1,1
156012,Ventilo-convecteur 1,Equipement climatisation et VMC,Ventilo-convecteur ,TM1,SAS EXPORT,Batiment 1-A,preventive,0,1,1
156013,Ventilo-convecteur 1,Equipement climatisation et VMC,Ventilo-convecteur ,TM1,SAS EXPORT,Batiment 1-A,preventive,0,1,1
156014,Ventilo-convecteur 1,Equipement climatisation et VMC,Ventilo-convecteur ,TM1,SAS EXPORT,Batiment 1-A,preventive,0,1,1
156015,Ventilo-convecteur 3,Equipement climatisation et VMC,Ventilo-convecteur ,TM1,SAS EXPORT,Batiment 1-A,preventive,0,1,1
156016,Ventilo-convecteur 2,Equipement climatisation et VMC,Ventilo-convecteur ,TM1,SAS EXPORT,Batiment 1-A,preventive,0,1,1
156017,VCO 1,Equipement climatisation et VMC,Ventilo-convecteur ,TM1,SAS EXPORT,Batiment 2-B,preventive,0,1,1
156018,VCO 1,Equipement climatisation et VMC,Ventilo-convecteur ,TM1,SAS EXPORT,Batiment 2-B,preventive,0,1,1
156019,VCO 1,Equipement climatisation et VMC,Ventilo-convecteur ,TM1,SAS EXPORT,Batiment 2-B,preventive,0,1,1
156020,VCO 1,Equipement climatisation et VMC,Ventilo-convecteur ,TM1,SAS EXPORT,Batiment 2-B,preventive,0,1,1
156021,VCO 1,Equipement climatisation et VMC,Ventilo-convecteur ,TM1,SAS EXPORT,Batiment 2-B,preventive,0,1,1
156022,VCO 1,Equipement climatisation et VMC,Ventilo-convecteur ,TM1,SAS EXPORT,Batiment 2-B,preventive,0,1,1
156023,VCO 1,Equipement climatisation et VMC,Ventilo-convecteur ,TM1,SAS EXPORT,Batiment 2-B,preventive,0,1,1
156024,VCO 1,Equipement climatisation et VMC,Ventilo-convecteur ,TM1,SAS EXPORT,Batiment 2-B,preventive,0,1,1
156025,VCO 1,Equipement climatisation et VMC,Ventilo-convecteur ,TM1,SAS EXPORT,Batiment 2-B,preventive,0,1,1
156026,VCO 2,Equipement climatisation et VMC,Ventilo-convecteur ,TM1,SAS EXPORT,Batiment 2-B,preventive,0,1,1
156027,VCO 1,Equipement climatisation et VMC,Ventilo-convecteur ,TM1,SAS EXPORT,Batiment 2-B,preventive,0,1,1
156029,VCO 1,Equipement climatisation et VMC,Ventilo-convecteur ,TM1,SAS EXPORT,Batiment 2-B,preventive,0,1,1
156030,VCO 1,Equipement climatisation et VMC,Ventilo-convecteur ,TM1,SAS EXPORT,Batiment 2-B,preventive,0,1,1
156031,VCO 1,Equipement climatisation et VMC,Ventilo-convecteur ,TM1,SAS EXPORT,Batiment 2-B,preventive,0,1,1
156032,VCO 1,Equipement climatisation et VMC,Ventilo-convecteur ,TM1,SAS EXPORT,Batiment 2-B,preventive,0,1,1
156033,VCO 1,Equipement climatisation et VMC,Ventilo-convecteur ,TM1,SAS EXPORT,Batiment 2-B,preventive,0,1,1
156034,VCO 1,Equipement climatisation et VMC,Ventilo-convecteur ,TM1,SAS EXPORT,Batiment 3-C,preventive,0,1,1
156035,VCO 2,Equipement climatisation et VMC,Ventilo-convecteur ,TM1,SAS EXPORT,Batiment 3-C,preventive,0,1,1
156036,VCO 3,Equipement climatisation et VMC,Ventilo-convecteur ,TM1,SAS EXPORT,Batiment 3-C,preventive,0,1,1
156037,VCO 1,Equipement climatisation et VMC,Ventilo-convecteur ,TM1,SAS EXPORT,Batiment 3-C,preventive,0,1,1
156038,VCO 2,Equipement climatisation et VMC,Ventilo-convecteur ,TM1,SAS EXPORT,Batiment 3-C,preventive,0,1,1
156039,VCO 1,Equipement climatisation et VMC,Ventilo-convecteur ,TM1,SAS EXPORT,Batiment 3-C,preventive,0,1,1
156040,VCO 1,Equipement climatisation et VMC,Ventilo-convecteur ,TM1,SAS EXPORT,Batiment 3-C,preventive,0,1,1
156041,VCO 1,Equipement climatisation et VMC,Ventilo-convecteur ,TM1,SAS EXPORT,Batiment 3-C,preventive,0,1,1
156042,VCO 2,Equipement climatisation et VMC,Ventilo-convecteur ,TM1,SAS EXPORT,Batiment 3-C,preventive,0,1,1
156043,VCO 1,Equipement climatisation et VMC,Ventilo-convecteur ,TM1,SAS EXPORT,Batiment 3-C,preventive,0,1,1
156044,VCO 1,Equipement climatisation et VMC,Ventilo-convecteur ,TM1,SAS EXPORT,Batiment 3-C,preventive,0,1,1
156045,VCO 1,Equipement climatisation et VMC,Ventilo-convecteur ,TM1,SAS EXPORT,Batiment 3-C,preventive,0,1,1
156046,VCO 1,Equipement climatisation et VMC,Ventilo-convecteur ,TM1,SAS EXPORT,Batiment 3-C,preventive,0,1,1
156047,VCO 2,Equipement climatisation et VMC,Ventilo-convecteur ,TM1,SAS EXPORT,Batiment 3-C,preventive,0,1,1
156048,VCO 3,Equipement climatisation et VMC,Ventilo-convecteur ,TM1,SAS EXPORT,Batiment 3-C,preventive,0,1,1
156049,VCO 4,Equipement climatisation et VMC,Ventilo-convecteur ,TM1,SAS EXPORT,Batiment 3-C,preventive,0,1,1
156050,VCO 5,Equipement climatisation et VMC,Ventilo-convecteur ,TM1,SAS EXPORT,Batiment 3-C,preventive,0,1,1
156051,VCO 6,Equipement climatisation et VMC,Ventilo-convecteur ,TM1,SAS EXPORT,Batiment 3-C,preventive,0,1,1
156052,VCO 7,Equipement climatisation et VMC,Ventilo-convecteur ,TM1,SAS EXPORT,Batiment 3-C,preventive,0,1,1
156053,VCO 8,Equipement climatisation et VMC,Ventilo-convecteur ,TM1,SAS EXPORT,Batiment 3-C,preventive,0,1,1
156054,VCO 1,Equipement climatisation et VMC,Ventilo-convecteur ,TM1,SAS EXPORT,Batiment 3-C,preventive,0,1,1
156055,VCO 1,Equipement climatisation et VMC,Ventilo-convecteur ,TM1,SAS EXPORT,Batiment 3-C,preventive,0,1,1
156056,VCO 1,Equipement climatisation et VMC,Ventilo-convecteur ,TM1,SAS EXPORT,Batiment 3-C,preventive,0,1,1
156057,VCO 1,Equipement climatisation et VMC,Ventilo-convecteur ,TM1,SAS EXPORT,Batiment 3-C,preventive,0,1,1
156058,VCO 1,Equipement climatisation et VMC,Ventilo-convecteur ,TM1,SAS EXPORT,Batiment 3-C,preventive,0,1,1
156059,VCO 1,Equipement climatisation et VMC,Ventilo-convecteur ,TM1,SAS EXPORT,Batiment 3-C,preventive,0,1,1
156060,VCO 1,Equipement climatisation et VMC,Ventilo-convecteur ,TM1,SAS EXPORT,Batiment 3-C,preventive,0,1,1
156061,VCO 1,Equipement climatisation et VMC,Ventilo-convecteur ,TM1,SAS EXPORT,Batiment 3-C,preventive,0,1,1
156095,Ventilo-convecteur 1,Equipement climatisation et VMC,Ventilo-convecteur ,TM1,SAS EXPORT,Batiment 6-E,preventive,0,1,1
156096,Ventilo-convecteur 1,Equipement climatisation et VMC,Ventilo-convecteur ,TM1,SAS EXPORT,Batiment 6-E,preventive,0,1,1
156097,Ventilo-convecteur 1,Equipement climatisation et VMC,Ventilo-convecteur ,TM1,SAS EXPORT,Batiment 6-E,preventive,0,1,1
156098,Ventilo-convecteur 1,Equipement climatisation et VMC,Ventilo-convecteur ,TM1,SAS EXPORT,Batiment 6-E,preventive,0,1,1
156099,Ventilo-convecteur 1,Equipement climatisation et VMC,Ventilo-convecteur ,TM1,SAS EXPORT,Batiment 6-E,preventive,0,1,1
156100,Ventilo-convecteur 1,Equipement climatisation et VMC,Ventilo-convecteur ,TM1,SAS EXPORT,Batiment 6-E,"corrective, preventive",1,1,2
156101,Ventilo-convecteur 1,Equipement climatisation et VMC,Ventilo-convecteur ,TM1,SAS EXPORT,Batiment 6-E,preventive,0,1,1
156102,Ventilo-convecteur 1,Equipement climatisation et VMC,Ventilo-convecteur ,TM1,SAS EXPORT,Batiment 6-E,preventive,0,1,1
156103,Ventilo-convecteur 1,Equipement climatisation et VMC,Ventilo-convecteur ,TM1,SAS EXPORT,Batiment 6-E,preventive,0,1,1
156104,Ventilo-convecteur 2,Equipement climatisation et VMC,Ventilo-convecteur ,TM1,SAS EXPORT,Batiment 6-E,preventive,0,1,1
156105,Ventilo-convecteur 3,Equipement climatisation et VMC,Ventilo-convecteur ,TM1,SAS EXPORT,Batiment 6-E,preventive,0,1,1
156106,Ventilo-convecteur 1,Equipement climatisation et VMC,Ventilo-convecteur ,TM1,SAS EXPORT,Batiment 6-E,preventive,0,1,1
156107,Ventilo-convecteur 1,Equipement climatisation et VMC,Ventilo-convecteur ,TM1,SAS EXPORT,Batiment 6-E,preventive,0,1,1
156108,Ventilo-convecteur 1,Equipement climatisation et VMC,Ventilo-convecteur ,TM1,SAS EXPORT,Batiment 6-E,preventive,0,1,1
156109,Ventilo-convecteur 1,Equipement climatisation et VMC,Ventilo-convecteur ,TM1,SAS EXPORT,Batiment 6-E,preventive,0,1,1
156110,Ventilo-convecteur 1,Equipement climatisation et VMC,Ventilo-convecteur ,TM1,SAS EXPORT,Batiment 6-E,preventive,0,1,1
156111,Ventilo-convecteur 1,Equipement climatisation et VMC,Ventilo-convecteur ,TM1,SAS EXPORT,Batiment 6-E,preventive,0,1,1
156112,Ventilo-convecteur 1,Equipement climatisation et VMC,Ventilo-convecteur ,TM1,SAS EXPORT,Batiment 6-E,preventive,0,1,1
156113,Ventilo-convecteur 1,Equipement climatisation et VMC,Ventilo-convecteur ,TM1,SAS EXPORT,Batiment 6-E,preventive,0,1,1
156114,Ventilo-convecteur 1,Equipement climatisation et VMC,Ventilo-convecteur ,TM1,SAS EXPORT,Batiment 6-E,preventive,0,1,1
156115,Ventilo-convecteur 2,Equipement climatisation et VMC,Ventilo-convecteur ,TM1,SAS EXPORT,Batiment 6-E,preventive,0,1,1
156116,Ventilo-convecteur 1,Equipement climatisation et VMC,Ventilo-convecteur ,TM1,SAS EXPORT,Batiment 6-E,preventive,0,1,1
156117,Ventilo-convecteur 1,Equipement climatisation et VMC,Ventilo-convecteur ,TM1,SAS EXPORT,Batiment 6-E,preventive,0,1,1
156118,Ventilo-convecteur 1,Equipement climatisation et VMC,Ventilo-convecteur ,TM1,SAS EXPORT,Batiment 6-E,preventive,0,1,1
156123,WC Sanitaire 1,Equipement plomberie et sanitaire,WC Sanitaire,TM1,SAS EXPORT,Batiment 4-G,corrective,3,0,3
156127,WC Sanitaire 5,Equipement plomberie et sanitaire,WC Sanitaire,TM1,SAS EXPORT,Batiment 6-E,corrective,1,0,1
156145,WC Sanitaire 5,Equipement plomberie et sanitaire,WC Sanitaire,TM1,SAS EXPORT,Batiment 6-E,corrective,1,0,1
156154,WC Sanitaire 1,Equipement plomberie et sanitaire,WC Sanitaire,TM1,SAS EXPORT,Batiment 1-A,corrective,2,0,2
156169,WC 1,Equipement plomberie et sanitaire,WC Sanitaire,TM1,SAS EXPORT,Batiment 3-C,corrective,1,0,1
156172,WC 4,Equipement plomberie et sanitaire,WC Sanitaire,TM1,SAS EXPORT,Batiment 3-C,corrective,2,0,2
156174,WC 1,Equipement plomberie et sanitaire,WC Sanitaire,TM1,SAS EXPORT,Batiment 3-C,corrective,1,0,1
156190,WC Sanitaire 2,Equipement plomberie et sanitaire,WC Sanitaire,TM1,SAS EXPORT,Batiment 6-E,corrective,1,0,1
156603,Armoire électrique 1,Equipement électrique,Armoire électrique ,TM2,TM02,PNG,preventive,0,3,3
156604,Armoire électrique 2,Equipement électrique,Armoire électrique ,TM2,TM02,PNG,preventive,0,3,3
156605,Armoire électrique 1,Equipement électrique,Armoire électrique ,TM2,TM02,PNG,preventive,0,3,3
156606,Ascenseur 1,Equipement  de levage,Ascenseur ,TM2,TM02,PNG,preventive,0,3,3
156634,Climatiseur cassette 1,Equipement climatisation et VMC,Climatiseur cassette ,TM2,TM02,PNG,preventive,0,3,3
156635,Climatiseur cassette 1,Equipement climatisation et VMC,Climatiseur cassette ,TM2,TM02,PNG,preventive,0,3,3
156636,Climatiseur cassette 1,Equipement climatisation et VMC,Climatiseur cassette ,TM2,TM02,PNG,preventive,0,3,3
156637,Climatiseur cassette 2,Equipement climatisation et VMC,Climatiseur cassette ,TM2,TM02,PNG,preventive,0,3,3
156639,Climatiseur cassette 1,Equipement climatisation et VMC,Climatiseur cassette ,TM2,TM02,PNG,preventive,0,3,3
156640,Climatiseur cassette 3,Equipement climatisation et VMC,Climatiseur cassette ,TM2,TM02,PNG,preventive,0,3,3
156641,Climatiseur cassette 2,Equipement climatisation et VMC,Climatiseur cassette ,TM2,TM02,PNG,preventive,0,3,3
156642,Climatiseur cassette 1,Equipement climatisation et VMC,Climatiseur cassette ,TM2,TM02,PNG,preventive,0,3,3
156697,Cloison -,Equipement lot archi / Menuiserie ,Cloison,TM2,TM02,PNG,corrective,1,0,1
156708,Cloison -,Equipement lot archi / Menuiserie ,Cloison,TM2,TM02,PNG,corrective,1,0,1
156767,Cloison -,Equipement lot archi / Menuiserie ,Cloison,TM2,TM02,PNG,corrective,1,0,1
156796,Cloison -,Equipement lot archi / Menuiserie ,Cloison,TM2,TM02,PNG,corrective,1,0,1
156836,Cloison -,Equipement lot archi / Menuiserie ,Cloison,TM2,TM02,PNG,corrective,1,0,1
156885,Dalle -,Element de structure ,Dalle,TM2,TM02,PNG,corrective,1,0,1
156888,Dalle -,Element de structure ,Dalle,TM2,TM02,PNG,corrective,1,0,1
156895,"Distributeur papier, serviette 1",Equipement plomberie et sanitaire,"Distributeur papier, serviette",TM2,TM02,PNG,corrective,1,0,1
156896,"Distributeur papier, serviette 1",Equipement plomberie et sanitaire,"Distributeur papier, serviette",TM2,TM02,PNG,corrective,1,0,1
156966,Lampe linéaire continue 2,Equipement éclairage,Lampe linéaire continue ,TM2,TM02,PNG,corrective,1,0,1
157071,Plafond -,Equipement lot archi / Menuiserie ,Plafond,TM2,TM02,PNG,corrective,1,0,1
157072,Plafond -,Equipement lot archi / Menuiserie ,Plafond,TM2,TM02,PNG,corrective,1,0,1
157084,Porte bois 1,Equipement lot archi / Menuiserie ,Porte  bois,TM2,TM02,PNG,corrective,1,0,1
157094,Porte bois 2,Equipement lot archi / Menuiserie ,Porte  bois,TM2,TM02,PNG,corrective,1,0,1
157260,WC Sanitaire 1,Equipement plomberie et sanitaire,WC Sanitaire,TM2,TM02,PNG,corrective,1,0,1
157265,Cloison,Equipement lot archi / Menuiserie ,Cloison,PPR,PPR01,GATE 4,corrective,1,0,1
157365,Porte bois 1,Equipement lot archi / Menuiserie ,Porte  bois,PPR,PPR01,GATE 4,corrective,1,0,1
157402,WC Sanitaire 1,Equipement plomberie et sanitaire,WC Sanitaire,PPR,PPR01,GATE 4,corrective,2,0,2
157449,Armoire électrique 1,Equipement électrique,Armoire électrique ,PPR,PPR01,Sanitaire et douche Quai 6,preventive,0,3,3
157476,Cloison,Equipement lot archi / Menuiserie ,Cloison,PPR,PPR01,Sanitaire et douche Quai 6,corrective,1,0,1
157484,Cloison,Equipement lot archi / Menuiserie ,Cloison,PPR,PPR01,Sanitaire et douche Quai 6,corrective,1,0,1
157585,Porte Aluminium 1,Equipement lot archi / Menuiserie ,Porte aluminium,PPR,PPR01,Sanitaire et douche Quai 6,corrective,1,0,1
157608,Robinet 3,Equipement plomberie et sanitaire,Robinet ,PPR,PPR01,Sanitaire et douche Quai 6,corrective,1,0,1
157618,Spot 1,Equipement éclairage,Spot,PPR,PPR01,Sanitaire et douche Quai 6,corrective,1,0,1
157665,Armoire électrique 1,Equipement électrique,Armoire électrique ,PPR,PPR01,Sanitaire et douche zone de stockage,preventive,0,3,3
157666,Armoire électrique 1,Equipement électrique,Armoire électrique ,PPR,PPR01,Sanitaire et douche zone de stockage,preventive,0,3,3
157667,Armoire électrique 1,Equipement électrique,Armoire électrique ,PPR,PPR01,Sanitaire et douche zone de stockage,preventive,0,3,3
157673,Bouche VMC 4,Equipement climatisation et VMC,Bouche VMC,PPR,PPR01,Sanitaire et douche zone de stockage,corrective,1,0,1
157747,Distributeur savon 2,Equipement plomberie et sanitaire,Distributeur savon,PPR,PPR01,Sanitaire et douche zone de stockage,corrective,1,0,1
157752,Fenêtre 3,Equipement lot archi / Menuiserie ,Fenêtre ,PPR,PPR01,Sanitaire et douche zone de stockage,corrective,1,0,1
157817,Porte aluminium 1,Equipement lot archi / Menuiserie ,Porte aluminium,PPR,PPR01,Sanitaire et douche zone de stockage,corrective,1,0,1
157845,Robinet 2,Equipement plomberie et sanitaire,Robinet ,PPR,PPR01,Sanitaire et douche zone de stockage,corrective,1,0,1
157867,Spot 2,Equipement éclairage,Spot,PPR,PPR01,Sanitaire et douche zone de stockage,corrective,1,0,1
157891,Spot 1,Equipement éclairage,Spot,PPR,PPR01,Sanitaire et douche zone de stockage,corrective,1,0,1
157902,Urinoir 2,Equipement plomberie et sanitaire,Urinoir,PPR,PPR01,Sanitaire et douche zone de stockage,corrective,1,0,1
157909,WC Sanitaire 3,Equipement plomberie et sanitaire,WC Sanitaire,PPR,PPR01,Sanitaire et douche zone de stockage,corrective,2,0,2
157913,WC Sanitaire 3,Equipement plomberie et sanitaire,WC Sanitaire,PPR,PPR01,Sanitaire et douche zone de stockage,corrective,1,0,1
157915,Bloc autonome secours 1,Equipement éclairage,Bloc autonome secours ,PPR,PPR01,Sanitaire et mosquee Quai 6,corrective,1,0,1
157927,Cloison ,Equipement lot archi / Menuiserie ,Cloison,PPR,PPR01,Sanitaire et mosquee Quai 6,corrective,1,0,1
157940,Dalle ,Element de structure ,Dalle,PPR,PPR01,Sanitaire et mosquee Quai 6,corrective,1,0,1
157945,"Distributeur papier, serviette 2",Equipement plomberie et sanitaire,"Distributeur papier, serviette",PPR,PPR01,Sanitaire et mosquee Quai 6,corrective,1,0,1
157972,Interrupteur d'allumage 1,Equipement éclairage,Interrupteur d'allumage ,PPR,PPR01,Sanitaire et mosquee Quai 6,corrective,1,0,1
157983,Lavabo 1,Equipement plomberie et sanitaire,Lavabo,PPR,PPR01,Sanitaire et mosquee Quai 6,corrective,1,0,1
157994,Porte Vitrée 1,Equipement lot archi / Menuiserie ,Porte vitrée,PPR,PPR01,Sanitaire et mosquee Quai 6,corrective,1,0,1
157999,Robinet 3,Equipement plomberie et sanitaire,Robinet ,PPR,PPR01,Sanitaire et mosquee Quai 6,corrective,1,0,1
158003,Robinet 3,Equipement plomberie et sanitaire,Robinet ,PPR,PPR01,Sanitaire et mosquee Quai 6,corrective,1,0,1
158012,Spot 2,Equipement éclairage,Spot,PPR,PPR01,Sanitaire et mosquee Quai 6,corrective,1,0,1
158013,Spot 3,Equipement éclairage,Spot,PPR,PPR01,Sanitaire et mosquee Quai 6,corrective,1,0,1
158022,WC Sanitaire 1,Equipement plomberie et sanitaire,WC Sanitaire,PPR,PPR01,Sanitaire et mosquee Quai 6,corrective,2,0,2
158023,WC Sanitaire 2,Equipement plomberie et sanitaire,WC Sanitaire,PPR,PPR01,Sanitaire et mosquee Quai 6,corrective,2,0,2
158024,WC Sanitaire 3,Equipement plomberie et sanitaire,WC Sanitaire,PPR,PPR01,Sanitaire et mosquee Quai 6,corrective,3,0,3
158025,WC Sanitaire 1,Equipement plomberie et sanitaire,WC Sanitaire,PPR,PPR01,Sanitaire et mosquee Quai 6,corrective,1,0,1
158083,Cloison -,Equipement lot archi / Menuiserie ,Cloison,PPR,PPR01,Batiment operationnel 2,corrective,1,0,1
158348,Caisson lumineux 4,Equipement éclairage,Caisson lumineux,PPR,PPR01,Batiment operationnel 1,corrective,1,0,1
158830,Armoire électrique 1,Equipement électrique,Armoire électrique ,TM1,TMPC01,Gare Maritime TMPC,preventive,0,2,2
158831,Armoire électrique 2,Equipement électrique,Armoire électrique ,TM1,TMPC01,Gare Maritime TMPC,preventive,0,2,2
158832,Armoire électrique 3,Equipement électrique,Armoire électrique ,TM1,TMPC01,Gare Maritime TMPC,preventive,0,2,2
158833,Armoire électrique 1,Equipement électrique,Armoire électrique ,TM1,TMPC01,Gare Maritime TMPC,preventive,0,2,2
158834,Armoire électrique 2,Equipement électrique,Armoire électrique ,TM1,TMPC01,Gare Maritime TMPC,preventive,0,2,2
158835,Armoire électrique 3,Equipement électrique,Armoire électrique ,TM1,TMPC01,Gare Maritime TMPC,preventive,0,2,2
158836,Armoire électrique 7,Equipement électrique,Armoire électrique ,TM1,TMPC01,Gare Maritime TMPC,preventive,0,2,2
158837,Armoire électrique 4,Equipement électrique,Armoire électrique ,TM1,TMPC01,Gare Maritime TMPC,preventive,0,2,2
158838,Ascenseur 1,Equipement  de levage,Ascenseur ,TM1,TMPC01,Gare Maritime TMPC,preventive,0,3,3
158839,Ascenseur 2,Equipement  de levage,Ascenseur ,TM1,TMPC01,Gare Maritime TMPC,preventive,0,3,3
158840,Ascenseur 1,Equipement  de levage,Ascenseur ,TM1,TMPC01,Gare Maritime TMPC,"corrective, preventive",1,3,4
159006,Caisson lumineux 1,Equipement éclairage,Caisson lumineux,TM1,TMPC01,Gare Maritime TMPC,corrective,1,0,1
159083,Cloison ,Equipement lot archi / Menuiserie ,Cloison,TM1,TMPC01,Gare Maritime TMPC,corrective,2,0,2
159256,Cloison ,Equipement lot archi / Menuiserie ,Cloison,TM1,TMPC01,Gare Maritime TMPC,corrective,1,0,1
159264,Cloison ,Equipement lot archi / Menuiserie ,Cloison,TM1,TMPC01,Gare Maritime TMPC,corrective,1,0,1
159399,Cloison ,Equipement lot archi / Menuiserie ,Cloison,TM1,TMPC01,Gare Maritime TMPC,corrective,1,0,1
159423,Cloison ,Equipement lot archi / Menuiserie ,Cloison,TM1,TMPC01,Gare Maritime TMPC,corrective,1,0,1
159479,Cloison ,Equipement lot archi / Menuiserie ,Cloison,TM1,TMPC01,Gare Maritime TMPC,corrective,1,0,1
159590,Dalle ,Element de structure ,Dalle,TM1,TMPC01,Gare Maritime TMPC,corrective,1,0,1
159808,"Distributeur papier, serviette 1",Equipement plomberie et sanitaire,"Distributeur papier, serviette",TM1,TMPC01,Gare Maritime TMPC,corrective,2,0,2
159809,"Distributeur papier, serviette 2",Equipement plomberie et sanitaire,"Distributeur papier, serviette",TM1,TMPC01,Gare Maritime TMPC,corrective,1,0,1
159811,"Distributeur papier, serviette 1",Equipement plomberie et sanitaire,"Distributeur papier, serviette",TM1,TMPC01,Gare Maritime TMPC,corrective,1,0,1
159812,"Distributeur papier, serviette 2",Equipement plomberie et sanitaire,"Distributeur papier, serviette",TM1,TMPC01,Gare Maritime TMPC,corrective,1,0,1
159819,"Distributeur papier, serviette 1",Equipement plomberie et sanitaire,"Distributeur papier, serviette",TM1,TMPC01,Gare Maritime TMPC,corrective,1,0,1
159820,"Distributeur papier, serviette 2",Equipement plomberie et sanitaire,"Distributeur papier, serviette",TM1,TMPC01,Gare Maritime TMPC,corrective,1,0,1
159854,Distributeur savon 2,Equipement plomberie et sanitaire,Distributeur savon,TM1,TMPC01,Gare Maritime TMPC,corrective,1,0,1
159869,Escalator électrique 1,Equipement  de levage,Escalator électrique,TM1,TMPC01,Gare Maritime TMPC,preventive,0,4,4
159870,Escalator électrique 2,Equipement  de levage,Escalator électrique,TM1,TMPC01,Gare Maritime TMPC,preventive,0,4,4
159871,Escalator électrique 3,Equipement  de levage,Escalator électrique,TM1,TMPC01,Gare Maritime TMPC,preventive,0,4,4
159872,Escalator électrique 1,Equipement  de levage,Escalator électrique,TM1,TMPC01,Gare Maritime TMPC,preventive,0,4,4
159943,Gard corp ,Equipement lot archi / Menuiserie ,Gard corp,TM1,TMPC01,Gare Maritime TMPC,corrective,1,0,1
159992,Gard corp ,Equipement lot archi / Menuiserie ,Gard corp,TM1,TMPC01,Gare Maritime TMPC,corrective,1,0,1
160004,Gard corp ,Equipement lot archi / Menuiserie ,Gard corp,TM1,TMPC01,Gare Maritime TMPC,corrective,1,0,1
160316,Lampe linéaire continue 40,Equipement éclairage,Lampe linéaire continue ,TM1,TMPC01,Gare Maritime TMPC,corrective,1,0,1
160404,Lampe linéaire continue 34,Equipement éclairage,Lampe linéaire continue ,TM1,TMPC01,Gare Maritime TMPC,corrective,1,0,1
160425,Lampe linéaire continue 55,Equipement éclairage,Lampe linéaire continue ,TM1,TMPC01,Gare Maritime TMPC,corrective,1,0,1
160835,Lampe linéaire continue 1,Equipement éclairage,Lampe linéaire continue ,TM1,TMPC01,Gare Maritime TMPC,corrective,1,0,1
160852,Lavabo 1,Equipement plomberie et sanitaire,Lavabo,TM1,TMPC01,Gare Maritime TMPC,corrective,1,0,1
160853,Lavabo 1,Equipement plomberie et sanitaire,Lavabo,TM1,TMPC01,Gare Maritime TMPC,corrective,1,0,1
160977,Plafond ,Equipement lot archi / Menuiserie ,Plafond,TM1,TMPC01,Gare Maritime TMPC,corrective,1,0,1
161001,Plafond ,Equipement lot archi / Menuiserie ,Plafond,TM1,TMPC01,Gare Maritime TMPC,corrective,1,0,1
161009,Plafond ,Equipement lot archi / Menuiserie ,Plafond,TM1,TMPC01,Gare Maritime TMPC,corrective,1,0,1
161017,Plafond ,Equipement lot archi / Menuiserie ,Plafond,TM1,TMPC01,Gare Maritime TMPC,corrective,1,0,1
161024,Plafond ,Equipement lot archi / Menuiserie ,Plafond,TM1,TMPC01,Gare Maritime TMPC,corrective,1,0,1
161033,Plafond ,Equipement lot archi / Menuiserie ,Plafond,TM1,TMPC01,Gare Maritime TMPC,corrective,1,0,1
161035,Plafond ,Equipement lot archi / Menuiserie ,Plafond,TM1,TMPC01,Gare Maritime TMPC,corrective,1,0,1
161076,Porte vitrée 2,Equipement lot archi / Menuiserie ,Porte vitrée,TM1,TMPC01,Gare Maritime TMPC,corrective,1,0,1
161078,Porte bois 1,Equipement lot archi / Menuiserie ,Porte  bois,TM1,TMPC01,Gare Maritime TMPC,corrective,2,0,2
161164,Porte vitrée 1,Equipement lot archi / Menuiserie ,Porte vitrée,TM1,TMPC01,Gare Maritime TMPC,corrective,1,0,1
161199,Porte bois 1,Equipement lot archi / Menuiserie ,Porte  bois,TM1,TMPC01,Gare Maritime TMPC,corrective,1,0,1
161361,Poteau ,Element de structure ,Poteau ,TM1,TMPC01,Gare Maritime TMPC,corrective,1,0,1
161422,Poteau ,Element de structure ,Poteau ,TM1,TMPC01,Gare Maritime TMPC,corrective,1,0,1
161498,Prise de courant 1,Equipement électrique,Prise de courant ,TM1,TMPC01,Gare Maritime TMPC,corrective,1,0,1
161512,Prise de courant 1,Equipement électrique,Prise de courant ,TM1,TMPC01,Gare Maritime TMPC,corrective,1,0,1
161527,RIA ( Robinet Incendie Armé ) 1,Equipement de sécurité et incendie,RIA ( Robinet Incendie Armé ),TM1,TMPC01,Gare Maritime TMPC,corrective,1,0,1
161535,Séche main 1,Equipement plomberie et sanitaire,Séche main,TM1,TMPC01,Gare Maritime TMPC,corrective,1,0,1
161697,CGA 1,Equipement climatisation et VMC,Climatiseur Gainable,TM1,TMPC01,Gare Maritime TMPC,preventive,0,1,1
161698,CGA 2,Equipement climatisation et VMC,Climatiseur Gainable,TM1,TMPC01,Gare Maritime TMPC,preventive,0,1,1
161699,CGA 1,Equipement climatisation et VMC,Climatiseur Gainable,TM1,TMPC01,Gare Maritime TMPC,preventive,0,1,1
161700,CGA 2,Equipement climatisation et VMC,Climatiseur Gainable,TM1,TMPC01,Gare Maritime TMPC,preventive,0,1,1
161701,CGA 1,Equipement climatisation et VMC,Climatiseur Gainable,TM1,TMPC01,Gare Maritime TMPC,preventive,0,1,1
161702,CGA 1,Equipement climatisation et VMC,Climatiseur Gainable,TM1,TMPC01,Gare Maritime TMPC,"corrective, preventive",1,1,2
161703,CGA 2,Equipement climatisation et VMC,Climatiseur Gainable,TM1,TMPC01,Gare Maritime TMPC,preventive,0,1,1
161707,WC Sanitaire 1,Equipement plomberie et sanitaire,WC Sanitaire,TM1,TMPC01,Gare Maritime TMPC,corrective,1,0,1
161722,WC Sanitaire 4,Equipement plomberie et sanitaire,WC Sanitaire,TM1,TMPC01,Gare Maritime TMPC,corrective,1,0,1
161723,WC Sanitaire 1,Equipement plomberie et sanitaire,WC Sanitaire,TM1,TMPC01,Gare Maritime TMPC,corrective,1,0,1
161724,WC Sanitaire 1,Equipement plomberie et sanitaire,WC Sanitaire,TM1,TMPC01,Gare Maritime TMPC,corrective,5,0,5
161725,WC Sanitaire 2,Equipement plomberie et sanitaire,WC Sanitaire,TM1,TMPC01,Gare Maritime TMPC,corrective,2,0,2
161729,WC Sanitaire 2,Equipement plomberie et sanitaire,WC Sanitaire,TM1,TMPC01,Gare Maritime TMPC,corrective,1,0,1
161889,Armoire électrique 1,Equipement électrique,Armoire électrique ,TM1,ZEXT01,VTS,preventive,0,3,3
161890,Armoire électrique 2,Equipement électrique,Armoire électrique ,TM1,ZEXT01,VTS,preventive,0,3,3
161891,Armoire électrique 3,Equipement électrique,Armoire électrique ,TM1,ZEXT01,VTS,preventive,0,3,3
161931,Cloison ,Equipement lot archi / Menuiserie ,Cloison,TM1,ZEXT01,VTS,corrective,1,0,1
162052,Caisson lumineux,Equipement éclairage,Caisson lumineux,TM1,ZEXT01,VTS,corrective,1,0,1
162155,Mono split 1,Equipement climatisation et VMC,Mono split ,TM1,ZEXT01,VTS,preventive,0,3,3
162156,Mono split 1,Equipement climatisation et VMC,Mono split ,TM1,ZEXT01,VTS,preventive,0,3,3
162157,Mono split 1,Equipement climatisation et VMC,Mono split ,TM1,ZEXT01,VTS,preventive,0,3,3
162158,Mono split 1,Equipement climatisation et VMC,Mono split ,TM1,ZEXT01,VTS,preventive,0,3,3
162159,Mono split 1,Equipement climatisation et VMC,Mono split ,TM1,ZEXT01,VTS,preventive,0,3,3
162160,Mono split 1,Equipement climatisation et VMC,Mono split ,TM1,ZEXT01,VTS,preventive,0,3,3
162161,Mono split 2,Equipement climatisation et VMC,Mono split ,TM1,ZEXT01,VTS,preventive,0,3,3
162162,Mono split 1,Equipement climatisation et VMC,Mono split ,TM1,ZEXT01,VTS,preventive,0,3,3
162163,Mono split 1,Equipement climatisation et VMC,Mono split ,TM1,ZEXT01,VTS,preventive,0,3,3
162164,Mono split 1,Equipement climatisation et VMC,Mono split ,TM1,ZEXT01,VTS,preventive,0,3,3
162165,Mono split 1,Equipement climatisation et VMC,Mono split ,TM1,ZEXT01,VTS,preventive,0,3,3
162166,Mono split 1,Equipement climatisation et VMC,Mono split ,TM1,ZEXT01,VTS,preventive,0,3,3
162167,Mono split 1,Equipement climatisation et VMC,Mono split ,TM1,ZEXT01,VTS,preventive,0,3,3
162168,Mono split 1,Equipement climatisation et VMC,Mono split ,TM1,ZEXT01,VTS,preventive,0,3,3
162169,Mono split 1,Equipement climatisation et VMC,Mono split ,TM1,ZEXT01,VTS,preventive,0,3,3
162170,Mono split 1,Equipement climatisation et VMC,Mono split ,TM1,ZEXT01,VTS,preventive,0,3,3
162171,Mono split 1,Equipement climatisation et VMC,Mono split ,TM1,ZEXT01,VTS,preventive,0,3,3
162172,Mono split 1,Equipement climatisation et VMC,Mono split ,TM1,ZEXT01,VTS,preventive,0,3,3
162173,Mono split 1,Equipement climatisation et VMC,Mono split ,TM1,ZEXT01,VTS,preventive,0,3,3
162174,Mono split 1,Equipement climatisation et VMC,Mono split ,TM1,ZEXT01,VTS,preventive,0,3,3
162175,Mono split 1,Equipement climatisation et VMC,Mono split ,TM1,ZEXT01,VTS,preventive,0,3,3
162176,Mono split 1,Equipement climatisation et VMC,Mono split ,TM1,ZEXT01,VTS,preventive,0,3,3
162177,Mono split 1,Equipement climatisation et VMC,Mono split ,TM1,ZEXT01,VTS,preventive,0,3,3
162178,Mono split 1,Equipement climatisation et VMC,Mono split ,TM1,ZEXT01,VTS,preventive,0,3,3
162179,Mono split 1,Equipement climatisation et VMC,Mono split ,TM1,ZEXT01,VTS,preventive,0,3,3
162180,Mono split 1,Equipement climatisation et VMC,Mono split ,TM1,ZEXT01,VTS,preventive,0,3,3
162181,Mono split 1,Equipement climatisation et VMC,Mono split ,TM1,ZEXT01,VTS,preventive,0,3,3
162182,Mono split 1,Equipement climatisation et VMC,Mono split ,TM1,ZEXT01,VTS,preventive,0,3,3
162326,Spot 1,Equipement éclairage,Spot,TM1,ZEXT01,VTS,corrective,1,0,1
162343,Spot 2,Equipement éclairage,Spot,TM1,ZEXT01,VTS,corrective,1,0,1
162412,Mono split 1,Equipement climatisation et VMC,Mono split ,MEDHUB,ZFL01,PNG-ZFL1,preventive,0,1,1
162417,Porte Aluminium 1,Equipement lot archi / Menuiserie ,Porte aluminium,MEDHUB,ZFL01,PNG-ZFL1,corrective,1,0,1
162525,Dalle ,Element de structure ,Dalle,PPR,PPR01,Zone Fourgons Bungalow,corrective,1,0,1
162583,Lampe linéaire continue 1,Equipement éclairage,Lampe linéaire continue ,PPR,PPR01,Zone Fourgons Bungalow,corrective,1,0,1
162586,Lampe linéaire continue 2,Equipement éclairage,Lampe linéaire continue ,PPR,PPR01,Zone Fourgons Bungalow,corrective,1,0,1
162595,Mono split 1,Equipement climatisation et VMC,Mono split ,PPR,PPR01,Zone Fourgons Bungalow,preventive,0,3,3
162596,Mono split 1,Equipement climatisation et VMC,Mono split ,PPR,PPR01,Zone Fourgons Bungalow,preventive,0,3,3
162597,Mono split 1,Equipement climatisation et VMC,Mono split ,PPR,PPR01,Zone Fourgons Bungalow,preventive,0,3,3
162598,Mono split 1,Equipement climatisation et VMC,Mono split ,PPR,PPR01,Zone Fourgons Bungalow,preventive,0,3,3
162599,Mono split 1,Equipement climatisation et VMC,Mono split ,PPR,PPR01,Zone Fourgons Bungalow,preventive,0,3,3
162600,Mono split 1,Equipement climatisation et VMC,Mono split ,PPR,PPR01,Zone Fourgons Bungalow,preventive,0,3,3
162601,Mono split 1,Equipement climatisation et VMC,Mono split ,PPR,PPR01,Zone Fourgons Bungalow,preventive,0,3,3
162602,Mono split 1,Equipement climatisation et VMC,Mono split ,PPR,PPR01,Zone Fourgons Bungalow,preventive,0,3,3
162603,Mono split 1,Equipement climatisation et VMC,Mono split ,PPR,PPR01,Zone Fourgons Bungalow,preventive,0,3,3
162604,Mono split 1,Equipement climatisation et VMC,Mono split ,PPR,PPR01,Zone Fourgons Bungalow,preventive,0,3,3
162613,Porte Aluminium 1,Equipement lot archi / Menuiserie ,Porte aluminium,PPR,PPR01,Zone Fourgons Bungalow,corrective,1,0,1
162616,Porte Aluminium 1,Equipement lot archi / Menuiserie ,Porte aluminium,TM1,TM01,Zone Fourgons Guerite,corrective,1,0,1
162677,Prise de courant 2,Equipement électrique,Prise de courant ,PPR,PPR01,Zone Fourgons Bungalow,corrective,1,0,1
162727,Robinet 1,Equipement plomberie et sanitaire,Robinet ,PPR,PPR01,Zone Fourgons Sanitaires,corrective,1,0,1
162728,Robinet 1,Equipement plomberie et sanitaire,Robinet ,PPR,PPR01,Zone Fourgons Sanitaires,corrective,1,0,1
162743,Spot 2,Equipement éclairage,Spot,PPR,PPR01,Zone Fourgons Sanitaires,corrective,1,0,1
162772,WC Sanitaire 1,Equipement plomberie et sanitaire,WC Sanitaire,PPR,PPR01,Zone Fourgons Sanitaires,corrective,2,0,2
162773,WC Sanitaire 2,Equipement plomberie et sanitaire,WC Sanitaire,PPR,PPR01,Zone Fourgons Sanitaires,corrective,2,0,2
162775,WC Sanitaire 2,Equipement plomberie et sanitaire,WC Sanitaire,PPR,PPR01,Zone Fourgons Sanitaires,corrective,2,0,2
162863,Armoire électrique 1,Equipement électrique,Armoire électrique ,TM1,SAS IMPORT,Scanner Sas Import,preventive,0,3,3
162864,Armoire électrique 1,Equipement électrique,Armoire électrique ,TM1,SAS IMPORT,Scanner Sas Import,preventive,0,2,2
162865,Armoire électrique 1,Equipement électrique,Armoire électrique ,TM1,SAS IMPORT,Scanner Sas Import,preventive,0,3,3
162866,Armoire électrique 2,Equipement électrique,Armoire électrique ,TM1,SAS IMPORT,Scanner Sas Import,preventive,0,3,3
162867,Armoire électrique 1,Equipement électrique,Armoire électrique ,TM1,SAS IMPORT,Scanner Sas Import,preventive,0,3,3
162868,Armoire électrique 2,Equipement électrique,Armoire électrique ,TM1,SAS IMPORT,Scanner Sas Import,preventive,0,3,3
162869,Armoire électrique 1,Equipement électrique,Armoire électrique ,TM1,SAS IMPORT,Sanitaire Sas Import,preventive,0,3,3
162870,Armoire électrique 2,Equipement électrique,Armoire électrique ,TM1,SAS IMPORT,Sanitaire Sas Import,preventive,0,3,3
162871,Armoire électrique 3,Equipement électrique,Armoire électrique ,TM1,SAS IMPORT,Sanitaire Sas Import,preventive,0,3,3
162872,Armoire électrique 1,Equipement électrique,Armoire électrique ,TM1,SAS IMPORT,PNG Sas Import,preventive,0,3,3
162873,Armoire électrique 2,Equipement électrique,Armoire électrique ,TM1,SAS IMPORT,PNG Sas Import,preventive,0,3,3
163156,Cloison ,Equipement lot archi / Menuiserie ,Cloison,TM1,SAS IMPORT,Sanitaire Sas Import,corrective,1,0,1
163168,Cloison ,Equipement lot archi / Menuiserie ,Cloison,TM1,SAS IMPORT,PNG Sas Import,corrective,1,0,1
163178,Cloison ,Equipement lot archi / Menuiserie ,Cloison,TM1,SAS IMPORT,Sanitaire Sas Import,corrective,1,0,1
163199,Cloison ,Equipement lot archi / Menuiserie ,Cloison,TM1,SAS IMPORT,Scanner Sas Import,corrective,1,0,1
163219,Dalle ,Element de structure ,Dalle,TM1,SAS IMPORT,Scanner Sas Import,corrective,1,0,1
163378,Fenêtre 3,Equipement lot archi / Menuiserie ,Fenêtre ,TM1,SAS IMPORT,Batiment douane sortie vide,corrective,1,0,1
163400,Fenêtre 1,Equipement lot archi / Menuiserie ,Fenêtre ,TM1,SAS IMPORT,Batiment douane sortie plein,corrective,2,0,2
163448,Fenêtre 1,Equipement lot archi / Menuiserie ,Fenêtre ,TM1,SAS IMPORT,Batiment douane sortie vide,corrective,1,0,1
163461,Fenêtre 2,Equipement lot archi / Menuiserie ,Fenêtre ,TM1,SAS IMPORT,Batiment douane sortie plein,corrective,1,0,1
163562,Interrupteur d'allumage 2,Equipement éclairage,Interrupteur d'allumage ,TM1,SAS IMPORT,Batiment douane sortie vide,corrective,1,0,1
163650,Lavabo 1,Equipement plomberie et sanitaire,Lavabo,TM1,SAS IMPORT,PNG Sas Import,corrective,1,0,1
163654,Lavabo 1,Equipement plomberie et sanitaire,Lavabo,TM1,SAS IMPORT,Sanitaire Sas Import,corrective,2,0,2
163655,Lavabo 2,Equipement plomberie et sanitaire,Lavabo,TM1,SAS IMPORT,Sanitaire Sas Import,corrective,1,0,1
163657,Lavabo 1,Equipement plomberie et sanitaire,Lavabo,TM1,SAS IMPORT,Sanitaire Sas Import,corrective,1,0,1
163658,Mono split 1,Equipement climatisation et VMC,Mono split ,TM1,SAS IMPORT,PNG Sas Import,preventive,0,3,3
163659,Mono split 1,Equipement climatisation et VMC,Mono split ,TM1,SAS IMPORT,Scanner Sas Import,preventive,0,3,3
163660,Mono split 1,Equipement climatisation et VMC,Mono split ,TM1,SAS IMPORT,Scanner Sas Import,preventive,0,3,3
163661,Mono split 1,Equipement climatisation et VMC,Mono split ,TM1,SAS IMPORT,Batiment douane sortie vide,preventive,0,1,1
163662,Mono split 1,Equipement climatisation et VMC,Mono split ,TM1,SAS IMPORT,Batiment douane sortie vide,preventive,0,1,1
163663,Mono split 1,Equipement climatisation et VMC,Mono split ,TM1,SAS IMPORT,Batiment douane sortie vide,preventive,0,1,1
163664,Mono split 1,Equipement climatisation et VMC,Mono split ,TM1,SAS IMPORT,Batiment douane sortie vide,preventive,0,1,1
163665,Mono split 1,Equipement climatisation et VMC,Mono split ,TM1,SAS IMPORT,Batiment douane sortie vide,preventive,0,1,1
163666,Mono split 1,Equipement climatisation et VMC,Mono split ,TM1,SAS IMPORT,Batiment douane sortie vide,preventive,0,1,1
163667,Mono split 1,Equipement climatisation et VMC,Mono split ,TM1,SAS IMPORT,Batiment douane sortie vide,preventive,0,1,1
163668,Mono split 1,Equipement climatisation et VMC,Mono split ,TM1,SAS IMPORT,Batiment douane sortie vide,preventive,0,1,1
163669,Mono split 1,Equipement climatisation et VMC,Mono split ,TM1,SAS IMPORT,Batiment douane sortie vide,preventive,0,1,1
163670,Mono split 1,Equipement climatisation et VMC,Mono split ,TM1,SAS IMPORT,Batiment douane sortie vide,preventive,0,1,1
163671,Mono split 1,Equipement climatisation et VMC,Mono split ,TM1,SAS IMPORT,Batiment douane sortie vide,preventive,0,1,1
163672,Mono split 1,Equipement climatisation et VMC,Mono split ,TM1,SAS IMPORT,Batiment douane sortie vide,preventive,0,1,1
163673,Mono split 1,Equipement climatisation et VMC,Mono split ,TM1,SAS IMPORT,Batiment douane sortie vide,preventive,0,1,1
163674,Mono split 1,Equipement climatisation et VMC,Mono split ,TM1,SAS IMPORT,Batiment douane sortie vide,preventive,0,1,1
163675,Mono split 1,Equipement climatisation et VMC,Mono split ,TM1,SAS IMPORT,Batiment douane sortie vide,preventive,0,1,1
163676,Mono split 1,Equipement climatisation et VMC,Mono split ,TM1,SAS IMPORT,Batiment douane sortie vide,preventive,0,1,1
163779,Porte bois 1,Equipement lot archi / Menuiserie ,Porte  bois,TM1,SAS IMPORT,PNG Sas Import,corrective,1,0,1
163786,Porte bois 1,Equipement lot archi / Menuiserie ,Porte  bois,TM1,SAS IMPORT,Sanitaire Sas Import,corrective,1,0,1
163800,Porte vitrée 1,Equipement lot archi / Menuiserie ,Porte vitrée,TM1,SAS IMPORT,Scanner Sas Import,corrective,1,0,1
163871,Prise de courant 2,Equipement électrique,Prise de courant ,TM1,SAS IMPORT,Batiment douane sortie vide,corrective,1,0,1
163874,Prise de courant 1,Equipement électrique,Prise de courant ,TM1,SAS IMPORT,Batiment douane sortie vide,corrective,1,0,1
163880,Prise de courant 1,Equipement électrique,Prise de courant ,TM1,SAS IMPORT,Batiment douane sortie plein,corrective,1,0,1
163932,Projecteur 1,Equipement éclairage,Projecteur,TM1,SAS IMPORT,Scanner Sas Import,corrective,1,0,1
163934,Projecteur 3,Equipement éclairage,Projecteur,TM1,SAS IMPORT,Scanner Sas Import,corrective,1,0,1
163943,Projecteur 4,Equipement éclairage,Projecteur,TM1,SAS IMPORT,Scanner Sas Import,corrective,1,0,1
163965,RIA ( Robinet Incendie Armé ) 1,Equipement de sécurité et incendie,RIA ( Robinet Incendie Armé ),TM1,SAS IMPORT,Scanner Sas Import,corrective,1,0,1
163981,Split Ext 1,Equipement climatisation et VMC,Split Ext,TM1,SAS IMPORT,Batiment douane sortie plein,corrective,1,0,1
164063,Spot 1,Equipement éclairage,Spot,TM1,SAS IMPORT,PNG Sas Import,corrective,1,0,1
164065,Spot 1,Equipement éclairage,Spot,TM1,SAS IMPORT,Sanitaire Sas Import,corrective,1,0,1
164072,Spot 8,Equipement éclairage,Spot,TM1,SAS IMPORT,Sanitaire Sas Import,corrective,1,0,1
164075,Spot 3,Equipement éclairage,Spot,TM1,SAS IMPORT,Sanitaire Sas Import,corrective,1,0,1
164081,Spot 9,Equipement éclairage,Spot,TM1,SAS IMPORT,Sanitaire Sas Import,corrective,1,0,1
164118,WC Sanitaire 1,Equipement plomberie et sanitaire,WC Sanitaire,TM1,SAS IMPORT,Sanitaire Sas Import,corrective,1,0,1
164119,WC Sanitaire 2,Equipement plomberie et sanitaire,WC Sanitaire,TM1,SAS IMPORT,Sanitaire Sas Import,corrective,1,0,1
164120,WC Sanitaire 3,Equipement plomberie et sanitaire,WC Sanitaire,TM1,SAS IMPORT,Sanitaire Sas Import,corrective,1,0,1
164123,WC Sanitaire 1,Equipement plomberie et sanitaire,WC Sanitaire,TM1,SAS IMPORT,Sanitaire Sas Import,corrective,1,0,1
164362,Lampe linéaire continue 1,Equipement éclairage,Lampe linéaire continue ,TM1,TMPC01,Secteur 6,corrective,1,0,1
164389,Lampe linéaire continue 1,Equipement éclairage,Lampe linéaire continue ,TM1,TMPC01,Secteur 6,corrective,3,0,3
164398,Lampe linéaire continue 1,Equipement éclairage,Lampe linéaire continue ,TM1,TMPC01,Secteur 6,corrective,2,0,2
164428,Lampe linéaire continue 2,Equipement éclairage,Lampe linéaire continue ,TM1,TMPC01,Secteur 2,corrective,1,0,1
164889,Ascenseur 1,Equipement  de levage,Ascenseur ,TM1,TMPC01,Secteur 1,preventive,0,3,3
164890,Armoire électrique 1,Equipement électrique,Armoire électrique ,TM1,TMPC01,Secteur 3,preventive,0,3,3
164891,Armoire électrique 1,Equipement électrique,Armoire électrique ,TM1,TMPC01,Secteur 4,preventive,0,1,1
164892,Armoire électrique 1,Equipement électrique,Armoire électrique ,TM1,TMPC01,Secteur 3,preventive,0,3,3
164893,Armoire électrique 1,Equipement électrique,Armoire électrique ,TM1,TMPC01,Secteur 3,preventive,0,3,3
164894,Armoire électrique 2,Equipement électrique,Armoire électrique ,TM1,TMPC01,Secteur 3,preventive,0,3,3
164895,Armoire électrique 1,Equipement électrique,Armoire électrique ,TM1,TMPC01,Secteur 3,preventive,0,3,3
164896,Armoire électrique 1,Equipement électrique,Armoire électrique ,TM1,TMPC01,Secteur 4,preventive,0,1,1
164897,Armoire électrique 1,Equipement électrique,Armoire électrique ,TM1,TMPC01,Secteur 3,preventive,0,3,3
164898,Armoire électrique 2,Equipement électrique,Armoire électrique ,TM1,TMPC01,Secteur 1,preventive,0,3,3
164899,Armoire électrique 2,Equipement électrique,Armoire électrique ,TM1,TMPC01,Secteur 1,preventive,0,3,3
164900,Armoire électrique 1,Equipement électrique,Armoire électrique ,MEDHUB,ZFL01,Secteur 4,preventive,0,1,1
164901,Armoire électrique 1,Equipement électrique,Armoire électrique ,TM1,TMPC01,Secteur 3,preventive,0,3,3
164902,Armoire électrique 1,Equipement électrique,Armoire électrique ,MEDHUB,ZFL01,Secteur 4,preventive,0,1,1
164903,Armoire électrique 1,Equipement électrique,Armoire électrique ,TM1,TMPC01,Secteur 4,preventive,0,1,1
164904,Armoire électrique 1,Equipement électrique,Armoire électrique ,TM1,TMPC01,Secteur 5,preventive,0,3,3
164905,Armoire électrique 2,Equipement électrique,Armoire électrique ,TM1,TMPC01,Secteur 5,preventive,0,3,3
164906,Armoire électrique 1,Equipement électrique,Armoire électrique ,TM1,TMPC01,Secteur 3,preventive,0,3,3
164907,Armoire électrique 1,Equipement électrique,Armoire électrique ,TM1,TMPC01,Secteur 5,preventive,0,3,3
164908,Armoire électrique 1,Equipement électrique,Armoire électrique ,TM1,TMPC01,Secteur 8,preventive,0,3,3
164909,Armoire électrique 1,Equipement électrique,Armoire électrique ,TM1,TMPC01,Secteur 5,preventive,0,3,3
164910,Armoire électrique 1,Equipement électrique,Armoire électrique ,TM1,TMPC01,Secteur 8,preventive,0,3,3
164911,Armoire électrique 1,Equipement électrique,Armoire électrique ,TM1,TMPC01,Secteur 8,preventive,0,3,3
164912,Armoire électrique 1,Equipement électrique,Armoire électrique ,TM1,TMPC01,Secteur 8,preventive,0,3,3
164913,Armoire électrique 2,Equipement électrique,Armoire électrique ,TM1,TMPC01,Secteur 8,preventive,0,3,3
164914,Armoire électrique 1,Equipement électrique,Armoire électrique ,TM1,TMPC01,Secteur 8,preventive,0,3,3
164915,Armoire électrique 1,Equipement électrique,Armoire électrique ,TM1,TMPC01,Secteur 8,preventive,0,3,3
164916,Armoire électrique 2,Equipement électrique,Armoire électrique ,TM1,TMPC01,Secteur 8,preventive,0,3,3
164917,Armoire électrique 1,Equipement électrique,Armoire électrique ,TM1,TMPC01,Secteur 8,preventive,0,3,3
164918,Armoire électrique 1,Equipement électrique,Armoire électrique ,TM1,TMPC01,Secteur 8,preventive,0,3,3
164919,Armoire électrique 1,Equipement électrique,Armoire électrique ,TM1,TMPC01,Secteur 8,preventive,0,3,3
164920,Armoire électrique 1,Equipement électrique,Armoire électrique ,TM1,TMPC01,Secteur 8,preventive,0,3,3
164921,Armoire électrique 2,Equipement électrique,Armoire électrique ,TM1,TMPC01,Secteur 8,preventive,0,3,3
164922,Armoire électrique 1,Equipement électrique,Armoire électrique ,TM1,TMPC01,Secteur 1,preventive,0,3,3
164923,Armoire électrique 1,Equipement électrique,Armoire électrique ,TM1,TMPC01,Secteur 1,preventive,0,3,3
164924,Armoire électrique 1,Equipement électrique,Armoire électrique ,TM1,TMPC01,Secteur 5,preventive,0,3,3
164925,Armoire électrique 2,Equipement électrique,Armoire électrique ,TM1,TMPC01,Secteur 5,"corrective, preventive",1,3,4
164926,Armoire électrique 1,Equipement électrique,Armoire électrique ,TM1,TMPC01,Secteur 4,preventive,0,1,1
164927,Armoire électrique 2,Equipement électrique,Armoire électrique ,TM1,TMPC01,Secteur 4,preventive,0,1,1
164928,Armoire électrique 1,Equipement électrique,Armoire électrique ,TM1,TMPC01,Secteur 5,preventive,0,3,3
164929,Armoire électrique 2,Equipement électrique,Armoire électrique ,TM1,TMPC01,Secteur 5,preventive,0,3,3
164930,Armoire électrique 1,Equipement électrique,Armoire électrique ,TM1,TMPC01,Secteur 5,preventive,0,3,3
164931,Armoire électrique 2,Equipement électrique,Armoire électrique ,TM1,TMPC01,Secteur 5,preventive,0,3,3
164955,Plafond -,Equipement lot archi / Menuiserie ,Plafond,TM1,TMPC01,Secteur 6,corrective,1,0,1
164957,Plafond -,Equipement lot archi / Menuiserie ,Plafond,TM1,TMPC01,Secteur 6,corrective,3,0,3
165145,Fenêtre 3,Equipement lot archi / Menuiserie ,Fenêtre ,TM1,TM01,Salles banalisees,corrective,1,0,1
165160,Mono split 1,Equipement climatisation et VMC,Mono split ,TM1,TM01,Batiment BP et Douane,preventive,0,3,3
165217,Caisson lumineux 2,Equipement éclairage,Caisson lumineux,TM1,TM01,Batiment Douane,corrective,1,0,1
165466,"Distributeur papier, serviette 1",Equipement plomberie et sanitaire,"Distributeur papier, serviette",TM1,TM01,Batiment Douane,corrective,2,0,2
165471,Distributeur savon 1,Equipement plomberie et sanitaire,Distributeur savon,TM1,TM01,Batiment Douane,corrective,1,0,1
165623,Interrupteur d'allumage 1,Equipement éclairage,Interrupteur d'allumage ,TM1,TM01,Batiment Douane,corrective,1,0,1
165624,Interrupteur d'allumage 1,Equipement éclairage,Interrupteur d'allumage ,TM1,TM01,Batiment Douane,corrective,1,0,1
165629,Mono split 1,Equipement climatisation et VMC,Mono split ,TM1,TM01,Batiment Douane,preventive,0,3,3
165630,Mono split 1,Equipement climatisation et VMC,Mono split ,TM1,TM01,Batiment Douane,preventive,0,3,3
165631,Mono split 1,Equipement climatisation et VMC,Mono split ,TM1,TM01,Batiment Douane,preventive,0,3,3
165632,Mono split 1,Equipement climatisation et VMC,Mono split ,TM1,TM01,Batiment Douane,preventive,0,3,3
165633,Mono split 1,Equipement climatisation et VMC,Mono split ,TM1,TM01,Batiment Douane,preventive,0,3,3
165634,Mono split 1,Equipement climatisation et VMC,Mono split ,TM1,TM01,Batiment Douane,preventive,0,3,3
165635,Mono split 1,Equipement climatisation et VMC,Mono split ,TM1,TM01,Batiment Douane,preventive,0,3,3
165636,Mono split 1,Equipement climatisation et VMC,Mono split ,TM1,TM01,Batiment Douane,preventive,0,3,3
165637,Mono split 1,Equipement climatisation et VMC,Mono split ,TM1,TM01,Batiment Douane,preventive,0,3,3
165638,Mono split 1,Equipement climatisation et VMC,Mono split ,TM1,TM01,Batiment Douane,preventive,0,3,3
165639,Mono split 1,Equipement climatisation et VMC,Mono split ,TM1,TM01,Batiment Douane,preventive,0,3,3
165640,Mono split 1,Equipement climatisation et VMC,Mono split ,TM1,TM01,Batiment Douane,preventive,0,3,3
165641,Mono split 1,Equipement climatisation et VMC,Mono split ,TM1,TM01,Batiment Douane,preventive,0,3,3
165642,Mono split 1,Equipement climatisation et VMC,Mono split ,TM1,TM01,Batiment Douane,preventive,0,3,3
165643,Mono split 1,Equipement climatisation et VMC,Mono split ,TM1,TM01,Batiment Douane,preventive,0,3,3
165644,Mono split 1,Equipement climatisation et VMC,Mono split ,TM1,TM01,Batiment Douane,preventive,0,3,3
165645,Mono split 1,Equipement climatisation et VMC,Mono split ,TM1,TM01,Batiment Douane,preventive,0,3,3
165646,Mono split 1,Equipement climatisation et VMC,Mono split ,TM1,TM01,Batiment Douane,preventive,0,3,3
165647,Mono split 1,Equipement climatisation et VMC,Mono split ,TM1,TM01,Batiment Douane,preventive,0,3,3
165648,Mono split 1,Equipement climatisation et VMC,Mono split ,TM1,TM01,Batiment Douane,preventive,0,3,3
165649,Mono split 1,Equipement climatisation et VMC,Mono split ,TM1,TM01,Batiment Douane,preventive,0,3,3
165650,Mono split 1,Equipement climatisation et VMC,Mono split ,TM1,TM01,Batiment Douane,preventive,0,3,3
165651,Mono split 1,Equipement climatisation et VMC,Mono split ,TM1,TM01,Batiment Douane,preventive,0,3,3
165652,Mono split 1,Equipement climatisation et VMC,Mono split ,TM1,TM01,Batiment Douane,preventive,0,3,3
165653,Mono split 1,Equipement climatisation et VMC,Mono split ,TM1,TM01,Batiment Douane,preventive,0,3,3
165654,Mono split 1,Equipement climatisation et VMC,Mono split ,TM1,TM01,Batiment Douane,preventive,0,3,3
165655,Mono split 1,Equipement climatisation et VMC,Mono split ,TM1,TM01,Batiment Douane,preventive,0,3,3
165656,Mono split 1,Equipement climatisation et VMC,Mono split ,TM1,TM01,Batiment Douane,preventive,0,3,3
165657,Mono split 1,Equipement climatisation et VMC,Mono split ,TM1,TM01,Batiment Douane,preventive,0,3,3
165658,Mono split 2,Equipement climatisation et VMC,Mono split ,TM1,TM01,Batiment Douane,preventive,0,3,3
165659,Mono split 1,Equipement climatisation et VMC,Mono split ,TM1,TM01,Batiment Douane,preventive,0,3,3
165660,Mono split 1,Equipement climatisation et VMC,Mono split ,TM1,TM01,Batiment Douane,preventive,0,3,3
165726,Plafond -,Equipement lot archi / Menuiserie ,Plafond,TM1,TM01,Batiment Douane,corrective,1,0,1
165885,RIA ( Robinet Incendie Armé ) 1,Equipement de sécurité et incendie,RIA ( Robinet Incendie Armé ),TM1,TM01,Batiment Douane,corrective,1,0,1
165959,Spot 1,Equipement éclairage,Spot,TM1,TM01,Batiment Douane,corrective,2,0,2
165964,Spot 1,Equipement éclairage,Spot,TM1,TM01,Batiment Douane,corrective,1,0,1
166041,Cloison,Equipement lot archi / Menuiserie ,Cloison,TM1,TM01,Sanitaires - Parking L,corrective,1,0,1
166061,Lavabo 1,Equipement plomberie et sanitaire,Lavabo,TM1,TM01,Sanitaires - Parking L,corrective,1,0,1
166062,Lavabo 2,Equipement plomberie et sanitaire,Lavabo,TM1,TM01,Sanitaires - Parking L,corrective,1,0,1
166063,Lavabo 1,Equipement plomberie et sanitaire,Lavabo,TM1,TM01,Sanitaires - Parking L,corrective,1,0,1
166066,Porte Aluminium 2,Equipement lot archi / Menuiserie ,Porte aluminium,TM1,TM01,Sanitaires - Parking L,corrective,1,0,1
166069,Porte Aluminium 1,Equipement lot archi / Menuiserie ,Porte aluminium,TM1,TM01,Sanitaires - Parking L,corrective,1,0,1
166070,Porte Aluminium 2,Equipement lot archi / Menuiserie ,Porte aluminium,TM1,TM01,Sanitaires - Parking L,corrective,1,0,1
166074,Spot 2,Equipement éclairage,Spot,TM1,TM01,Sanitaires - Parking L,corrective,1,0,1
166084,WC Sanitaire 3,Equipement plomberie et sanitaire,WC Sanitaire,TM1,TM01,Sanitaires - Parking L,corrective,2,0,2
166085,WC Sanitaire 1,Equipement plomberie et sanitaire,WC Sanitaire,TM1,TM01,Sanitaires - Parking L,corrective,1,0,1
166107,Cloison,Equipement lot archi / Menuiserie ,Cloison,TM1,SAS IMPORT,Douane - extension sas,corrective,1,0,1
166134,Cloison,Equipement lot archi / Menuiserie ,Cloison,TM1,SAS IMPORT,Douane - extension sas,corrective,1,0,1
166154,Dalle,Element de structure ,Dalle,TM1,SAS IMPORT,Batiment SDFM - extension sas,corrective,1,0,1
166179,Fenêtre 4,Equipement lot archi / Menuiserie ,Fenêtre ,TM1,SAS IMPORT,Douane - extension sas,corrective,1,0,1
166215,Caisson lumineux 1,Equipement éclairage,Caisson lumineux,TM1,SAS IMPORT,Douane - extension sas,corrective,1,0,1
166227,Lampe linéaire continue 1,Equipement éclairage,Lampe linéaire continue ,TM1,SAS IMPORT,Batiment SDFM - extension sas,corrective,1,0,1
166229,Mono split 1,Equipement climatisation et VMC,Mono split ,TM1,SAS IMPORT,Douane - extension sas,preventive,0,3,3
166230,Mono split 1,Equipement climatisation et VMC,Mono split ,TM1,SAS IMPORT,Douane - extension sas,preventive,0,3,3
166231,Mono split 1,Equipement climatisation et VMC,Mono split ,TM1,SAS IMPORT,Douane - extension sas,preventive,0,3,3
166232,Mono split 1,Equipement climatisation et VMC,Mono split ,TM1,SAS IMPORT,Douane - extension sas,preventive,0,3,3
166233,Mono split 1,Equipement climatisation et VMC,Mono split ,TM1,SAS IMPORT,Douane - extension sas,preventive,0,3,3
166234,Mono split 1,Equipement climatisation et VMC,Mono split ,TM1,SAS IMPORT,Douane - extension sas,preventive,0,3,3
166235,Mono split 1,Equipement climatisation et VMC,Mono split ,TM1,SAS IMPORT,Douane - extension sas,preventive,0,3,3
166236,Mono split 1,Equipement climatisation et VMC,Mono split ,TM1,SAS IMPORT,Batiment SDFM - extension sas,preventive,0,3,3
166251,Porte Aluminium 1,Equipement lot archi / Menuiserie ,Porte aluminium,TM1,SAS IMPORT,Batiment SDFM - extension sas,corrective,2,0,2
166253,Porte Vitré 1,Equipement lot archi / Menuiserie ,Porte vitrée,TM1,SAS IMPORT,Douane - extension sas,corrective,1,0,1
166255,Porte Vitré 1,Equipement lot archi / Menuiserie ,Porte vitrée,TM1,SAS IMPORT,Douane - extension sas,corrective,2,0,2
166256,Porte Vitré 1,Equipement lot archi / Menuiserie ,Porte vitrée,TM1,SAS IMPORT,Douane - extension sas,corrective,1,0,1
166272,Prise de courant 2,Equipement électrique,Prise de courant ,TM1,SAS IMPORT,Douane - extension sas,corrective,1,0,1
166277,Prise de courant 1,Equipement électrique,Prise de courant ,TM1,SAS IMPORT,Douane - extension sas,corrective,2,0,2
166334,Applique LED 6,Equipement éclairage,Applique LED ,TM2,TM02,PNG,corrective,2,0,2
166349,Armoire électrique 1,Equipement électrique,Armoire électrique ,TM2,TM02,PNG,preventive,0,3,3
166350,Armoire électrique 1,Equipement électrique,Armoire électrique ,TM2,TM02,PNG,preventive,0,3,3
166351,Armoire électrique 1,Equipement électrique,Armoire électrique ,TM2,TM02,PNG,preventive,0,3,3
166352,Armoire électrique 1,Equipement électrique,Armoire électrique ,TM2,TM02,PNG,preventive,0,3,3
166421,Climatiseur cassette 1,Equipement climatisation et VMC,Climatiseur cassette ,TM2,TM02,PNG,preventive,0,3,3
166422,Climatiseur cassette 1,Equipement climatisation et VMC,Climatiseur cassette ,TM2,TM02,PNG,preventive,0,3,3
166423,Climatiseur cassette 1,Equipement climatisation et VMC,Climatiseur cassette ,TM2,TM02,PNG,preventive,0,3,3
166424,Climatiseur cassette 1,Equipement climatisation et VMC,Climatiseur cassette ,TM2,TM02,PNG,preventive,0,3,3
166477,Distributeur savon 1,Equipement plomberie et sanitaire,Distributeur savon,TM2,TM02,PNG,corrective,1,0,1
166495,Lampe linéaire continue 1,Equipement éclairage,Lampe linéaire continue ,TM2,TM02,PNG,corrective,1,0,1
166498,Mono split 1,Equipement climatisation et VMC,Mono split ,TM2,TM02,PNG,preventive,0,3,3
166499,Mono split 1,Equipement climatisation et VMC,Mono split ,TM2,TM02,PNG,preventive,0,3,3
166500,Mono split 1,Equipement climatisation et VMC,Mono split ,TM2,TM02,PNG,preventive,0,3,3
166501,Mono split 1,Equipement climatisation et VMC,Mono split ,TM2,TM02,PNG,preventive,0,3,3
166520,Porte automatique vitrée 2,Equipement lot archi / Menuiserie ,Porte automatique vitrée,TM2,TM02,PNG,corrective,2,0,2
166592,Armoire électrique 1,Equipement électrique,Armoire électrique ,TM1,SAS IMPORT,Batiment PIF,preventive,0,3,3
166593,Armoire électrique 2,Equipement électrique,Armoire électrique ,TM1,SAS IMPORT,Batiment PIF,preventive,0,3,3
166767,Mono split 1,Equipement climatisation et VMC,Mono split ,TM1,SAS IMPORT,Batiment PIF,preventive,0,2,2
166768,Mono split 1,Equipement climatisation et VMC,Mono split ,TM1,SAS IMPORT,Batiment PIF,preventive,0,2,2
166769,Mono split 1,Equipement climatisation et VMC,Mono split ,TM1,SAS IMPORT,Batiment PIF,preventive,0,2,2
166770,Mono split 1,Equipement climatisation et VMC,Mono split ,TM1,SAS IMPORT,Batiment PIF,preventive,0,2,2
166771,Mono split 1,Equipement climatisation et VMC,Mono split ,TM1,SAS IMPORT,Batiment PIF,preventive,0,2,2
166873,Spot 1,Equipement éclairage,Spot,TM1,SAS IMPORT,Batiment PIF,corrective,1,0,1
168538,Lavabo 1,Equipement plomberie et sanitaire,Lavabo,MEDHUB,ZFL01,Entrepôt 60,corrective,1,0,1
171711,Armoire électrique 1,Equipement électrique,Armoire électrique ,MEDHUB,ZFL01,Entrepôt 61,preventive,0,2,2
171712,Armoire électrique 1,Equipement électrique,Armoire électrique ,MEDHUB,ZFL01,Entrepôt 61,preventive,0,2,2
171713,Armoire électrique 2,Equipement électrique,Armoire électrique ,MEDHUB,ZFL01,Entrepôt 61,preventive,0,2,2
171714,Armoire électrique 1,Equipement électrique,Armoire électrique ,MEDHUB,ZFL01,Entrepôt 61,preventive,0,2,2
171715,Armoire électrique 1,Equipement électrique,Armoire électrique ,MEDHUB,ZFL01,Entrepôt 61,preventive,0,2,2
171716,Armoire électrique 2,Equipement électrique,Armoire électrique ,MEDHUB,ZFL01,Entrepôt 61,preventive,0,2,2
171717,Armoire électrique 3,Equipement électrique,Armoire électrique ,MEDHUB,ZFL01,Entrepôt 61,preventive,0,2,2
171718,Armoire électrique 4,Equipement électrique,Armoire électrique ,MEDHUB,ZFL01,Entrepôt 61,preventive,0,2,2
171719,Armoire électrique 1,Equipement électrique,Armoire électrique ,MEDHUB,ZFL01,Entrepôt 61,preventive,0,2,2
171720,Armoire électrique 2,Equipement électrique,Armoire électrique ,MEDHUB,ZFL01,Entrepôt 61,preventive,0,2,2
171721,Armoire électrique 3,Equipement électrique,Armoire électrique ,MEDHUB,ZFL01,Entrepôt 61,preventive,0,2,2
171722,Armoire électrique 1,Equipement électrique,Armoire électrique ,MEDHUB,ZFL01,Entrepôt 61,preventive,0,2,2
171723,Armoire électrique 2,Equipement électrique,Armoire électrique ,MEDHUB,ZFL01,Entrepôt 61,preventive,0,2,2
172027,Climatiseur cassette 1,Equipement climatisation et VMC,Climatiseur cassette ,MEDHUB,ZFL01,Entrepôt 61,preventive,0,1,1
172028,Climatiseur cassette 1,Equipement climatisation et VMC,Climatiseur cassette ,MEDHUB,ZFL01,Entrepôt 61,preventive,0,1,1
172029,Climatiseur cassette 1,Equipement climatisation et VMC,Climatiseur cassette ,MEDHUB,ZFL01,Entrepôt 61,preventive,0,1,1
172030,Climatiseur cassette 1,Equipement climatisation et VMC,Climatiseur cassette ,MEDHUB,ZFL01,Entrepôt 61,preventive,0,1,1
172261,Mono split 1,Equipement climatisation et VMC,Mono split ,MEDHUB,ZFL01,Entrepôt 61,preventive,0,1,1
173486,Armoire électrique 1,Equipement électrique,Armoire électrique ,TM2,TM02,Gendarmerie,preventive,0,3,3
173512,Climatiseur cassette 1,Equipement climatisation et VMC,Climatiseur cassette ,TM2,TM02,Gendarmerie,preventive,0,3,3
173513,Climatiseur cassette 1,Equipement climatisation et VMC,Climatiseur cassette ,TM2,TM02,Gendarmerie,preventive,0,3,3
173514,Climatiseur cassette 1,Equipement climatisation et VMC,Climatiseur cassette ,TM2,TM02,Gendarmerie,preventive,0,3,3
173515,Climatiseur cassette 1,Equipement climatisation et VMC,Climatiseur cassette ,TM2,TM02,Gendarmerie,preventive,0,3,3
173516,Climatiseur cassette 1,Equipement climatisation et VMC,Climatiseur cassette ,TM2,TM02,Gendarmerie,preventive,0,3,3
173596,Ventilo-convecteur 1,Equipement climatisation et VMC,Ventilo-convecteur ,TM2,TM02,Gendarmerie,preventive,0,1,1
173597,Ascenseur 4,Equipement  de levage,Ascenseur ,PPR,PPR01,Flemingo,preventive,0,3,3
173598,Ascenseur 3,Equipement  de levage,Ascenseur ,PPR,PPR01,Flemingo,preventive,0,3,3
173599,Ascenseur 1,Equipement  de levage,Ascenseur ,PPR,PPR01,Flemingo,"corrective, preventive",1,3,4
173600,Ascenseur 2,Equipement  de levage,Ascenseur ,PPR,PPR01,Flemingo,preventive,0,3,3
173731,Armoire électrique 1,Equipement électrique,Armoire électrique ,TM1,TM01,Dalle centrale,preventive,0,3,3
173732,Armoire électrique 1,Equipement électrique,Armoire électrique ,TM1,TM01,Dalle centrale,"corrective, preventive",3,3,6
173733,Armoire électrique 1,Equipement électrique,Armoire électrique ,TM1,TM01,Dalle centrale,preventive,0,3,3
173734,Armoire électrique 2,Equipement électrique,Armoire électrique ,TM1,TM01,Dalle centrale,preventive,0,3,3
173735,Armoire électrique 3,Equipement électrique,Armoire électrique ,TM1,TM01,Dalle centrale,preventive,0,3,3
173736,Armoire électrique 1,Equipement électrique,Armoire électrique ,TM1,TM01,Dalle centrale,"corrective, preventive",2,3,5
173737,Armoire électrique 1,Equipement électrique,Armoire électrique ,TM1,TM01,Dalle centrale,preventive,0,3,3
173738,Armoire électrique 1,Equipement électrique,Armoire électrique ,TM1,TM01,Dalle centrale,preventive,0,3,3
173739,Armoire électrique 2,Equipement électrique,Armoire électrique ,TM1,TM01,Dalle centrale,preventive,0,3,3
173740,Armoire électrique 3,Equipement électrique,Armoire électrique ,TM1,TM01,Dalle centrale,"corrective, preventive",1,3,4
173741,Armoire électrique 1,Equipement électrique,Armoire électrique ,TM1,TM01,Dalle centrale,"corrective, preventive",2,3,5
173742,Armoire électrique 1,Equipement électrique,Armoire électrique ,TM1,TM01,Dalle centrale,preventive,0,3,3
173743,Armoire électrique 2,Equipement électrique,Armoire électrique ,TM1,TM01,Dalle centrale,preventive,0,3,3
173744,Armoire électrique 3,Equipement électrique,Armoire électrique ,TM1,TM01,Dalle centrale,"corrective, preventive",1,3,4
173745,Armoire électrique 1,Equipement électrique,Armoire électrique ,TM1,TM01,Dalle centrale,preventive,0,3,3
173746,Armoire électrique 2,Equipement électrique,Armoire électrique ,TM1,TM01,Dalle centrale,preventive,0,3,3
173747,Armoire électrique 1,Equipement électrique,Armoire électrique ,TM1,TM01,Dalle centrale,preventive,0,3,3
173748,Armoire électrique 1,Equipement électrique,Armoire électrique ,TM1,TM01,Dalle centrale,preventive,0,3,3
173749,Armoire électrique 2,Equipement électrique,Armoire électrique ,TM1,TM01,Dalle centrale,preventive,0,3,3
173750,Armoire électrique 3,Equipement électrique,Armoire électrique ,TM1,TM01,Dalle centrale,preventive,0,3,3
173873,Caisson lumineux 4,Equipement éclairage,Caisson lumineux,TM1,TM01,Dalle centrale,corrective,1,0,1
174034,Cloison -,Equipement lot archi / Menuiserie ,Cloison,TM1,TM01,Dalle centrale,corrective,1,0,1
174068,Cloison -,Equipement lot archi / Menuiserie ,Cloison,TM1,TM01,Dalle centrale,corrective,1,0,1
174132,Dalle -,Element de structure ,Dalle,TM1,TM01,Dalle centrale,corrective,2,0,2
174211,"Distributeur papier, serviette 1",Equipement plomberie et sanitaire,"Distributeur papier, serviette",TM1,TM01,Dalle centrale,corrective,1,0,1
174218,Distributeur savon 1,Equipement plomberie et sanitaire,Distributeur savon,TM1,TM01,Dalle centrale,corrective,1,0,1
174443,Mono split 1,Equipement climatisation et VMC,Mono split ,TM1,TM01,Dalle centrale,preventive,0,3,3
174444,Mono split 1,Equipement climatisation et VMC,Mono split ,TM1,TM01,Dalle centrale,preventive,0,3,3
174445,Mono split 1,Equipement climatisation et VMC,Mono split ,TM1,TM01,Dalle centrale,preventive,0,3,3
174446,Mono split 1,Equipement climatisation et VMC,Mono split ,TM1,TM01,Dalle centrale,preventive,0,3,3
174447,Mono split 1,Equipement climatisation et VMC,Mono split ,TM1,TM01,Dalle centrale,preventive,0,3,3
174448,Mono split 1,Equipement climatisation et VMC,Mono split ,TM1,TM01,Dalle centrale,preventive,0,3,3
174449,Mono split 1,Equipement climatisation et VMC,Mono split ,TM1,TM01,Dalle centrale,preventive,0,3,3
174450,Mono split 1,Equipement climatisation et VMC,Mono split ,TM1,TM01,Dalle centrale,preventive,0,3,3
174451,Mono split 1,Equipement climatisation et VMC,Mono split ,TM1,TM01,Dalle centrale,preventive,0,3,3
174452,Mono split 1,Equipement climatisation et VMC,Mono split ,TM1,TM01,Dalle centrale,preventive,0,3,3
174453,Mono split 1,Equipement climatisation et VMC,Mono split ,TM1,TM01,Dalle centrale,preventive,0,3,3
174454,Mono split 1,Equipement climatisation et VMC,Mono split ,TM1,TM01,Dalle centrale,preventive,0,3,3
174455,Mono split 1,Equipement climatisation et VMC,Mono split ,TM1,TM01,Dalle centrale,preventive,0,3,3
174457,Mono split 1,Equipement climatisation et VMC,Mono split ,TM1,TM01,Dalle centrale,preventive,0,3,3
174458,Mono split 1,Equipement climatisation et VMC,Mono split ,TM1,TM01,Dalle centrale,preventive,0,3,3
174609,Porte coupe feu 1,Equipement lot archi / Menuiserie ,Porte coupe feu ,TM1,TM01,Dalle centrale,corrective,1,0,1
174671,Porte Vitrée 1,Equipement lot archi / Menuiserie ,Porte vitrée,TM1,TM01,Dalle centrale,corrective,1,0,1
174744,Prise de courant 2,Equipement électrique,Prise de courant ,TM1,TM01,Dalle centrale,corrective,1,0,1
174773,Prise de courant 2,Equipement électrique,Prise de courant ,TM1,TM01,Dalle centrale,corrective,1,0,1
174774,Prise de courant 3,Equipement électrique,Prise de courant ,TM1,TM01,Dalle centrale,corrective,1,0,1
174809,RIA ( Robinet Incendie Armé ) 1,Equipement de sécurité et incendie,RIA ( Robinet Incendie Armé ),TM1,TM01,Dalle centrale,corrective,1,0,1
174926,Spot 2,Equipement éclairage,Spot,TM1,TM01,Dalle centrale,corrective,1,0,1
174930,Spot 1,Equipement éclairage,Spot,TM1,TM01,Dalle centrale,corrective,1,0,1
174939,Spot 2,Equipement éclairage,Spot,TM1,TM01,Dalle centrale,corrective,1,0,1
174952,Spot 1,Equipement éclairage,Spot,TM1,TM01,Dalle centrale,corrective,1,0,1
174964,WC Sanitaire 1,Equipement plomberie et sanitaire,WC Sanitaire,TM1,TM01,Dalle centrale,corrective,1,0,1
174968,Armoire électrique 1,Equipement électrique,Armoire électrique ,TM1,SAS IMPORT,Sanitaire 2 Sas Import,preventive,0,3,3
175004,Dalle -,Element de structure ,Dalle,TM1,SAS IMPORT,Sanitaire 2 Sas Import,corrective,1,0,1
175047,Lavabo 2,Equipement plomberie et sanitaire,Lavabo,TM1,SAS IMPORT,Sanitaire 2 Sas Import,corrective,1,0,1
175065,Porte Vitrée 1,Equipement lot archi / Menuiserie ,Porte vitrée,TM1,SAS IMPORT,Sanitaire 2 Sas Import,corrective,1,0,1
175103,WC Sanitaire 2,Equipement plomberie et sanitaire,WC Sanitaire,TM1,SAS IMPORT,Sanitaire 2 Sas Import,corrective,1,0,1
175109,Armoire électrique 1,Equipement électrique,Armoire électrique ,PPR,PPR01,Batiment operationnel 2,preventive,0,2,2
175125,Climatiseur cassette 1,Equipement climatisation et VMC,Climatiseur cassette ,PPR,PPR01,Batiment operationnel 2,preventive,0,1,1
175126,Climatiseur cassette 1,Equipement climatisation et VMC,Climatiseur cassette ,PPR,PPR01,Batiment operationnel 2,preventive,0,1,1
175127,Climatiseur cassette 1,Equipement climatisation et VMC,Climatiseur cassette ,PPR,PPR01,Batiment operationnel 2,preventive,0,1,1
175128,Climatiseur cassette 1,Equipement climatisation et VMC,Climatiseur cassette ,PPR,PPR01,Batiment operationnel 2,preventive,0,1,1
175129,Climatiseur cassette 1,Equipement climatisation et VMC,Climatiseur cassette ,PPR,PPR01,Batiment operationnel 2,preventive,0,1,1
175130,Climatiseur cassette 1,Equipement climatisation et VMC,Climatiseur cassette ,PPR,PPR01,Batiment operationnel 2,preventive,0,1,1
175131,Climatiseur cassette 1,Equipement climatisation et VMC,Climatiseur cassette ,PPR,PPR01,Batiment operationnel 2,preventive,0,1,1
175132,Climatiseur cassette 1,Equipement climatisation et VMC,Climatiseur cassette ,PPR,PPR01,Batiment operationnel 2,preventive,0,1,1
175151,VRV,Equipement climatisation et VMC,VRV,PPR,PPR01,Batiment operationnel 2,preventive,0,1,1
175196,VRV,Equipement climatisation et VMC,VRV,PPR,PPR01,Batiment operationnel 1,preventive,0,1,1
175198,Store enrouleur 2,Equipement lot archi / Menuiserie ,Store enrouleur,PPR,PPR01,Batiment operationnel 1,corrective,1,0,1
175210,Thermostat Clim 1,Equipement climatisation et VMC,Thermostat Clim,PPR,PPR01,Batiment operationnel 1,corrective,1,0,1
175229,Armoire électrique 1,Equipement électrique,Armoire électrique ,PPR,PPR01,Batiment operationnel 1,preventive,0,2,2
175248,Armoire électrique 1,Equipement électrique,Armoire électrique ,PPR,PPR01,Batiment operationnel 1,preventive,0,2,2
175250,Porte métallique 1,Equipement lot archi / Menuiserie ,Porte métallique,PPR,PPR01,Batiment operationnel 1,corrective,1,0,1
175252,Armoire électrique 1,Equipement électrique,Armoire électrique ,PPR,PPR01,Batiment operationnel 1,preventive,0,2,2
175255,Store enrouleur 1,Equipement lot archi / Menuiserie ,Store enrouleur,PPR,PPR01,Batiment operationnel 1,corrective,1,0,1
175283,Armoire électrique 1,Equipement électrique,Armoire électrique ,TM2,TM02,Safety brigade,preventive,0,3,3
175284,Armoire électrique 2,Equipement électrique,Armoire électrique ,TM2,TM02,Safety brigade,preventive,0,3,3
175305,Climatiseur cassette 1,Equipement climatisation et VMC,Climatiseur cassette ,TM2,TM02,Safety brigade,preventive,0,2,2
175306,Climatiseur cassette 1,Equipement climatisation et VMC,Climatiseur cassette ,TM2,TM02,Safety brigade,preventive,0,2,2
175379,Mono split 1,Equipement climatisation et VMC,Mono split ,TM2,TM02,Safety brigade,preventive,0,3,3
175380,Mono split 1,Equipement climatisation et VMC,Mono split ,TM2,TM02,Safety brigade,preventive,0,3,3
175381,Mono split 1,Equipement climatisation et VMC,Mono split ,TM2,TM02,Safety brigade,preventive,0,3,3
175764,Caisson lumineux 2,Equipement éclairage,Caisson lumineux,MEDHUB,ZFL01,Entrepôt 120,corrective,1,0,1
176039,Mono split 1,Equipement climatisation et VMC,Mono split ,MEDHUB,ZFL01,Entrepôt 120,preventive,0,1,1
176040,Mono split 1,Equipement climatisation et VMC,Mono split ,MEDHUB,ZFL01,Entrepôt 120,preventive,0,1,1
176041,Mono split 1,Equipement climatisation et VMC,Mono split ,MEDHUB,ZFL01,Entrepôt 120,preventive,0,1,1
176042,Mono split 1,Equipement climatisation et VMC,Mono split ,MEDHUB,ZFL01,Entrepôt 120,preventive,0,1,1
176043,Mono split 1,Equipement climatisation et VMC,Mono split ,MEDHUB,ZFL01,Entrepôt 120,preventive,0,1,1
176044,Mono split 1,Equipement climatisation et VMC,Mono split ,MEDHUB,ZFL01,Entrepôt 120,preventive,0,1,1
176171,Séche main 1,Equipement plomberie et sanitaire,Séche main,MEDHUB,ZFL01,Entrepôt 120,corrective,1,0,1
176189,Spot 1,Equipement éclairage,Spot,MEDHUB,ZFL01,Entrepôt 120,corrective,1,0,1
176207,Ascenseur 1,Equipement  de levage,Ascenseur ,PPR,PPR01,Ancienne gare maritime,preventive,0,3,3
176428,Armoire électrique 1,Equipement électrique,Armoire électrique ,TM1,TMPC01,Gare Maritime TMPC,preventive,0,2,2
176429,Armoire électrique 1,Equipement électrique,Armoire électrique ,TM1,TMPC01,Gare Maritime TMPC,preventive,0,2,2
176430,Armoire électrique 2,Equipement électrique,Armoire électrique ,TM1,TMPC01,Gare Maritime TMPC,preventive,0,2,2
176431,Armoire électrique 3,Equipement électrique,Armoire électrique ,TM1,TMPC01,Gare Maritime TMPC,preventive,0,2,2
176432,Armoire électrique 4,Equipement électrique,Armoire électrique ,TM1,TMPC01,Gare Maritime TMPC,preventive,0,2,2
176433,Armoire électrique 5,Equipement électrique,Armoire électrique ,TM1,TMPC01,Gare Maritime TMPC,preventive,0,2,2
176434,Armoire électrique 1,Equipement électrique,Armoire électrique ,TM1,TMPC01,Gare Maritime TMPC,preventive,0,2,2
176435,Armoire électrique 2,Equipement électrique,Armoire électrique ,TM1,TMPC01,Gare Maritime TMPC,preventive,0,2,2
176436,Armoire électrique 3,Equipement électrique,Armoire électrique ,TM1,TMPC01,Gare Maritime TMPC,preventive,0,2,2
176437,Armoire électrique 1,Equipement électrique,Armoire électrique ,TM1,TMPC01,Gare Maritime TMPC,preventive,0,2,2
176438,Armoire électrique 2,Equipement électrique,Armoire électrique ,TM1,TMPC01,Gare Maritime TMPC,preventive,0,2,2
176439,Armoire électrique 3,Equipement électrique,Armoire électrique ,TM1,TMPC01,Gare Maritime TMPC,preventive,0,2,2
176440,Armoire électrique 4,Equipement électrique,Armoire électrique ,TM1,TMPC01,Gare Maritime TMPC,preventive,0,2,2
176441,Armoire électrique 1,Equipement électrique,Armoire électrique ,TM1,TMPC01,Gare Maritime TMPC,preventive,0,2,2
176442,Armoire électrique 2,Equipement électrique,Armoire électrique ,TM1,TMPC01,Gare Maritime TMPC,preventive,0,2,2
176443,Armoire électrique 1,Equipement électrique,Armoire électrique ,TM1,TMPC01,Gare Maritime TMPC,preventive,0,2,2
176444,Armoire électrique 2,Equipement électrique,Armoire électrique ,TM1,TMPC01,Gare Maritime TMPC,preventive,0,2,2
176445,Armoire électrique 1,Equipement électrique,Armoire électrique ,TM1,TMPC01,Gare Maritime TMPC,preventive,0,2,2
176446,Armoire électrique 6,Equipement électrique,Armoire électrique ,TM1,TMPC01,Gare Maritime TMPC,preventive,0,2,2
176447,Armoire électrique 5,Equipement électrique,Armoire électrique ,TM1,TMPC01,Gare Maritime TMPC,preventive,0,2,2
176448,Armoire électrique 1,Equipement électrique,Armoire électrique ,TM1,TMPC01,Gare Maritime TMPC,preventive,0,2,2
176449,Armoire électrique 4,Equipement électrique,Armoire électrique ,TM1,TMPC01,Gare Maritime TMPC,preventive,0,2,2
176450,Armoire électrique 1,Equipement électrique,Armoire électrique ,TM1,TMPC01,Gare Maritime TMPC,preventive,0,2,2
176451,Armoire électrique 3,Equipement électrique,Armoire électrique ,TM1,TMPC01,Gare Maritime TMPC,preventive,0,2,2
176452,Armoire électrique 1,Equipement électrique,Armoire électrique ,TM1,TMPC01,Gare Maritime TMPC,preventive,0,2,2
176453,Ascenseur 2,Equipement  de levage,Ascenseur ,TM1,TMPC01,Gare Maritime TMPC,preventive,0,3,3
176454,Ascenseur 1,Equipement  de levage,Ascenseur ,TM1,TMPC01,Gare Maritime TMPC,"corrective, preventive",3,3,6
176455,Ascenseur 1,Equipement  de levage,Ascenseur ,TM1,TMPC01,Gare Maritime TMPC,preventive,0,3,3
176536,Centrale de traitement d'air 1,Equipement climatisation et VMC,Centrale de traitement d'air,TM1,TMPC01,Gare Maritime TMPC,preventive,0,1,1
176537,Pompe à chaleur 3,Equipement climatisation et VMC,Pompe à chaleur,TM1,TMPC01,Gare Maritime TMPC,preventive,0,3,3
176538,Pompe à chaleur 2,Equipement climatisation et VMC,Pompe à chaleur,TM1,TMPC01,Gare Maritime TMPC,preventive,0,3,3
176539,Pompe à chaleur 1,Equipement climatisation et VMC,Pompe à chaleur,TM1,TMPC01,Gare Maritime TMPC,preventive,0,3,3
176541,Climatiseur cassette 1,Equipement climatisation et VMC,Climatiseur cassette ,TM1,TMPC01,Gare Maritime TMPC,preventive,0,3,3
176606,Cloison ,Equipement lot archi / Menuiserie ,Cloison,TM1,TMPC01,Gare Maritime TMPC,corrective,1,0,1
176626,Cloison ,Equipement lot archi / Menuiserie ,Cloison,TM1,TMPC01,Gare Maritime TMPC,corrective,1,0,1
176648,Dalle ,Element de structure ,Dalle,TM1,TMPC01,Gare Maritime TMPC,corrective,1,0,1
176728,"Distributeur papier, serviette 1",Equipement plomberie et sanitaire,"Distributeur papier, serviette",TM1,TMPC01,Gare Maritime TMPC,corrective,1,0,1
176731,"Distributeur papier, serviette 2",Equipement plomberie et sanitaire,"Distributeur papier, serviette",TM1,TMPC01,Gare Maritime TMPC,corrective,2,0,2
176737,Escalator électrique 1,Equipement  de levage,Escalator électrique,TM1,TMPC01,Gare Maritime TMPC,preventive,0,4,4
176764,Fenêtre 1,Equipement lot archi / Menuiserie ,Fenêtre ,TM1,TMPC01,Gare Maritime TMPC,corrective,1,0,1
176769,Gard corp ,Equipement lot archi / Menuiserie ,Gard corp,TM1,TMPC01,Gare Maritime TMPC,corrective,1,0,1
176779,Gard corp ,Equipement lot archi / Menuiserie ,Gard corp,TM1,TMPC01,Gare Maritime TMPC,corrective,1,0,1
177315,Porte bois 1,Equipement lot archi / Menuiserie ,Porte  bois,TM1,TMPC01,Gare Maritime TMPC,corrective,1,0,1
177320,Porte bois 3,Equipement lot archi / Menuiserie ,Porte  bois,TM1,TMPC01,Gare Maritime TMPC,corrective,1,0,1
177322,Porte bois 2,Equipement lot archi / Menuiserie ,Porte  bois,TM1,TMPC01,Gare Maritime TMPC,corrective,1,0,1
177328,Porte bois 1,Equipement lot archi / Menuiserie ,Porte  bois,TM1,TMPC01,Gare Maritime TMPC,corrective,1,0,1
177334,Porte vitrée 2,Equipement lot archi / Menuiserie ,Porte vitrée,TM1,TMPC01,Gare Maritime TMPC,corrective,1,0,1
177336,Porte vitrée 1,Equipement lot archi / Menuiserie ,Porte vitrée,TM1,TMPC01,Gare Maritime TMPC,corrective,1,0,1
177402,Prise de courant 1,Equipement électrique,Prise de courant ,TM1,TMPC01,Gare Maritime TMPC,corrective,1,0,1
177450,Prise de courant 2,Equipement électrique,Prise de courant ,TM1,TMPC01,Gare Maritime TMPC,corrective,2,0,2
177451,Prise de courant 3,Equipement électrique,Prise de courant ,TM1,TMPC01,Gare Maritime TMPC,corrective,2,0,2
177467,Projecteur 1,Equipement éclairage,Projecteur,TM1,TMPC01,Gare Maritime TMPC,corrective,1,0,1
177596,Robinet 5,Equipement plomberie et sanitaire,Robinet ,TM1,TMPC01,Gare Maritime TMPC,corrective,1,0,1
177600,Robinet 1,Equipement plomberie et sanitaire,Robinet ,TM1,TMPC01,Gare Maritime TMPC,corrective,2,0,2
177603,Robinet 3,Equipement plomberie et sanitaire,Robinet ,TM1,TMPC01,Gare Maritime TMPC,corrective,1,0,1
177714,Thermostat Clim 1,Equipement climatisation et VMC,Thermostat Clim,TM1,TMPC01,Gare Maritime TMPC,corrective,1,0,1
177726,WC Sanitaire 1,Equipement plomberie et sanitaire,WC Sanitaire,TM1,TMPC01,Gare Maritime TMPC,corrective,3,0,3
177730,WC Sanitaire 1,Equipement plomberie et sanitaire,WC Sanitaire,TM1,TMPC01,Gare Maritime TMPC,corrective,1,0,1
177733,WC Sanitaire 1,Equipement plomberie et sanitaire,WC Sanitaire,TM1,TMPC01,Gare Maritime TMPC,corrective,1,0,1
177772,Distributeur savon 1,Equipement plomberie et sanitaire,Distributeur savon,PPR,PPR01,Sanitaire quai 4,corrective,1,0,1
177773,Distributeur savon 2,Equipement plomberie et sanitaire,Distributeur savon,PPR,PPR01,Sanitaire quai 4,corrective,1,0,1
177810,Robinet 1,Equipement plomberie et sanitaire,Robinet ,PPR,PPR01,Sanitaire quai 4,corrective,4,0,4
177811,Robinet 2,Equipement plomberie et sanitaire,Robinet ,PPR,PPR01,Sanitaire quai 4,corrective,1,0,1
177816,Spot 5,Equipement éclairage,Spot,PPR,PPR01,Sanitaire quai 4,corrective,1,0,1
177829,WC Sanitaire 2,Equipement plomberie et sanitaire,WC Sanitaire,PPR,PPR01,Sanitaire quai 4,corrective,4,0,4
177895,Pompe à chaleur ,Equipement climatisation et VMC,Pompe à chaleur,TM1,TMPC01,Secteur 4,"corrective, preventive",1,1,2
177921,Porte bois 1,Equipement lot archi / Menuiserie ,Porte  bois,PPR,GATE3,Zone Billetterie,corrective,1,0,1
1225305,Mono split 1,Equipement climatisation et VMC,Mono split ,TM1,SAS EXPORT,Sortie export,preventive,0,2,2
1225315,Mono split 1,Equipement climatisation et VMC,Mono split ,TM1,SAS EXPORT,Sortie export,preventive,0,2,2
1225325,Mono split 1,Equipement climatisation et VMC,Mono split ,TM1,SAS EXPORT,Sortie export,preventive,0,2,2
1225370,Interrupteur d'allumage 1,Equipement éclairage,Interrupteur d'allumage ,TM1,SAS EXPORT,Sortie export,corrective,1,0,1
1225458,Cloison ,Equipement lot archi / Menuiserie ,Cloison,TM1,SAS EXPORT,Batiment 7-H,corrective,1,0,1
1225462,Cloison ,Equipement lot archi / Menuiserie ,Cloison,TM1,SAS EXPORT,Batiment 7-H,corrective,1,0,1
1225497,Mono split 1,Equipement climatisation et VMC,Mono split ,TM1,SAS EXPORT,Batiment 7-H,preventive,0,3,3
1225499,Armoire électrique 1,Equipement électrique,Armoire électrique ,TM1,SAS EXPORT,Batiment 7-H,preventive,0,2,2
1225500,Armoire électrique 2,Equipement électrique,Armoire électrique ,TM1,SAS EXPORT,Batiment 7-H,preventive,0,2,2
1225502,Mono split 1,Equipement climatisation et VMC,Mono split ,TM1,SAS EXPORT,Batiment 7-H,preventive,0,3,3
1225504,Armoire électrique 1,Equipement électrique,Armoire électrique ,TM1,SAS EXPORT,Batiment 7-H,preventive,0,2,2
1225505,Armoire électrique 2,Equipement électrique,Armoire électrique ,TM1,SAS EXPORT,Batiment 7-H,preventive,0,2,2
1225507,Mono split 1,Equipement climatisation et VMC,Mono split ,TM1,SAS EXPORT,Batiment 7-H,preventive,0,3,3
1225509,Armoire électrique 1,Equipement électrique,Armoire électrique ,TM1,SAS EXPORT,Batiment 7-H,preventive,0,2,2
1225510,Armoire électrique 2,Equipement électrique,Armoire électrique ,TM1,SAS EXPORT,Batiment 7-H,preventive,0,2,2
1225514,Mono split 1,Equipement climatisation et VMC,Mono split ,TM1,SAS EXPORT,Batiment 7-H,preventive,0,3,3
1225515,Armoire électrique 1,Equipement électrique,Armoire électrique ,TM1,SAS EXPORT,Batiment 7-H,preventive,0,2,2
1225516,Armoire électrique 2,Equipement électrique,Armoire électrique ,TM1,SAS EXPORT,Batiment 7-H,preventive,0,2,2
1225522,Mono split 1,Equipement climatisation et VMC,Mono split ,TM1,SAS EXPORT,Batiment 7-H,preventive,0,3,3
1225524,Mono split 1,Equipement climatisation et VMC,Mono split ,TM1,SAS EXPORT,Batiment 7-H,preventive,0,3,3
1225527,Mono split 1,Equipement climatisation et VMC,Mono split ,TM1,SAS EXPORT,Batiment 7-H,preventive,0,3,3
1225531,Mono split 1,Equipement climatisation et VMC,Mono split ,TM1,SAS EXPORT,Batiment 7-H,preventive,0,3,3
1225535,Mono split 1,Equipement climatisation et VMC,Mono split ,TM1,SAS EXPORT,Batiment 7-H,preventive,0,3,3
1225543,Distributeur savon 1,Equipement plomberie et sanitaire,Distributeur savon,TM1,SAS EXPORT,Batiment 7-H,corrective,1,0,1
1225544,"Distributeur papier, serviette 1",Equipement plomberie et sanitaire,"Distributeur papier, serviette",TM1,SAS EXPORT,Batiment 7-H,corrective,1,0,1
1225546,Lavabo 1,Equipement plomberie et sanitaire,Lavabo,TM1,SAS EXPORT,Batiment 7-H,corrective,1,0,1
1225550,Porte bois 2,Equipement lot archi / Menuiserie ,Porte  bois,TM1,SAS EXPORT,Batiment 7-H,corrective,1,0,1
1225554,"Distributeur papier, serviette 1",Equipement plomberie et sanitaire,"Distributeur papier, serviette",TM1,SAS EXPORT,Batiment 7-H,corrective,1,0,1
1225559,Porte bois 1,Equipement lot archi / Menuiserie ,Porte  bois,TM1,SAS EXPORT,Batiment 7-H,corrective,1,0,1
1225564,Distributeur savon 1,Equipement plomberie et sanitaire,Distributeur savon,TM1,SAS EXPORT,Batiment 7-H,corrective,1,0,1
1225567,Lavabo 1,Equipement plomberie et sanitaire,Lavabo,TM1,SAS EXPORT,Batiment 7-H,corrective,1,0,1
1225582,Lavabo 1,Equipement plomberie et sanitaire,Lavabo,TM1,SAS EXPORT,Batiment 7-H,corrective,1,0,1
1225643,Cloison ,Equipement lot archi / Menuiserie ,Cloison,TM1,SAS EXPORT,Batiment 1-A,corrective,1,0,1
1225649,Plafond ,Equipement lot archi / Menuiserie ,Plafond,TM1,SAS EXPORT,Batiment 1-A,corrective,1,0,1
1225653,Mono split 1,Equipement climatisation et VMC,Mono split ,TM1,SAS EXPORT,Batiment 1-A,preventive,0,3,3
1225664,Porte bois 1,Equipement lot archi / Menuiserie ,Porte  bois,TM1,SAS EXPORT,Batiment 1-A,corrective,1,0,1
1225666,Armoire électrique 1,Equipement électrique,Armoire électrique ,TM1,SAS EXPORT,Batiment 1-A,preventive,0,2,2
1225673,Prise de courant 1,Equipement électrique,Prise de courant ,TM1,SAS EXPORT,Batiment 1-A,corrective,1,0,1
1225726,CTA 1,Equipement climatisation et VMC,Centrale de traitement d'air,TM1,SAS EXPORT,Batiment 2-B,preventive,0,1,1
1225732,MSP 1,Equipement climatisation et VMC,Mono split ,TM1,SAS EXPORT,Batiment 2-B,preventive,0,2,2
1225734,AEL 1,Equipement électrique,Armoire électrique ,TM1,SAS EXPORT,Batiment 2-B,preventive,0,2,2
1225758,Interrupteur d'allumage 1,Equipement éclairage,Interrupteur d'allumage ,MEDHUB,ZFL02,PNG-ZFL2,corrective,1,0,1
1225765,Porte Aluminium,Equipement lot archi / Menuiserie ,Porte aluminium,MEDHUB,ZFL02,PNG-ZFL2,corrective,1,0,1
1225776,CLN ,Equipement lot archi / Menuiserie ,Cloison,TM1,SAS EXPORT,Batiment 3-C,corrective,1,0,1
1225811,PRC 2,Equipement électrique,Prise de courant ,TM1,SAS EXPORT,Batiment 3-C,corrective,1,0,1
1225825,PRC 1,Equipement électrique,Prise de courant ,TM1,SAS EXPORT,Batiment 3-C,corrective,1,0,1
1225828,MSP 1,Equipement climatisation et VMC,Mono split ,TM1,SAS EXPORT,Batiment 3-C,preventive,0,3,3
1225835,MSP 1,Equipement climatisation et VMC,Mono split ,TM1,SAS EXPORT,Batiment 3-C,preventive,0,3,3
1225847,TGBT 1,Equipement électrique,TGBT,TM1,SAS EXPORT,Batiment 3-C,preventive,0,2,2
1225850,CTA 2,Equipement climatisation et VMC,Centrale de traitement d'air,TM1,SAS EXPORT,Batiment 3-C,"corrective, preventive",1,1,2
1225970,Mono split 1,Equipement climatisation et VMC,Mono split ,TM1,SAS EXPORT,Batiment 4-G,preventive,0,3,3
1225977,Mono split 1,Equipement climatisation et VMC,Mono split ,TM1,SAS EXPORT,Batiment 4-G,preventive,0,3,3
1225983,TGBT 1,Equipement électrique,TGBT,TM1,SAS EXPORT,Batiment 4-G,preventive,0,2,2
1226008,Pompe à chaleur 1,Equipement climatisation et VMC,Pompe à chaleur,TM1,SAS EXPORT,Batiment 4-G,"corrective, preventive",1,1,2
1226013,Centrale de traitement d'air 1,Equipement climatisation et VMC,Centrale de traitement d'air,TM1,SAS EXPORT,Batiment 4-G,preventive,0,1,1
1226014,Centrale de traitement d'air 2,Equipement climatisation et VMC,Centrale de traitement d'air,TM1,SAS EXPORT,Batiment 4-G,preventive,0,1,1
1226030,Mono split 1,Equipement climatisation et VMC,Mono split ,TM1,SAS EXPORT,Batiment 4-G,preventive,0,3,3
1226041,Mono split 1,Equipement climatisation et VMC,Mono split ,TM1,SAS EXPORT,Batiment 4-G,preventive,0,3,3
1226051,Mono split 1,Equipement climatisation et VMC,Mono split ,TM1,SAS EXPORT,Batiment 4-G,preventive,0,3,3
1226062,Mono split 1,Equipement climatisation et VMC,Mono split ,TM1,SAS EXPORT,Batiment 4-G,preventive,0,3,3
1226063,Prise de courant 1,Equipement électrique,Prise de courant ,TM1,SAS EXPORT,Batiment 4-G,corrective,1,0,1
1226064,Prise de courant 2,Equipement électrique,Prise de courant ,TM1,SAS EXPORT,Batiment 4-G,corrective,2,0,2
1226065,Armoire électrique 1,Equipement électrique,Armoire électrique ,TM1,SAS EXPORT,Batiment 4-G,"corrective, preventive",1,2,3
1226066,Armoire électrique 2,Equipement électrique,Armoire électrique ,TM1,SAS EXPORT,Batiment 4-G,"corrective, preventive",1,2,3
1226067,TGBT 1,Equipement électrique,TGBT,TM1,SAS EXPORT,Batiment 4-G,preventive,0,2,2
1226069,Mono split 1,Equipement climatisation et VMC,Mono split ,TM1,SAS EXPORT,Batiment 4-G,preventive,0,3,3
1226070,Mono split 1,Equipement climatisation et VMC,Mono split ,TM1,SAS EXPORT,Batiment 4-G,preventive,0,3,3
1226105,Prise de courant 2,Equipement électrique,Prise de courant ,TM1,SAS EXPORT,Batiment 4-G,corrective,1,0,1
1226108,Armoire électrique 1,Equipement électrique,Armoire électrique ,TM1,SAS EXPORT,Batiment 4-G,preventive,0,2,2
1226109,Porte sectionnelle 10,"Equipement de sécurité, contôle et exploitation",Porte sectionnelle,TM1,SAS EXPORT,Batiment 4-G,corrective,3,0,3
1226128,PRC 1,Equipement électrique,Prise de courant ,TM1,SAS EXPORT,Batiment 4-G,corrective,1,0,1
1226130,Mono split 1,Equipement climatisation et VMC,Mono split ,TM1,SAS EXPORT,Batiment 4-G,preventive,0,3,3
1226135,Mono split 1,Equipement climatisation et VMC,Mono split ,TM1,SAS EXPORT,Batiment 4-G,preventive,0,3,3
1226138,Mono split 1,Equipement climatisation et VMC,Mono split ,TM1,SAS EXPORT,Batiment 4-G,preventive,0,3,3
1226139,Mono split 1,Equipement climatisation et VMC,Mono split ,TM1,SAS EXPORT,Batiment 4-G,preventive,0,3,3
1226160,Distributeur savon 4,Equipement plomberie et sanitaire,Distributeur savon,TM1,SAS EXPORT,Batiment 4-G,corrective,1,0,1
1226271,Split Ext 6,Equipement climatisation et VMC,Split Ext,TM1,TMPC01,Secteur 1,corrective,1,0,1
1226274,Applique LED 2,Equipement éclairage,Applique LED ,TM1,TMPC01,Secteur 1,corrective,1,0,1
1226378,Ventiloconvecteur 1,Equipement climatisation et VMC,Ventilo-convecteur ,TM1,TMPC01,Secteur 1,preventive,0,1,1
1226379,Ventiloconvecteur 2,Equipement climatisation et VMC,Ventilo-convecteur ,TM1,TMPC01,Secteur 1,preventive,0,1,1
1226380,Ventiloconvecteur 3,Equipement climatisation et VMC,Ventilo-convecteur ,TM1,TMPC01,Secteur 1,preventive,0,1,1
1226403,Armoire électrique 3,Equipement électrique,Armoire électrique ,TM1,TMPC01,Secteur 1,preventive,0,3,3
1226404,Armoire électrique 4,Equipement électrique,Armoire électrique ,TM1,TMPC01,Secteur 1,preventive,0,3,3
1226405,Armoire électrique 5,Equipement électrique,Armoire électrique ,TM1,TMPC01,Secteur 1,preventive,0,3,3
1226412,Mono split 1,Equipement climatisation et VMC,Mono split ,TM1,TMPC01,Secteur 1,preventive,0,3,3
1226413,Armoire électrique 3,Equipement électrique,Armoire électrique ,TM1,TMPC01,Secteur 1,preventive,0,3,3
1226414,Armoire électrique 4,Equipement électrique,Armoire électrique ,TM1,TMPC01,Secteur 1,preventive,0,3,3
1226415,Armoire électrique 5,Equipement électrique,Armoire électrique ,TM1,TMPC01,Secteur 1,preventive,0,3,3
1226416,Armoire électrique 6,Equipement électrique,Armoire électrique ,TM1,TMPC01,Secteur 1,preventive,0,3,3
1226417,TGBT 1,Equipement électrique,TGBT,TM1,TMPC01,Secteur 1,preventive,0,3,3
1226438,Armoire électrique 1,Equipement électrique,Armoire électrique ,TM1,TMPC01,Secteur 1,preventive,0,3,3
1226558,CLN ,Equipement lot archi / Menuiserie ,Cloison,TM1,SAS EXPORT,Batiment 8-F,corrective,1,0,1
1226574,CLN ,Equipement lot archi / Menuiserie ,Cloison,TM1,SAS EXPORT,Batiment 8-F,corrective,1,0,1
1226579,CLN ,Equipement lot archi / Menuiserie ,Cloison,TM1,SAS EXPORT,Batiment 8-F,corrective,1,0,1
1226630,MSP 1,Equipement climatisation et VMC,Mono split ,TM1,SAS EXPORT,Batiment 8-F,preventive,0,4,4
1226631,MSP 1,Equipement climatisation et VMC,Mono split ,TM1,SAS EXPORT,Batiment 8-F,preventive,0,4,4
1226633,MSP 1,Equipement climatisation et VMC,Mono split ,TM1,SAS EXPORT,Batiment 8-F,preventive,0,4,4
1226636,MSP 1,Equipement climatisation et VMC,Mono split ,TM1,SAS EXPORT,Batiment 8-F,preventive,0,4,4
1226639,MSP 1,Equipement climatisation et VMC,Mono split ,TM1,SAS EXPORT,Batiment 8-F,preventive,0,4,4
1226642,MSP 1,Equipement climatisation et VMC,Mono split ,TM1,SAS EXPORT,Batiment 8-F,preventive,0,4,4
1226643,MSP 1,Equipement climatisation et VMC,Mono split ,TM1,SAS EXPORT,Batiment 8-F,preventive,0,4,4
1226645,MSP 1,Equipement climatisation et VMC,Mono split ,TM1,SAS EXPORT,Batiment 8-F,preventive,0,4,4
1226647,MSP 1,Equipement climatisation et VMC,Mono split ,TM1,SAS EXPORT,Batiment 8-F,preventive,0,4,4
1226649,MSP 1,Equipement climatisation et VMC,Mono split ,TM1,SAS EXPORT,Batiment 8-F,preventive,0,4,4
1226654,MSP 1,Equipement climatisation et VMC,Mono split ,TM1,SAS EXPORT,Batiment 8-F,preventive,0,4,4
1226663,MSP 1,Equipement climatisation et VMC,Mono split ,TM1,SAS EXPORT,Batiment 8-F,preventive,0,4,4
1226676,MSP 1,Equipement climatisation et VMC,Mono split ,TM1,SAS EXPORT,Batiment 8-F,preventive,0,4,4
1226677,POR 1,Equipement lot archi / Menuiserie ,Porte  bois,TM1,SAS EXPORT,Batiment 8-F,corrective,1,0,1
1226686,MSP 1,Equipement climatisation et VMC,Mono split ,TM1,SAS EXPORT,Batiment 8-F,preventive,0,4,4
1226743,IA 1,Equipement éclairage,Interrupteur d'allumage ,TM1,SAS EXPORT,Batiment 8-F,corrective,1,0,1
1226745,WC 1,Equipement plomberie et sanitaire,WC Sanitaire,TM1,SAS EXPORT,Batiment 8-F,corrective,1,0,1
1226749,POR 2,Equipement lot archi / Menuiserie ,Porte  bois,TM1,SAS EXPORT,Batiment 8-F,corrective,1,0,1
1226751,IA 1,Equipement éclairage,Interrupteur d'allumage ,TM1,SAS EXPORT,Batiment 8-F,corrective,1,0,1
1226752,IA 2,Equipement éclairage,Interrupteur d'allumage ,TM1,SAS EXPORT,Batiment 8-F,corrective,1,0,1
1226757,WC 1,Equipement plomberie et sanitaire,WC Sanitaire,TM1,SAS EXPORT,Batiment 8-F,corrective,1,0,1
1226760,WC 4,Equipement plomberie et sanitaire,WC Sanitaire,TM1,SAS EXPORT,Batiment 8-F,corrective,1,0,1
1226762,LVB 2,Equipement plomberie et sanitaire,Lavabo,TM1,SAS EXPORT,Batiment 8-F,corrective,2,0,2
1226769,DSA 1,Equipement plomberie et sanitaire,Distributeur savon,TM1,SAS EXPORT,Batiment 8-F,corrective,1,0,1
1226773,POR 2,Equipement lot archi / Menuiserie ,Porte  bois,TM1,SAS EXPORT,Batiment 8-F,corrective,1,0,1
1226807,PRC 4,Equipement électrique,Prise de courant ,TM1,SAS EXPORT,Batiment 8-F,corrective,1,0,1
1226809,CAL 2,Equipement éclairage,Caisson lumineux,TM1,SAS EXPORT,Batiment 8-F,corrective,1,0,1
1226810,CAL 3,Equipement éclairage,Caisson lumineux,TM1,SAS EXPORT,Batiment 8-F,corrective,1,0,1
1226840,Douchette 2,Equipement plomberie et sanitaire,Douchette ,TM1,ZEXT01,VTS,corrective,1,0,1
1226842,Chauffe eau,Equipement plomberie et sanitaire,Chauffe eau électrique,TM1,ZEXT01,VTS,corrective,1,0,1
1226847,Douchette,Equipement plomberie et sanitaire,Douchette ,TM1,ZEXT01,VTS,corrective,1,0,1
1226880,Cloison ,Equipement lot archi / Menuiserie ,Cloison,TM1,SAS EXPORT,Batiment 5-D,corrective,1,0,1
1226970,Pompe à chaleur 1,Equipement climatisation et VMC,Pompe à chaleur,TM1,SAS EXPORT,Batiment 5-D,preventive,0,1,1
1226976,Ventiloconvecteur 1,Equipement climatisation et VMC,Ventilo-convecteur ,TM1,SAS EXPORT,Batiment 6-E,preventive,0,1,1
1226980,Armoire électrique 1,Equipement électrique,Armoire électrique ,TM1,SAS EXPORT,Batiment 6-E,preventive,0,2,2
1226981,Armoire électrique 2,Equipement électrique,Armoire électrique ,TM1,SAS EXPORT,Batiment 6-E,preventive,0,2,2
1226982,Armoire électrique 3,Equipement électrique,Armoire électrique ,TM1,SAS EXPORT,Batiment 6-E,preventive,0,2,2
1226983,Armoire électrique 4,Equipement électrique,Armoire électrique ,TM1,SAS EXPORT,Batiment 6-E,preventive,0,2,2
1226986,Armoire électrique 1,Equipement électrique,Armoire électrique ,TM1,SAS EXPORT,Batiment 6-E,preventive,0,2,2
1226987,Armoire électrique 2,Equipement électrique,Armoire électrique ,TM1,SAS EXPORT,Batiment 6-E,preventive,0,2,2
1226988,Armoire électrique 3,Equipement électrique,Armoire électrique ,TM1,SAS EXPORT,Batiment 6-E,preventive,0,2,2
1226989,Armoire électrique 4,Equipement électrique,Armoire électrique ,TM1,SAS EXPORT,Batiment 6-E,preventive,0,2,2
1226992,Ventiloconvecteur 1,Equipement climatisation et VMC,Ventilo-convecteur ,TM1,SAS EXPORT,Batiment 6-E,preventive,0,1,1
1226993,TGBT 1,Equipement électrique,TGBT,TM1,SAS EXPORT,Batiment 6-E,preventive,0,2,2
1226994,TGBT 2,Equipement électrique,TGBT,TM1,SAS EXPORT,Batiment 6-E,preventive,0,2,2
1226995,TGBT 3,Equipement électrique,TGBT,TM1,SAS EXPORT,Batiment 6-E,preventive,0,2,2
1227003,TGBT 1,Equipement électrique,TGBT,TM1,SAS EXPORT,Batiment 6-E,preventive,0,2,2
1227034,Pompe à chaleur 1,Equipement climatisation et VMC,Pompe à chaleur,TM1,SAS EXPORT,Batiment 6-E,preventive,0,1,1
1227035,Pompe à chaleur 2,Equipement climatisation et VMC,Pompe à chaleur,TM1,SAS EXPORT,Batiment 6-E,preventive,0,1,1
1227183,Ventiloconvecteur 1,Equipement climatisation et VMC,Ventilo-convecteur ,TM1,SAS EXPORT,Batiment 6-E,preventive,0,1,1
1227193,Ventiloconvecteur 1,Equipement climatisation et VMC,Ventilo-convecteur ,TM1,SAS EXPORT,Batiment 6-E,preventive,0,1,1
1227226,Ventiloconvecteur 1,Equipement climatisation et VMC,Ventilo-convecteur ,TM1,SAS EXPORT,Batiment 6-E,preventive,0,1,1
1227227,Ventiloconvecteur 2,Equipement climatisation et VMC,Ventilo-convecteur ,TM1,SAS EXPORT,Batiment 6-E,preventive,0,1,1
1227228,Ventiloconvecteur 3,Equipement climatisation et VMC,Ventilo-convecteur ,TM1,SAS EXPORT,Batiment 6-E,preventive,0,1,1
1227229,Ventiloconvecteur 4,Equipement climatisation et VMC,Ventilo-convecteur ,TM1,SAS EXPORT,Batiment 6-E,preventive,0,1,1
1227251,Ventiloconvecteur 1,Equipement climatisation et VMC,Ventilo-convecteur ,TM1,SAS EXPORT,Batiment 6-E,preventive,0,1,1
1227318,Distributeur savon 1,Equipement plomberie et sanitaire,Distributeur savon,TM1,SAS EXPORT,Batiment 5-D,corrective,1,0,1
1227321,Interrupteur d'allumage 1,Equipement éclairage,Interrupteur d'allumage ,TM1,SAS EXPORT,Batiment 5-D,corrective,1,0,1
1227343,WC Sanitaire 1,Equipement plomberie et sanitaire,WC Sanitaire,TM1,SAS EXPORT,Batiment 5-D,corrective,1,0,1
1227355,Distributeur savon 1,Equipement plomberie et sanitaire,Distributeur savon,TM1,SAS EXPORT,Batiment 5-D,corrective,1,0,1
1227447,Spot 4,Equipement éclairage,Spot,TM1,SAS EXPORT,Batiment 6-E,corrective,1,0,1
1227522,Robinet,Equipement plomberie et sanitaire,Robinet ,TM2,TM02,PNG,corrective,1,0,1
1227537,Boite au sol 2,Equipement électrique,Boite au sol,TM1,TMPC01,Secteur 5,corrective,1,0,1
1227566,Siphon sol,Equipement plomberie et sanitaire,Siphon sol ,TM1,TMPC01,Secteur 1,corrective,1,0,1
1227602,Armoire électrique 1,Equipement électrique,Armoire électrique ,PPR,PPR01,Ancienne gare maritime,preventive,0,2,2
1227604,Armoire électrique 1,Equipement électrique,Armoire électrique ,PPR,PPR01,Ancienne gare maritime,preventive,0,2,2
1227605,Armoire électrique 2,Equipement électrique,Armoire électrique ,PPR,PPR01,Ancienne gare maritime,preventive,0,2,2
1227610,Armoire électrique 1,Equipement électrique,Armoire électrique ,PPR,PPR01,Ancienne gare maritime,preventive,0,2,2
1227611,Armoire électrique 2,Equipement électrique,Armoire électrique ,PPR,PPR01,Ancienne gare maritime,preventive,0,2,2
1227612,Prise de courant 1,Equipement électrique,Prise de courant ,PPR,PPR01,Ancienne gare maritime,corrective,1,0,1
1227618,Drapeau -,Equipement lot archi / Menuiserie ,Drapeau,PPR,PPR01,Ancienne gare maritime,corrective,1,0,1
1227688,Armoire électrique 1,Equipement électrique,Armoire électrique ,PPR,PPR01,Ancienne gare maritime,preventive,0,2,2
1227689,Armoire électrique 2,Equipement électrique,Armoire électrique ,PPR,PPR01,Ancienne gare maritime,preventive,0,2,2
1227735,Porte Aluminium,Equipement lot archi / Menuiserie ,Porte aluminium,MEDHUB,ZFL01,Sanitaire PNG ZFL,corrective,1,0,1
1227859,Cloison ,Equipement lot archi / Menuiserie ,Cloison,TM1,ZEXT01,Club Tanger MED,corrective,1,0,1
1228171,Evier 1,Equipement plomberie et sanitaire,Evier,TM1,ZEXT01,Club Tanger MED,corrective,1,0,1
1228183,Armoire électrique 1,Equipement électrique,Armoire électrique ,TM1,ZEXT01,Club Tanger MED,preventive,0,3,3
1228246,Armoire électrique 1,Equipement électrique,Armoire électrique ,TM1,ZEXT01,Club Tanger MED,preventive,0,3,3
1228301,Armoire électrique 1,Equipement électrique,Armoire électrique ,TM1,ZEXT01,Club Tanger MED,preventive,0,3,3
1228365,Armoire électrique 1,Equipement électrique,Armoire électrique ,TM1,ZEXT01,Club Tanger MED,preventive,0,3,3
1228421,Armoire électrique 1,Equipement électrique,Armoire électrique ,TM1,ZEXT01,Club Tanger MED,preventive,0,3,3
1228469,Armoire électrique 1,Equipement électrique,Armoire électrique ,TM1,ZEXT01,Club Tanger MED,preventive,0,3,3
1228520,Armoire électrique 1,Equipement électrique,Armoire électrique ,TM1,ZEXT01,Club Tanger MED,preventive,0,3,3
1228610,Armoire électrique 1,Equipement électrique,Armoire électrique ,TM1,ZEXT01,Club Tanger MED,preventive,0,3,3
1228814,Armoire électrique 1,Equipement électrique,Armoire électrique ,TM1,ZEXT01,Club Tanger MED,preventive,0,3,3
1228929,Armoire électrique 1,Equipement électrique,Armoire électrique ,TM1,ZEXT01,Club Tanger MED,preventive,0,3,3
1228930,Armoire électrique 2,Equipement électrique,Armoire électrique ,TM1,ZEXT01,Club Tanger MED,preventive,0,3,3
1228931,Armoire électrique 3,Equipement électrique,Armoire électrique ,TM1,ZEXT01,Club Tanger MED,preventive,0,3,3
1228932,Armoire électrique 4,Equipement électrique,Armoire électrique ,TM1,ZEXT01,Club Tanger MED,preventive,0,3,3
1228936,Mono split 1,Equipement climatisation et VMC,Mono split ,TM1,ZEXT01,Club Tanger MED,preventive,0,3,3
1228937,Mono split 2,Equipement climatisation et VMC,Mono split ,TM1,ZEXT01,Club Tanger MED,preventive,0,3,3
1228940,Armoire électrique 1,Equipement électrique,Armoire électrique ,TM1,ZEXT01,Club Tanger MED,preventive,0,3,3
1229146,Armoire électrique 1,Equipement électrique,Armoire électrique ,TM1,ZEXT01,Club Tanger MED,preventive,0,3,3
1229181,Spot 1,Equipement éclairage,Spot,TM1,ZEXT01,Club Tanger MED,corrective,1,0,1
1229183,Spot 3,Equipement éclairage,Spot,TM1,ZEXT01,Club Tanger MED,corrective,1,0,1
1229201,WC Sanitaire 1,Equipement plomberie et sanitaire,WC Sanitaire,TM1,ZEXT01,Club Tanger MED,corrective,1,0,1
1229292,Armoire électrique 1,Equipement électrique,Armoire électrique ,TM1,TMPC01,Gare Maritime TMPC,preventive,0,2,2
1229293,Armoire électrique 2,Equipement électrique,Armoire électrique ,TM1,TMPC01,Gare Maritime TMPC,preventive,0,2,2
1229295,Prise de courant 1,Equipement électrique,Prise de courant ,TM1,TMPC01,Gare Maritime TMPC,corrective,1,0,1
1229296,Prise de courant 2,Equipement électrique,Prise de courant ,TM1,TMPC01,Gare Maritime TMPC,corrective,1,0,1
1229317,Mono split 1,Equipement climatisation et VMC,Mono split ,TM1,TMPC01,Gare Maritime TMPC,preventive,0,3,3
1229322,Armoire électrique 1,Equipement électrique,Armoire électrique ,TM1,TMPC01,Gare Maritime TMPC,preventive,0,2,2
1229330,Robinet 2,Equipement plomberie et sanitaire,Robinet ,TM1,TMPC01,Gare Maritime TMPC,corrective,1,0,1
1229350,Robinet 2,Equipement plomberie et sanitaire,Robinet ,TM1,TMPC01,Gare Maritime TMPC,corrective,1,0,1
1229354,Robinet 1,Equipement plomberie et sanitaire,Robinet ,TM1,TMPC01,Gare Maritime TMPC,corrective,1,0,1
1229428,Siphon sol 1,Equipement plomberie et sanitaire,Siphon sol ,TM1,TMPC01,Gare Maritime TMPC,corrective,1,0,1
1229430,Douchette 2,Equipement plomberie et sanitaire,Douchette ,TM1,TMPC01,Gare Maritime TMPC,corrective,1,0,1
1229556,Plafond ,Equipement lot archi / Menuiserie ,Plafond,MEDHUB,ZFL01,Entrepôt 130,corrective,1,0,1
1229590,Mono split 1,Equipement climatisation et VMC,Mono split ,MEDHUB,ZFL01,Entrepôt 130,preventive,0,1,1
1229721,Mono split 1,Equipement climatisation et VMC,Mono split ,MEDHUB,ZFL01,Entrepôt 130,"corrective, preventive",1,1,2
1229751,Mono split 1,Equipement climatisation et VMC,Mono split ,MEDHUB,ZFL01,Entrepôt 130,preventive,0,1,1
1229767,Mono split 1,Equipement climatisation et VMC,Mono split ,MEDHUB,ZFL01,Entrepôt 130,preventive,0,1,1
1229768,Mono split 2,Equipement climatisation et VMC,Mono split ,MEDHUB,ZFL01,Entrepôt 130,preventive,0,1,1
1229883,Climatiseur cassette 1,Equipement climatisation et VMC,Climatiseur cassette ,MEDHUB,ZFL01,Entrepôt 130,preventive,0,1,1
1229949,Fenêtre 1,Equipement lot archi / Menuiserie ,Fenêtre ,MEDHUB,ZFL01,Entrepôt 130,corrective,1,0,1
1230092,Mono split 1,Equipement climatisation et VMC,Mono split ,MEDHUB,ZFL01,Entrepôt 130,preventive,0,1,1
1230223,Bloc autonome 1,Equipement éclairage,Bloc autonome secours ,MEDHUB,ZFL01,Entrepôt 130,corrective,1,0,1
1230226,Bloc autonome 1,Equipement éclairage,Bloc autonome secours ,MEDHUB,ZFL01,Entrepôt 130,corrective,1,0,1
1230231,Bloc autonome 1,Equipement éclairage,Bloc autonome secours ,MEDHUB,ZFL01,Entrepôt 130,corrective,1,0,1
1230238,Bloc autonome 1,Equipement éclairage,Bloc autonome secours ,MEDHUB,ZFL01,Entrepôt 130,corrective,1,0,1
1230277,Mono split 1,Equipement climatisation et VMC,Mono split ,MEDHUB,ZFL01,Entrepôt 130,preventive,0,1,1
1230300,Mono split 1,Equipement climatisation et VMC,Mono split ,MEDHUB,ZFL01,Entrepôt 130,preventive,0,1,1
1230313,TGBT 1,Equipement électrique,TGBT,MEDHUB,ZFL01,Entrepôt 130,preventive,0,1,1
1230336,Mono split 1,Equipement climatisation et VMC,Mono split ,MEDHUB,ZFL01,Entrepôt 130,preventive,0,1,1
1230353,Mono split 1,Equipement climatisation et VMC,Mono split ,MEDHUB,ZFL01,Entrepôt 130,preventive,0,1,1
1230356,Split Ext 1,Equipement climatisation et VMC,Split Ext,MEDHUB,ZFL01,Entrepôt 130,corrective,1,0,1
1230368,Mono split 1,Equipement climatisation et VMC,Mono split ,MEDHUB,ZFL01,Entrepôt 130,preventive,0,1,1
1230382,Mono split 1,Equipement climatisation et VMC,Mono split ,MEDHUB,ZFL01,Entrepôt 130,preventive,0,1,1
1230399,Mono split 1,Equipement climatisation et VMC,Mono split ,MEDHUB,ZFL01,Entrepôt 130,preventive,0,1,1
1230925,Armoire électrique,Equipement électrique,Armoire électrique ,PPR,PPR01,Sortie parking TIR,preventive,0,2,2
1230928,Mono split 1,Equipement climatisation et VMC,Mono split ,MEDHUB,ZFL01,Entrepôt 110,preventive,0,1,1
1230929,Mono split 1,Equipement climatisation et VMC,Mono split ,MEDHUB,ZFL01,Entrepôt 110,preventive,0,1,1
1230930,Mono split 1,Equipement climatisation et VMC,Mono split ,MEDHUB,ZFL01,Entrepôt 110,preventive,0,1,1
1230931,Mono split 1,Equipement climatisation et VMC,Mono split ,MEDHUB,ZFL01,Entrepôt 110,preventive,0,1,1
1230932,Mono split 1,Equipement climatisation et VMC,Mono split ,MEDHUB,ZFL01,Entrepôt 110,preventive,0,1,1
1230933,Mono split 1,Equipement climatisation et VMC,Mono split ,MEDHUB,ZFL01,Entrepôt 110,preventive,0,1,1
1231120,Armoire électrique 1,Equipement électrique,Armoire électrique ,PPR,PPR01,Batiment quai 1,preventive,0,3,3
1231125,Armoire électrique 1,Equipement électrique,Armoire électrique ,PPR,PPR01,Batiment quai 1,preventive,0,3,3
1231154,Mono split 1,Equipement climatisation et VMC,Mono split ,PPR,PPR01,Batiment quai 1,preventive,0,3,3
1231206,Caisson lumineux 2,Equipement éclairage,Caisson lumineux,PPR,PPR01,Batiment quai 1,corrective,1,0,1
1231277,Mono split 1,Equipement climatisation et VMC,Mono split ,PPR,PPR01,Batiment quai 1,preventive,0,3,3
1231301,Mono split 1,Equipement climatisation et VMC,Mono split ,PPR,PPR01,Batiment quai 1,"corrective, preventive",1,3,4
1231384,Armoire électrique 1,Equipement électrique,Armoire électrique ,PPR,PPR01,Batiment quai 1,preventive,0,3,3
1231415,Armoire électrique 1,Equipement électrique,Armoire électrique ,PPR,PPR01,Batiment quai 1,preventive,0,3,3
1231417,Caisson lumineux 1,Equipement éclairage,Caisson lumineux,PPR,PPR01,Batiment quai 1,corrective,1,0,1
1231419,Mono split 1,Equipement climatisation et VMC,Mono split ,PPR,PPR01,Batiment quai 1,preventive,0,3,3
1231421,Armoire électrique 1,Equipement électrique,Armoire électrique ,PPR,PPR01,Batiment quai 1,"corrective, preventive",1,3,4
1231794,Fenêtre 2,Equipement lot archi / Menuiserie ,Fenêtre ,MEDHUB,ZFL01,Entrepôt 140,corrective,1,0,1
1231827,Armature industrielle LED 3,Equipement éclairage,Armature industrielle LED,MEDHUB,ZFL01,Entrepôt 140,corrective,1,0,1
1231843,Armature industrielle LED 1,Equipement éclairage,Armature industrielle LED,MEDHUB,ZFL01,Entrepôt 140,corrective,1,0,1
1231983,Armoire électrique 2,Equipement électrique,Armoire électrique ,MEDHUB,ZFL01,Entrepôt 140,preventive,0,2,2
1231990,Lampe linéaire continue 1,Equipement éclairage,Lampe linéaire continue ,MEDHUB,ZFL01,Entrepôt 140,corrective,1,0,1
1231992,Bloc autonome secours 1,Equipement éclairage,Bloc autonome secours ,MEDHUB,ZFL01,Entrepôt 140,corrective,1,0,1
1232004,Bloc autonome secours 1,Equipement éclairage,Bloc autonome secours ,MEDHUB,ZFL01,Entrepôt 140,corrective,1,0,1
1232013,Bloc autonome secours 1,Equipement éclairage,Bloc autonome secours ,MEDHUB,ZFL01,Entrepôt 140,corrective,1,0,1
1232018,Armoire électrique 1,Equipement électrique,Armoire électrique ,MEDHUB,ZFL01,Entrepôt 140,preventive,0,2,2
1232025,Armoire électrique 1,Equipement électrique,Armoire électrique ,MEDHUB,ZFL01,Entrepôt 140,preventive,0,2,2
1232030,Armoire électrique 2,Equipement électrique,Armoire électrique ,MEDHUB,ZFL01,Entrepôt 140,preventive,0,2,2
1232039,Armoire électrique 1,Equipement électrique,Armoire électrique ,MEDHUB,ZFL01,Entrepôt 140,preventive,0,2,2
1232040,Armoire électrique 2,Equipement électrique,Armoire électrique ,MEDHUB,ZFL01,Entrepôt 140,preventive,0,2,2
1232042,Armoire électrique 1,Equipement électrique,Armoire électrique ,MEDHUB,ZFL01,Entrepôt 140,preventive,0,2,2
1232049,Armoire électrique 1,Equipement électrique,Armoire électrique ,MEDHUB,ZFL01,Entrepôt 140,preventive,0,2,2
1232061,Mono split 1,Equipement climatisation et VMC,Mono split ,MEDHUB,ZFL01,Entrepôt 140,preventive,0,1,1
1232074,Mono split 1,Equipement climatisation et VMC,Mono split ,MEDHUB,ZFL01,Entrepôt 140,preventive,0,1,1
1232081,Mono split 1,Equipement climatisation et VMC,Mono split ,MEDHUB,ZFL01,Entrepôt 140,preventive,0,1,1
1232087,Mono split 1,Equipement climatisation et VMC,Mono split ,MEDHUB,ZFL01,Entrepôt 140,preventive,0,1,1
1232089,Armoire électrique 1,Equipement électrique,Armoire électrique ,MEDHUB,ZFL01,Entrepôt 140,preventive,0,2,2
1232090,Armoire électrique 2,Equipement électrique,Armoire électrique ,MEDHUB,ZFL01,Entrepôt 140,preventive,0,2,2
1232105,Armoire électrique 1,Equipement électrique,Armoire électrique ,MEDHUB,ZFL01,Entrepôt 140,preventive,0,2,2
1232110,Armoire électrique 1,Equipement électrique,Armoire électrique ,MEDHUB,ZFL01,Entrepôt 140,preventive,0,2,2
1232111,Armoire électrique 2,Equipement électrique,Armoire électrique ,MEDHUB,ZFL01,Entrepôt 140,preventive,0,2,2
1232124,Mono split 1,Equipement climatisation et VMC,Mono split ,MEDHUB,ZFL01,Entrepôt 140,preventive,0,1,1
1232126,Armoire électrique 1,Equipement électrique,Armoire électrique ,MEDHUB,ZFL01,Entrepôt 140,preventive,0,2,2
1232134,Armoire électrique 1,Equipement électrique,Armoire électrique ,MEDHUB,ZFL01,Entrepôt 140,preventive,0,2,2
1232139,Armoire électrique 1,Equipement électrique,Armoire électrique ,MEDHUB,ZFL01,Entrepôt 140,preventive,0,2,2
1232147,Mono split 1,Equipement climatisation et VMC,Mono split ,MEDHUB,ZFL01,Entrepôt 140,preventive,0,1,1
1232149,Armoire électrique 1,Equipement électrique,Armoire électrique ,MEDHUB,ZFL01,Entrepôt 140,preventive,0,2,2
1232150,Armoire électrique 2,Equipement électrique,Armoire électrique ,MEDHUB,ZFL01,Entrepôt 140,preventive,0,2,2
1232155,Armoire électrique 1,Equipement électrique,Armoire électrique ,MEDHUB,ZFL01,Entrepôt 140,preventive,0,2,2
1232159,Armoire électrique 1,Equipement électrique,Armoire électrique ,MEDHUB,ZFL01,Entrepôt 140,preventive,0,2,2
1232160,Armoire électrique 2,Equipement électrique,Armoire électrique ,MEDHUB,ZFL01,Entrepôt 140,preventive,0,2,2
1232168,Armoire électrique 1,Equipement électrique,Armoire électrique ,MEDHUB,ZFL01,Entrepôt 140,preventive,0,2,2
1232172,Armoire électrique 1,Equipement électrique,Armoire électrique ,MEDHUB,ZFL01,Entrepôt 140,preventive,0,2,2
1232175,TGBT 1,Equipement électrique,TGBT,MEDHUB,ZFL01,Entrepôt 140,preventive,0,1,1
1232177,Armoire électrique 1,Equipement électrique,Armoire électrique ,MEDHUB,ZFL01,Entrepôt 140,preventive,0,2,2
1232181,Armoire électrique 1,Equipement électrique,Armoire électrique ,MEDHUB,ZFL01,Entrepôt 140,preventive,0,2,2
1232182,Bloc autonome secours 1,Equipement éclairage,Bloc autonome secours ,MEDHUB,ZFL01,Entrepôt 140,corrective,1,0,1
1232185,Armoire électrique 1,Equipement électrique,Armoire électrique ,MEDHUB,ZFL01,Entrepôt 140,preventive,0,2,2
1232199,Armoire électrique 1,Equipement électrique,Armoire électrique ,MEDHUB,ZFL01,Entrepôt 140,preventive,0,2,2
1232208,Armoire électrique 1,Equipement électrique,Armoire électrique ,MEDHUB,ZFL01,Entrepôt 140,preventive,0,2,2
1232527,Climatiseur cassette 1,Equipement climatisation et VMC,Climatiseur cassette ,PPR,PPR01,Flemingo,preventive,0,3,3
1232528,Climatiseur cassette 2,Equipement climatisation et VMC,Climatiseur cassette ,PPR,PPR01,Flemingo,preventive,0,3,3
1232634,Lampe linéaire continue 17,Equipement éclairage,Lampe linéaire continue ,PPR,PPR01,Flemingo,corrective,1,0,1
1232703,Armoire électrique 1,Equipement électrique,Armoire électrique ,PPR,PPR01,Flemingo,preventive,0,3,3
1232704,Armoire électrique 2,Equipement électrique,Armoire électrique ,PPR,PPR01,Flemingo,preventive,0,3,3
1232705,Armoire électrique 3,Equipement électrique,Armoire électrique ,PPR,PPR01,Flemingo,preventive,0,3,3
1232706,Armoire électrique 4,Equipement électrique,Armoire électrique ,PPR,PPR01,Flemingo,preventive,0,3,3
1232707,Armoire électrique 5,Equipement électrique,Armoire électrique ,PPR,PPR01,Flemingo,preventive,0,3,3
1232708,Mono split 1,Equipement climatisation et VMC,Mono split ,PPR,PPR01,Flemingo,preventive,0,3,3
1232710,TGBT 1,Equipement électrique,TGBT,PPR,PPR01,Flemingo,"corrective, preventive",1,3,4
1232711,Armoire électrique 1,Equipement électrique,Armoire électrique ,PPR,PPR01,Flemingo,preventive,0,3,3
1232712,Armoire électrique 2,Equipement électrique,Armoire électrique ,PPR,PPR01,Flemingo,"corrective, preventive",1,3,4
1232713,Armoire électrique 3,Equipement électrique,Armoire électrique ,PPR,PPR01,Flemingo,preventive,0,3,3
1232717,Mono split 1,Equipement climatisation et VMC,Mono split ,PPR,PPR01,Flemingo,preventive,0,3,3
1232788,Climatiseur cassette 1,Equipement climatisation et VMC,Climatiseur cassette ,PPR,PPR01,Flemingo,preventive,0,3,3
1232789,Climatiseur cassette 2,Equipement climatisation et VMC,Climatiseur cassette ,PPR,PPR01,Flemingo,preventive,0,3,3
1232879,Mono split 1,Equipement climatisation et VMC,Mono split ,PPR,PPR01,Flemingo,preventive,0,3,3
1232889,Mono split 1,Equipement climatisation et VMC,Mono split ,PPR,PPR01,Flemingo,preventive,0,3,3
1232966,Robinet 4,Equipement plomberie et sanitaire,Robinet ,PPR,PPR01,Flemingo,corrective,1,0,1
1232997,Spot 5,Equipement éclairage,Spot,PPR,PPR01,Flemingo,corrective,1,0,1
1233026,Spot 9,Equipement éclairage,Spot,PPR,PPR01,Flemingo,corrective,1,0,1
1233032,Armoire électrique 1,Equipement électrique,Armoire électrique ,PPR,PPR01,Flemingo,preventive,0,3,3
1233035,Armoire électrique 1,Equipement électrique,Armoire électrique ,PPR,PPR01,Flemingo,preventive,0,3,3
1233041,Porte vitrée 2,Equipement lot archi / Menuiserie ,Porte vitrée,PPR,PPR01,Flemingo,corrective,1,0,1
1233332,Porte bois 1,Equipement lot archi / Menuiserie ,Porte  bois,MEDHUB,ZFL01,Entrepôt 52,corrective,1,0,1
1234384,Split Ext 1,Equipement climatisation et VMC,Split Ext,MEDHUB,ZFL01,Entrepôt 52,corrective,1,0,1
1234395,Reservoir 1,Equipement de protection contre incendie,Sprinkler,MEDHUB,ZFL01,Entrepôt 52,corrective,1,0,1
1235922,Drapeau,Equipement lot archi / Menuiserie ,Drapeau,TM1,TM01,Batiment Douane,corrective,1,0,1
1237231,Armoire électrique 1,Equipement électrique,Armoire électrique ,MEDHUB,ZFL01,Entrepôt 42,corrective,1,0,1
1237579,Spot 2,Equipement éclairage,Spot,PPR,PPR01,Sanitaire quai 1,corrective,1,0,1
1237580,Spot 3,Equipement éclairage,Spot,PPR,PPR01,Sanitaire quai 1,corrective,1,0,1
1237585,Armoire électrique 1,Equipement électrique,Armoire électrique ,PPR,PPR01,Sanitaire quai 1,preventive,0,3,3
1237590,Robinet 2,Equipement plomberie et sanitaire,Robinet ,PPR,PPR01,Sanitaire quai 1,corrective,1,0,1
1237591,Robinet 3,Equipement plomberie et sanitaire,Robinet ,PPR,PPR01,Sanitaire quai 1,corrective,2,0,2
1237595,WC Sanitaire 1,Equipement plomberie et sanitaire,WC Sanitaire,PPR,PPR01,Sanitaire quai 1,corrective,1,0,1
1237597,Porte aluminium 1,Equipement lot archi / Menuiserie ,Porte aluminium,PPR,PPR01,Sanitaire quai 1,corrective,2,0,2
1237607,Robinet 1,Equipement plomberie et sanitaire,Robinet ,PPR,PPR01,Sanitaire quai 5,corrective,2,0,2
1237634,Siphon sol,Equipement plomberie et sanitaire,Siphon sol ,TM1,SAS EXPORT,Batiment 1-A,corrective,1,0,1
1237637,Robinet 2,Equipement plomberie et sanitaire,Robinet ,TM1,SAS EXPORT,Batiment 1-A,corrective,1,0,1
1237680,RBT 1,Equipement plomberie et sanitaire,Robinet ,TM1,SAS EXPORT,Batiment 3-C,corrective,1,0,1
1237689,Robinet mitigeur 1,Equipement plomberie et sanitaire,Robinet mitigeur ,TM1,SAS EXPORT,Batiment 4-G,corrective,1,0,1
1237711,Robinet 2,Equipement plomberie et sanitaire,Robinet ,TM1,SAS EXPORT,Batiment 4-G,corrective,1,0,1
1237717,Robinet 4,Equipement plomberie et sanitaire,Robinet ,TM1,SAS EXPORT,Batiment 4-G,corrective,1,0,1
1237769,Spot 5,Equipement éclairage,Spot,TM1,TM01,Sanitaire Marsa Maroc,corrective,1,0,1
1237772,Distributeur savon 1,Equipement plomberie et sanitaire,Distributeur savon,TM1,TM01,Sanitaire Marsa Maroc,corrective,1,0,1
1237805,Interrupteur d'allumage 2,Equipement éclairage,Interrupteur d'allumage ,TM1,TM01,Sanitaire Marsa Maroc,corrective,2,0,2
1237830,Robinet 2,Equipement plomberie et sanitaire,Robinet ,TM1,TM01,Sanitaire Marsa Maroc,corrective,2,0,2
1237903,Siphon sol 1,Equipement plomberie et sanitaire,Siphon sol ,TM1,SAS EXPORT,Batiment 5-D,corrective,1,0,1
1237914,Robinet 1,Equipement plomberie et sanitaire,Robinet ,TM1,SAS EXPORT,Batiment 5-D,corrective,1,0,1
1237915,Robinet 1,Equipement plomberie et sanitaire,Robinet ,TM1,SAS EXPORT,Batiment 5-D,corrective,2,0,2
1237916,Robinet 1,Equipement plomberie et sanitaire,Robinet ,TM1,SAS EXPORT,Batiment 5-D,corrective,1,0,1
1238229,Porte bois 1,Equipement lot archi / Menuiserie ,Porte  bois,TM1,SAS IMPORT,Batiment douane sortie vide,corrective,1,0,1
1238427,Caisson lumineux 2,Equipement éclairage,Caisson lumineux,TM1,SAS IMPORT,Batiment douane sortie vide,corrective,2,0,2
1238528,Mono split 1,Equipement climatisation et VMC,Mono split ,TM1,SAS IMPORT,Batiment douane sortie vide,preventive,0,1,1
1238529,Mono split 2,Equipement climatisation et VMC,Mono split ,TM1,SAS IMPORT,Batiment douane sortie vide,preventive,0,1,1
1238582,Ascenseur 1,Equipement  de levage,Ascenseur ,TM1,SAS IMPORT,Batiment douane sortie vide,preventive,0,3,3
1238601,Caisson lumineux 7,Equipement éclairage,Caisson lumineux,TM1,SAS IMPORT,Batiment douane sortie vide,corrective,1,0,1
1238868,Armoire électrique 1,Equipement électrique,Armoire électrique ,TM1,SAS IMPORT,Batiment douane sortie vide,preventive,0,2,2
1238876,Armoire électrique 1,Equipement électrique,Armoire électrique ,TM1,SAS IMPORT,Batiment douane sortie vide,preventive,0,2,2
1238880,Mono split 1,Equipement climatisation et VMC,Mono split ,TM1,SAS IMPORT,Batiment douane sortie vide,preventive,0,1,1
1238882,Armoire électrique 1,Equipement électrique,Armoire électrique ,TM1,SAS IMPORT,Batiment douane sortie vide,preventive,0,2,2
1238883,Armoire électrique 2,Equipement électrique,Armoire électrique ,TM1,SAS IMPORT,Batiment douane sortie vide,preventive,0,2,2
1238889,Mono split 1,Equipement climatisation et VMC,Mono split ,TM1,SAS IMPORT,Batiment douane sortie vide,preventive,0,1,1
1238891,Armoire électrique 1,Equipement électrique,Armoire électrique ,TM1,SAS IMPORT,Batiment douane sortie vide,preventive,0,2,2
1238897,Armoire électrique 1,Equipement électrique,Armoire électrique ,TM1,SAS IMPORT,Batiment douane sortie vide,preventive,0,2,2
1238903,Mono split 1,Equipement climatisation et VMC,Mono split ,TM1,SAS IMPORT,Batiment douane sortie vide,preventive,0,1,1
1238905,Armoire électrique 1,Equipement électrique,Armoire électrique ,TM1,SAS IMPORT,Batiment douane sortie vide,preventive,0,2,2
1238906,Armoire électrique 2,Equipement électrique,Armoire électrique ,TM1,SAS IMPORT,Batiment douane sortie vide,preventive,0,2,2
1238918,Armoire électrique 1,Equipement électrique,Armoire électrique ,TM1,SAS IMPORT,Batiment douane sortie vide,preventive,0,2,2
1238923,Mono split 1,Equipement climatisation et VMC,Mono split ,TM1,SAS IMPORT,Batiment douane sortie vide,preventive,0,1,1
1238925,Armoire électrique 1,Equipement électrique,Armoire électrique ,TM1,SAS IMPORT,Batiment douane sortie vide,preventive,0,2,2
1238938,Centrale de traitement d'air 1,Equipement climatisation et VMC,Centrale de traitement d'air,TM1,SAS IMPORT,Batiment douane sortie vide,preventive,0,1,1
1238939,Pompe à chaleur 1,Equipement climatisation et VMC,Pompe à chaleur,TM1,SAS IMPORT,Batiment douane sortie vide,preventive,0,1,1
1239342,Mono split 1,Equipement climatisation et VMC,Mono split ,TM1,SAS IMPORT,Batiment douane sortie plein,preventive,0,3,3
1239343,Mono split 2,Equipement climatisation et VMC,Mono split ,TM1,SAS IMPORT,Batiment douane sortie plein,preventive,0,3,3
1239373,Climatiseur cassette 1,Equipement climatisation et VMC,Climatiseur cassette ,TM1,SAS IMPORT,Batiment douane sortie plein,preventive,0,1,1
1239382,Climatiseur cassette 1,Equipement climatisation et VMC,Climatiseur cassette ,TM1,SAS IMPORT,Batiment douane sortie plein,preventive,0,1,1
1239391,Climatiseur cassette 1,Equipement climatisation et VMC,Climatiseur cassette ,TM1,SAS IMPORT,Batiment douane sortie plein,preventive,0,1,1
1239400,Climatiseur cassette 1,Equipement climatisation et VMC,Climatiseur cassette ,TM1,SAS IMPORT,Batiment douane sortie plein,preventive,0,1,1
1239409,Climatiseur cassette 1,Equipement climatisation et VMC,Climatiseur cassette ,TM1,SAS IMPORT,Batiment douane sortie plein,preventive,0,1,1
1239418,Climatiseur cassette 1,Equipement climatisation et VMC,Climatiseur cassette ,TM1,SAS IMPORT,Batiment douane sortie plein,preventive,0,1,1
1239577,Mono split 1,Equipement climatisation et VMC,Mono split ,TM1,SAS IMPORT,Batiment douane sortie plein,preventive,0,3,3
1239578,Mono split 2,Equipement climatisation et VMC,Mono split ,TM1,SAS IMPORT,Batiment douane sortie plein,preventive,0,3,3
1239904,Mono split 1,Equipement climatisation et VMC,Mono split ,TM1,SAS IMPORT,Batiment douane sortie plein,preventive,0,3,3
1239905,Mono split 1,Equipement climatisation et VMC,Mono split ,TM1,SAS IMPORT,Batiment douane sortie plein,preventive,0,3,3
1239906,Mono split 1,Equipement climatisation et VMC,Mono split ,TM1,SAS IMPORT,Batiment douane sortie plein,preventive,0,3,3
1239908,Mono split 1,Equipement climatisation et VMC,Mono split ,TM1,SAS IMPORT,Batiment douane sortie plein,preventive,0,3,3
1239909,Mono split 1,Equipement climatisation et VMC,Mono split ,TM1,SAS IMPORT,Batiment douane sortie plein,preventive,0,3,3
1239910,Mono split 1,Equipement climatisation et VMC,Mono split ,TM1,SAS IMPORT,Batiment douane sortie plein,preventive,0,3,3
1239911,Mono split 1,Equipement climatisation et VMC,Mono split ,TM1,SAS IMPORT,Batiment douane sortie plein,preventive,0,3,3
1239912,Mono split 1,Equipement climatisation et VMC,Mono split ,TM1,SAS IMPORT,Batiment douane sortie plein,preventive,0,3,3
1239913,Mono split 1,Equipement climatisation et VMC,Mono split ,TM1,SAS IMPORT,Batiment douane sortie plein,preventive,0,3,3
1239914,Mono split 1,Equipement climatisation et VMC,Mono split ,TM1,SAS IMPORT,Batiment douane sortie plein,preventive,0,3,3
1239916,Mono split 1,Equipement climatisation et VMC,Mono split ,TM1,SAS IMPORT,Batiment douane sortie plein,preventive,0,3,3
1239917,Mono split 1,Equipement climatisation et VMC,Mono split ,TM1,SAS IMPORT,Batiment douane sortie plein,preventive,0,3,3
1239918,Mono split 1,Equipement climatisation et VMC,Mono split ,TM1,SAS IMPORT,Batiment douane sortie plein,preventive,0,3,3
1239919,Mono split 1,Equipement climatisation et VMC,Mono split ,TM1,SAS IMPORT,Batiment douane sortie plein,preventive,0,3,3
1239920,Mono split 1,Equipement climatisation et VMC,Mono split ,TM1,SAS IMPORT,Batiment douane sortie plein,preventive,0,3,3
1239921,Mono split 1,Equipement climatisation et VMC,Mono split ,TM1,SAS IMPORT,Batiment douane sortie plein,preventive,0,3,3
1239923,Armoire électrique 1,Equipement électrique,Armoire électrique ,TM1,SAS IMPORT,Batiment douane sortie plein,preventive,0,2,2
1239924,Armoire électrique 2,Equipement électrique,Armoire électrique ,TM1,SAS IMPORT,Batiment douane sortie plein,preventive,0,2,2
1239931,Armoire électrique 1,Equipement électrique,Armoire électrique ,TM1,SAS IMPORT,Batiment douane sortie plein,preventive,0,2,2
1239936,Armoire électrique 1,Equipement électrique,Armoire électrique ,TM1,SAS IMPORT,Batiment douane sortie plein,preventive,0,2,2
1239948,Armoire électrique 1,Equipement électrique,Armoire électrique ,TM1,SAS IMPORT,Batiment douane sortie plein,preventive,0,2,2
1239954,Mono split 1,Equipement climatisation et VMC,Mono split ,TM1,SAS IMPORT,Batiment douane sortie plein,preventive,0,3,3
1239956,Armoire électrique 1,Equipement électrique,Armoire électrique ,TM1,SAS IMPORT,Batiment douane sortie plein,preventive,0,2,2
1239957,Armoire électrique 2,Equipement électrique,Armoire électrique ,TM1,SAS IMPORT,Batiment douane sortie plein,preventive,0,2,2
1239962,Mono split 1,Equipement climatisation et VMC,Mono split ,TM1,SAS IMPORT,Batiment douane sortie plein,preventive,0,3,3
1239963,Armoire électrique 1,Equipement électrique,Armoire électrique ,TM1,SAS IMPORT,Batiment douane sortie plein,preventive,0,2,2
1239968,Armoire électrique 1,Equipement électrique,Armoire électrique ,TM1,SAS IMPORT,Batiment douane sortie plein,preventive,0,2,2
1239974,Centrale de traitement d'air 1,Equipement climatisation et VMC,Centrale de traitement d'air,TM1,SAS IMPORT,Batiment douane sortie plein,preventive,0,1,1
1239975,Pompe à chaleur 1,Equipement climatisation et VMC,Pompe à chaleur,TM1,SAS IMPORT,Batiment douane sortie plein,preventive,0,1,1
1240087,Robinet 2,Equipement plomberie et sanitaire,Robinet ,PPR,PPR01,Sanitaire quai 8,corrective,1,0,1
1240093,Robinet 2,Equipement plomberie et sanitaire,Robinet ,PPR,PPR01,Sanitaire quai 8,corrective,1,0,1
1240096,Robinet 1,Equipement plomberie et sanitaire,Robinet ,PPR,PPR01,Sanitaire quai 8,corrective,1,0,1
1240283,Cloison ,Equipement lot archi / Menuiserie ,Cloison,TM1,TM01,Pilotage,corrective,1,0,1
1240326,Plafond ,Equipement lot archi / Menuiserie ,Plafond,TM1,TM01,Pilotage,corrective,1,0,1
1240531,Mono split 1,Equipement climatisation et VMC,Mono split ,TM1,TM01,Pilotage,preventive,0,3,3
1240551,Porte bois 1,Equipement lot archi / Menuiserie ,Porte  bois,TM1,TM01,Pilotage,corrective,1,0,1
1240557,Caisson lumineux 2,Equipement éclairage,Caisson lumineux,TM1,TM01,Pilotage,corrective,1,0,1
1240694,Fenêtre 1,Equipement lot archi / Menuiserie ,Fenêtre ,TM1,TM01,Pilotage,corrective,1,0,1
1240732,Caisson lumineux 2,Equipement éclairage,Caisson lumineux,TM1,TM01,Pilotage,corrective,1,0,1
1240742,Caisson lumineux 2,Equipement éclairage,Caisson lumineux,TM1,TM01,Pilotage,corrective,1,0,1
1240803,Armoire électrique 1,Equipement électrique,Armoire électrique ,TM1,TM01,Pilotage,preventive,0,3,3
1240851,Armoire électrique 1,Equipement électrique,Armoire électrique ,TM1,TM01,Pilotage,preventive,0,3,3
1240854,Mono split 1,Equipement climatisation et VMC,Mono split ,TM1,TM01,Pilotage,preventive,0,3,3
1240857,Armoire électrique 1,Equipement électrique,Armoire électrique ,TM1,TM01,Pilotage,preventive,0,3,3
1240858,Armoire électrique 2,Equipement électrique,Armoire électrique ,TM1,TM01,Pilotage,preventive,0,3,3
1240886,Mono split 1,Equipement climatisation et VMC,Mono split ,TM1,TM01,Pilotage,preventive,0,3,3
1240887,Mono split 2,Equipement climatisation et VMC,Mono split ,TM1,TM01,Pilotage,preventive,0,3,3
1240940,Mono split 1,Equipement climatisation et VMC,Mono split ,TM1,TM01,Pilotage,preventive,0,3,3
1240958,Mono split 1,Equipement climatisation et VMC,Mono split ,TM1,TM01,Pilotage,preventive,0,3,3
1240959,Mono split 2,Equipement climatisation et VMC,Mono split ,TM1,TM01,Pilotage,preventive,0,3,3
1240996,Mono split 1,Equipement climatisation et VMC,Mono split ,TM1,TM01,Pilotage,preventive,0,3,3
1241030,Douchette 1,Equipement plomberie et sanitaire,Douchette ,TM1,TM01,Pilotage,corrective,1,0,1
1241084,WC Sanitaire 1,Equipement plomberie et sanitaire,WC Sanitaire,TM1,TM01,Pilotage,corrective,1,0,1
1241185,WC Sanitaire 1,Equipement plomberie et sanitaire,WC Sanitaire,TM1,TM01,Pilotage,corrective,1,0,1
1241248,Mono split 1,Equipement climatisation et VMC,Mono split ,TM1,TM01,Pilotage,preventive,0,3,3
1241392,VRV,Equipement climatisation et VMC,VRV,PPR,PPR01,Flemingo,preventive,0,1,1
1241393,VRV 1,Equipement climatisation et VMC,VRV,PPR,GATE2,Plateau & aubettes police,preventive,0,1,1
1241394,VRV 2,Equipement climatisation et VMC,VRV,PPR,GATE2,Plateau & aubettes police,preventive,0,1,1
1241395,VRV,Equipement climatisation et VMC,VRV,TM1,SAS EXPORT,Batiment 5-D,preventive,0,1,1
1241396,VRV,Equipement climatisation et VMC,VRV,TM1,TM01,Pilotage,preventive,0,1,1
1241422,Fontaine 1,Equipement plomberie et sanitaire,Fontaine ,PPR,PPR01,Sanitaire et mosquee Quai 6,corrective,1,0,1
1241524,Porte Vitrée 1,Equipement lot archi / Menuiserie ,Porte vitrée,TM1,TM01,Sas Export PNG,corrective,1,0,1
1241525,Mono split 1,Equipement climatisation et VMC,Mono split ,TM1,TM01,Sas Export PNG,preventive,0,3,3
1241549,Mono split 1,Equipement climatisation et VMC,Mono split ,TM1,TM01,Sas Export PNG,preventive,0,3,3
1241560,Mono split 1,Equipement climatisation et VMC,Mono split ,TM1,TM01,Sas Export PNG,preventive,0,3,3
1241574,Mono split 1,Equipement climatisation et VMC,Mono split ,TM1,TM01,Sas Export PNG,preventive,0,3,3
1241589,Prise de courant 1,Equipement électrique,Prise de courant ,TM1,TM01,Sas Export PNG,corrective,1,0,1
1241655,Cloison ,Equipement lot archi / Menuiserie ,Cloison,PPR,PPR01,Sanitaire 3,corrective,1,0,1
1241660,Dalle ,Element de structure ,Dalle,PPR,PPR01,Sanitaire 3,corrective,1,0,1
1241697,Porte aluminium 1,Equipement lot archi / Menuiserie ,Porte aluminium,PPR,PPR01,Sanitaire 3,corrective,6,0,6
1241714,WC Sanitaire 1,Equipement plomberie et sanitaire,WC Sanitaire,PPR,PPR01,Sanitaire 3,corrective,1,0,1
1241715,WC Sanitaire 2,Equipement plomberie et sanitaire,WC Sanitaire,PPR,PPR01,Sanitaire 3,corrective,1,0,1
1241716,WC Sanitaire 3,Equipement plomberie et sanitaire,WC Sanitaire,PPR,PPR01,Sanitaire 3,corrective,1,0,1
1241717,Robinet 1,Equipement plomberie et sanitaire,Robinet ,PPR,PPR01,Sanitaire 3,corrective,1,0,1
1241722,Porte aluminium 1,Equipement lot archi / Menuiserie ,Porte aluminium,PPR,PPR01,Sanitaire 3,corrective,2,0,2
1241732,Mono split,Equipement climatisation et VMC,Mono split ,PPR,PPR01,Bungalow police et douane,preventive,0,1,1
1241785,Cloison ,Equipement lot archi / Menuiserie ,Cloison,MEDHUB,ZFL02,Entrepôt 72,corrective,2,0,2
1241869,Dalle ,Element de structure ,Dalle,MEDHUB,ZFL02,Entrepôt 72,corrective,1,0,1
1241888,Gard corp ,Equipement lot archi / Menuiserie ,Gard corp,MEDHUB,ZFL02,Entrepôt 72,corrective,1,0,1
1242868,Lavabo 2,Equipement plomberie et sanitaire,Lavabo,MEDHUB,ZFL02,Entrepôt 72,corrective,1,0,1
1243071,Porte bois 5,Equipement lot archi / Menuiserie ,Porte  bois,MEDHUB,ZFL02,Entrepôt 72,corrective,1,0,1
1243763,Mono split 1,Equipement climatisation et VMC,Mono split ,PPR,PPR01,Accès TIR,preventive,0,2,2
1243773,Mono split 1,Equipement climatisation et VMC,Mono split ,PPR,PPR01,Accès TIR,preventive,0,2,2
1243783,Mono split 1,Equipement climatisation et VMC,Mono split ,PPR,PPR01,Accès TIR,preventive,0,2,2
1243787,Armoire électrique 1,Equipement électrique,Armoire électrique ,PPR,PPR01,Accès TIR,preventive,0,2,2
1243799,Mono split 1,Equipement climatisation et VMC,Mono split ,PPR,PPR01,Accès TIR,preventive,0,2,2
1243802,Caisson lumineux 1,Equipement éclairage,Caisson lumineux,PPR,PPR01,Accès TIR,corrective,1,0,1
1243812,Armoire électrique 1,Equipement électrique,Armoire électrique ,PPR,PPR01,Accès TIR,preventive,0,2,2
1243819,Armoire électrique 1,Equipement électrique,Armoire électrique ,PPR,PPR01,Accès TIR,preventive,0,2,2
1243890,Armoire électrique 1,Equipement électrique,Armoire électrique ,PPR,PPR01,Sanitaire 4,preventive,0,1,1
1243905,WC Sanitaire 1,Equipement plomberie et sanitaire,WC Sanitaire,PPR,PPR01,Sanitaire 4,corrective,1,0,1
1244603,Armoire électrique 1,Equipement électrique,Armoire électrique ,TMSA,TMSA,Siège TMSA-Tanger,"corrective, preventive",1,1,2
1244604,Armoire électrique 2,Equipement électrique,Armoire électrique ,TMSA,TMSA,Siège TMSA-Tanger,preventive,0,1,1
1244605,Armoire électrique 3,Equipement électrique,Armoire électrique ,TMSA,TMSA,Siège TMSA-Tanger,preventive,0,1,1
1244606,Armoire électrique 1,Equipement électrique,Armoire électrique ,TMSA,TMSA,Siège TMSA-Tanger,preventive,0,1,1
1244607,Armoire électrique 2,Equipement électrique,Armoire électrique ,TMSA,TMSA,Siège TMSA-Tanger,preventive,0,1,1
1244608,Armoire électrique 2,Equipement électrique,Armoire électrique ,TMSA,TMSA,Siège TMSA-Tanger,"corrective, preventive",2,1,3
1244609,Armoire électrique 1,Equipement électrique,Armoire électrique ,TMSA,TMSA,Siège TMSA-Tanger,preventive,0,1,1
1244610,Split système-12000 BTU,Equipement climatisation et VMC,Mono split ,TMSA,TMSA,Siège TMSA-Tanger,preventive,0,1,1
1244611,Mono split 1,Equipement climatisation et VMC,Mono split ,TMSA,TMSA,Siège TMSA-Tanger,"corrective, preventive",3,1,4
1244612,Mono split 2,Equipement climatisation et VMC,Mono split ,TMSA,TMSA,Siège TMSA-Tanger,preventive,0,1,1
1244613,Climatiseur cassette 1,Equipement climatisation et VMC,Climatiseur cassette ,TMSA,TMSA,Siège TMSA-Tanger,preventive,0,2,2
1244614,Climatiseur cassette 1,Equipement climatisation et VMC,Climatiseur cassette ,TMSA,TMSA,Siège TMSA-Tanger,"corrective, preventive",1,2,3
1244615,Climatiseur cassette 1,Equipement climatisation et VMC,Climatiseur cassette ,TMSA,TMSA,Siège TMSA-Tanger,preventive,0,2,2
1244616,Climatiseur cassette 1,Equipement climatisation et VMC,Climatiseur cassette ,TMSA,TMSA,Siège TMSA-Tanger,preventive,0,2,2
1244617,Climatiseur cassette 1,Equipement climatisation et VMC,Climatiseur cassette ,TMSA,TMSA,Siège TMSA-Tanger,preventive,0,2,2
1244618,Climatiseur cassette 2,Equipement climatisation et VMC,Climatiseur cassette ,TMSA,TMSA,Siège TMSA-Tanger,preventive,0,2,2
1244619,Climatiseur cassette 3,Equipement climatisation et VMC,Climatiseur cassette ,TMSA,TMSA,Siège TMSA-Tanger,preventive,0,2,2
1244620,Climatiseur cassette 4,Equipement climatisation et VMC,Climatiseur cassette ,TMSA,TMSA,Siège TMSA-Tanger,preventive,0,2,2
1244623,Lavabo 3,Equipement plomberie et sanitaire,Lavabo,TMSA,TMSA,Siège TMSA-Tanger,corrective,2,0,2
1244626,WC Sanitaire 1,Equipement plomberie et sanitaire,WC Sanitaire,TMSA,TMSA,Siège TMSA-Tanger,corrective,1,0,1
1244631,Porte Aluminium 1 ,Equipement lot archi / Menuiserie ,Porte aluminium,TMSA,TMSA,Siège TMSA-Tanger,corrective,2,0,2
1244634,Porte bois 2,Equipement lot archi / Menuiserie ,Porte  bois,TMSA,TMSA,Siège TMSA-Tanger,corrective,1,0,1
1244637,Porte bois 1,Equipement lot archi / Menuiserie ,Porte  bois,TMSA,TMSA,Siège TMSA-Tanger,corrective,2,0,2
1244643,Armoire électrique 2,Equipement électrique,Armoire électrique ,TMSA,TMSA,Siège TMSA-Tanger,preventive,0,1,1
1244644,Climatiseur cassette 1,Equipement climatisation et VMC,Climatiseur cassette ,TMSA,TMSA,Siège TMSA-Tanger,preventive,0,2,2
1244645,Tourniquet 1,Equipement électrique,Tourniquet,TMSA,TMSA,Siège TMSA-Tanger,corrective,1,0,1
1244646,Armoire électrique 1,Equipement électrique,Armoire électrique ,TMSA,TMSA,Siège TMSA-Tanger,"corrective, preventive",1,1,2
1244647,Climatiseur cassette 1,Equipement climatisation et VMC,Climatiseur cassette ,TMSA,TMSA,Siège TMSA-Tanger,preventive,0,2,2
1244648,Climatiseur cassette 2,Equipement climatisation et VMC,Climatiseur cassette ,TMSA,TMSA,Siège TMSA-Tanger,preventive,0,2,2
1244649,Climatiseur cassette 3,Equipement climatisation et VMC,Climatiseur cassette ,TMSA,TMSA,Siège TMSA-Tanger,preventive,0,2,2
1244650,Climatiseur cassette 4,Equipement climatisation et VMC,Climatiseur cassette ,TMSA,TMSA,Siège TMSA-Tanger,preventive,0,2,2
1244651,Climatiseur cassette 5,Equipement climatisation et VMC,Climatiseur cassette ,TMSA,TMSA,Siège TMSA-Tanger,preventive,0,2,2
1244652,Ventilo-convecteur 1,Equipement climatisation et VMC,Ventilo-convecteur ,TMSA,TMSA,Siège TMSA-Tanger,preventive,0,1,1
1244653,Lampadaire mobile 1,Equipement éclairage,Lampadaire ,TMSA,TMSA,Siège TMSA-Tanger,corrective,1,0,1
1244658,Porte bois 1,Equipement lot archi / Menuiserie ,Porte  bois,TMSA,TMSA,Siège TMSA-Tanger,corrective,1,0,1
1244662,Porte bois ,Equipement lot archi / Menuiserie ,Porte  bois,TMSA,TMSA,Siège TMSA-Tanger,corrective,3,0,3
1244666,Climatiseur cassette 1,Equipement climatisation et VMC,Climatiseur cassette ,TMSA,TMSA,Siège TMSA-Tanger,preventive,0,2,2
1244667,Climatiseur cassette 1,Equipement climatisation et VMC,Climatiseur cassette ,TMSA,TMSA,Siège TMSA-Tanger,preventive,0,2,2
1244668,Climatiseur cassette 1,Equipement climatisation et VMC,Climatiseur cassette ,TMSA,TMSA,Siège TMSA-Tanger,preventive,0,2,2
1244670,Cloison ,Equipement lot archi / Menuiserie ,Cloison,TMSA,TMSA,Siège TMSA-Tanger,corrective,1,0,1
1244671,Porte Aluminium 1 ,Equipement lot archi / Menuiserie ,Porte aluminium,TMSA,TMSA,Siège TMSA-Tanger,corrective,1,0,1
1244674,Porte bois 1,Equipement lot archi / Menuiserie ,Porte  bois,TMSA,TMSA,Siège TMSA-Tanger,corrective,1,0,1
1244682,Lavabo 1,Equipement plomberie et sanitaire,Lavabo,TMSA,TMSA,Siège TMSA-Tanger,corrective,1,0,1
1244695,Armoire électrique 1,Equipement électrique,Armoire électrique ,TMSA,TMSA,Siège TMSA-Tanger,preventive,0,1,1
1244696,Armoire électrique 2,Equipement électrique,Armoire électrique ,TMSA,TMSA,Siège TMSA-Tanger,preventive,0,1,1
1244697,Armoire électrique 3,Equipement électrique,Armoire électrique ,TMSA,TMSA,Siège TMSA-Tanger,preventive,0,1,1
1244698,Armoire électrique 4,Equipement électrique,Armoire électrique ,TMSA,TMSA,Siège TMSA-Tanger,preventive,0,1,1
1244709,Porte Aluminium 1 ,Equipement lot archi / Menuiserie ,Porte aluminium,TMSA,TMSA,Siège TMSA-Tanger,corrective,1,0,1
1244711,Porte bois 1,Equipement lot archi / Menuiserie ,Porte  bois,TMSA,TMSA,Siège TMSA-Tanger,corrective,1,0,1
1244712,Porte bois 1,Equipement lot archi / Menuiserie ,Porte  bois,TMSA,TMSA,Siège TMSA-Tanger,corrective,1,0,1
1244717,Porte Aluminium 1 ,Equipement lot archi / Menuiserie ,Porte aluminium,TMSA,TMSA,Siège TMSA-Tanger,corrective,2,0,2
1244721,Climatiseur cassette 1,Equipement climatisation et VMC,Climatiseur cassette ,TMSA,TMSA,Siège TMSA-Tanger,preventive,0,2,2
1244722,Climatiseur cassette 2,Equipement climatisation et VMC,Climatiseur cassette ,TMSA,TMSA,Siège TMSA-Tanger,preventive,0,2,2
1244723,Climatiseur cassette 3,Equipement climatisation et VMC,Climatiseur cassette ,TMSA,TMSA,Siège TMSA-Tanger,preventive,0,2,2
1244724,Climatiseur cassette 1,Equipement climatisation et VMC,Climatiseur cassette ,TMSA,TMSA,Siège TMSA-Tanger,preventive,0,2,2
1244725,Cloison ,Equipement lot archi / Menuiserie ,Cloison,TMSA,TMSA,Siège TMSA-Tanger,corrective,2,0,2
1244727,Climatiseur cassette 2,Equipement climatisation et VMC,Climatiseur cassette ,TMSA,TMSA,Siège TMSA-Tanger,preventive,0,2,2
1244728,Porte bois 1,Equipement lot archi / Menuiserie ,Porte  bois,TMSA,TMSA,Siège TMSA-Tanger,corrective,1,0,1
1244730,Pompe de filtration 1 ,Equipement plomberie et sanitaire,Pompe de filtration,TMSA,TMSA,Siège TMSA-Tanger,corrective,1,0,1
1244739,VRV 8,Equipement climatisation et VMC,VRV,TMSA,TMSA,Siège TMSA-Tanger,preventive,0,1,1
1244740,VRV 9,Equipement climatisation et VMC,VRV,TMSA,TMSA,Siège TMSA-Tanger,preventive,0,1,1
1244741,VRV 2,Equipement climatisation et VMC,VRV,TMSA,TMSA,Siège TMSA-Tanger,preventive,0,1,1
1244742,VRV 5,Equipement climatisation et VMC,VRV,TMSA,TMSA,Siège TMSA-Tanger,preventive,0,1,1
1244743,VRV 1,Equipement climatisation et VMC,VRV,TMSA,TMSA,Siège TMSA-Tanger,preventive,0,1,1
1244744,VRV 3,Equipement climatisation et VMC,VRV,TMSA,TMSA,Siège TMSA-Tanger,preventive,0,1,1
1244745,VRV 4,Equipement climatisation et VMC,VRV,TMSA,TMSA,Siège TMSA-Tanger,preventive,0,1,1
1244746,VRV 6,Equipement climatisation et VMC,VRV,TMSA,TMSA,Siège TMSA-Tanger,preventive,0,1,1
1244747,VRV 7,Equipement climatisation et VMC,VRV,TMSA,TMSA,Siège TMSA-Tanger,preventive,0,1,1
1244750,Spot 1,Equipement éclairage,Spot,TMSA,TMSA,Siège TMSA-Tanger,corrective,3,0,3
1244751,Climatiseur cassette 3,Equipement climatisation et VMC,Climatiseur cassette ,TMSA,TMSA,Siège TMSA-Tanger,preventive,0,2,2
1244752,Climatiseur cassette 1,Equipement climatisation et VMC,Climatiseur cassette ,TMSA,TMSA,Siège TMSA-Tanger,preventive,0,2,2
1244753,Climatiseur cassette 2,Equipement climatisation et VMC,Climatiseur cassette ,TMSA,TMSA,Siège TMSA-Tanger,preventive,0,2,2
1244754,Climatiseur cassette 3,Equipement climatisation et VMC,Climatiseur cassette ,TMSA,TMSA,Siège TMSA-Tanger,preventive,0,2,2
1244755,Climatiseur cassette 4,Equipement climatisation et VMC,Climatiseur cassette ,TMSA,TMSA,Siège TMSA-Tanger,preventive,0,2,2
1244756,Armoire électrique 5,Equipement électrique,Armoire électrique ,TMSA,TMSA,Siège TMSA-Tanger,preventive,0,1,1
1244757,Armoire électrique 6,Equipement électrique,Armoire électrique ,TMSA,TMSA,Siège TMSA-Tanger,preventive,0,1,1
1244758,Prise de courant 1,Equipement électrique,Colonne de prise,TMSA,TMSA,Siège TMSA-Tanger,corrective,1,0,1
1244760,Siphon 1,Equipement plomberie et sanitaire,Siphon,TMSA,TMSA,Siège TMSA-Tanger,corrective,1,0,1
1244788,Armoire électrique Extérieur    ,Equipement électrique,Armoire électrique ,TMSA,TMSA,Siège TMSA-Tanger,preventive,0,1,1
1244791,Mono split 1,Equipement climatisation et VMC,Mono split ,TMSA,TMSA,Siège TMSA-Tanger,preventive,0,1,1
1244792,Mono split 1-36000 BTU,Equipement climatisation et VMC,Mono split ,TMSA,TMSA,Siège TMSA-Tanger,preventive,0,1,1
1244793,Mono split 1-36000 BTU,Equipement climatisation et VMC,Mono split ,TMSA,TMSA,Siège TMSA-Tanger,preventive,0,1,1
1244794,Climatiseur cassette 1,Equipement climatisation et VMC,Climatiseur cassette ,TMSA,TMSA,Siège TMSA-Tanger,preventive,0,2,2
1244795,Porte métallique 1- Extérieur     ,Equipement lot archi / Menuiserie ,Porte métallique,TMSA,TMSA,Siège TMSA-Tanger,corrective,1,0,1
1244797,Porte bois 1- Extérieur ,Equipement lot archi / Menuiserie ,Porte  bois,TMSA,TMSA,Siège TMSA-Tanger,corrective,3,0,3
1244799,Porte métallique 1-Extérieur     ,Equipement lot archi / Menuiserie ,Porte métallique,TMSA,TMSA,Siège TMSA-Tanger,corrective,2,0,2
1244800,Porte Aluminium 1 ,Equipement lot archi / Menuiserie ,Porte aluminium,TMSA,TMSA,Siège TMSA-Tanger,corrective,1,0,1
1244806,CEX 1,Equipement climatisation et VMC,Caisson d'extraction,TMSA,TMSA,Siège TMSA-Tanger,preventive,0,1,1
1244807,Caisson d'extraction 2-Extérieur ,Equipement climatisation et VMC,Caisson d'extraction,TMSA,TMSA,Siège TMSA-Tanger,preventive,0,1,1
1244808,Caisson d'extraction 3-Extérieur ,Equipement climatisation et VMC,Caisson d'extraction,TMSA,TMSA,Siège TMSA-Tanger,preventive,0,1,1
1244809,Caisson d'extraction 4-Extérieur ,Equipement climatisation et VMC,Caisson d'extraction,TMSA,TMSA,Siège TMSA-Tanger,preventive,0,1,1
1244820,Ascenseur 1,Equipement  de levage,Ascenseur ,TMSA,TMSA,Siège TMSA-Tanger,corrective,1,0,1
1244828,Onduleur 1,Equipement électrique,Onduleur,TMSA,TMSA,Siège TMSA-Tanger,preventive,0,1,1
1244829,Onduleur 2,Equipement électrique,Onduleur,TMSA,TMSA,Siège TMSA-Tanger,preventive,0,1,1
1244830,Onduleur2-LS-10KVA ,Equipement électrique,Onduleur,TMSA,TMSA,Siège TMSA-Tanger,preventive,0,1,1
1244831,Armoire de précisons 1 Emicon (LS +TGBT),Equipement électrique,PB-Armoire de précision,TMSA,TMSA,Siège TMSA-Tanger,preventive,0,1,1
1244834,Groupe électrogène 200KVA ,Equipement électrique,PB-groupe électrogène,TMSA,TMSA,Siège TMSA-Tanger,preventive,0,13,13
1244835,Eclairage Exterieur 1 ,Equipement éclairage,PB-Eclairage extérieur,TMSA,TMSA,Siège TMSA-Tanger,preventive,0,1,1
1244837,Enseigne lumineuse 1 ,Equipement éclairage,PB-Eclairage décoratif,TMSA,TMSA,Siège TMSA-Tanger,"corrective, preventive",2,1,3
1244838,Enseigne lumineuse 2 ,Equipement éclairage,PB-Eclairage décoratif,TMSA,TMSA,Siège TMSA-Tanger,preventive,0,1,1
1244839,Barrière Entrée ,Equipement électrique,PB-Barrière,TMSA,TMSA,Siège TMSA-Tanger,preventive,0,1,1
1244843,Barrière 1-Extérieur,Equipement électrique,PB-Barrière,TMSA,TMSA,Siège TMSA-Tanger,preventive,0,1,1
1244844,Barrière 2-Extérieur,Equipement électrique,PB-Barrière,TMSA,TMSA,Siège TMSA-Tanger,preventive,0,1,1
1244847,Siphon 1,Equipement plomberie et sanitaire,Siphon,TMSA,TMSA,Siège TMSA-Tanger,corrective,1,0,1
1244869,Fenêtre 1,Equipement lot archi / Menuiserie ,Fenêtre ,TMSA,TMSA,Siège TMSA-Tanger,corrective,2,0,2
1244881,spot 1 ,Equipement éclairage,Spot,TMSA,TMSA,Siège TMSA-Tanger,corrective,1,0,1
1244895,Ventilo-convecteur 1,Equipement climatisation et VMC,Ventilo-convecteur ,TMSA,TMSA,Siège TMSA-Tanger,preventive,0,1,1
1244905,Ventilo-convecteur 1,Equipement climatisation et VMC,Ventilo-convecteur ,TMSA,TMSA,Siège TMSA-Tanger,preventive,0,1,1
1244909,Prise de courant 1,Equipement électrique,Colonne de prise,TMSA,TMSA,Siège TMSA-Tanger,corrective,1,0,1
1244915,Ventilo-convecteur 1,Equipement climatisation et VMC,Ventilo-convecteur ,TMSA,TMSA,Siège TMSA-Tanger,preventive,0,1,1
1244916,Interrupteur d'allumage 1,Equipement éclairage,Interrupteur d'allumage ,TMSA,TMSA,Siège TMSA-Tanger,corrective,1,0,1
1244921,Spot 7,Equipement éclairage,Spot,TMSA,TMSA,Siège TMSA-Tanger,corrective,1,0,1
1244925,Ventilo-convecteur 1,Equipement climatisation et VMC,Ventilo-convecteur ,TMSA,TMSA,Siège TMSA-Tanger,preventive,0,1,1
1244928,Fenêtre 1,Equipement lot archi / Menuiserie ,Fenêtre ,TMSA,TMSA,Siège TMSA-Tanger,corrective,1,0,1
1244931,Spot 1,Equipement éclairage,Spot,TMSA,TMSA,Siège TMSA-Tanger,corrective,2,0,2
1244935,Ventilo-convecteur 1,Equipement climatisation et VMC,Ventilo-convecteur ,TMSA,TMSA,Siège TMSA-Tanger,preventive,0,1,1
1244939,Prise de courant 1,Equipement électrique,Colonne de prise,TMSA,TMSA,Siège TMSA-Tanger,corrective,1,0,1
1244941,Spot 1,Equipement éclairage,Spot,TMSA,TMSA,Siège TMSA-Tanger,corrective,1,0,1
1244945,Ventilo-convecteur 1,Equipement climatisation et VMC,Ventilo-convecteur ,TMSA,TMSA,Siège TMSA-Tanger,preventive,0,1,1
1244951,Ventilo-convecteur 1,Equipement climatisation et VMC,Ventilo-convecteur ,TMSA,TMSA,Siège TMSA-Tanger,preventive,0,1,1
1244957,Spot 4,Equipement éclairage,Spot,TMSA,TMSA,Siège TMSA-Tanger,corrective,1,0,1
1244963,Ventilo-convecteur 1,Equipement climatisation et VMC,Ventilo-convecteur ,TMSA,TMSA,Siège TMSA-Tanger,preventive,0,1,1
1244964,Détecteur optique 1,Equipement de sécurité et incendie,Détecteur optique,TMSA,TMSA,Siège TMSA-Tanger,corrective,1,0,1
1244971,Fenêtre 1,Equipement lot archi / Menuiserie ,Fenêtre ,TMSA,TMSA,Siège TMSA-Tanger,corrective,1,0,1
1244974,Fenêtre 1 ,Equipement lot archi / Menuiserie ,Fenêtre ,TMSA,TMSA,Siège TMSA-Tanger,corrective,1,0,1
1244979,Projecteur 1,Equipement éclairage,Projecteur,TMSA,TMSA,Siège TMSA-Tanger,corrective,5,0,5
1245007,Ventilo-convecteur 1,Equipement climatisation et VMC,Ventilo-convecteur ,TMSA,TMSA,Siège TMSA-Tanger,preventive,0,1,1
1245011,Armoire électrique 1,Equipement électrique,Armoire électrique ,TMSA,TMSA,Siège TMSA-Tanger,preventive,0,1,1
1245026,Ventilo-convecteur 1,Equipement climatisation et VMC,Ventilo-convecteur ,TMSA,TMSA,Siège TMSA-Tanger,preventive,0,1,1
1245033,Ventilo-convecteur 1,Equipement climatisation et VMC,Ventilo-convecteur ,TMSA,TMSA,Siège TMSA-Tanger,preventive,0,1,1
1245037,Mono split 1,Equipement climatisation et VMC,Mono split ,TMSA,TMSA,Siège TMSA-Tanger,preventive,0,1,1
1245039,Spot 1,Equipement éclairage,Spot,TMSA,TMSA,Siège TMSA-Tanger,corrective,1,0,1
1245045,Climatiseur cassette 1,Equipement climatisation et VMC,Climatiseur cassette ,TMSA,TMSA,Siège TMSA-Tanger,preventive,0,2,2
1245046,Climatiseur cassette carrier 2-24000 BTU,Equipement climatisation et VMC,Climatiseur cassette ,TMSA,TMSA,Siège TMSA-Tanger,preventive,0,2,2
1245047,Climatiseur cassette carrier 3-24000 BTU,Equipement climatisation et VMC,Climatiseur cassette ,TMSA,TMSA,Siège TMSA-Tanger,preventive,0,2,2
1245048,Climatiseur cassette 1,Equipement climatisation et VMC,Climatiseur cassette ,TMSA,TMSA,Siège TMSA-Tanger,"corrective, preventive",1,2,3
1245049,Climatiseur cassette 2,Equipement climatisation et VMC,Climatiseur cassette ,TMSA,TMSA,Siège TMSA-Tanger,preventive,0,2,2
1245050,Climatiseur cassette 5,Equipement climatisation et VMC,Climatiseur cassette ,TMSA,TMSA,Siège TMSA-Tanger,preventive,0,2,2
1245052,Spot 1,Equipement éclairage,Spot,TMSA,TMSA,Siège TMSA-Tanger,corrective,1,0,1
1245059,Interrupteur d'allumage 1,Equipement éclairage,Interrupteur d'allumage ,TMSA,TMSA,Siège TMSA-Tanger,corrective,1,0,1
1245062,Climatiseur cassette 1,Equipement climatisation et VMC,Climatiseur cassette ,TMSA,TMSA,Siège TMSA-Tanger,preventive,0,2,2
1245063,Climatiseur cassette 2,Equipement climatisation et VMC,Climatiseur cassette ,TMSA,TMSA,Siège TMSA-Tanger,preventive,0,2,2
1245064,Climatiseur cassette 3,Equipement climatisation et VMC,Climatiseur cassette ,TMSA,TMSA,Siège TMSA-Tanger,preventive,0,2,2
1245065,Climatiseur cassette 2-12000 BTU ,Equipement climatisation et VMC,Climatiseur cassette ,TMSA,TMSA,Siège TMSA-Tanger,preventive,0,2,2
1245066,Armoire électrique 1,Equipement électrique,Armoire électrique ,TMSA,TMSA,Siège TMSA-Tanger,preventive,0,1,1
1245067,Climatiseur cassette 3-12000 BTU ,Equipement climatisation et VMC,Climatiseur cassette ,TMSA,TMSA,Siège TMSA-Tanger,preventive,0,2,2
1245068,Armoire électrique 2,Equipement électrique,Armoire électrique ,TMSA,TMSA,Siège TMSA-Tanger,preventive,0,1,1
1245080,Climatiseur cassette 1,Equipement climatisation et VMC,Climatiseur cassette ,TMSA,TMSA,Siège TMSA-Tanger,preventive,0,2,2
1245081,Climatiseur cassette 2,Equipement climatisation et VMC,Climatiseur cassette ,TMSA,TMSA,Siège TMSA-Tanger,preventive,0,2,2
1245082,Climatiseur cassette 1,Equipement climatisation et VMC,Climatiseur cassette ,TMSA,TMSA,Siège TMSA-Tanger,preventive,0,2,2
1245083,Climatiseur cassette 2,Equipement climatisation et VMC,Climatiseur cassette ,TMSA,TMSA,Siège TMSA-Tanger,preventive,0,2,2
1245084,Climatiseur cassette 3,Equipement climatisation et VMC,Climatiseur cassette ,TMSA,TMSA,Siège TMSA-Tanger,preventive,0,2,2
1245085,Armoire électrique 3,Equipement électrique,Armoire électrique ,TMSA,TMSA,Siège TMSA-Tanger,"corrective, preventive",1,1,2
1245086,Armoire électrique 1,Equipement électrique,Armoire électrique ,TMSA,TMSA,Siège TMSA-Tanger,preventive,0,1,1
1245087,Fenêtre 1 ,Equipement lot archi / Menuiserie ,Fenêtre ,TMSA,TMSA,Siège TMSA-Tanger,corrective,1,0,1
1245089,Armoire électrique 2,Equipement électrique,Armoire électrique ,TMSA,TMSA,Siège TMSA-Tanger,preventive,0,1,1
1245090,Armoire électrique 3,Equipement électrique,Armoire électrique ,TMSA,TMSA,Siège TMSA-Tanger,preventive,0,1,1
1245091,Climatiseur cassette 1,Equipement climatisation et VMC,Climatiseur cassette ,TMSA,TMSA,Siège TMSA-Tanger,preventive,0,2,2
1245092,Climatiseur cassette 2,Equipement climatisation et VMC,Climatiseur cassette ,TMSA,TMSA,Siège TMSA-Tanger,preventive,0,2,2
1245093,Climatiseur cassette 3,Equipement climatisation et VMC,Climatiseur cassette ,TMSA,TMSA,Siège TMSA-Tanger,preventive,0,2,2
1245094,Climatiseur cassette 1,Equipement climatisation et VMC,Climatiseur cassette ,TMSA,TMSA,Siège TMSA-Tanger,preventive,0,2,2
1245098,Spot 1,Equipement éclairage,Spot,TMSA,TMSA,Siège TMSA-Tanger,corrective,1,0,1
1245101,Prise de courant 1,Equipement électrique,Colonne de prise,TMSA,TMSA,Siège TMSA-Tanger,corrective,1,0,1
1245104,Armoire électrique 4,Equipement électrique,Armoire électrique ,TMSA,TMSA,Siège TMSA-Tanger,preventive,0,1,1
1245105,Armoire électrique 5,Equipement électrique,Armoire électrique ,TMSA,TMSA,Siège TMSA-Tanger,preventive,0,1,1
1245106,Climatiseur cassette 1-24000 BTU ,Equipement climatisation et VMC,Climatiseur cassette ,TMSA,TMSA,Siège TMSA-Tanger,preventive,0,2,2
1245107,Climatiseur cassette 2-24000 BTU ,Equipement climatisation et VMC,Climatiseur cassette ,TMSA,TMSA,Siège TMSA-Tanger,preventive,0,2,2
1245108,Climatiseur cassette 1-12000 BTU ,Equipement climatisation et VMC,Climatiseur cassette ,TMSA,TMSA,Siège TMSA-Tanger,preventive,0,2,2
1245109,Climatiseur cassette 2-12000 BTU ,Equipement climatisation et VMC,Climatiseur cassette ,TMSA,TMSA,Siège TMSA-Tanger,preventive,0,2,2
1245123,Spot 1,Equipement éclairage,Spot,TMSA,TMSA,Siège TMSA-Tanger,corrective,2,0,2
1245125,Ventilo-convecteur 1,Equipement climatisation et VMC,Ventilo-convecteur ,TMSA,TMSA,Siège TMSA-Tanger,preventive,0,1,1
1245127,Porte vitrée 1,Equipement lot archi / Menuiserie ,Porte vitrée,TMSA,TMSA,Siège TMSA-Tanger,corrective,1,0,1
1245136,Spot 6,Equipement éclairage,Spot,TMSA,TMSA,Siège TMSA-Tanger,corrective,1,0,1
1245137,Ventilo-convecteur 2,Equipement climatisation et VMC,Ventilo-convecteur ,TMSA,TMSA,Siège TMSA-Tanger,preventive,0,1,1
1245138,Ventilo-convecteur 3,Equipement climatisation et VMC,Ventilo-convecteur ,TMSA,TMSA,Siège TMSA-Tanger,preventive,0,1,1
1245139,Ventilo-convecteur 4,Equipement climatisation et VMC,Ventilo-convecteur ,TMSA,TMSA,Siège TMSA-Tanger,preventive,0,1,1
1245150,Interrupteur d'allumage 4,Equipement éclairage,Interrupteur d'allumage ,TMSA,TMSA,Siège TMSA-Tanger,corrective,1,0,1
1245154,Prise de courant 1,Equipement électrique,Colonne de prise,TMSA,TMSA,Siège TMSA-Tanger,corrective,2,0,2
1245166,Spot 1,Equipement éclairage,Spot,TMSA,TMSA,Siège TMSA-Tanger,corrective,1,0,1
1245171,Douchette 1,Equipement plomberie et sanitaire,Douchette ,TMSA,TMSA,Siège TMSA-Tanger,corrective,1,0,1
1245173,Lavabo 1,Equipement plomberie et sanitaire,Lavabo,TMSA,TMSA,Siège TMSA-Tanger,corrective,1,0,1
1245174,"Distributeur papier, serviette 2",Equipement plomberie et sanitaire,"Distributeur papier, serviette",TMSA,TMSA,Siège TMSA-Tanger,corrective,1,0,1
1245227,Climatiseur cassette 1,Equipement climatisation et VMC,Climatiseur cassette ,TMSA,TMSA,Siège TMSA-Tanger,preventive,0,2,2
1245228,Ventilo-convecteur 1,Equipement climatisation et VMC,Ventilo-convecteur ,TMSA,TMSA,Siège TMSA-Tanger,preventive,0,1,1
1245230,Télévision 2,Equipement électrique,Télévision,TMSA,TMSA,Siège TMSA-Tanger,corrective,1,0,1
1245239,Porte bois 1,Equipement lot archi / Menuiserie ,Porte  bois,TMSA,TMSA,Siège TMSA-Tanger,corrective,2,0,2
1245241,Climatiseur cassette 1,Equipement climatisation et VMC,Climatiseur cassette ,TMSA,TMSA,Siège TMSA-Tanger,preventive,0,2,2
1245242,Ventilo-convecteur 1,Equipement climatisation et VMC,Ventilo-convecteur ,TMSA,TMSA,Siège TMSA-Tanger,"corrective, preventive",1,1,2
1245255,Climatiseur cassette 1,Equipement climatisation et VMC,Climatiseur cassette ,TMSA,TMSA,Siège TMSA-Tanger,preventive,0,2,2
1245256,Ventilo-convecteur 1,Equipement climatisation et VMC,Ventilo-convecteur ,TMSA,TMSA,Siège TMSA-Tanger,preventive,0,1,1
1245274,Spot 2,Equipement éclairage,Spot,TMSA,TMSA,Siège TMSA-Tanger,corrective,1,0,1
1245319,Spot 1,Equipement éclairage,Spot,TMSA,TMSA,Siège TMSA-Tanger,corrective,2,0,2
1245329,Climatiseur cassette 1,Equipement climatisation et VMC,Climatiseur cassette ,TMSA,TMSA,Siège TMSA-Tanger,preventive,0,2,2
1245330,Ventilo-convecteur 1,Equipement climatisation et VMC,Ventilo-convecteur ,TMSA,TMSA,Siège TMSA-Tanger,preventive,0,1,1
1245343,Climatiseur cassette 1,Equipement climatisation et VMC,Climatiseur cassette ,TMSA,TMSA,Siège TMSA-Tanger,preventive,0,2,2
1245345,Ventilo-convecteur 1,Equipement climatisation et VMC,Ventilo-convecteur ,TMSA,TMSA,Siège TMSA-Tanger,preventive,0,1,1
1245348,Spot 1,Equipement éclairage,Spot,TMSA,TMSA,Siège TMSA-Tanger,corrective,1,0,1
1245358,Climatiseur cassette 1,Equipement climatisation et VMC,Climatiseur cassette ,TMSA,TMSA,Siège TMSA-Tanger,preventive,0,2,2
1245359,Ventilo-convecteur 1,Equipement climatisation et VMC,Ventilo-convecteur ,TMSA,TMSA,Siège TMSA-Tanger,preventive,0,1,1
1245370,Porte bois 1,Equipement lot archi / Menuiserie ,Porte  bois,TMSA,TMSA,Siège TMSA-Tanger,corrective,1,0,1
1245372,Climatiseur cassette 1,Equipement climatisation et VMC,Climatiseur cassette ,TMSA,TMSA,Siège TMSA-Tanger,preventive,0,2,2
1245373,Ventilo-convecteur 1,Equipement climatisation et VMC,Ventilo-convecteur ,TMSA,TMSA,Siège TMSA-Tanger,preventive,0,1,1
1245376,Spot 1,Equipement éclairage,Spot,TMSA,TMSA,Siège TMSA-Tanger,corrective,2,0,2
1245386,Climatiseur cassette 1,Equipement climatisation et VMC,Climatiseur cassette ,TMSA,TMSA,Siège TMSA-Tanger,preventive,0,2,2
1245387,Ventilo-convecteur 1,Equipement climatisation et VMC,Ventilo-convecteur ,TMSA,TMSA,Siège TMSA-Tanger,preventive,0,1,1
1245400,Spot 1,Equipement éclairage,Spot,TMSA,TMSA,Siège TMSA-Tanger,corrective,1,0,1
1245402,Electroménager ,Equipement électrique,Electroménager ,TMSA,TMSA,Siège TMSA-Tanger,corrective,1,0,1
1245403,Porte bois 1,Equipement lot archi / Menuiserie ,Porte  bois,TMSA,TMSA,Siège TMSA-Tanger,corrective,1,0,1
1245406,Spot 1,Equipement éclairage,Spot,TMSA,TMSA,Siège TMSA-Tanger,corrective,1,0,1
1245423,Porte bois 4,Equipement lot archi / Menuiserie ,Porte  bois,TMSA,TMSA,Siège TMSA-Tanger,corrective,1,0,1
1245436,Lavabo 1,Equipement plomberie et sanitaire,Lavabo,TMSA,TMSA,Siège TMSA-Tanger,corrective,1,0,1
1245453,Interrupteur d'allumage 3,Equipement éclairage,Interrupteur d'allumage ,TMSA,TMSA,Siège TMSA-Tanger,corrective,1,0,1
1245459,Prise de courant 1,Equipement électrique,Colonne de prise,TMSA,TMSA,Siège TMSA-Tanger,corrective,1,0,1
1245463,Spot 1,Equipement éclairage,Spot,TMSA,TMSA,Siège TMSA-Tanger,corrective,3,0,3
1245467,Spot 1,Equipement éclairage,Spot,TMSA,TMSA,Siège TMSA-Tanger,corrective,1,0,1
1245471,Spot 1,Equipement éclairage,Spot,TMSA,TMSA,Siège TMSA-Tanger,corrective,1,0,1
1245482,Climatiseur cassette 1,Equipement climatisation et VMC,Climatiseur cassette ,TMSA,TMSA,Siège TMSA-Tanger,preventive,0,2,2
1245483,Climatiseur cassette 1,Equipement climatisation et VMC,Climatiseur cassette ,TMSA,TMSA,Siège TMSA-Tanger,preventive,0,2,2
1245484,Climatiseur cassette 1,Equipement climatisation et VMC,Climatiseur cassette ,TMSA,TMSA,Siège TMSA-Tanger,preventive,0,2,2
1245485,Climatiseur cassette 1,Equipement climatisation et VMC,Climatiseur cassette ,TMSA,TMSA,Siège TMSA-Tanger,preventive,0,2,2
1245493,Cloison ,Equipement lot archi / Menuiserie ,Cloison,TMSA,TMSA,Siège TMSA-Tanger,corrective,1,0,1
1245496,Spot 2,Equipement éclairage,Spot,TM1,TM01,Sortie export,corrective,1,0,1
1245502,Hygiène 3D,Equipement plomberie et sanitaire,Hygiène 3D,TMSA,TMSA,Siège TMSA-Tanger,preventive,0,2,2
1245503,Hygiène 3D ET,Equipement plomberie et sanitaire,Hygiène 3D,TMSA,TMSA,Siège TMSA-Tanger,preventive,0,2,2
1245504,Hygiène 3D,Equipement plomberie et sanitaire,Hygiène 3D,TMSA,TMSA,Siège TMSA-Tanger,preventive,0,2,2
1245505,Hygiène 3D,Equipement plomberie et sanitaire,Hygiène 3D,TMSA,TMSA,Siège TMSA-Tanger,preventive,0,2,2
1245506,Hygiène 3D,Equipement plomberie et sanitaire,Hygiène 3D,TMSA,TMSA,Siège TMSA-Tanger,preventive,0,2,2
1245507,Hygiène 3D,Equipement plomberie et sanitaire,Hygiène 3D,TMSA,TMSA,Siège TMSA-Tanger,preventive,0,2,2
1245508,Hygiène 3D EX,Equipement plomberie et sanitaire,Hygiène 3D,TMSA,TMSA,Siège TMSA-Tanger,preventive,0,2,2
1245509,Hygiène 3D,Equipement plomberie et sanitaire,Hygiène 3D,TMSA,TMSA,Siège TMSA-Tanger,preventive,0,2,2
1245510,Hygiène 3D ET,Equipement plomberie et sanitaire,Hygiène 3D,TMSA,TMSA,Siège TMSA-Tanger,preventive,0,2,2
1245511,Hygiène 3D ET,Equipement plomberie et sanitaire,Hygiène 3D,TMSA,TMSA,Siège TMSA-Tanger,preventive,0,2,2
1245512,Hygiène 3D Agroalimentaire,Equipement plomberie et sanitaire,Hygiène 3D Agroalimentaire,TMSA,TMSA,Siège TMSA-Tanger,preventive,0,2,2
1245513,Hygiène 3D Agroalimentaire,Equipement plomberie et sanitaire,Hygiène 3D Agroalimentaire,TMSA,TMSA,Siège TMSA-Tanger,preventive,0,2,2
1245514,Hygiène 3D Agroalimentaire,Equipement plomberie et sanitaire,Hygiène 3D Agroalimentaire,TMSA,TMSA,Siège TMSA-Tanger,preventive,0,2,2
1245540,Lavabo 2,Equipement plomberie et sanitaire,Lavabo,TM1,SAS IMPORT,Sanitaire 2 - Parking L,corrective,1,0,1
1245543,Porte Aluminium 1,Equipement lot archi / Menuiserie ,Porte aluminium,TM1,SAS IMPORT,Sanitaire 2 - Parking L,corrective,1,0,1
1245548,Porte Aluminium 2,Equipement lot archi / Menuiserie ,Porte aluminium,TM1,SAS IMPORT,Sanitaire 2 - Parking L,corrective,1,0,1
1245562,Spot 2,Equipement éclairage,Spot,TM1,SAS IMPORT,Sanitaire 2 - Parking L,corrective,1,0,1
1245567,WC Sanitaire 1,Equipement plomberie et sanitaire,WC Sanitaire,TM1,SAS IMPORT,Sanitaire 2 - Parking L,corrective,1,0,1
1245568,WC Sanitaire 2,Equipement plomberie et sanitaire,WC Sanitaire,TM1,SAS IMPORT,Sanitaire 2 - Parking L,corrective,1,0,1
1245569,WC Sanitaire 3,Equipement plomberie et sanitaire,WC Sanitaire,TM1,SAS IMPORT,Sanitaire 2 - Parking L,corrective,1,0,1
1245609,Spot 2,Equipement éclairage,Spot,TM1,SAS IMPORT,Sanitaire 3 Sas Import,corrective,1,0,1
1245649,Robinet 3,Equipement plomberie et sanitaire,Robinet ,TM1,SAS IMPORT,Sanitaire 3 Sas Import,corrective,1,0,1
1245651,Siphon 1,Equipement plomberie et sanitaire,Siphon,TM1,SAS IMPORT,Sanitaire 3 Sas Import,corrective,1,0,1
1245653,Spot 2,Equipement éclairage,Spot,TM1,SAS IMPORT,Sanitaire 3 Sas Import,corrective,1,0,1
1245658,Spot 7,Equipement éclairage,Spot,TM1,SAS IMPORT,Sanitaire 3 Sas Import,corrective,1,0,1
1245699,Porte bois 3,Equipement lot archi / Menuiserie ,Porte  bois,TM1,SAS IMPORT,Sanitaire 3 Sas Import,corrective,1,0,1
1245701,Porte Vitrée 1,Equipement lot archi / Menuiserie ,Porte vitrée,TM1,SAS IMPORT,Sanitaire 3 Sas Import,corrective,1,0,1
1245717,WC Sanitaire 2,Equipement plomberie et sanitaire,WC Sanitaire,TM1,SAS IMPORT,Sanitaire 3 Sas Import,corrective,3,0,3
1258137,Spot 1,Equipement éclairage,Spot,TM1,ZEXT01,Casernement-protection civile,corrective,1,0,1
