article,total_qty,total_cost,n_requests,famille,daily_demand,forecast_qty,forecast_cost
Lampe LED E27 15W  6500K,1454.0,363500.0,352,ELECTRICITE,1.5177453027139876,136.59707724425888,34149.26931106472
Peinture vinylique blanc 30KG,668.0,360720.0,203,PEINTURE,0.697286012526096,62.75574112734864,33888.100208768265
Abattant toilette anglaise standard et suspendu,140.0,294000.0,97,PLOMBERIE,0.14613778705636743,13.152400835073069,27620.041753653444
Spot LED GU10 7W 6500K,1446.0,281970.0,340,ELECTRICITE,1.5093945720250521,135.8455114822547,26489.874739039664
Ruban adhésif noire,432.0,280800.0,153,ELECTRICITE,0.4509394572025052,40.58455114822547,26379.958246346556
"Câble capotin 3G2,5",3606.0,270450.0,53,ELECTRICITE,3.7640918580375784,338.76826722338205,25407.620041753653
Robinet lavabo mitigeur,303.0,248460.0,200,PLOMBERIE,0.3162839248434238,28.465553235908143,23341.753653444677
Peinture laque 20 KG blanc,337.0,229160.0,149,PEINTURE,0.35177453027139877,31.65970772442589,21528.601252609606
Distributeur papier hygiénique Inox,269.0,228650.0,107,PLOMBERIE,0.2807933194154488,25.271398747390393,21480.688935281833
Distributeur savon liquide INOX,320.0,224000.0,198,PLOMBERIE,0.33402922755741127,30.062630480167016,21043.84133611691
Cylindre de serrure standard,694.0,208200.0,479,MENUISERIE,0.7244258872651357,65.1983298538622,19559.498956158663
Câble cuivre U1000 R2V 5G16mm2,1400.0,201600.0,3,ELECTRICITE,1.4613778705636744,131.5240083507307,18939.45720250522
CÂBLE D'ALIMENTATION BASSE TENSION 5G16mm2,1200.0,189239.99999999997,2,ELECTRICITE,1.2526096033402923,112.7348643006263,17778.288100208767
silicone,626.0,187800.0,148,DIVERS,0.6534446764091858,58.81002087682672,17643.006263048017
Moteur pour portail MR300/CR/MVF110,8.0,179200.0,8,ELECTROMECANIQUE,0.008350730688935281,0.7515657620041752,16835.073068893525
Poignée aluminium (pair),271.0,176150.0,169,MENUISERIE,0.2828810020876827,25.45929018789144,16548.538622129436
Fourniture de Carte cabine.,9.0,171000.0,2,ELECTRICITE,0.009394572025052192,0.8455114822546972,16064.718162839246
Peinture de traçage blanc 25KG,147.0,161700.0,23,PEINTURE,0.1534446764091858,13.810020876826721,15191.022964509393
Drapeau Maroc,132.0,158400.0,65,DIVERS,0.13778705636743216,12.400835073068894,14881.002087682673
centrale ESSER IQ8 CONTROL μ avec UGA en coffret,3.0,155250.0,3,INCENDIE,0.003131524008350731,0.2818371607515658,14585.07306889353
Tube LED (T8) 18W 6500K	,1163.0,139560.0,86,ELECTRICITE,1.2139874739039667,109.258872651357,13111.06471816284
Tableau de commande d'ascenseur OTIS,106.0,132000.0,7,ELECTRICITE,0.11064718162839249,9.958246346555324,12400.835073068894
Tube LED (T8) 9W 6500K,1098.0,131760.0,128,ELECTRICITE,1.1461377870563674,103.15240083507307,12378.288100208769
Manomètre de circuit de refroidissement 16 BAR (similaire à l'existant),202.0,131454.0,3,MECANIQUE,0.21085594989561587,18.977035490605427,12349.540709812109
Luminaire Panel LED 40w 60X60 blanche IP45,457.0,130245.0,57,ELECTRICITE,0.477035490605428,42.93319415448852,12235.960334029227
ATS sans coupure,17.0,127823.0,14,ELECTRICITE,0.017745302713987474,1.5970772442588728,12008.423799582464
huile hydraulique 46,3160.0,124820.0,9,HYDRAULIQUE,3.298538622129436,296.86847599164923,11726.304801670145
Luminaire Panel LED 40w 120X30 blanche IP45,347.0,114510.0,23,ELECTRICITE,0.36221294363256784,32.5991649269311,10757.724425887263
Mécanisme chasse d'eau pour WC standard et suspendu,157.0,109900.0,109,PLOMBERIE,0.1638830897703549,14.749478079331942,10324.63465553236
pompe de circulation d'eau primaire,9.0,108000.0,4,CLIMATISATION,0.009394572025052192,0.8455114822546972,10146.137787056367
Fourniture de fontaine d'eau en inox avec grilles,10.0,100000.0,8,PLOMBERIE,0.010438413361169102,0.9394572025052192,9394.572025052192
Vase d'expansion,4.0,100000.0,4,CLIMATISATION,0.0041753653444676405,0.3757828810020876,9394.57202505219
Flexible 60CM,245.0,98000.0,115,PLOMBERIE,0.255741127348643,23.01670146137787,9206.680584551148
Cheville plastique Ø08,1248.0,97075.0,37,DIVERS,1.302713987473904,117.24425887265136,9119.780793319414
Opérateur de porte ascenseur OTIS,12.0,96000.0,7,ELECTRICITE,0.012526096033402923,1.1273486430062631,9018.789144050104
Capteur numérique de marque Precia CDL de 30 Tonnes,8.0,88000.0,1,ELECTRONIQUE,0.008350730688935281,0.7515657620041752,8267.223382045928
Chauffeau électrique 30L,25.0,87500.0,22,PLOMBERIE,0.026096033402922755,2.348643006263048,8220.250521920667
Vérins télescopiques standards simple effet,7.0,83300.0,3,HYDRAULIQUE,0.007306889352818371,0.6576200417536534,7825.678496868475
capteur météorologique compat,2.0,82000.0,2,ELECTRONIQUE,0.0020876826722338203,0.1878914405010438,7703.549060542796
Armature LED d'éclairage industriel,85.0,80750.0,7,ELECTRICITE,0.08872651356993737,7.985386221294363,7586.116910229645
Terminal de commande ProDialog,4.0,79200.0,3,CLIMATISATION,0.0041753653444676405,0.3757828810020876,7440.501043841335
Capteur numérique de marque Giropes de 50 Tonnes ,8.0,76000.0,1,ELECTROMECANIQUE,0.008350730688935281,0.7515657620041752,7139.874739039665
Spot D'éclairage de cabinet d'ascenseur,4.0,72300.0,4,ELECTRICITE,0.0041753653444676405,0.3757828810020876,6792.275574112734
Onduleur 6 KVA,6.0,69420.0,5,ELECTRICITE,0.006263048016701462,0.5636743215031316,6521.711899791232
Cheville plastique Ø 12,861.0,68880.0,42,DIVERS,0.8987473903966597,80.88726513569938,6470.981210855951
compresseur scroll DANFOSS SH300A4ACB,1.0,66000.0,1,CLIMATISATION,0.0010438413361169101,0.0939457202505219,6200.417536534445
Climatiseur Type armoire de capacité frigorifique 48000 BTU/h,3.0,63840.0,2,CLIMATISATION,0.003131524008350731,0.2818371607515658,5997.4947807933195
POIGNEE PORTE BOIS WC,137.0,63705.0,49,MENUISERIE,0.1430062630480167,12.870563674321502,5984.8121085594985
Cheville plastique Ø10,986.0,63200.0,41,DIVERS,1.0292275574112735,92.63048016701461,5937.369519832985
Serrure porte en bois,148.0,62160.0,48,MENUISERIE,0.1544885177453027,13.903966597077243,5839.665970772442
Tube gorge Gris D40,2065.0,61950.0,21,ELECTRICITE,2.1555323590814197,193.99791231732777,5819.937369519833
Onduleur 3 KVA,10.0,60950.0,9,ELECTRICITE,0.010438413361169102,0.9394572025052192,5725.991649269311
ABATTANT TOILETTE ANGLAISE MEDHUB,29.0,60900.0,11,PLOMBERIE,0.030271398747390398,2.7244258872651357,5721.294363256785
Robinet de Service,380.0,60800.0,208,PLOMBERIE,0.3966597077244259,35.69937369519833,5711.899791231734
Robinet douche mitigeur avec accessoires,89.0,60520.0,30,PLOMBERIE,0.09290187891440502,8.36116910229645,5685.594989561587
Fourniture de Carte mère.,3.0,60000.0,1,ELECTRICITE,0.003131524008350731,0.2818371607515658,5636.743215031316
Toilette anglaise complète,19.0,57000.0,13,PLOMBERIE,0.019832985386221295,1.7849686847599167,5354.90605427975
Groupe hydraulique de QUAI NIVELEUR RH11,4.0,55200.0,4,HYDRAULIQUE,0.0041753653444676405,0.3757828810020876,5185.8037578288095
Gaz 410A 13 KG,54.0,54000.0,37,CLIMATISATION,0.05636743215031315,5.073068893528184,5073.068893528184
PEINTURE DE BORDURE,1325.0,53000.0,14,PEINTURE,1.383089770354906,124.47807933194154,4979.123173277661
 Boîtier de commande « Inekma » du quai niveleur RH11,8.0,52800.0,8,ELECTROMECANIQUE,0.008350730688935281,0.7515657620041752,4960.334029227557
POIGNÉE PORTE BOIS,112.0,52080.0,59,MENUISERIE,0.11691022964509394,10.521920668058454,4892.693110647181
Batterie D'évacuation ascenseur,7.0,52000.0,4,ELECTRICITE,0.007306889352818371,0.6576200417536534,4885.17745302714
Ruban adhésif noire MEDHUB,77.0,50050.0,25,ELECTRICITE,0.08037578288100208,7.233820459290188,4701.983298538622
Carte électronique optionnel PD-AUX board,2.0,50000.0,2,CLIMATISATION,0.0020876826722338203,0.1878914405010438,4697.286012526095
Réglette LED doubel lampeé (équipée) bipolaier 2x18w 120 cm,250.0,48750.0,1,ELECTRICITE,0.2609603340292276,23.486430062630482,4579.8538622129445
Flexes control - FX18 NF avec face avant et batterie ESSER,1.0,46506.8,1,INCENDIE,0.0010438413361169101,0.0939457202505219,4369.114822546972
Poignée fenêtre aluminium,128.0,46080.0,25,MENUISERIE,0.1336116910229645,12.025052192066804,4329.018789144049
Peinture cloture 5 KG,236.0,46020.0,84,PEINTURE,0.24634655532359082,22.171189979123174,4323.382045929019
Cornière en acier galvanisé de forme L y compris les accessoires de fixation,150.0,45000.0,1,DIVERS,0.15657620041753653,14.091858037578287,4227.557411273487
Galets pour le quai de déchargement RENAULT AU PORT TANGER MED,4.0,45000.0,1,MECANIQUE,0.0041753653444676405,0.3757828810020876,4227.557411273486
Starter S2 PHILPS,596.0,44700.0,70,ELECTRICITE,0.6221294363256785,55.99164926931107,4199.37369519833
Ruban de téflon,130.0,44200.0,115,PLOMBERIE,0.13569937369519833,12.21294363256785,4152.400835073069
Boite bouton palier ascenseur Schindler,4.0,43000.0,4,ELECTRICITE,0.0041753653444676405,0.3757828810020876,4039.665970772442
DISJONCTEUR DIFFERENTIEL-4P-63A-30mA TYPE A,28.0,42630.0,2,ELECTRICITE,0.029227557411273485,2.6304801670146136,4004.9060542797492
Starter S10 PHILPS,562.0,42150.0,25,ELECTRICITE,0.5866388308977035,52.797494780793315,3959.8121085594985
Cylindre de serrure standard MEDHUB,137.0,41100.0,60,MENUISERIE,0.1430062630480167,12.870563674321502,3861.1691022964505
Peinture laque 5 KG noir,230.0,40800.0,23,PEINTURE,0.24008350730688935,21.60751565762004,3832.9853862212944
Pointes lumineuses à LED pour éclairage extérieure,45.0,40500.0,3,ELECTRICITE,0.04697286012526096,4.227557411273486,3804.801670146138
Distributeur savon liquide plastique,66.0,39600.0,31,PLOMBERIE,0.06889352818371608,6.200417536534447,3720.2505219206682
Verrou porte manuel,88.0,39600.0,41,MENUISERIE,0.0918580375782881,8.267223382045929,3720.250521920668
Coffret bypass externe pour 1 onduleurs 40KVA,4.0,39200.0,4,ELECTRICITE,0.0041753653444676405,0.3757828810020876,3682.6722338204586
Panel LED 60/60 apparent,108.0,38772.0,27,ELECTRICITE,0.1127348643006263,10.146137787056368,3642.4634655532363
"Câble capotin 3G1,5",504.0,37800.0,10,ELECTRICITE,0.5260960334029228,47.348643006263046,3551.1482254697285
"Câble capotin 3G1,5 MEDHUB",500.0,37500.0,3,ELECTRICITE,0.5219206680584552,46.972860125260965,3522.9645093945724
Cable cuivre U1000 R2V 5g16mm2,300.0,37500.0,1,ELECTRICITE,0.31315240083507306,28.183716075156575,3522.964509394572
"Batterie plomb-étanche (sans entretien) 12V-7,6Ah/C20 avec leurs connectiques MEDHUB",224.0,36736.0,6,ELECTRICITE,0.23382045929018788,21.04384133611691,3451.189979123173
Boite à bouton Palier d'ascenseur OTIS,27.0,36105.0,5,ELECTRICITE,0.028183716075156576,2.536534446764092,3391.910229645094
Capteur numérique de marque PRECIA CDL de 30 Tonnes,8.0,36000.0,1,ELECTROMECANIQUE,0.008350730688935281,0.7515657620041752,3382.0459290187887
Fourniture de carte de charge batteries ARO.,2.0,36000.0,2,ELECTRICITE,0.0020876826722338203,0.1878914405010438,3382.0459290187887
Thermostat mural de climatiseur PAC AIR/EAU,20.0,35000.0,19,CLIMATISATION,0.020876826722338204,1.8789144050104385,3288.1002087682673
Panneaux en fibre de ciment,82.0,34440.0,1,CLIMATISATION,0.08559498956158663,7.703549060542797,3235.490605427975
Fourniture d'un câble d'alimentation basse tension 5G10mm,200.0,34000.0,1,ELECTRICITE,0.20876826722338204,18.789144050104383,3194.154488517745
Poignée aluminium (Pair) MEDHUB,51.0,33150.0,12,MENUISERIE,0.05323590814196242,4.791231732776618,3114.3006263048014
Groupe hydraulique de QUAI NIVELEUR RH11 ,2.0,33000.0,2,MECANIQUE,0.0020876826722338203,0.1878914405010438,3100.2087682672227
Batterie plomb-étanche (sans entretien) 12V-118Ah/C10 avec leurs connectiques,9.0,32706.0,6,ELECTRICITE,0.009394572025052192,0.8455114822546972,3072.58872651357
Boit a bouton cabinet d'ascenseur OTIS,7.0,31600.0,5,ELECTRICITE,0.007306889352818371,0.6576200417536534,2968.6847599164926
SÈCHE-MAINS AUTOMATIQUE JOFEL FUTURA AA16000,11.0,31449.0,10,PLOMBERIE,0.011482254697286013,1.033402922755741,2954.4989561586635
silicone MEDHUB,104.0,31200.0,18,DIVERS,0.10855949895615867,9.77035490605428,2931.106471816284
Vantail vitre de l'ascenseur OTIS,103.0,31000.0,4,ELECTRICITE,0.10751565762004175,9.676409185803758,2912.3173277661795
Enduit façade,2509.0,30108.0,96,PEINTURE,2.6189979123173277,235.7098121085595,2828.517745302714
capteur météorologique pour la mesure de la direction et de la vitesse du vent ,2.0,30000.0,2,ELECTRONIQUE,0.0020876826722338203,0.1878914405010438,2818.371607515657
Courniére de fixation de clôture ponctuelle,1488.0,29760.0,2,DIVERS,1.5532359081419624,139.79123173277662,2795.8246346555325
Distributeur serviette zigzag INOX,16.0,29600.0,12,PLOMBERIE,0.016701461377870562,1.5031315240083505,2780.7933194154484
Carte électronique N°4 de commande PAC,2.0,29580.0,2,CLIMATISATION,0.0020876826722338203,0.1878914405010438,2778.914405010438
porte papier hygiène 300M en inox JOFEL,36.0,28764.0,24,PLOMBERIE,0.037578288100208766,3.3820459290187888,2702.2546972860123
cable capotain 3G2.5 mm,380.0,28500.0,8,ELECTRICITE,0.3966597077244259,35.69937369519833,2677.453027139875
Détecteur optique de fumée adressable TFDA-S1 (Marque Techno Fire),81.0,28350.0,17,INCENDIE,0.08455114822546973,7.609603340292276,2663.3611691022966
Douille GU10,328.0,27880.0,43,ELECTRICITE,0.34237995824634654,30.81419624217119,2619.206680584551
Horloge astronomique,79.0,27650.0,15,ELECTRICITE,0.0824634655532359,7.421711899791231,2597.599164926931
Peinture trottoir blanc 25KG,27.0,27000.0,11,PEINTURE,0.028183716075156576,2.536534446764092,2536.534446764092
Kit douchette WC avec accessoires,74.0,26640.0,33,PLOMBERIE,0.07724425887265135,6.951983298538622,2502.7139874739037
Détecteur de fumée optique interactif IQ8Quad O (avec socle),43.0,25800.0,12,INCENDIE,0.04488517745302714,4.039665970772443,2423.799582463466
Peinture laque 5 KG rouge,149.0,25330.0,27,PEINTURE,0.15553235908141963,13.997912317327767,2379.6450939457204
Siphon de lavabo,158.0,25280.0,97,PLOMBERIE,0.1649269311064718,14.843423799582462,2374.947807933194
Compresseur DANFOSS SZ120S4VC,1.0,25272.0,1,ELECTRICITE,0.0010438413361169101,0.0939457202505219,2374.1962421711896
"Câble U1000R2V 5G2,5",1258.0,25160.0,8,ELECTRICITE,1.313152400835073,118.18371607515657,2363.6743215031315
Kit de deux butoirs en acier,5.0,25000.0,5,MECANIQUE,0.005219206680584551,0.4697286012526096,2348.643006263048
Carte électronique NRCP2-BASE contrôle board,1.0,25000.0,1,CLIMATISATION,0.0010438413361169101,0.0939457202505219,2348.6430062630475
Fourniture d'opérateur de porte cabine OTIS.,1.0,25000.0,1,ELECTRICITE,0.0010438413361169101,0.0939457202505219,2348.6430062630475
Peinture hempel 20 L,6.0,24426.0,3,PEINTURE,0.006263048016701462,0.5636743215031316,2294.7181628392486
Cheville Embase,400.0,24000.0,12,DIVERS,0.4175365344467641,37.578288100208766,2254.697286012526
pompe de circulation d'eau secondaire,2.0,24000.0,1,CLIMATISATION,0.0020876826722338203,0.1878914405010438,2254.6972860125256
Split systéme mural 12000 BTU/h,6.0,23940.0,4,CLIMATISATION,0.006263048016701462,0.5636743215031316,2249.060542797495
huile hydraulique 32 ,600.0,23700.0,2,HYDRAULIQUE,0.6263048016701461,56.36743215031315,2226.5135699373695
"Boite d alimentation ESSER NETZTEIL MODULE IQ8C IQM 802426 POWER CARD 8000M""",1.0,23500.0,1,INCENDIE,0.0010438413361169101,0.0939457202505219,2207.7244258872647
Panneau sandwich pour porte sectionnelle,8.0,23200.0,4,MECANIQUE,0.008350730688935281,0.7515657620041752,2179.540709812108
Fil barbelé type concertina,100.0,23000.0,1,DIVERS,0.10438413361169102,9.394572025052192,2160.7515657620042
"Fourniture d'un moteur de marque FORCE 70AC3 ""220V-50HZ"" (FRS:MEDINDUSTRY)",3.0,22581.0,3,MECANIQUE,0.003131524008350731,0.2818371607515658,2121.3883089770356
Projecteur CAPLED FL150W,20.0,22000.0,1,ELECTRICITE,0.020876826722338204,1.8789144050104385,2066.8058455114824
Roue de portail - Forte charge 300KG,62.0,21700.0,35,DIVERS,0.06471816283924843,5.824634655532359,2038.6221294363256
Serrure porte en aluminium,48.0,21600.0,16,MENUISERIE,0.05010438413361169,4.509394572025053,2029.2275574112737
Fourniture des étriers de protection pour fontaine,11.0,21560.0,3,DIVERS,0.011482254697286013,1.033402922755741,2025.4697286012524
Paumelle aluminium,168.0,21504.0,47,MENUISERIE,0.17536534446764093,15.782881002087684,2020.2087682672236
Drapeau TMPA,43.0,21500.0,12,DIVERS,0.04488517745302714,4.039665970772443,2019.8329853862215
Tube gorge Gris D20,1074.0,21480.0,17,ELECTRICITE,1.1210855949895615,100.89770354906054,2017.9540709812109
"Câble capotin 5G2,5",427.0,21350.0,11,ELECTRICITE,0.44572025052192066,40.11482254697286,2005.741127348643
CÂBLE D'ALIMENTATION BASSE TENSION 5G6mm2,300.0,21240.0,2,ELECTRICITE,0.31315240083507306,28.183716075156575,1995.4070981210855
câble électrique basse tension type U1000R02V 4G4mm2,841.0,21025.0,2,ELECTRICITE,0.8778705636743215,79.00835073068893,1975.2087682672234
TOILETTE ANGLAISE COMPLÈTE MEDHUB,7.0,21000.0,4,PLOMBERIE,0.007306889352818371,0.6576200417536534,1972.8601252609603
Coffret bypass externe pour 1 onduleurs 60KVA,2.0,21000.0,2,ELECTRICITE,0.0020876826722338203,0.1878914405010438,1972.86012526096
Filtre à sac de CTA,8.0,20880.0,2,CLIMATISATION,0.008350730688935281,0.7515657620041752,1961.5866388308973
réglette LED 120cm étanche,111.0,20535.0,10,ELECTRICITE,0.11586638830897704,10.427974947807934,1929.1753653444678
Huile hydraulique D10,301.0,20500.0,5,ELECTRICITE,0.31419624217118997,28.2776617954071,1925.8872651356996
Déclencheur Manuel Addressable - Marque :ESSER,41.0,20500.0,8,INCENDIE,0.04279749478079332,3.8517745302713986,1925.8872651356994
Gaz frigorifique R22,12.0,19800.0,12,CLIMATISATION,0.012526096033402923,1.1273486430062631,1860.1252609603341
Panel LED encastrable de 60/60CM,84.0,19740.0,16,ELECTRICITE,0.08768267223382047,7.891440501043842,1854.488517745303
Condensateur courant,64.0,19200.0,11,CLIMATISATION,0.06680584551148225,6.012526096033402,1803.7578288100206
Boîtier de commande CASIT « KEQ405/BP » pour moteur portai,4.0,19200.0,4,ELECTROMECANIQUE,0.0041753653444676405,0.3757828810020876,1803.7578288100206
Resistance préchauffage réf : (220VAC/300W 200VAC/700W) thermostat 50c°_45°,2.0,19080.0,2,HYDRAULIQUE,0.0020876826722338203,0.1878914405010438,1792.484342379958
Afficheur palier ascenseur Schindler,8.0,19000.0,5,ELECTRICITE,0.008350730688935281,0.7515657620041752,1784.9686847599162
Mécanisme chasse d'eau pour WC standard et suspendu MEDHUB,27.0,18900.0,21,PLOMBERIE,0.028183716075156576,2.536534446764092,1775.5741127348645
Serrure porte en bois MEDHUB,45.0,18900.0,6,MENUISERIE,0.04697286012526096,4.227557411273486,1775.5741127348642
Panel LED 60/60 encastré,105.0,18795.0,38,ELECTRICITE,0.10960334029227557,9.864300626304802,1765.7098121085596
Panel LED encastrable de 120/30CM,76.0,18620.0,8,ELECTRICITE,0.07933194154488518,7.139874739039667,1749.2693110647183
Gel de silice indicatif de couleur orange Diam 2 à 4 mm/KG,98.0,18620.0,4,ELECTRONIQUE,0.1022964509394572,9.206680584551147,1749.269311064718
Fourniture de ventilateur d'aération Schindler.,3.0,18000.0,2,ELECTRICITE,0.003131524008350731,0.2818371607515658,1691.0229645093948
"Fourniture de boitier rappel Schindler.""",3.0,18000.0,3,ELECTRICITE,0.003131524008350731,0.2818371607515658,1691.0229645093948
Fourniture d'armoire électrique,4.0,18000.0,1,ELECTRICITE,0.0041753653444676405,0.3757828810020876,1691.0229645093943
Climatiseur mobile 12000BTU,2.0,18000.0,2,CLIMATISATION,0.0020876826722338203,0.1878914405010438,1691.0229645093943
Robinet poussoir mural,52.0,17940.0,29,PLOMBERIE,0.054279749478079335,4.88517745302714,1685.3862212943632
Robinet équerre,107.0,17120.0,53,PLOMBERIE,0.11169102296450939,10.052192066805844,1608.350730688935
Fourniture de câbles R2V 5x16mm,100.0,17000.0,1,ELECTRICITE,0.10438413361169102,9.394572025052192,1597.0772442588725
ROBINET LAVABO MITIJEUR MEDHUB,20.0,16400.0,14,PLOMBERIE,0.020876826722338204,1.8789144050104385,1540.7098121085596
Colle PVC,62.0,16120.0,55,PLOMBERIE,0.06471816283924843,5.824634655532359,1514.4050104384132
Vitrage de cabine ascenseur,3.0,16000.0,3,ELECTRICITE,0.003131524008350731,0.2818371607515658,1503.1315240083509
Gaz 410A 13 KG MEDHUB,16.0,16000.0,8,CLIMATISATION,0.016701461377870562,1.5031315240083505,1503.1315240083504
Moteur de porte sectionnelle 220V,2.0,16000.0,2,MECANIQUE,0.0020876826722338203,0.1878914405010438,1503.1315240083504
Carte électronique de moteur porte sectionnelle référence (UST 1KL),4.0,16000.0,4,ELECTROMECANIQUE,0.0041753653444676405,0.3757828810020876,1503.1315240083504
Peinture de traçage jaune 25KG,16.0,16000.0,6,PEINTURE,0.016701461377870562,1.5031315240083505,1503.1315240083504
Peinture trottoir rouge 25KG,16.0,16000.0,8,PEINTURE,0.016701461377870562,1.5031315240083505,1503.1315240083504
Ciment CPJ45 sac de 50KG,201.0,15678.0,74,CONSTRUCTION,0.20981210855949894,18.883089770354903,1472.8810020876824
Distributeur savon liquide plastique MEDHUB,26.0,15600.0,10,PLOMBERIE,0.027139874739039668,2.44258872651357,1465.553235908142
Boîtier de commande « Inekma » du quai niveleur télescopique RH21 ,2.0,15600.0,2,ELECTROMECANIQUE,0.0020876826722338203,0.1878914405010438,1465.5532359081417
Robinet temporisateur Vasque,171.0,15390.0,24,PLOMBERIE,0.17849686847599164,16.06471816283925,1445.8246346555325
Serrure de porte. w,181.0,15385.0,163,MENUISERIE,0.18893528183716074,17.004175365344466,1445.3549060542796
Carte électronique N°2 de commande PAC,1.0,14430.0,1,CLIMATISATION,0.0010438413361169101,0.0939457202505219,1355.6367432150312
Tube LED (T8) 18W 6500K MEDHUB,120.0,14400.0,10,ELECTRICITE,0.12526096033402923,11.273486430062631,1352.8183716075157
Soupape de sécurité,16.0,14400.0,5,CLIMATISATION,0.016701461377870562,1.5031315240083505,1352.8183716075155
Robinet temporisateur Mural,155.0,13950.0,21,PLOMBERIE,0.1617954070981211,14.5615866388309,1310.5427974947809
câble électrique U1000 R2V 5G6mm,200.0,13800.0,1,ELECTRICITE,0.20876826722338204,18.789144050104383,1296.4509394572024
Robinet mitigeur de lavabo,42.0,13650.0,37,PLOMBERIE,0.04384133611691023,3.945720250521921,1282.3590814196243
Ruban de téflon MEDHUB,40.0,13600.0,10,PLOMBERIE,0.04175365344467641,3.757828810020877,1277.6617954070982
Batterie de démarrage 12v-180Ah-1100A avec leur connectiques (sans entretien),8.0,13600.0,4,ELECTRICITE,0.008350730688935281,0.7515657620041752,1277.661795407098
Carte électronique N°1 de commande PAC,1.0,13446.0,1,CLIMATISATION,0.0010438413361169101,0.0939457202505219,1263.1941544885176
mousse polyuréthane,112.0,13440.0,13,DIVERS,0.11691022964509394,10.521920668058454,1262.6304801670146
Peinture métal blanc 20KG,21.0,13419.0,5,PEINTURE,0.021920668058455117,1.9728601252609606,1260.6576200417537
"Câble U1000R2V 3G2,5",700.0,13300.0,4,ELECTRICITE,0.7306889352818372,65.76200417536535,1249.4780793319417
Split systéme mural 9000 BTU/h,4.0,13300.0,4,CLIMATISATION,0.0041753653444676405,0.3757828810020876,1249.4780793319414
Tube gorge Gris D20  MEDHUB,650.0,13000.0,10,ELECTRICITE,0.6784968684759917,61.06471816283925,1221.294363256785
Résistance préchauffage réf : (BWO 155 24V) (24 VDC / 7W),2.0,13000.0,1,HYDRAULIQUE,0.0020876826722338203,0.1878914405010438,1221.2943632567847
Distributeur serviette zigzag INOX MEDHUB,7.0,12950.0,3,PLOMBERIE,0.007306889352818371,0.6576200417536534,1216.5970772442588
Climatiseur split system mural de 12000 BTU ,2.0,12500.0,2,CLIMATISATION,0.0020876826722338203,0.1878914405010438,1174.3215031315237
Spot LED GU10 7W 6500K MEDHUB,64.0,12480.0,22,ELECTRICITE,0.06680584551148225,6.012526096033402,1172.4425887265133
Gaz frigorifique R410 A,11.0,12430.0,10,CLIMATISATION,0.011482254697286013,1.033402922755741,1167.7453027139875
"Câble U1000R2V 3G2,5 MED HUB",645.0,12255.0,9,ELECTRICITE,0.673277661795407,60.59498956158664,1151.3048016701462
Moulure auto-adhesive,138.0,12006.0,10,ELECTRICITE,0.1440501043841336,12.964509394572024,1127.9123173277662
Câble U1000R2V 5G10,600.0,12000.0,2,ELECTRICITE,0.6263048016701461,56.36743215031315,1127.348643006263
Transponder Esserbus 4 entrées/2 sorties ; Module MD4L,1.0,12000.0,1,ELECTRICITE,0.0010438413361169101,0.0939457202505219,1127.3486430062628
Matériel déporté adressable MD4L (Marque Esser),1.0,12000.0,1,INCENDIE,0.0010438413361169101,0.0939457202505219,1127.3486430062628
Flexible hydraulique 1/4 « 400 Bar,29.0,11950.0,23,HYDRAULIQUE,0.030271398747390398,2.7244258872651357,1122.651356993737
AGGLOS,2380.0,11900.0,6,CONSTRUCTION,2.4843423799582465,223.59081419624218,1117.9540709812109
Distributeur papier hygiénique Inox MEDHUB,14.0,11900.0,14,PLOMBERIE,0.014613778705636743,1.3152400835073068,1117.9540709812109
Serrure porte en aluminium MEDHUB,26.0,11700.0,6,MENUISERIE,0.027139874739039668,2.44258872651357,1099.1649269311065
Câble U1000R2V 5G16,612.0,11628.0,3,ELECTRICITE,0.6388308977035491,57.494780793319414,1092.400835073069
HEMPADUR ZINC 17360,64.0,11520.0,2,PEINTURE,0.06680584551148225,6.012526096033402,1082.2546972860123
Split 9000 complet,23.0,11500.0,13,CLIMATISATION,0.024008350730688934,2.1607515657620042,1080.3757828810021
Groupe hydraulique 9T ENIKMA 380V,1.0,11500.0,1,MECANIQUE,0.0010438413361169101,0.0939457202505219,1080.375782881002
Ciment CPJ35 sac de 50KG,221.0,11492.0,63,CONSTRUCTION,0.23068893528183715,20.762004175365345,1079.6242171189979
Pompe de surculation d'eau glacée de Circuite hydraulique de PAC,2.0,11484.0,2,CLIMATISATION,0.0020876826722338203,0.1878914405010438,1078.8726513569936
Cylindre de serrure spécial 8CM,76.0,11400.0,54,MENUISERIE,0.07933194154488518,7.139874739039667,1070.98121085595
Panneau sandwich Stucco,6.0,11400.0,2,MECANIQUE,0.006263048016701462,0.5636743215031316,1070.98121085595
Robinet cuisine mitigeur (Mur),15.0,11250.0,5,PLOMBERIE,0.015657620041753653,1.4091858037578289,1056.8893528183717
cheville plastique D08,140.0,11200.0,3,DIVERS,0.14613778705636743,13.152400835073069,1052.1920668058456
Porte  savon en inox JOFEL,37.0,11063.0,32,PLOMBERIE,0.038622129436325675,3.475991649269311,1039.321503131524
"Réglette Philips 1200mm, Réf: WT120 G2 LED40S/840 PSU L1200 ",22.0,10560.0,3,ELECTRICITE,0.022964509394572025,2.066805845511482,992.0668058455115
Condensateur courant MEDHUB,35.0,10500.0,9,CLIMATISATION,0.03653444676409186,3.288100208768267,986.4300626304802
Accessoires pour la remise en état de système paratonnerre,1.0,10500.0,1,ELECTRICITE,0.0010438413361169101,0.0939457202505219,986.43006263048
Butoires en acier,3.0,10389.0,3,MECANIQUE,0.003131524008350731,0.2818371607515658,976.0020876826724
PEINTURE GLYCEROPHTALIQUE MATE,367.0,10276.0,21,PEINTURE,0.38308977035490605,34.478079331941544,965.3862212943632
cheville  plastique D 10,128.0,10240.0,4,DIVERS,0.1336116910229645,12.025052192066804,962.0041753653443
"Ventouses électromagné tiques de maintien des portillons ""EM 500 G , avec embase""",6.0,10200.0,3,ELECTROMECANIQUE,0.006263048016701462,0.5636743215031316,958.2463465553237
Cable de levage (Diam 7 lg= 41m) Réf : DRH170560,1.0,10200.0,1,ELECTROMECANIQUE,0.0010438413361169101,0.0939457202505219,958.2463465553234
Fourniture de produits de nettoyage escalator,5.0,10000.0,3,DIVERS,0.005219206680584551,0.4697286012526096,939.4572025052192
Boite de réarmement BR100 pour détecteur linéaire (Marque AVS ELECTRONICS),5.0,10000.0,2,INCENDIE,0.005219206680584551,0.4697286012526096,939.4572025052192
"""Fourniture d une venteuse électromagnétique pour porte coupe-feu avec support 12Vcc""",2.0,10000.0,1,INCENDIE,0.0020876826722338203,0.1878914405010438,939.457202505219
Elément filtrant 0280 D010 BN4HC du Filtre de pression,6.0,9900.0,6,HYDRAULIQUE,0.006263048016701462,0.5636743215031316,930.0626304801671
"Boite d alimentation alsw285pfc power supply ""Tecnofire""",1.0,9800.0,1,INCENDIE,0.0010438413361169101,0.0939457202505219,920.6680584551146
centrale incendie Tecnofire 1 boucle avec batteries,1.0,9750.0,1,INCENDIE,0.0010438413361169101,0.0939457202505219,915.9707724425886
Générateur solaire,1.0,9700.0,1,BALISAGE MARITIME,0.0010438413361169101,0.0939457202505219,911.2734864300625
Electrovanne de quai niveleur 24 v AC 31 VA,8.0,9600.0,7,ELECTROMECANIQUE,0.008350730688935281,0.7515657620041752,901.8789144050103
Carte électronique N°3 de commande PAC,1.0,9570.0,1,CLIMATISATION,0.0010438413361169101,0.0939457202505219,899.0605427974946
System de compensation ressort à Axe avec une rainure étirée en acier galvanisé Ø25.4 mm,5.0,9500.0,3,MECANIQUE,0.005219206680584551,0.4697286012526096,892.4843423799583
Etanchiéte monocouche autoprotégée en bitume,21.0,9450.0,3,DIVERS,0.021920668058455117,1.9728601252609606,887.7870563674322
Cylindre de serrure spécial 8CM MEDHUB,63.0,9450.0,5,MENUISERIE,0.06576200417536535,5.918580375782881,887.7870563674321
cable électrique U1000 RO2V 3 x 6mm,150.0,9450.0,2,ELECTRICITE,0.15657620041753653,14.091858037578287,887.7870563674321
Panel LED 60X60 40W 6000K,374.0,9350.0,43,ELECTRICITE,0.3903966597077244,35.135699373695196,878.3924843423799
Batterie M14 135AH,4.0,9200.0,1,ELECTRICITE,0.0041753653444676405,0.3757828810020876,864.3006263048015
Distributeur savon liquide INOX MEDHUB,13.0,9100.0,11,PLOMBERIE,0.013569937369519834,1.221294363256785,854.9060542797495
Cylindre de serrure de condamnation,151.0,9060.0,92,MENUISERIE,0.15762004175365343,14.18580375782881,851.1482254697286
PRO-DIALOG de commande de PAC carrier,1.0,9049.0,1,CLIMATISATION,0.0010438413361169101,0.0939457202505219,850.1148225469727
Fourniture de Lampe cabine.,6.0,9000.0,3,ELECTRICITE,0.006263048016701462,0.5636743215031316,845.5114822546974
HEMPATHANE HS 55610,100.0,9000.0,1,PEINTURE,0.10438413361169102,9.394572025052192,845.5114822546973
Douille E27,163.0,8965.0,49,ELECTRICITE,0.17014613778705637,15.313152400835072,842.2233820459289
DISJONCTEUR 40A COURBE C,28.0,8940.4,2,ELECTRICITE,0.029227557411273485,2.6304801670146136,839.9123173277661
Diffuseur combiné sonore de classe B et lumineux flash rouge pour montage au mur IQ8S RB,6.0,8916.0,1,INCENDIE,0.006263048016701462,0.5636743215031316,837.6200417536535
Cheville en plastique MEDHUB,110.0,8800.0,2,DIVERS,0.11482254697286012,10.33402922755741,826.7223382045928
Peinture de traçage bleu 25KG,8.0,8800.0,3,PEINTURE,0.008350730688935281,0.7515657620041752,826.7223382045928
Colle de revêtement GRIFFI,583.0,8745.0,13,PEINTURE,0.6085594989561587,54.77035490605428,821.5553235908142
Ruban adhésif aluminium,145.0,8700.0,35,CLIMATISATION,0.151356993736952,13.622129436325679,817.3277661795407
Batterie plomb-étanche (sans entretien) 12V-25Ah/C20 avec leurs connectiques,18.0,8694.0,5,ELECTRICITE,0.018789144050104383,1.6910229645093944,816.7640918580374
Socle universelle pour Détecteur (Marque Techno Fire),129.0,8643.0,13,INCENDIE,0.13465553235908143,12.118997912317328,811.9728601252609
Vernis de bois (Marron),239.0,8604.0,11,PEINTURE,0.24947807933194155,22.453027139874738,808.3089770354906
Module d'incendie multiples entrées sorties : IO500 input / Ouput module,1.0,8500.0,1,INCENDIE,0.0010438413361169101,0.0939457202505219,798.5386221294362
Déclencheur manuel IQ8MCP (avec socle),9.0,8451.0,4,INCENDIE,0.009394572025052192,0.8455114822546972,793.9352818371607
Câble R2V 5x6mm²,120.0,8400.0,1,ELECTRICITE,0.12526096033402923,11.273486430062631,789.1440501043842
FLEXIBLE 60CM MEDHUB,21.0,8400.0,16,PLOMBERIE,0.021920668058455117,1.9728601252609606,789.1440501043842
Guide de câble DRH10GH10,1.0,8400.0,1,ELECTROMECANIQUE,0.0010438413361169101,0.0939457202505219,789.144050104384
Alimentation Electrique de Sécurité AES 24 Vcc/5 A en coffret avec batteries 24 Ah,1.0,8200.0,1,INCENDIE,0.0010438413361169101,0.0939457202505219,770.3549060542796
Batterie de démarrage 12v-50Ah-1000A avec leur connectiques (sans entretien),6.0,8172.0,3,ELECTRICITE,0.006263048016701462,0.5636743215031316,767.7244258872652
Batterie de démarrage 12v-140Ah-800A avec leur connectiques (sans entretien),6.0,8172.0,2,ELECTRICITE,0.006263048016701462,0.5636743215031316,767.7244258872652
Cable rigide R2V 3G4mm²,170.0,8160.0,3,ELECTRICITE,0.17745302713987474,15.970772442588727,766.5970772442589
Gaz R22 13 KG MEDHUB,8.0,8000.0,4,CLIMATISATION,0.008350730688935281,0.7515657620041752,751.5657620041752
Resistance préchauffage réf :187_305VAC/DC 20_28VDC (Power AC2500W/DC 7W),1.0,8000.0,1,HYDRAULIQUE,0.0010438413361169101,0.0939457202505219,751.5657620041752
Climatiseur 9000 BTU TRANE,2.0,8000.0,2,CLIMATISATION,0.0020876826722338203,0.1878914405010438,751.5657620041752
Fourniture de photocellule escalator Schindler.,1.0,8000.0,1,ELECTRICITE,0.0010438413361169101,0.0939457202505219,751.5657620041752
Indicateur de pesage Baxtran GI400i,2.0,8000.0,1,ELECTRONIQUE,0.0020876826722338203,0.1878914405010438,751.5657620041752
BAGUETTE DE SOUDURE INOX 316L 4MM,44.0,7920.0,1,MECANIQUE,0.04592901878914405,4.133611691022964,744.0501043841335
Aérosol dégripant,56.0,7840.0,9,DIVERS,0.05845511482254697,5.260960334029227,736.5344467640919
Bloc autonome d'éclairage de sécurité MEDHUB,31.0,7750.0,13,ELECTRICITE,0.032359081419624215,2.9123173277661794,728.0793319415449
"Réglette Philips 600mm, Réf: WT198C LED19S/865 PSU L600",22.0,7700.0,3,ELECTRICITE,0.022964509394572025,2.066805845511482,723.3820459290188
Panneau sandwich Standard,4.0,7600.0,2,MECANIQUE,0.0041753653444676405,0.3757828810020876,713.9874739039665
Poignée fenêtre aluminium  MEDHUB,21.0,7560.0,4,MENUISERIE,0.021920668058455117,1.9728601252609606,710.2296450939458
"Câble capotin 5G2,5 MEDHUB",150.0,7500.0,6,ELECTRICITE,0.15657620041753653,14.091858037578287,704.5929018789144
Tube multicouches RETUBE,748.0,7480.0,17,PLOMBERIE,0.7807933194154488,70.27139874739039,702.7139874739039
Collier de serrage cloture,245.0,7350.0,2,DIVERS,0.255741127348643,23.01670146137787,690.5010438413361
Parachute pour rail 52x26mm,6.0,7200.0,3,MECANIQUE,0.006263048016701462,0.5636743215031316,676.4091858037579
Parachute de sécurité ,6.0,7200.0,3,MECANIQUE,0.006263048016701462,0.5636743215031316,676.4091858037579
Robinet simple de lavabo,38.0,7182.0,35,PLOMBERIE,0.03966597077244259,3.5699373695198333,674.7181628392485
Interrupteur position 3SE5112-0CA00-1CA0,10.0,7000.0,2,ELECTROMECANIQUE,0.010438413361169102,0.9394572025052192,657.6200417536535
Bloc autonome d'éclairage de sécurité,28.0,7000.0,5,ELECTRICITE,0.029227557411273485,2.6304801670146136,657.6200417536534
Capteur numérique de marque Giropes de 40 Tonnes,2.0,7000.0,1,ELECTRONIQUE,0.0020876826722338203,0.1878914405010438,657.6200417536534
Boîtier de commande « Inekma » du quai niveleur RH11,1.0,7000.0,1,ELECTRICITE,0.0010438413361169101,0.0939457202505219,657.6200417536534
Chauffeau électrique 30L  MEDHUB,2.0,7000.0,2,PLOMBERIE,0.0020876826722338203,0.1878914405010438,657.6200417536534
Vachette de porte aluminium,97.0,6984.0,83,MENUISERIE,0.10125260960334029,9.112734864300625,656.116910229645
Cadenas passe partout clidor y compris clés,51.0,6885.0,10,DIVERS,0.05323590814196242,4.791231732776618,646.8162839248434
White spirit 5L,446.0,6690.0,187,PEINTURE,0.46555323590814196,41.89979123173278,628.4968684759916
Ventilateur axial 230 VAC,3.0,6600.0,3,ELECTRICITE,0.003131524008350731,0.2818371607515658,620.0417536534447
"Câble CR1 2*1,5 Ininflammable",300.0,6600.0,1,INCENDIE,0.31315240083507306,28.183716075156575,620.0417536534446
Mécanisme de chasse d'eau,55.0,6545.0,40,PLOMBERIE,0.05741127348643006,5.167014613778705,614.8747390396659
Lampe PROJECT 100W/12V HALOGENE,54.0,6480.0,2,ELECTRICITE,0.05636743215031315,5.073068893528184,608.768267223382
Fourniture du feu d'extrémité quai tribord vert,1.0,6325.0,1,BALISAGE MARITIME,0.0010438413361169101,0.0939457202505219,594.206680584551
Fourniture du feu d'extrémité quai blanc,1.0,6325.0,1,BALISAGE MARITIME,0.0010438413361169101,0.0939457202505219,594.206680584551
Abattant toilette anglaise standard et suspendu TMSA	,3.0,6300.0,1,PLOMBERIE,0.003131524008350731,0.2818371607515658,591.8580375782882
Bloc autonome d'éclairage,33.0,6171.0,16,ELECTRICITE,0.03444676409185804,3.1002087682672235,579.7390396659708
poulie porte Schindler,53.0,6150.0,4,ELECTRICITE,0.055323590814196244,4.979123173277662,577.7661795407098
câble électrique U1000 RO2V 3 x 4mm,150.0,6075.0,1,ELECTRICITE,0.15657620041753653,14.091858037578287,570.7202505219207
Peinture galvanisée à froid,135.0,5940.0,10,PEINTURE,0.1409185803757829,12.68267223382046,558.0375782881002
Hublot LED 24W,74.0,5920.0,13,ELECTRICITE,0.07724425887265135,6.951983298538622,556.1586638830897
Filtre à huile réf : DOOSAN 4004404-00144,6.0,5880.0,3,HYDRAULIQUE,0.006263048016701462,0.5636743215031316,552.400835073069
"Tubes fluorescent LED, 8w, 4000k",98.0,5880.0,3,ELECTRICITE,0.1022964509394572,9.206680584551147,552.4008350730688
Parachute cable,13.0,5850.0,7,MECANIQUE,0.013569937369519834,1.221294363256785,549.5824634655532
Abattant sanitaire anglaise. w,106.0,5830.0,69,PLOMBERIE,0.11064718162839249,9.958246346555324,547.7035490605429
Panneaux sandwich pour porte sectionnelle  dimensions 5000X600X40,2.0,5800.0,1,MECANIQUE,0.0020876826722338203,0.1878914405010438,544.885177453027
Projecteur LED 100W,231.0,5775.0,27,ELECTRICITE,0.24112734864300625,21.70146137787056,542.536534446764
Fourniture d'un coffret polyster (800*600*250) IP66,2.0,5600.0,1,ELECTRICITE,0.0020876826722338203,0.1878914405010438,526.0960334029227
Pressostat HP de circuit frigorifique de PAC,2.0,5568.0,2,CLIMATISATION,0.0020876826722338203,0.1878914405010438,523.089770354906
Pressostat BP de circuit frigorifique de PAC,2.0,5568.0,2,CLIMATISATION,0.0020876826722338203,0.1878914405010438,523.089770354906
Peinture de traçage rouge 25KG,5.0,5500.0,2,PEINTURE,0.005219206680584551,0.4697286012526096,516.7014613778706
Lampe LED E27 15W 6500K MEDHUB,22.0,5500.0,10,ELECTRICITE,0.022964509394572025,2.066805845511482,516.7014613778705
Fourniture de Bouton cabine.,6.0,5400.0,4,ELECTRICITE,0.006263048016701462,0.5636743215031316,507.3068893528184
Câble cuivre U1000 R2V Ø3*4 MM2,206.0,5356.0,4,ELECTRICITE,0.2150313152400835,19.352818371607516,503.1732776617954
Boitier de commande,1.0,5300.0,1,ELECTRICITE,0.0010438413361169101,0.0939457202505219,497.9123173277661
Robinet équerre MEDHUB,33.0,5280.0,15,PLOMBERIE,0.03444676409185804,3.1002087682672235,496.0334029227557
Borne sur rails 70mm,79.0,5135.0,13,ELECTRICITE,0.0824634655532359,7.421711899791231,482.41127348643
POIGNÉE PORTE BOIS (PAIR) MEDHUB,11.0,5115.0,3,MENUISERIE,0.011482254697286013,1.033402922755741,480.5323590814196
Câble U1000 R2V 3G4mm²,204.0,5100.0,15,ELECTRICITE,0.21294363256784968,19.16492693110647,479.1231732776618
Disjoncteur différentiel 4P 20A 300mA,4.0,5080.0,2,ELECTRICITE,0.0041753653444676405,0.3757828810020876,477.2442588726513
Coiffe d'acrotère lot 110 (similaire à l'existant),12.0,5040.0,1,DIVERS,0.012526096033402923,1.1273486430062631,473.4864300626305
Coiffe d'acrotère lot 71 (similaire à l'existant),12.0,5040.0,1,DIVERS,0.012526096033402923,1.1273486430062631,473.4864300626305
Coiffe d'acrotère lot 60-70 (similaire à l'existant),12.0,5040.0,1,DIVERS,0.012526096033402923,1.1273486430062631,473.4864300626305
Teinte de peinture laque noir,419.0,5028.0,97,PEINTURE,0.4373695198329854,39.363256784968684,472.3590814196242
"Câble CR1 de classe CR1/C1 2x1,5mm²- Résistant au feu""",200.0,5000.0,1,INCENDIE,0.20876826722338204,18.789144050104383,469.72860125260956
Fourniture de Miroir cabine OTIS.,1.0,5000.0,1,DIVERS,0.0010438413361169101,0.0939457202505219,469.7286012526095
Panneaux sandwich pour porte sectionnelle  dimensions 3500X600X80,2.0,5000.0,1,MECANIQUE,0.0020876826722338203,0.1878914405010438,469.7286012526095
Mécanisme  chasse d'eau pour WC standard. w,66.0,4950.0,55,PLOMBERIE,0.06889352818371608,6.200417536534447,465.03131524008353
Sèche main automatique Inox	,48.0,4800.0,10,PLOMBERIE,0.05010438413361169,4.509394572025053,450.93945720250525
Déclencheur manuel adressable (Marque Techno Fire),8.0,4800.0,2,INCENDIE,0.008350730688935281,0.7515657620041752,450.93945720250514
Robinet douche mitigeur avec accessoires MEDHUB,7.0,4760.0,6,PLOMBERIE,0.007306889352818371,0.6576200417536534,447.1816283924843
Câble U1000R2V 5G4,235.0,4700.0,6,ELECTRICITE,0.2453027139874739,22.077244258872653,441.54488517745307
Batterie M15 180Ah ,2.0,4700.0,1,ELECTRICITE,0.0020876826722338203,0.1878914405010438,441.54488517745295
Câble de détection d'incendie (044030) 2xAWG20,505.0,4545.0,9,INCENDIE,0.5271398747390397,47.44258872651357,426.98329853862214
Sélecteur à clé,10.0,4500.0,2,ELECTRICITE,0.010438413361169102,0.9394572025052192,422.75574112734864
Câble U1000R2V 5G25,300.0,4500.0,1,ELECTRICITE,0.31315240083507306,28.183716075156575,422.75574112734864
Roulements de guidage pour passerelle piétonne ZRS 00363,1.0,4500.0,1,MECANIQUE,0.0010438413361169101,0.0939457202505219,422.7557411273486
Lampe LED E27 15W  6500K	,18.0,4500.0,2,ELECTRICITE,0.018789144050104383,1.6910229645093944,422.7557411273486
Indicateur de Passage GIropes GI400i,1.0,4500.0,1,ELECTRONIQUE,0.0010438413361169101,0.0939457202505219,422.7557411273486
AEROSOL DEGRIPANT GT,32.0,4480.0,12,DIVERS,0.033402922755741124,3.006263048016701,420.87682672233814
Panel LED Rond encastré 18W 6500°K,85.0,4420.0,22,ELECTRICITE,0.08872651356993737,7.985386221294363,415.2400835073069
Sonde d'eau,4.0,4400.0,2,CLIMATISATION,0.0041753653444676405,0.3757828810020876,413.3611691022964
Thermomètre,6.0,4200.0,5,CLIMATISATION,0.006263048016701462,0.5636743215031316,394.5720250521921
"Fléxible 1/2 ""simple-simple"" 2M Ø275 BAR",7.0,4200.0,4,ELECTROMECANIQUE,0.007306889352818371,0.6576200417536534,394.57202505219203
Lampes LED B22 15W 6500K,419.0,4190.0,190,ELECTRICITE,0.4373695198329854,39.363256784968684,393.63256784968684
Câble U1000R2V 5G6,220.0,4180.0,7,ELECTRICITE,0.22964509394572025,20.66805845511482,392.6931106471816
Vase d'expansion de Circuite hydraulique de PAC,2.0,4176.0,2,CLIMATISATION,0.0020876826722338203,0.1878914405010438,392.31732776617946
Diluant 5L,294.0,4116.0,115,PEINTURE,0.3068893528183716,27.620041753653442,386.6805845511482
Contre bardage lot 110 (similaire à l'existant),12.0,4032.0,1,DIVERS,0.012526096033402923,1.1273486430062631,378.7891440501044
Contre bardage lot 71 (similaire à l'existant),12.0,4032.0,1,DIVERS,0.012526096033402923,1.1273486430062631,378.7891440501044
spot LED GU10,125.0,4000.0,44,ELECTRICITE,0.1304801670146138,11.743215031315241,375.7828810020877
Serrure CF réversible,10.0,4000.0,7,MECANIQUE,0.010438413361169102,0.9394572025052192,375.7828810020877
Diluant D44 toluene,200.0,4000.0,39,PEINTURE,0.20876826722338204,18.789144050104383,375.78288100208766
Barre anti panique,200.0,4000.0,4,MENUISERIE,0.20876826722338204,18.789144050104383,375.78288100208766
Moteur de quai niveleur,2.0,4000.0,2,ELECTROMECANIQUE,0.0020876826722338203,0.1878914405010438,375.7828810020876
Batterie plomb-étanche (sans entretien) 12V-12Ah/C20 avec leurs connectiques,19.0,3971.0,1,ELECTRICITE,0.019832985386221295,1.7849686847599167,373.0584551148226
huile 80W-90,80.0,3960.0,4,HYDRAULIQUE,0.08350730688935282,7.515657620041754,372.0250521920668
Siphon de sol  inox 15*15,33.0,3960.0,16,PLOMBERIE,0.03444676409185804,3.1002087682672235,372.0250521920668
Tige fileté Ø20mm,120.0,3960.0,3,DIVERS,0.12526096033402923,11.273486430062631,372.0250521920668
Réglette LED 2x18W Etanche,157.0,3925.0,12,ELECTRICITE,0.1638830897703549,14.749478079331942,368.7369519832985
Bobine d'électrovanne 230V électrique d'électrovanne,8.0,3920.0,4,ELECTROMECANIQUE,0.008350730688935281,0.7515657620041752,368.26722338204587
Culotte 110 CPVC HP,45.0,3915.0,3,PLOMBERIE,0.04697286012526096,4.227557411273486,367.79749478079333
Poignée Modèle CF anti-accrochage,13.0,3900.0,8,MECANIQUE,0.013569937369519834,1.221294363256785,366.3883089770355
Armature LED 240W MEDHUB,193.0,3860.0,8,ELECTRICITE,0.20146137787056367,18.13152400835073,362.63048016701464
Flow switch de circuit hydraulique de PAC,2.0,3828.0,1,CLIMATISATION,0.0020876826722338203,0.1878914405010438,359.6242171189979
Cable armé cuivre 4*10,80.0,3760.0,1,ELECTRICITE,0.08350730688935282,7.515657620041754,353.23590814196245
Siphon de sol  inox 20*20,25.0,3750.0,15,PLOMBERIE,0.026096033402922755,2.348643006263048,352.2964509394572
COND DE PORTAIL,25.0,3750.0,4,DIVERS,0.026096033402922755,2.348643006263048,352.2964509394572
Siphon de sol anti-odeur inoxydable,62.0,3720.0,6,PLOMBERIE,0.06471816283924843,5.824634655532359,349.4780793319415
Huile moteur réf : (15W40 TOTAL),35.0,3675.0,1,HYDRAULIQUE,0.03653444676409186,3.288100208768267,345.25052192066806
Douille GU10 MEDHUB,43.0,3655.0,14,ELECTRICITE,0.04488517745302714,4.039665970772443,343.3716075156577
Poignée porte aluminium blanc en pair. w,104.0,3640.0,94,MENUISERIE,0.10855949895615867,9.77035490605428,341.96242171189976
Cadenas pour vanne poste de contrôle (similaire à l'existant),6.0,3612.0,1,INCENDIE,0.006263048016701462,0.5636743215031316,339.3319415448852
Roue de portail - Forte charge 400KG,6.0,3600.0,3,DIVERS,0.006263048016701462,0.5636743215031316,338.2045929018789
T 110 PVC HP,45.0,3600.0,4,PLOMBERIE,0.04697286012526096,4.227557411273486,338.2045929018789
Boite de jonction pour capteur numérique de 60T,2.0,3600.0,1,ELECTRICITE,0.0020876826722338203,0.1878914405010438,338.20459290187887
Serrure CLIDOR,22.0,3564.0,22,MENUISERIE,0.022964509394572025,2.066805845511482,334.8225469728601
Filtre à huile réf : FPT 500086363,4.0,3560.0,2,HYDRAULIQUE,0.0041753653444676405,0.3757828810020876,334.446764091858
Tube 110 PVC HP,101.5,3552.5,21,PLOMBERIE,0.10594989561586639,9.535490605427976,333.74217118997916
Cable rigide R2V 5G4mm²,60.0,3540.0,1,ELECTRICITE,0.06263048016701461,5.6367432150313155,332.56784968684764
Fourniture de Switch fin de course à galet,10.0,3500.0,5,MECANIQUE,0.010438413361169102,0.9394572025052192,328.81002087682674
Split 12000 complet,7.0,3500.0,7,CLIMATISATION,0.007306889352818371,0.6576200417536534,328.8100208768267
Split 18000 complet,7.0,3500.0,2,CLIMATISATION,0.007306889352818371,0.6576200417536534,328.8100208768267
Robinet de service,59.0,3481.0,41,PLOMBERIE,0.061586638830897704,5.542797494780793,327.0250521920668
Disjoncteur 2P 16A,55.0,3410.0,55,ELECTRICITE,0.05741127348643006,5.167014613778705,320.3549060542797
Tube gorgé double paroi de diamètre 110mm,200.0,3400.0,1,ELECTRICITE,0.20876826722338204,18.789144050104383,319.4154488517745
Boite a boutons poussoire (3 bouton)  de commande de porte sectionnelle,5.0,3385.0,5,ELECTRICITE,0.005219206680584551,0.4697286012526096,318.0062630480167
Tube LED (T8) 9W 6500K	,28.0,3360.0,2,ELECTRICITE,0.029227557411273485,2.6304801670146136,315.65762004175366
Connecteur de raccordement électrique d'électrovanne ,12.0,3360.0,4,ELECTROMECANIQUE,0.012526096033402923,1.1273486430062631,315.65762004175366
"Cylindre de serrure TC6 (7,5CM)",14.0,3360.0,6,DIVERS,0.014613778705636743,1.3152400835073068,315.65762004175366
Coiffe d'acrotère lot 120 (similaire à l'existant),8.0,3360.0,1,DIVERS,0.008350730688935281,0.7515657620041752,315.6576200417536
Colle PVC. w,32.0,3360.0,17,PLOMBERIE,0.033402922755741124,3.006263048016701,315.6576200417536
Siphon de sol  inox 10*10,35.0,3325.0,19,PLOMBERIE,0.03653444676409186,3.288100208768267,312.36951983298536
"Colliers de serrage 7,6X340mm 100PCS",83.0,3320.0,34,ELECTRICITE,0.08663883089770355,7.797494780793319,311.89979123173276
Starters S2 / 22w,414.0,3312.0,92,ELECTRICITE,0.4321503131524008,38.89352818371607,311.1482254697286
Tube 40 PEHD HP,330.0,3300.0,6,PLOMBERIE,0.3444676409185804,31.002087682672236,310.0208768267224
Poignée aluminium (Pair)	,5.0,3250.0,3,MENUISERIE,0.005219206680584551,0.4697286012526096,305.3235908141963
"Colliers de serrage 3,6X300mm 100PCS",81.0,3240.0,17,DIVERS,0.08455114822546973,7.609603340292276,304.384133611691
Pressostat mécanique de 16 BAR de marque DANFOSS.,2.0,3240.0,1,HYDRAULIQUE,0.0020876826722338203,0.1878914405010438,304.38413361169097
Graisse à base de lithium EP CL 2,34.0,3230.0,7,ELECTROMECANIQUE,0.03549060542797495,3.1941544885177455,303.44467640918583
Robinet de service de 1/2 pouce en laiton. w,99.0,3217.5,63,PLOMBERIE,0.10334029227557412,9.300626304801671,302.2703549060543
Tube gorgé double paroi de diamétre 70mm,400.0,3200.0,2,ELECTRICITE,0.4175365344467641,37.578288100208766,300.62630480167013
"Lampe LED PLC 8,5W 6500K",351.0,3159.0,14,ELECTRICITE,0.3663883089770355,32.9749478079332,296.77453027139876
Flexible gasoil 3/8 F/F simple coude 90° (7m),5.0,3150.0,3,HYDRAULIQUE,0.005219206680584551,0.4697286012526096,295.92901878914404
Bouteille de fluide frigorigène R 410 A,2.0,3132.0,2,CLIMATISATION,0.0020876826722338203,0.1878914405010438,294.2379958246346
Revêtement PVC,313.0,3130.0,9,MENUISERIE,0.3267223382045929,29.40501043841336,294.0501043841336
Batterie de démarrage 12v-75Ah-720A avec leur connectiques (sans entretien),4.0,3096.0,2,ELECTRICITE,0.0041753653444676405,0.3757828810020876,290.8559498956158
Mastic acrylique transparent  élastique,22.0,3080.0,8,DIVERS,0.022964509394572025,2.066805845511482,289.3528183716075
Panel LED 60X60 40W 6000K MEDHUB,122.0,3050.0,20,ELECTRICITE,0.12734864300626306,11.461377870563675,286.53444676409185
Câble U1000R2V 5G4 MEDHUB,150.0,3000.0,4,ELECTRICITE,0.15657620041753653,14.091858037578287,281.83716075156576
"Câble U1000R2V 5G2,5  MEDHUB",150.0,3000.0,4,ELECTRICITE,0.15657620041753653,14.091858037578287,281.83716075156576
"Bras de Barriére rond 3,25m",1.0,3000.0,1,DIVERS,0.0010438413361169101,0.0939457202505219,281.8371607515657
Fourniture de main-courant courante cabine OTIS,1.0,3000.0,1,DIVERS,0.0010438413361169101,0.0939457202505219,281.8371607515657
roulement GE 110 XT 2RS/X-LS pour vérin rampe mobile,2.0,3000.0,1,MECANIQUE,0.0020876826722338203,0.1878914405010438,281.8371607515657
Tube 75 PVC HP,58.0,2900.0,9,PLOMBERIE,0.060542797494780795,5.448851774530271,272.4425887265136
Anodes sacrificielles boulonnées en Zinc type NZ3,2.0,2900.0,1,ELECTRONIQUE,0.0020876826722338203,0.1878914405010438,272.4425887265135
Douchette,33.0,2838.0,30,PLOMBERIE,0.03444676409185804,3.1002087682672235,266.6179540709812
Coude 75 45 PVC HP,83.0,2822.0,9,PLOMBERIE,0.08663883089770355,7.797494780793319,265.11482254697285
Panel LED carré encastré 18W,54.0,2808.0,10,ELECTRICITE,0.05636743215031315,5.073068893528184,263.7995824634656
"câble électrique U1000 R2V 5G2,5mm",100.0,2800.0,1,ELECTRICITE,0.10438413361169102,9.394572025052192,263.0480167014614
Panneau inférieur avec profilé et joint bas 3500/600 mm,1.0,2800.0,1,MECANIQUE,0.0010438413361169101,0.0939457202505219,263.04801670146134
Distributeur savon liquide INOX TMSA,4.0,2800.0,3,PLOMBERIE,0.0041753653444676405,0.3757828810020876,263.04801670146134
Disjoncteur différentiel 4P 25A 300mA,2.0,2800.0,1,ELECTRICITE,0.0020876826722338203,0.1878914405010438,263.04801670146134
Poignée porte bois (Pair),6.0,2790.0,2,MENUISERIE,0.006263048016701462,0.5636743215031316,262.1085594989562
Huile Hydraulique pour rampe mobile,35.0,2730.0,7,HYDRAULIQUE,0.03653444676409186,3.288100208768267,256.47181628392485
"Faux plafond suspandu 1,350*300MM*19MM",34.0,2720.0,4,DIVERS,0.03549060542797495,3.1941544885177455,255.53235908141966
Lampe LED PLL 25W,300.0,2700.0,1,ELECTRICITE,0.31315240083507306,28.183716075156575,253.65344467640918
Panneau de porte sectionelle,1.0,2660.0,1,MECANIQUE,0.0010438413361169101,0.0939457202505219,249.89561586638825
Câble galvanisé,220.0,2640.0,1,MECANIQUE,0.22964509394572025,20.66805845511482,248.01670146137786
Sable de mer 50 KG,88.0,2640.0,25,CONSTRUCTION,0.0918580375782881,8.267223382045929,248.01670146137786
Ferme porte avec bras,129.0,2580.0,6,MENUISERIE,0.13465553235908143,12.118997912317328,242.37995824634655
"Cuivre avec arma Flex 1/2, 1/4 rouleau 20m",51.0,2550.0,9,CLIMATISATION,0.05323590814196242,4.791231732776618,239.5615866388309
Scotch de marquage au sol,362.0,2534.0,22,DIVERS,0.3778705636743215,34.00835073068893,238.05845511482252
Poignée fenêtre  aluminium blanc. w,112.0,2520.0,8,MENUISERIE,0.11691022964509394,10.521920668058454,236.74321503131523
Kit douchette WC avec accessoires MEDHUB,7.0,2520.0,7,PLOMBERIE,0.007306889352818371,0.6576200417536534,236.74321503131523
"Colliers de serrage 4,7X370mm 100PCS",63.0,2520.0,21,DIVERS,0.06576200417536535,5.918580375782881,236.74321503131523
"câble SYT1 2*0,8 rouge pour détection incendie",500.0,2500.0,3,INCENDIE,0.5219206680584552,46.972860125260965,234.86430062630484
Manomètre,5.0,2500.0,4,CLIMATISATION,0.005219206680584551,0.4697286012526096,234.8643006263048
Plaque alvéolaires en polycarbonate ep 10mm,1.0,2500.0,1,DIVERS,0.0010438413361169101,0.0939457202505219,234.86430062630475
Fourniture de doigt magnétique KONE.,1.0,2500.0,1,DIVERS,0.0010438413361169101,0.0939457202505219,234.86430062630475
Filtre hydraulique de retour HF 7906,3.0,2490.0,3,HYDRAULIQUE,0.003131524008350731,0.2818371607515658,233.92484342379962
"câble électrique U1000 RO2V 3 x2,5mm",150.0,2475.0,1,ELECTRICITE,0.15657620041753653,14.091858037578287,232.51565762004174
Boite de mousse de polyuréthanne,14.0,2440.0,5,DIVERS,0.014613778705636743,1.3152400835073068,229.22755741127347
Scotch aluminium,35.0,2415.0,12,CLIMATISATION,0.03653444676409186,3.288100208768267,226.87891440501042
Joint d'étanchité bas pour portes sectionnelle épaisseur : 70 mm,2.0,2404.0,1,MECANIQUE,0.0020876826722338203,0.1878914405010438,225.84551148225466
Cheville méttalique Ø20*80,200.0,2400.0,2,DIVERS,0.20876826722338204,18.789144050104383,225.4697286012526
Filtre déshydrateur PARKER PR 305S,2.0,2400.0,2,CLIMATISATION,0.0020876826722338203,0.1878914405010438,225.46972860125257
Détecteurs optique adressable CAP112A (avec socle),5.0,2395.0,2,INCENDIE,0.005219206680584551,0.4697286012526096,225.0
"câble électrique 3*2,5mm",200.0,2380.0,8,ELECTRICITE,0.20876826722338204,18.789144050104383,223.59081419624218
Barrette 100PCS 4mm²   ,34.0,2380.0,21,ELECTRICITE,0.03549060542797495,3.1941544885177455,223.59081419624218
"Robinet poussoir lavabo ""VASQUE""",26.0,2350.0,26,PLOMBERIE,0.027139874739039668,2.44258872651357,220.77244258872653
Coude 45 110 PVC HP,69.0,2346.0,16,PLOMBERIE,0.0720250521920668,6.482254697286012,220.3966597077244
Vachette de bois,32.0,2304.0,24,MENUISERIE,0.033402922755741124,3.006263048016701,216.45093945720248
Réglette étanch 1Xtube LED 127 Cm 1x25W classe M0,10.0,2300.0,8,ELECTRICITE,0.010438413361169102,0.9394572025052192,216.0751565762004
Flexible gasoil bague 3/8 *3/8 F/F (3m),2.0,2300.0,1,HYDRAULIQUE,0.0020876826722338203,0.1878914405010438,216.07515657620038
Teinte de peinture vinylique noir,191.0,2292.0,15,PEINTURE,0.19937369519832984,17.943632567849686,215.32359081419622
Télécommande universelle,38.0,2280.0,4,CLIMATISATION,0.03966597077244259,3.5699373695198333,214.19624217119
Poignée porte coupe-feu,3.0,2250.0,2,DIVERS,0.003131524008350731,0.2818371607515658,211.37787056367435
Porte papier rouleau INOX,7.0,2240.0,7,PLOMBERIE,0.007306889352818371,0.6576200417536534,210.4384133611691
Fourniture disjoncteur magnétothermique 32A,4.0,2240.0,1,ELECTRICITE,0.0041753653444676405,0.3757828810020876,210.43841336116907
Poignée de porte en bois,45.0,2205.0,31,MENUISERIE,0.04697286012526096,4.227557411273486,207.15031315240083
Ruban de masquage de PEINTURE,245.0,2205.0,58,DIVERS,0.255741127348643,23.01670146137787,207.15031315240083
Cadenas,220.0,2200.0,21,MENUISERIE,0.22964509394572025,20.66805845511482,206.6805845511482
Chemin de Cable perforé 3m,24.0,2160.0,2,ELECTRICITE,0.025052192066805846,2.2546972860125263,202.92275574112736
Panel LED 30X120 40W 6000K,85.0,2125.0,3,ELECTRICITE,0.08872651356993737,7.985386221294363,199.6346555323591
Bande Led,34.0,2108.0,2,ELECTRICITE,0.03549060542797495,3.1941544885177455,198.03757828810024
Carburant de machine de TRACAGE AU SOL,210.0,2100.0,4,DIVERS,0.21920668058455114,19.728601252609604,197.28601252609604
PARAF.24KV NORMAL 610MM YH10W-24KVE2,1.0,2100.0,1,ELECTRICITE,0.0010438413361169101,0.0939457202505219,197.286012526096
Siphon de lavabo MEDHUB,13.0,2080.0,9,PLOMBERIE,0.013569937369519834,1.221294363256785,195.4070981210856
Projecteur LED 240W MEDHUB,103.0,2060.0,5,ELECTRICITE,0.10751565762004175,9.676409185803758,193.52818371607515
Extracteur d'air sanitaire silencieux,103.0,2060.0,3,PLOMBERIE,0.10751565762004175,9.676409185803758,193.52818371607515
Douille GU10	,24.0,2040.0,4,ELECTRICITE,0.025052192066805846,2.2546972860125263,191.64926931106473
Cheville metallique Ø 10,1019.0,2038.0,17,DIVERS,1.0636743215031315,95.73068893528183,191.46137787056367
Contre bardage lot 120 (similaire à l'existant),6.0,2016.0,1,DIVERS,0.006263048016701462,0.5636743215031316,189.3945720250522
Ballaste électronique 40W,100.0,2000.0,1,ELECTRICITE,0.10438413361169102,9.394572025052192,187.89144050104383
Gaz R22 13 KG,2.0,2000.0,2,CLIMATISATION,0.0020876826722338203,0.1878914405010438,187.8914405010438
Fourniture de déflecteurs a brosses escalator Schindler.,1.0,2000.0,1,ELECTRICITE,0.0010438413361169101,0.0939457202505219,187.8914405010438
Fourniture de Plaque désignation cabine.,1.0,2000.0,1,DIVERS,0.0010438413361169101,0.0939457202505219,187.8914405010438
Multiprises rackable,8.0,1994.0,4,ELECTRICITE,0.008350730688935281,0.7515657620041752,187.32776617954067
Ressort gauche standard de porte sectionnelle,1.0,1993.0,1,MECANIQUE,0.0010438413361169101,0.0939457202505219,187.23382045929014
Détecteurs optique de fumée FDO500 (avec socle),6.0,1980.0,2,INCENDIE,0.006263048016701462,0.5636743215031316,186.0125260960334
Poignée porte coupe feu,195.0,1950.0,30,MENUISERIE,0.2035490605427975,18.319415448851775,183.19415448851774
lampe T8 60 cm LED,108.0,1944.0,22,ELECTRICITE,0.1127348643006263,10.146137787056368,182.63048016701464
"Lampe led stick E27  ""NICHES""",26.0,1924.0,2,ELECTRICITE,0.027139874739039668,2.44258872651357,180.7515657620042
Fourniture de tuyau PEHD Ø32MM,96.0,1920.0,1,PLOMBERIE,0.10020876826722339,9.018789144050105,180.3757828810021
Câble cuivre souple U1000  1G25mm2,40.0,1920.0,1,ELECTRICITE,0.04175365344467641,3.757828810020877,180.3757828810021
Barre antipanique Bricard,1.0,1900.0,1,MENUISERIE,0.0010438413361169101,0.0939457202505219,178.49686847599162
Vachette CLEDOR de porte rosace INOX CND,14.0,1890.0,12,MENUISERIE,0.014613778705636743,1.3152400835073068,177.55741127348642
Cadenas MEDHUB,185.0,1850.0,13,DIVERS,0.1931106471816284,17.379958246346558,173.79958246346558
Ruban LED 10W 6500K,150.0,1800.0,3,ELECTRICITE,0.15657620041753653,14.091858037578287,169.10229645093943
Verrou porte manuel MEDHUB,4.0,1800.0,3,MENUISERIE,0.0041753653444676405,0.3757828810020876,169.10229645093943
Huile moteur 15w40,46.0,1794.0,2,MECANIQUE,0.04801670146137787,4.3215031315240084,168.53862212943633
Prise de courant 2P+T blanc,179.0,1790.0,21,ELECTRICITE,0.18684759916492694,16.816283924843425,168.16283924843424
Detecteur chaleur thermovelocimetrique IQ8QUADTD interactif ESSER NF,4.0,1790.0,4,INCENDIE,0.0041753653444676405,0.3757828810020876,168.1628392484342
Kit de fixation réglable pour lavabo,119.0,1785.0,17,PLOMBERIE,0.12421711899791232,11.179540709812109,167.69311064718164
Thermistance de gaz,1.0,1776.0,1,CLIMATISATION,0.0010438413361169101,0.0939457202505219,166.8475991649269
Teinte de peinture laque bleu,146.0,1752.0,17,PEINTURE,0.1524008350730689,13.716075156576201,164.5929018789144
Armaflex ACE Tapis d'isolation autoadhésif,4.0,1740.0,2,CLIMATISATION,0.0041753653444676405,0.3757828810020876,163.46555323590812
Robinet équerre chromé 1/2,39.0,1716.0,25,PLOMBERIE,0.0407098121085595,3.663883089770355,161.21085594989563
"Cuivre avec arma Flex 3/4, 3/8  rouleau 20m",34.0,1700.0,2,CLIMATISATION,0.03549060542797495,3.1941544885177455,159.70772442588728
Driver LED 18W,141.0,1692.0,3,ELECTRICITE,0.14718162839248433,13.24634655532359,158.9561586638831
Culotte  75 PVC HP,30.0,1680.0,6,PLOMBERIE,0.031315240083507306,2.8183716075156577,157.82881002087683
Panel led 24 W carrée,15.0,1680.0,6,ELECTRICITE,0.015657620041753653,1.4091858037578289,157.82881002087683
Joint d'étanchité bas pour portes sectionnelle épaisseur : 40 mm,2.0,1676.0,1,MECANIQUE,0.0020876826722338203,0.1878914405010438,157.4530271398747
hublot ronde étanche,57.0,1653.0,33,ELECTRICITE,0.059498956158663886,5.35490605427975,155.29227557411275
Ciment blanc,28.0,1624.0,7,CONSTRUCTION,0.029227557411273485,2.6304801670146136,152.56784968684758
Robinet équerre chromé  3/8,36.0,1584.0,16,PLOMBERIE,0.037578288100208766,3.3820459290187888,148.8100208768267
Culotte 110 PVC HP,18.0,1566.0,5,PLOMBERIE,0.018789144050104383,1.6910229645093944,147.1189979123173
T  75 PVC HP,24.0,1560.0,3,PLOMBERIE,0.025052192066805846,2.2546972860125263,146.5553235908142
Robinet équaire 1/2*3/4,22.0,1540.0,10,PLOMBERIE,0.022964509394572025,2.066805845511482,144.67640918580375
Paumelle vitre INOX,77.0,1540.0,6,MENUISERIE,0.08037578288100208,7.233820459290188,144.67640918580375
"Boite jonction à résine 16,25,35 mm2",9.0,1530.0,7,ELECTRICITE,0.009394572025052192,0.8455114822546972,143.73695198329852
Lampe projecteur 70W,19.0,1520.0,1,ELECTRICITE,0.019832985386221295,1.7849686847599167,142.79749478079333
Coude 90 40 PEHD HP,152.0,1520.0,5,PLOMBERIE,0.15866388308977036,14.279749478079333,142.79749478079333
Silicone blanc. w,67.0,1507.5,40,DIVERS,0.06993736951983298,6.294363256784968,141.62317327766178
Split 24000 complet,3.0,1500.0,2,CLIMATISATION,0.003131524008350731,0.2818371607515658,140.91858037578288
Connecteur,6.0,1500.0,1,ELECTRICITE,0.006263048016701462,0.5636743215031316,140.91858037578288
Roulette petite axe de porte sectionnelle ,23.0,1495.0,7,ELECTROMECANIQUE,0.024008350730688934,2.1607515657620042,140.44885177453028
Module BR100 « AVS électronic »,1.0,1482.0,1,INCENDIE,0.0010438413361169101,0.0939457202505219,139.22755741127347
Manomètre à glycérine 0 - 16 bar Boîtier en acier 1/4,12.0,1476.0,8,HYDRAULIQUE,0.012526096033402923,1.1273486430062631,138.66388308977037
prise de courant électrique encastré,41.0,1476.0,21,ELECTRICITE,0.04279749478079332,3.8517745302713986,138.66388308977034
Filtre à gasoil réf FF5485 (Cummins 110KVA).,1.0,1450.0,1,HYDRAULIQUE,0.0010438413361169101,0.0939457202505219,136.22129436325676
Détecteur optiques CAP112,3.0,1440.0,1,INCENDIE,0.003131524008350731,0.2818371607515658,135.28183716075156
Capteur de pression de circuit hydraulique de PAC,1.0,1427.0,1,CLIMATISATION,0.0010438413361169101,0.0939457202505219,134.06054279749475
disjoncteur magnétothermique 4P+N 16A,5.0,1415.0,2,ELECTRICITE,0.005219206680584551,0.4697286012526096,132.93319415448852
Huile 5W40,200.0,1400.0,1,HYDRAULIQUE,0.20876826722338204,18.789144050104383,131.5240083507307
Spot &tanche ronde 10W LED IP54,28.0,1400.0,9,ELECTRICITE,0.029227557411273485,2.6304801670146136,131.52400835073067
"Fléxible 3/4 ""simple-simple"" 1,5M Ø215 BAR",2.0,1400.0,2,ELECTROMECANIQUE,0.0020876826722338203,0.1878914405010438,131.52400835073067
"Panneau ""Rond point""",2.0,1400.0,2,PANNEAUX DE SIGNALISATION,0.0020876826722338203,0.1878914405010438,131.52400835073067
Mécanisme chasse d'eau pour WC standard et suspendu	,2.0,1400.0,2,PLOMBERIE,0.0020876826722338203,0.1878914405010438,131.52400835073067
"Robinet équerre ,diamètre de  1/2   pouce en laiton. w",48.0,1380.0,36,PLOMBERIE,0.05010438413361169,4.509394572025053,129.64509394572025
Mécanisme de fermeture SEVAX MINOS +,69.0,1380.0,3,MENUISERIE,0.0720250521920668,6.482254697286012,129.64509394572025
Coude 90 125 PVC HP,40.0,1360.0,3,PLOMBERIE,0.04175365344467641,3.757828810020877,127.76617954070981
Filtre déshydrateur CASTEL DF 308/4,1.0,1350.0,1,CLIMATISATION,0.0010438413361169101,0.0939457202505219,126.82672233820458
Détecteurs optiques CAP320,4.0,1344.0,1,INCENDIE,0.0041753653444676405,0.3757828810020876,126.26304801670145
Tube 75 PEHDHP,131.0,1310.0,5,PLOMBERIE,0.13674321503131523,12.30688935281837,123.06889352818371
Soupape de sécurité de Circuite hydraulique de PAC,5.0,1305.0,4,CLIMATISATION,0.005219206680584551,0.4697286012526096,122.59916492693111
Carte électronique universel,26.0,1300.0,2,CLIMATISATION,0.027139874739039668,2.44258872651357,122.1294363256785
Carte électronique universel split system,1.0,1300.0,1,CLIMATISATION,0.0010438413361169101,0.0939457202505219,122.12943632567848
Détecteur de chaleur thermostatique interactif IQ8Quad TM (Marque Esser),2.0,1300.0,2,INCENDIE,0.0020876826722338203,0.1878914405010438,122.12943632567848
Prise de courant électrique étanche apparent,40.0,1280.0,30,ELECTRICITE,0.04175365344467641,3.757828810020877,120.25052192066806
Robinet OM,15.0,1275.0,13,PLOMBERIE,0.015657620041753653,1.4091858037578289,119.78079331941545
Boite étanche 240*180,255.0,1275.0,16,ELECTRICITE,0.2661795407098121,23.956158663883087,119.78079331941544
Pistolet de lavage a haute pression KPS 65,1.0,1250.0,1,PLOMBERIE,0.0010438413361169101,0.0939457202505219,117.43215031315238
Disjoncteur magnetothermique 50A,2.0,1240.0,1,ELECTRICITE,0.0020876826722338203,0.1878914405010438,116.49269311064717
lampe LED E27,123.0,1230.0,37,ELECTRICITE,0.12839248434237996,11.555323590814197,115.55323590814197
Serrure porte coupe feu,61.0,1220.0,4,MENUISERIE,0.06367432150313153,5.7306889352818375,114.61377870563675
Baguette d'argent pure,15.0,1215.0,3,MECANIQUE,0.015657620041753653,1.4091858037578289,114.14405010438414
"Cuivre avec arma Flex 3/8, 1/4  rouleau 20m",24.0,1200.0,4,CLIMATISATION,0.025052192066805846,2.2546972860125263,112.73486430062631
Armature LED 100W MEDHUB,60.0,1200.0,4,ELECTRICITE,0.06263048016701461,5.6367432150313155,112.73486430062631
T 40 PVC HP,25.0,1200.0,4,PLOMBERIE,0.026096033402922755,2.348643006263048,112.7348643006263
Hublot extérieur ovale - Verre - E27 -60W - IP44,8.0,1200.0,4,ELECTROMECANIQUE,0.008350730688935281,0.7515657620041752,112.73486430062628
Drapeau Maroc	,1.0,1200.0,1,DIVERS,0.0010438413361169101,0.0939457202505219,112.73486430062628
Contacteur 24 V,1.0,1200.0,1,ELECTRICITE,0.0010438413361169101,0.0939457202505219,112.73486430062628
Humidificateur BLCT2C00W0,1.0,1200.0,1,ELECTRICITE,0.0010438413361169101,0.0939457202505219,112.73486430062628
Ecrou Ø20,396.0,1188.0,3,DIVERS,0.4133611691022965,37.202505219206685,111.60751565762006
Câble en acier galvanisé de porte sectionnelle Ø4mm/ML ,165.0,1155.0,12,ELECTROMECANIQUE,0.1722338204592902,15.501043841336118,108.50730688935283
Prise de sol 220V,3.0,1140.0,1,ELECTRICITE,0.003131524008350731,0.2818371607515658,107.098121085595
Culotte 45 125 PVC HP,19.0,1140.0,5,PLOMBERIE,0.019832985386221295,1.7849686847599167,107.098121085595
Télécommande universelle MEDHUB,19.0,1140.0,9,CLIMATISATION,0.019832985386221295,1.7849686847599167,107.098121085595
Coude 90 110 PVC HP,33.0,1122.0,8,PLOMBERIE,0.03444676409185804,3.1002087682672235,105.4070981210856
Filtre d'air HF6710,3.0,1110.0,3,HYDRAULIQUE,0.003131524008350731,0.2818371607515658,104.27974947807934
Panel led carré 3 w,37.0,1110.0,18,ELECTRICITE,0.038622129436325675,3.475991649269311,104.27974947807932
Led panel 6 w carrée,29.0,1102.0,14,ELECTRICITE,0.030271398747390398,2.7244258872651357,103.52818371607516
Spot encastré carre au plafond 100X100 10W LED IP44,11.0,1100.0,5,ELECTRICITE,0.011482254697286013,1.033402922755741,103.34029227557411
Peinture de traçage vert 25KG,1.0,1100.0,1,PEINTURE,0.0010438413361169101,0.0939457202505219,103.3402922755741
Plâtre en poudre,1096.0,1096.0,58,CONSTRUCTION,1.1440501043841336,102.96450939457202,102.96450939457202
Coude 90 75 PVC HP,32.0,1088.0,5,PLOMBERIE,0.033402922755741124,3.006263048016701,102.21294363256783
Panel LED 120 CM 48W,3.0,1080.0,2,ELECTRICITE,0.003131524008350731,0.2818371607515658,101.46137787056368
Spot encastré circulaire au plafond 260 10W LED IP44,9.0,1080.0,3,ELECTRICITE,0.009394572025052192,0.8455114822546972,101.46137787056367
Vis auto Perceuse,180.0,1080.0,3,DIVERS,0.18789144050104384,16.910229645093946,101.46137787056367
Huile 15W40,200.0,1070.0,1,HYDRAULIQUE,0.20876826722338204,18.789144050104383,100.52192066805844
Fixation de lavabo,30.0,1050.0,11,PLOMBERIE,0.031315240083507306,2.8183716075156577,98.64300626304802
Interrupteur sectionneur 63A-4P,1.0,1050.0,1,ELECTRICITE,0.0010438413361169101,0.0939457202505219,98.643006263048
Flexible sanitaire Ø 12mm  Femelle 3/8,47.0,1034.0,26,PLOMBERIE,0.049060542797494784,4.4154488517745305,97.13987473903967
Driver LED 40W,85.0,1020.0,1,ELECTRICITE,0.08872651356993737,7.985386221294363,95.82463465553236
Paumelle INOX,102.0,1020.0,9,MENUISERIE,0.10647181628392484,9.582463465553236,95.82463465553235
Huile hydraulique 68,204.0,1020.0,12,HYDRAULIQUE,0.21294363256784968,19.16492693110647,95.82463465553235
Tube PVC Ø110,35.0,1015.0,2,PLOMBERIE,0.03653444676409186,3.288100208768267,95.35490605427975
Tige fileté Ø16,46.0,1012.0,7,DIVERS,0.04801670146137787,4.3215031315240084,95.07306889352819
Contacteur de démarrage du compresseur de PAC,1.0,1010.0,1,CLIMATISATION,0.0010438413361169101,0.0939457202505219,94.88517745302713
Siphon plastique Ø40,21.0,1008.0,17,PLOMBERIE,0.021920668058455117,1.9728601252609606,94.6972860125261
Scotche noir SPECIAL,21.0,1008.0,3,ELECTRICITE,0.021920668058455117,1.9728601252609606,94.6972860125261
Chlore 13 PH,50.0,1000.0,2,PLOMBERIE,0.05219206680584551,4.697286012526096,93.94572025052192
Huile hydraulique 46 M,200.0,1000.0,1,HYDRAULIQUE,0.20876826722338204,18.789144050104383,93.94572025052192
Coude 90 110 PEHD HP,100.0,1000.0,2,PLOMBERIE,0.10438413361169102,9.394572025052192,93.94572025052192
Huile hydraulique 32 M,200.0,1000.0,1,HYDRAULIQUE,0.20876826722338204,18.789144050104383,93.94572025052192
Prise de courant 2P+T blanc MEDHUB,100.0,1000.0,12,ELECTRICITE,0.10438413361169102,9.394572025052192,93.94572025052192
Split 12000 complet MEDHUB,2.0,1000.0,2,CLIMATISATION,0.0020876826722338203,0.1878914405010438,93.9457202505219
Détecteur thermo vélocimétrique adressable TFDA-TR1 (Marque Techno Fire),2.0,1000.0,1,INCENDIE,0.0020876826722338203,0.1878914405010438,93.9457202505219
Vachette de porte en aluminium 5 cm,11.0,979.0,10,MENUISERIE,0.011482254697286013,1.033402922755741,91.97286012526095
Réglette LED 2x18W Etanche MEDHUB,39.0,975.0,12,ELECTRICITE,0.0407098121085595,3.663883089770355,91.59707724425887
Câble nu 25mm² Cuivre,150.0,967.5,1,ELECTRICITE,0.15657620041753653,14.091858037578287,90.89248434237996
Robinet lavabo - MITIGEUR-,3.0,966.0,3,PLOMBERIE,0.003131524008350731,0.2818371607515658,90.75156576200418
Anti gel 50%,170.0,960.5000000000001,1,MECANIQUE,0.17745302713987474,15.970772442588727,90.23486430062631
Coude 45 125 PVC HP,28.0,952.0,3,PLOMBERIE,0.029227557411273485,2.6304801670146136,89.43632567849686
Film sablé rouleau 30m,95.0,950.0,8,DIVERS,0.09916492693110647,8.924843423799583,89.24843423799584
Serrure double cylindre,94.0,940.0,42,MENUISERIE,0.09812108559498957,8.830897703549061,88.30897703549061
Silicone spécial vitre,47.0,940.0,6,DIVERS,0.049060542797494784,4.4154488517745305,88.30897703549061
Fiche prise 2P+T 16A industrielle souple femelle marque famatel,21.0,924.0,7,ELECTRICITE,0.021920668058455117,1.9728601252609606,86.80584551148226
Compresseur 12000,46.0,920.0,2,CLIMATISATION,0.04801670146137787,4.3215031315240084,86.43006263048017
Collier de serrage 7x300mm,30.0,900.0,1,ELECTRICITE,0.031315240083507306,2.8183716075156577,84.55114822546973
Projecteur LED 240W,45.0,900.0,5,ELECTRICITE,0.04697286012526096,4.227557411273486,84.55114822546973
Serrure porte en aluminium TMSA,2.0,900.0,1,MENUISERIE,0.0020876826722338203,0.1878914405010438,84.55114822546972
Ballast 150W,2.0,900.0,2,ELECTRICITE,0.0020876826722338203,0.1878914405010438,84.55114822546972
Verrou porte manuel	TMSA,2.0,900.0,1,MENUISERIE,0.0020876826722338203,0.1878914405010438,84.55114822546972
Cylindre de serrure spécial 12CM,75.0,900.0,21,MENUISERIE,0.07828810020876827,7.045929018789144,84.55114822546972
"Drapeau MAROC G,T",3.0,891.0,2,SIGNALISATION,0.003131524008350731,0.2818371607515658,83.70563674321504
Raccord union male,87.0,870.0,11,PLOMBERIE,0.09081419624217119,8.173277661795407,81.73277661795407
Flexible  évacuation toilette,36.0,864.0,25,PLOMBERIE,0.037578288100208766,3.3820459290187888,81.16910229645093
Vis de cloture,57.0,855.0,2,DIVERS,0.059498956158663886,5.35490605427975,80.32359081419625
Interrupteur simple allumage encastré,30.0,840.0,22,ELECTRICITE,0.031315240083507306,2.8183716075156577,78.91440501043841
Raccord retube mal 16*1/2,16.0,832.0,6,PLOMBERIE,0.016701461377870562,1.5031315240083505,78.16283924843422
Raccord union femelle,82.0,820.0,12,PLOMBERIE,0.08559498956158663,7.703549060542797,77.03549060542797
Silicone spécial vitre MEDHUB,41.0,820.0,3,PLOMBERIE,0.04279749478079332,3.8517745302713986,77.03549060542797
Serrure manuel,24.0,816.0,15,MENUISERIE,0.025052192066805846,2.2546972860125263,76.6597077244259
Armature LED 100W,40.0,800.0,1,ELECTRICITE,0.04175365344467641,3.757828810020877,75.15657620041753
Projecteur LED 480W MEDHUB,40.0,800.0,3,ELECTRICITE,0.04175365344467641,3.757828810020877,75.15657620041753
ROBINET DE SERVICE MEDHUB,5.0,800.0,4,PLOMBERIE,0.005219206680584551,0.4697286012526096,75.15657620041753
Serrure d’angle avec barillet SEVAX,40.0,800.0,2,MENUISERIE,0.04175365344467641,3.757828810020877,75.15657620041753
colle gerflex,80.0,800.0,5,MENUISERIE,0.08350730688935282,7.515657620041754,75.15657620041753
Rouleau filtre G4,40.0,800.0,2,CLIMATISATION,0.04175365344467641,3.757828810020877,75.15657620041753
Interrupteur simple allumage blanc,80.0,800.0,3,ELECTRICITE,0.08350730688935282,7.515657620041754,75.15657620041753
Tambour standard de la porte sectionnelle côté gauche,1.0,800.0,1,ELECTROMECANIQUE,0.0010438413361169101,0.0939457202505219,75.15657620041752
Réglette LED 1x18W Etanche,32.0,800.0,5,ELECTRICITE,0.033402922755741124,3.006263048016701,75.15657620041752
Tambour standard de la porte sectionnelle côté droite,1.0,800.0,1,ELECTROMECANIQUE,0.0010438413361169101,0.0939457202505219,75.15657620041752
Transformateur 24V 220V 360W,2.0,780.0,2,ELECTRICITE,0.0020876826722338203,0.1878914405010438,73.27766179540708
Barrette de connexion 4mm2,11.0,770.0,4,ELECTRICITE,0.011482254697286013,1.033402922755741,72.33820459290187
Vachette porte verre,1.0,770.0,1,MENUISERIE,0.0010438413361169101,0.0939457202505219,72.33820459290186
Spot LED GU5 7W 6500K,253.0,759.0,5,ELECTRICITE,0.2640918580375783,23.768267223382047,71.30480167014613
Demi cylindre de serrure,58.0,754.0,34,MENUISERIE,0.060542797494780795,5.448851774530271,70.83507306889352
"Câble capotin 3G2,5	",10.0,750.0,10,ELECTRICITE,0.010438413361169102,0.9394572025052192,70.45929018789144
Lavabo,25.0,750.0,6,PLOMBERIE,0.026096033402922755,2.348643006263048,70.45929018789144
Robinet cuisine mitigeur (Mur) MEDHUB,1.0,750.0,1,PLOMBERIE,0.0010438413361169101,0.0939457202505219,70.45929018789143
"Flexible sanitaire Ø 12mm Femelle Femelle 1/2"""" 15x21",34.0,748.0,21,PLOMBERIE,0.03549060542797495,3.1941544885177455,70.2713987473904
"Flexible sanitaire Ø 12mm Femelle Mâle 1/2"""" 15x21",33.0,726.0,22,PLOMBERIE,0.03444676409185804,3.1002087682672235,68.20459290187891
Poignée de condamnation CND,3.0,720.0,3,MENUISERIE,0.003131524008350731,0.2818371607515658,67.64091858037578
Lavabo avec colonne,24.0,720.0,4,PLOMBERIE,0.025052192066805846,2.2546972860125263,67.64091858037578
Huile hydraulique 80W90,143.0,715.0,5,HYDRAULIQUE,0.14926931106471816,13.434237995824635,67.17118997912317
Connecteur pour detecteur inductif,3.0,702.0,3,ELECTROMECANIQUE,0.003131524008350731,0.2818371607515658,65.9498956158664
Flexible toilette 100 CM,70.0,700.0,14,PLOMBERIE,0.07306889352818371,6.576200417536534,65.76200417536535
"Panneau ""Vitesse -40-""",1.0,700.0,1,PANNEAUX DE SIGNALISATION,0.0010438413361169101,0.0939457202505219,65.76200417536533
Lampe P38 18W,4.0,700.0,2,ELECTRICITE,0.0041753653444676405,0.3757828810020876,65.76200417536533
"Panneau "" Interdiction de tourner à gauche """,1.0,700.0,1,PANNEAUX DE SIGNALISATION,0.0010438413361169101,0.0939457202505219,65.76200417536533
"Panneau ""Klaxon interdit""",1.0,700.0,1,PANNEAUX DE SIGNALISATION,0.0010438413361169101,0.0939457202505219,65.76200417536533
"Panneau ""Obligation ""flèche""",1.0,700.0,1,PANNEAUX DE SIGNALISATION,0.0010438413361169101,0.0939457202505219,65.76200417536533
Vanne metalique Ø50,6.0,690.0,2,PLOMBERIE,0.006263048016701462,0.5636743215031316,64.82254697286012
Détecteur de mouvement apparent,69.0,690.0,9,ELECTRICITE,0.0720250521920668,6.482254697286012,64.82254697286012
Projecteur LED 480W,34.0,680.0,3,ELECTRICITE,0.03549060542797495,3.1941544885177455,63.883089770354914
Filtre à air réf : AH1136 (Cummins 110KVA).,1.0,680.0,1,HYDRAULIQUE,0.0010438413361169101,0.0939457202505219,63.88308977035489
Abattant WC,15.0,675.0,15,PLOMBERIE,0.015657620041753653,1.4091858037578289,63.4133611691023
Cheville métallique Ø20x80 avec tige filetée à expansion,24.0,672.0,5,ELECTROMECANIQUE,0.025052192066805846,2.2546972860125263,63.13152400835074
Condensateur 10 µf,19.0,665.0,7,CLIMATISATION,0.019832985386221295,1.7849686847599167,62.473903966597085
Ecrou de boulon M6,220.0,660.0,4,DIVERS,0.22964509394572025,20.66805845511482,62.004175365344466
Rondelle Ø20mm,470.0,658.0,5,DIVERS,0.4906054279749478,44.15448851774531,61.816283924843425
Paire de cosses pour batteries,7.0,658.0,2,ELECTRICITE,0.007306889352818371,0.6576200417536534,61.81628392484342
Lampe T38,13.0,650.0,2,ELECTRICITE,0.013569937369519834,1.221294363256785,61.06471816283925
Té retube femelle Ø16*1/2,26.0,650.0,15,PLOMBERIE,0.027139874739039668,2.44258872651357,61.06471816283925
T 110 PVC HP ,8.0,640.0,1,PLOMBERIE,0.008350730688935281,0.7515657620041752,60.12526096033402
Teinte de peinture vinylique beige,53.0,636.0,16,PEINTURE,0.055323590814196244,4.979123173277662,59.74947807933194
Goulotte de câblage,220.0,605.0,29,ELECTRICITE,0.22964509394572025,20.66805845511482,56.837160751565754
Bombe de peinture noir matte,14.0,602.0,5,PEINTURE,0.014613778705636743,1.3152400835073068,56.55532359081419
Panneau sandwich 600x60x40 MEDHUB,30.0,600.0,3,MECANIQUE,0.031315240083507306,2.8183716075156577,56.36743215031316
Charnière porte coupe feu,60.0,600.0,2,MENUISERIE,0.06263048016701461,5.6367432150313155,56.36743215031316
"Batterie NP7-12 12V,7.0Ah / C20",3.0,600.0,1,ELECTRICITE,0.003131524008350731,0.2818371607515658,56.36743215031316
Câble galvanisé MEDHUB,50.0,600.0,1,ELECTRICITE,0.05219206680584551,4.697286012526096,56.36743215031315
lampe LED B22,59.0,590.0,24,ELECTRICITE,0.061586638830897704,5.542797494780793,55.42797494780793
Panel LED encastré rond à 24W 6500 K,59.0,590.0,14,ELECTRICITE,0.061586638830897704,5.542797494780793,55.42797494780793
Manchon à sertir en aluminium ,31.0,589.0,5,ELECTROMECANIQUE,0.032359081419624215,2.9123173277661794,55.33402922755741
La graisse à base de lithium EP2,117.0,585.0,6,DIVERS,0.12212943632567849,10.991649269311065,54.95824634655533
Vis auto-perceuse DIN-7504-K ,190.0,570.0,3,ELECTROMECANIQUE,0.19832985386221294,17.849686847599166,53.5490605427975
Fourniture disjoncteur magnétothermique 40A,1.0,560.0,1,ELECTRICITE,0.0010438413361169101,0.0939457202505219,52.60960334029227
Barrette 4mm²   MEDHUB,8.0,560.0,3,ELECTRICITE,0.008350730688935281,0.7515657620041752,52.60960334029227
Boite de sol Inox,111.0,555.0,1,ELECTRICITE,0.11586638830897704,10.427974947807934,52.13987473903967
Flexible M-F 1/2*3/8,25.0,550.0,9,PLOMBERIE,0.026096033402922755,2.348643006263048,51.67014613778706
Raccord retube femelle 16*1/2,13.0,546.0,4,PLOMBERIE,0.013569937369519834,1.221294363256785,51.29436325678497
Y pvc Ø110,34.0,544.0,4,PLOMBERIE,0.03549060542797495,3.1941544885177455,51.10647181628393
Fourniture de conduite en PVC Ø75MM,18.0,540.0,2,PLOMBERIE,0.018789144050104383,1.6910229645093944,50.73068893528183
Robinet cuisine mitigeur (Vasque) MEDHUB,18.0,540.0,2,PLOMBERIE,0.018789144050104383,1.6910229645093944,50.73068893528183
Prise de courant apparent IP55 2P+T,53.0,530.0,25,ELECTRICITE,0.055323590814196244,4.979123173277662,49.79123173277662
Filtre à huile réf : LF l6015 (Cummins 110KVA).,1.0,530.0,1,HYDRAULIQUE,0.0010438413361169101,0.0939457202505219,49.79123173277661
Interrupteur simple allumage étanche apparent,24.0,528.0,19,ELECTRICITE,0.025052192066805846,2.2546972860125263,49.603340292275576
Brique rouge,515.0,515.0,2,CONSTRUCTION,0.5375782881002088,48.382045929018794,48.382045929018794
Coude pvc  Ø110/87°,32.0,512.0,8,PLOMBERIE,0.033402922755741124,3.006263048016701,48.100208768267215
Paumelle aluminium MEDHUB,4.0,512.0,2,MENUISERIE,0.0041753653444676405,0.3757828810020876,48.100208768267215
Plaque de signalisation sanitaire,34.0,510.0,1,PLOMBERIE,0.03549060542797495,3.1941544885177455,47.91231732776618
Tube 110 PEHD HP,51.0,510.0,3,PLOMBERIE,0.05323590814196242,4.791231732776618,47.912317327766175
Filtre à huile réf :1R-0739 (DEUTZ).,1.0,510.0,1,HYDRAULIQUE,0.0010438413361169101,0.0939457202505219,47.912317327766175
"Cuivre avec arma Flex 3/4, 3/8 rouleau 20m MEDHUB",10.0,500.0,4,CLIMATISATION,0.010438413361169102,0.9394572025052192,46.972860125260965
Vanne polyéthylène Ø 63,10.0,500.0,3,PLOMBERIE,0.010438413361169102,0.9394572025052192,46.972860125260965
Cosse a sertir 25-50MM T6,20.0,500.0,1,ELECTRICITE,0.020876826722338204,1.8789144050104385,46.972860125260965
Sèche main automatique Inox MEDHUB,5.0,500.0,4,PLOMBERIE,0.005219206680584551,0.4697286012526096,46.972860125260965
Joint d'étanchéité bas pour portes sectionnelle,50.0,500.0,1,ELECTROMECANIQUE,0.05219206680584551,4.697286012526096,46.97286012526096
Douille E40,50.0,500.0,1,ELECTRICITE,0.05219206680584551,4.697286012526096,46.97286012526096
Prolongateur industriel 3P+N+T 32A,50.0,500.0,1,ELECTRICITE,0.05219206680584551,4.697286012526096,46.97286012526096
Bouchon  110 PVC HP,50.0,500.0,2,PLOMBERIE,0.05219206680584551,4.697286012526096,46.97286012526096
Fiche mâle mobile 2P+T 32A,50.0,500.0,3,ELECTRICITE,0.05219206680584551,4.697286012526096,46.97286012526096
Fiche mâle mobile 3P+N+T 32A,50.0,500.0,1,ELECTRICITE,0.05219206680584551,4.697286012526096,46.97286012526096
Bois TEC hydrofuge,50.0,500.0,1,MENUISERIE,0.05219206680584551,4.697286012526096,46.97286012526096
Vanne double union PPR 63,50.0,500.0,1,PLOMBERIE,0.05219206680584551,4.697286012526096,46.97286012526096
Vanne double union PPR 32,50.0,500.0,1,PLOMBERIE,0.05219206680584551,4.697286012526096,46.97286012526096
Vanne d'arrêt PPR 63,50.0,500.0,1,PLOMBERIE,0.05219206680584551,4.697286012526096,46.97286012526096
Prolongateur industriel 2P+T 32A,50.0,500.0,1,ELECTRICITE,0.05219206680584551,4.697286012526096,46.97286012526096
Cosse à sertir,100.0,500.0,2,ELECTRICITE,0.10438413361169102,9.394572025052192,46.97286012526096
Vanne d'arrêt PPR 32,50.0,500.0,1,PLOMBERIE,0.05219206680584551,4.697286012526096,46.97286012526096
Joint d'étanchéité bas pour porte issue de secours,50.0,500.0,1,ELECTROMECANIQUE,0.05219206680584551,4.697286012526096,46.97286012526096
split 18000 complet MEDHUB,1.0,500.0,1,CLIMATISATION,0.0010438413361169101,0.0939457202505219,46.97286012526095
Teinte de peinture vinylique bleu,41.0,492.0,12,PEINTURE,0.04279749478079332,3.8517745302713986,46.22129436325678
Cheville metallique Ø 12,241.0,482.0,24,DIVERS,0.25156576200417535,22.640918580375782,45.281837160751564
"Collier de serrage 7,6X340mm 100PCS MEDHUB",12.0,480.0,3,DIVERS,0.012526096033402923,1.1273486430062631,45.093945720250524
Roulette petite axe de porte sectionnelle,3.0,480.0,2,MECANIQUE,0.003131524008350731,0.2818371607515658,45.093945720250524
Ballast 12 v 250 w YF,2.0,480.0,1,ELECTRICITE,0.0020876826722338203,0.1878914405010438,45.09394572025052
Coude 45 40 PVC HP,14.0,476.0,5,PLOMBERIE,0.014613778705636743,1.3152400835073068,44.71816283924843
Raccord polyéthylène Ø63,19.0,475.0,2,PLOMBERIE,0.019832985386221295,1.7849686847599167,44.62421711899792
Manomètre de pression de Circuite hydraulique de PAC,3.0,471.0,2,CLIMATISATION,0.003131524008350731,0.2818371607515658,44.24843423799583
Détecteur de mouvement encastré,46.0,460.0,5,ELECTRICITE,0.04801670146137787,4.3215031315240084,43.21503131524008
Colliers de serrage noir 2.5X200M (100 pcs),23.0,460.0,4,INCENDIE,0.024008350730688934,2.1607515657620042,43.21503131524008
Fin de course,12.0,450.0,7,MECANIQUE,0.012526096033402923,1.1273486430062631,42.275574112734866
Coude pvc  Ø110/45°,30.0,450.0,9,PLOMBERIE,0.031315240083507306,2.8183716075156577,42.275574112734866
Prise de courant complet plinthes,90.0,450.0,2,ELECTRICITE,0.09394572025052192,8.455114822546973,42.275574112734866
"Cuivre avec arma Flex 3/8, 1/4 rouleau 20m MEDHUB",9.0,450.0,3,CLIMATISATION,0.009394572025052192,0.8455114822546972,42.27557411273486
Roue de portail-FORTE CHARGE 350KG,1.0,450.0,1,DIVERS,0.0010438413361169101,0.0939457202505219,42.27557411273486
Goulotte autocolant,8.0,448.0,1,ELECTRICITE,0.008350730688935281,0.7515657620041752,42.08768267223381
Selecteur a clé,8.0,448.0,6,ELECTRICITE,0.008350730688935281,0.7515657620041752,42.08768267223381
Fiche prise 2P+T 16A industrielle souple male marque famatel,17.0,442.0,9,ELECTRICITE,0.017745302713987474,1.5970772442588728,41.52400835073069
Cosse a sertir STD 25MM,20.0,440.0,1,ELECTRICITE,0.020876826722338204,1.8789144050104385,41.33611691022965
"Collier de serrage 4,7X370mm 100PCS MEDHUB",11.0,440.0,4,DIVERS,0.011482254697286013,1.033402922755741,41.33611691022964
Robinet col de signe,2.0,440.0,2,PLOMBERIE,0.0020876826722338203,0.1878914405010438,41.33611691022964
Scotch aluminium haut température,5.0,435.0,1,CLIMATISATION,0.005219206680584551,0.4697286012526096,40.86638830897704
Culotte  110 PVC HP,5.0,435.0,3,PLOMBERIE,0.005219206680584551,0.4697286012526096,40.86638830897704
Colle bois,6.0,432.0,6,MENUISERIE,0.006263048016701462,0.5636743215031316,40.58455114822547
Boite étanche 240*180 MEDHUB,86.0,430.0,5,ELECTRICITE,0.08977035490605428,8.079331941544886,40.39665970772443
Horloge mécanique,33.0,429.0,4,ELECTRICITE,0.03444676409185804,3.1002087682672235,40.30271398747391
Cosse 35,61.0,427.0,6,ELECTRICITE,0.06367432150313153,5.7306889352818375,40.11482254697286
Gond à vis epiton rond,141.0,423.0,10,DIVERS,0.14718162839248433,13.24634655532359,39.73903966597077
Aérosol dégrippant MEDHUB,3.0,420.0,1,DIVERS,0.003131524008350731,0.2818371607515658,39.45720250521921
Robinet cuisine mitigeur (Vasque),14.0,420.0,6,PLOMBERIE,0.014613778705636743,1.3152400835073068,39.45720250521921
Lampe LED flamme E14 3000K,70.0,420.0,1,ELECTRICITE,0.07306889352818371,6.576200417536534,39.45720250521921
Serrure porte BOIS TMSA,1.0,420.0,1,MENUISERIE,0.0010438413361169101,0.0939457202505219,39.4572025052192
Relais FINDER type 44.62S 10A 250V,2.0,420.0,1,ELECTRICITE,0.0020876826722338203,0.1878914405010438,39.4572025052192
Lampe LED B22 15W 6500K MEDHUB,41.0,410.0,12,ELECTRICITE,0.04279749478079332,3.8517745302713986,38.51774530271398
ECROUS Ø14,204.0,408.0,3,DIVERS,0.21294363256784968,19.16492693110647,38.32985386221294
Serrure de milieu sans béquille avec barillet SEVAX,20.0,400.0,1,MENUISERIE,0.020876826722338204,1.8789144050104385,37.578288100208766
Panneau sandwich 600x60x40,20.0,400.0,1,MECANIQUE,0.020876826722338204,1.8789144050104385,37.578288100208766
Cadenas ,200.0,400.0,6,DIVERS,0.20876826722338204,18.789144050104383,37.578288100208766
Plaque + Support plinthes,80.0,400.0,1,ELECTRICITE,0.08350730688935282,7.515657620041754,37.578288100208766
Film sablé rouleau 30m MEDHUB,40.0,400.0,2,DIVERS,0.04175365344467641,3.757828810020877,37.578288100208766
"Tambour de porte sectionnelle  (Ensemble: Gauche/Droit)""",20.0,400.0,1,MECANIQUE,0.020876826722338204,1.8789144050104385,37.578288100208766
Tambour de porte sectionnelle  (Ensemble: Gauche/Droit) MEDHUB,20.0,400.0,2,MECANIQUE,0.020876826722338204,1.8789144050104385,37.578288100208766
Lampe T8 / 120cm 36W,50.0,400.0,1,ELECTRICITE,0.05219206680584551,4.697286012526096,37.578288100208766
Manchon a sertir 16MM,20.0,400.0,1,ELECTRICITE,0.020876826722338204,1.8789144050104385,37.578288100208766
Tige fileté 1m 6 8 ET 10 Ø,16.0,400.0,2,DIVERS,0.016701461377870562,1.5031315240083505,37.57828810020876
Disjoncteur différentiel 2P*63A,2.0,400.0,1,ELECTRICITE,0.0020876826722338203,0.1878914405010438,37.57828810020876
Teinte de peinture laque vert,33.0,396.0,3,PEINTURE,0.03444676409185804,3.1002087682672235,37.202505219206685
Anti gel 50% MEDHUB,70.0,395.5,3,MECANIQUE,0.07306889352818371,6.576200417536534,37.15553235908142
Cuivre de clim 3/8,6.0,390.0,1,CLIMATISATION,0.006263048016701462,0.5636743215031316,36.63883089770355
Condensateur 35 µf,10.0,390.0,8,CLIMATISATION,0.010438413361169102,0.9394572025052192,36.63883089770355
Té 40 PEHD HP,8.0,384.0,3,PLOMBERIE,0.008350730688935281,0.7515657620041752,36.07515657620041
Cable porte sectionnelle,32.0,384.0,3,MECANIQUE,0.033402922755741124,3.006263048016701,36.07515657620041
Thermomètre de Circuite hydraulique de PAC,1.0,383.0,1,CLIMATISATION,0.0010438413361169101,0.0939457202505219,35.98121085594989
Réduction 40/32 double sortie PEHD,38.0,380.0,8,PLOMBERIE,0.03966597077244259,3.5699373695198333,35.69937369519833
Plinthe 100x45,75.0,375.0,6,ELECTRICITE,0.07828810020876827,7.045929018789144,35.22964509394572
Flexible sanitaire Ø 12mm Femelle Femelle 1/2 3/8,17.0,374.0,15,PLOMBERIE,0.017745302713987474,1.5970772442588728,35.1356993736952
Led panel 3 w rond,16.0,368.0,8,ELECTRICITE,0.016701461377870562,1.5031315240083505,34.57202505219206
Boite étanche 210*170*80,12.0,360.0,9,ELECTRICITE,0.012526096033402923,1.1273486430062631,33.82045929018789
SIKA FLEX ,6.0,360.0,1,CONSTRUCTION,0.006263048016701462,0.5636743215031316,33.82045929018789
Tube LED (t8) 9W 6500K,3.0,360.0,1,ELECTRICITE,0.003131524008350731,0.2818371607515658,33.82045929018789
Manchon a sertir 10MM,20.0,360.0,1,ELECTRICITE,0.020876826722338204,1.8789144050104385,33.82045929018789
"Câble souple 3x2,5mm²",20.0,360.0,1,ELECTRICITE,0.020876826722338204,1.8789144050104385,33.82045929018789
Disjoncteur divisionnaire 63 A 4 pôles 380V,36.0,360.0,2,ELECTRICITE,0.037578288100208766,3.3820459290187888,33.820459290187884
Kit douchette WC avec accessoires	,1.0,360.0,1,PLOMBERIE,0.0010438413361169101,0.0939457202505219,33.820459290187884
Vis hexagon socket head cap screw Ø 6,179.0,358.0,2,DIVERS,0.18684759916492694,16.816283924843425,33.63256784968685
Câble en acier de diamètre 4mm,70.0,350.0,7,MECANIQUE,0.07306889352818371,6.576200417536534,32.881002087682674
Coude 90 75 PEHD HP,35.0,350.0,2,PLOMBERIE,0.03653444676409186,3.288100208768267,32.881002087682674
Fusible modulaire compact 4 pôle 20 A,50.0,350.0,2,ELECTRICITE,0.05219206680584551,4.697286012526096,32.881002087682674
Fusible miniature corps céramique 5X20  16 A 220V,50.0,350.0,2,ELECTRICITE,0.05219206680584551,4.697286012526096,32.881002087682674
Porte fusible modulaire compact 4 pôles 22X58,50.0,350.0,2,ELECTRICITE,0.05219206680584551,4.697286012526096,32.881002087682674
Disjoncteur divisionnaire 25 A 4 pôles 380V,34.0,340.0,6,ELECTRICITE,0.03549060542797495,3.1941544885177455,31.941544885177457
Collecteur avec robinet TRIO,68.0,340.0,3,PLOMBERIE,0.0709812108559499,6.388308977035491,31.941544885177457
Chauffeau électrique instantané,17.0,340.0,13,PLOMBERIE,0.017745302713987474,1.5970772442588728,31.941544885177457
Peinture laque 5 KG vert,2.0,340.0,1,PEINTURE,0.0020876826722338203,0.1878914405010438,31.941544885177446
peinture laque 5 kg jaune,2.0,340.0,2,PEINTURE,0.0020876826722338203,0.1878914405010438,31.941544885177446
Ecrou de boulon M8,336.0,336.0,6,DIVERS,0.35073068893528186,31.56576200417537,31.56576200417537
scotch noir électrique,60.0,330.0,34,ELECTRICITE,0.06263048016701461,5.6367432150313155,31.002087682672236
Goupille de porte sectionnelle,11.0,330.0,2,MECANIQUE,0.011482254697286013,1.033402922755741,31.002087682672233
Barrette de connexion,33.0,330.0,9,ELECTRICITE,0.03444676409185804,3.1002087682672235,31.002087682672233
Coude polyéthylène Ø20 MAL,13.0,325.0,8,PLOMBERIE,0.013569937369519834,1.221294363256785,30.532359081419624
ECROUS Ø10,268.0,321.6,6,DIVERS,0.2797494780793319,25.177453027139872,30.21294363256785
Cosse a sertir 16MM T6,20.0,320.0,1,ELECTRICITE,0.020876826722338204,1.8789144050104385,30.062630480167016
Cosse a sertir STD 16MM,20.0,320.0,1,ELECTRICITE,0.020876826722338204,1.8789144050104385,30.062630480167016
Flexible sanitaire MF 1/2X1/2,16.0,320.0,13,PLOMBERIE,0.016701461377870562,1.5031315240083505,30.06263048016701
Réduction 110/100 double sortie PEHD,32.0,320.0,5,PLOMBERIE,0.033402922755741124,3.006263048016701,30.06263048016701
"Barrette de connexion 2,5mm",49.0,318.5,22,ELECTRICITE,0.0511482254697286,4.603340292275574,29.92171189979123
ECROUS Ø8,510.0,306.0,12,DIVERS,0.5323590814196242,47.912317327766175,28.747390396659704
Lavabo Vasque,10.0,300.0,1,PLOMBERIE,0.010438413361169102,0.9394572025052192,28.18371607515658
"Vis à tôle TF PO21 acier inoxydable 5,5X60 100PCS",15.0,300.0,3,MENUISERIE,0.015657620041753653,1.4091858037578289,28.18371607515658
Disjoncteur différentiel 63 A 300mA 4 Pôles 380V,30.0,300.0,2,ELECTRICITE,0.031315240083507306,2.8183716075156577,28.18371607515658
Vanne double raccord 110 PEHD HP,30.0,300.0,1,PLOMBERIE,0.031315240083507306,2.8183716075156577,28.18371607515658
Bornier sur rail 16mm² onka ,20.0,300.0,1,ELECTRICITE,0.020876826722338204,1.8789144050104385,28.18371607515658
Vanne double raccord 40 PVC HP,30.0,300.0,1,PLOMBERIE,0.031315240083507306,2.8183716075156577,28.18371607515658
"Câble U1000R2V 3G1,5",100.0,300.0,1,ELECTRICITE,0.10438413361169102,9.394572025052192,28.183716075156575
Condensateur courant 50 Uf MEDHUB,1.0,300.0,1,CLIMATISATION,0.0010438413361169101,0.0939457202505219,28.18371607515657
Charnière en acier de 3 mm d'épaisseur,1.0,300.0,1,MECANIQUE,0.0010438413361169101,0.0939457202505219,28.18371607515657
Starter S2 PHILPS MEDHUB,4.0,300.0,1,ELECTRICITE,0.0041753653444676405,0.3757828810020876,28.18371607515657
Prise monophasé femelle 16A 2P+T - 3 broches,4.0,300.0,1,ELECTRICITE,0.0041753653444676405,0.3757828810020876,28.18371607515657
Coude pvc  Ø100/90°,33.0,297.0,8,PLOMBERIE,0.03444676409185804,3.1002087682672235,27.90187891440501
Ecrous Ø16mm,128.0,281.6,4,DIVERS,0.1336116910229645,12.025052192066804,26.45511482254697
Cosse a sertir STD 10MM T6,20.0,280.0,1,ELECTRICITE,0.020876826722338204,1.8789144050104385,26.30480167014614
collier de serrage,7.0,280.0,4,DIVERS,0.007306889352818371,0.6576200417536534,26.304801670146137
Compresseur 18000,14.0,280.0,1,CLIMATISATION,0.014613778705636743,1.3152400835073068,26.304801670146137
Rouleau filtre G4 MEDHUB,14.0,280.0,4,CLIMATISATION,0.014613778705636743,1.3152400835073068,26.304801670146137
Bouchon 110 PVC HP,28.0,280.0,5,PLOMBERIE,0.029227557411273485,2.6304801670146136,26.304801670146137
Lampe T5 / 120cm,35.0,280.0,7,ELECTRICITE,0.03653444676409186,3.288100208768267,26.304801670146137
Condensateur 45 µf,5.0,275.0,2,CLIMATISATION,0.005219206680584551,0.4697286012526096,25.83507306889353
Vis autoperseurse ,1363.0,272.6,44,DIVERS,1.4227557411273486,128.04801670146136,25.609603340292274
Retube Ø16,17.0,272.0,2,PLOMBERIE,0.017745302713987474,1.5970772442588728,25.553235908141964
Huile 15W40 MEDHUB,50.0,267.5,1,HYDRAULIQUE,0.05219206680584551,4.697286012526096,25.13048016701461
Vanne double raccord 40 PEHD HP,26.0,260.0,2,PLOMBERIE,0.027139874739039668,2.44258872651357,24.4258872651357
Coude retube femelle 16*1/2,5.0,260.0,3,PLOMBERIE,0.005219206680584551,0.4697286012526096,24.4258872651357
Compresseur 24000,13.0,260.0,1,CLIMATISATION,0.013569937369519834,1.221294363256785,24.4258872651357
Armaflex bande d'isolation autoadhésif,1.0,260.0,1,CLIMATISATION,0.0010438413361169101,0.0939457202505219,24.425887265135696
Prise de courant encastré IP55 2P+T,37.0,259.0,12,ELECTRICITE,0.038622129436325675,3.475991649269311,24.331941544885176
Siphon plastique Ø32,6.0,258.0,3,PLOMBERIE,0.006263048016701462,0.5636743215031316,24.23799582463466
Condensateur de démarrage de 35 µf ,8.0,256.0,7,CLIMATISATION,0.008350730688935281,0.7515657620041752,24.050104384133608
kit de fixation de robinet de lavabo,21.0,252.0,16,PLOMBERIE,0.021920668058455117,1.9728601252609606,23.674321503131527
TUBE MULTICOUCHE RETUBE MEDHUB,25.0,250.0,1,PLOMBERIE,0.026096033402922755,2.348643006263048,23.48643006263048
Anti Algue,25.0,250.0,1,MECANIQUE,0.026096033402922755,2.348643006263048,23.48643006263048
Cordon Adaptateur RGB HK117,1.0,250.0,1,ELECTRONIQUE,0.0010438413361169101,0.0939457202505219,23.486430062630475
Barrette  100PCS 16mm²,24.0,240.0,10,ELECTRICITE,0.025052192066805846,2.2546972860125263,22.546972860125262
Tube carrée 40X40 6M,20.0,240.0,1,DIVERS,0.020876826722338204,1.8789144050104385,22.546972860125262
Cheville métalique Ø16mm,120.0,240.0,5,DIVERS,0.12526096033402923,11.273486430062631,22.546972860125262
Cornière 40/40 6M,20.0,240.0,1,DIVERS,0.020876826722338204,1.8789144050104385,22.546972860125262
Cosse a sertir 10MM T6,20.0,240.0,1,ELECTRICITE,0.020876826722338204,1.8789144050104385,22.546972860125262
Colle pour carrelage,200.0,240.0,2,PEINTURE,0.20876826722338204,18.789144050104383,22.54697286012526
Fourniture d'un répartiteur tétrapolaire 63A,2.0,240.0,1,ELECTRICITE,0.0020876826722338203,0.1878914405010438,22.54697286012526
SIKA LATEX,4.0,240.0,1,CONSTRUCTION,0.0041753653444676405,0.3757828810020876,22.54697286012526
Boitier de commande a trois boutons,1.0,236.0,1,ELECTRICITE,0.0010438413361169101,0.0939457202505219,22.17118997912317
Coude pvc  Ø50/45°,18.0,234.0,11,PLOMBERIE,0.018789144050104383,1.6910229645093944,21.983298538622126
Disjoncteur divisionnaire 32A 2 pôles 220V,23.0,230.0,3,ELECTRICITE,0.024008350730688934,2.1607515657620042,21.60751565762004
Condensateur 06 µf,12.0,228.0,10,CLIMATISATION,0.012526096033402923,1.1273486430062631,21.419624217119
Raccord polyéthylène Ø40,15.0,225.0,5,PLOMBERIE,0.015657620041753653,1.4091858037578289,21.137787056367433
Coude polyéthylène Ø20 EGAL,9.0,225.0,5,PLOMBERIE,0.009394572025052192,0.8455114822546972,21.13778705636743
Acide sulferique,28.0,224.0,1,PLOMBERIE,0.029227557411273485,2.6304801670146136,21.04384133611691
Tube 40 PVC HP,37.0,222.0,3,PLOMBERIE,0.038622129436325675,3.475991649269311,20.855949895615865
Coude pvc  Ø100/45°,17.0,221.0,7,PLOMBERIE,0.017745302713987474,1.5970772442588728,20.762004175365345
Kit douche complet,1.0,220.0,1,PLOMBERIE,0.0010438413361169101,0.0939457202505219,20.66805845511482
Bouchon  110 PEHD HP,22.0,220.0,1,PLOMBERIE,0.022964509394572025,2.066805845511482,20.66805845511482
Condensateur 40 µf,4.0,220.0,4,CLIMATISATION,0.0041753653444676405,0.3757828810020876,20.66805845511482
Disjoncteur différentiel 63 A 300mA Bipôle 220V,22.0,220.0,2,ELECTRICITE,0.022964509394572025,2.066805845511482,20.66805845511482
Rondelle Ø16mm,218.0,218.0,9,DIVERS,0.22755741127348644,20.48016701461378,20.48016701461378
Cheville metallique Ø 8,216.0,216.0,5,DIVERS,0.2254697286012526,20.292275574112736,20.292275574112736
Soupape de pression,18.0,216.0,5,CLIMATISATION,0.018789144050104383,1.6910229645093944,20.292275574112733
Raccord union égale,21.0,210.0,8,PLOMBERIE,0.021920668058455117,1.9728601252609606,19.728601252609607
Barrette 100PCS 4mm²,3.0,210.0,3,ELECTRICITE,0.003131524008350731,0.2818371607515658,19.728601252609604
Porte fusible modulaire compact 4 pôles 8X32,30.0,210.0,1,ELECTRICITE,0.031315240083507306,2.8183716075156577,19.728601252609604
prise tétrapolaire femelle 32A 3P+N+T - 5 broches,2.0,210.0,1,ELECTRICITE,0.0020876826722338203,0.1878914405010438,19.7286012526096
Bouchon PVC Ø100,23.0,207.0,11,PLOMBERIE,0.024008350730688934,2.1607515657620042,19.44676409185804
Parachute  porte sectionnelle ensemble : gauche / droit MEDHUB,35.0,206.15,3,MECANIQUE,0.03653444676409186,3.288100208768267,19.366910229645097
Revit,202.0,202.0,9,DIVERS,0.21085594989561587,18.977035490605427,18.977035490605427
Douille B22,67.0,201.0,4,ELECTRICITE,0.06993736951983298,6.294363256784968,18.883089770354903
Cheville embase,201.0,201.0,13,DIVERS,0.20981210855949894,18.883089770354903,18.883089770354903
Produit de nettoyage (champoing moquette) (20L),10.0,200.0,1,DIVERS,0.010438413361169102,0.9394572025052192,18.789144050104383
Gaz 407 13 KG,10.0,200.0,1,CLIMATISATION,0.010438413361169102,0.9394572025052192,18.789144050104383
Disjoncteur divisionnaire 25A 2 pôles 220V,20.0,200.0,1,ELECTRICITE,0.020876826722338204,1.8789144050104385,18.789144050104383
Vanne double raccord 110 PVC HP,20.0,200.0,1,PLOMBERIE,0.020876826722338204,1.8789144050104385,18.789144050104383
Serre câble MEDHUB,100.0,200.0,3,MECANIQUE,0.10438413361169102,9.394572025052192,18.789144050104383
Fusible aM 50A 14X51 400V,50.0,200.0,2,ELECTRICITE,0.05219206680584551,4.697286012526096,18.789144050104383
Disjoncteur différentiel 32 A 30mA Bipôle 220V,20.0,200.0,2,ELECTRICITE,0.020876826722338204,1.8789144050104385,18.789144050104383
Disjoncteur COMPACT 63 A 400V,20.0,200.0,1,ELECTRICITE,0.020876826722338204,1.8789144050104385,18.789144050104383
Vanne double raccord 75 PVC HP,20.0,200.0,1,PLOMBERIE,0.020876826722338204,1.8789144050104385,18.789144050104383
Revêtement PVC MED HUB,20.0,200.0,1,PLOMBERIE,0.020876826722338204,1.8789144050104385,18.789144050104383
Disjoncteur COMPACT 25 A 400V,20.0,200.0,1,ELECTRICITE,0.020876826722338204,1.8789144050104385,18.789144050104383
Culotte  110 PEHD HP,20.0,200.0,1,PLOMBERIE,0.020876826722338204,1.8789144050104385,18.789144050104383
Coude 45 110 PEHD HP,20.0,200.0,1,PLOMBERIE,0.020876826722338204,1.8789144050104385,18.789144050104383
Arma Flex rouleau 18 50ml,10.0,200.0,1,CLIMATISATION,0.010438413361169102,0.9394572025052192,18.789144050104383
Serrure porte en métal,40.0,200.0,2,MENUISERIE,0.04175365344467641,3.757828810020877,18.789144050104383
Colliers serre cable en plastique,200.0,200.0,3,ELECTRICITE,0.20876826722338204,18.789144050104383,18.789144050104383
"Collier de serrage 3,6X300mm 100PCS MEDHUB",5.0,200.0,4,DIVERS,0.005219206680584551,0.4697286012526096,18.789144050104383
Ruban adhésif électricien (scotch) (noir-jaune-vert-rouge),20.0,200.0,3,INCENDIE,0.020876826722338204,1.8789144050104385,18.789144050104383
Arma Flex tapis m²,10.0,200.0,1,CLIMATISATION,0.010438413361169102,0.9394572025052192,18.789144050104383
Coude retube égale Ø16 égale,14.0,196.0,6,PLOMBERIE,0.014613778705636743,1.3152400835073068,18.413361169102295
Condensateur 30 µf,5.0,195.0,5,CLIMATISATION,0.005219206680584551,0.4697286012526096,18.319415448851775
Panel LED apparent rond à 18W 6500 K ,96.0,192.0,23,ELECTRICITE,0.10020876826722339,9.018789144050105,18.03757828810021
"Fusible ACR, tipo NT 1. In=125A. 500V- 50Hz. gL. 120kA",2.0,192.0,2,CLIMATISATION,0.0020876826722338203,0.1878914405010438,18.037578288100207
Réduction 75/40 double sortie PEHD,19.0,190.0,3,PLOMBERIE,0.019832985386221295,1.7849686847599167,17.849686847599166
Interrupteur simple allumage,17.0,187.0,16,ELECTRICITE,0.017745302713987474,1.5970772442588728,17.5678496868476
"Manchon â sertir de diamétre 16,25,35 mm2",31.0,186.0,5,ELECTRICITE,0.032359081419624215,2.9123173277661794,17.473903966597078
Cosses de batteries,8.0,184.0,4,ELECTRICITE,0.008350730688935281,0.7515657620041752,17.28601252609603
Interrupteur poussoir avec voyant,6.0,180.0,6,ELECTRICITE,0.006263048016701462,0.5636743215031316,16.910229645093946
Tube LED (T8) 18W 6500K,6.0,180.0,3,ELECTRICITE,0.006263048016701462,0.5636743215031316,16.910229645093946
Bouchon  75 PVC HP,18.0,180.0,4,PLOMBERIE,0.018789144050104383,1.6910229645093944,16.910229645093942
Interrupteur simple allumage MEDHUB,18.0,180.0,6,ELECTRICITE,0.018789144050104383,1.6910229645093944,16.910229645093942
Collier polyéthylène  Ø90,2.0,180.0,2,PLOMBERIE,0.0020876826722338203,0.1878914405010438,16.910229645093942
Parachute  porte sectionnelle ensemble : gauche / droit,30.0,176.7,1,ELECTROMECANIQUE,0.031315240083507306,2.8183716075156577,16.600208768267223
Rondelle Ø10 mm,346.0,173.0,11,DIVERS,0.36116910229645094,32.505219206680586,16.252609603340293
TE égale,34.0,170.0,1,PLOMBERIE,0.03549060542797495,3.1941544885177455,15.970772442588729
Peinture laque 5 KG bleu,1.0,170.0,1,PEINTURE,0.0010438413361169101,0.0939457202505219,15.970772442588723
Culotte 75 PVC HP,3.0,168.0,1,PLOMBERIE,0.003131524008350731,0.2818371607515658,15.782881002087684
soupape de pression MEDHUB,14.0,168.0,4,CLIMATISATION,0.014613778705636743,1.3152400835073068,15.78288100208768
Teinte de peinture laque jaune,14.0,168.0,13,PEINTURE,0.014613778705636743,1.3152400835073068,15.78288100208768
Condensateur de démarrage,28.0,168.0,19,CLIMATISATION,0.029227557411273485,2.6304801670146136,15.78288100208768
Sika Top-122 ,9.0,162.0,2,CONSTRUCTION,0.009394572025052192,0.8455114822546972,15.219206680584549
Tube PPR Ø32,9.0,162.0,2,PLOMBERIE,0.009394572025052192,0.8455114822546972,15.219206680584549
Relais d interface 12Vcc,2.0,160.0,2,ELECTRICITE,0.0020876826722338203,0.1878914405010438,15.031315240083504
Flexible toilette 100 CM MEDHUB,16.0,160.0,2,PLOMBERIE,0.016701461377870562,1.5031315240083505,15.031315240083504
Bouton poussoir industrielle,1.0,160.0,1,MECANIQUE,0.0010438413361169101,0.0939457202505219,15.031315240083504
Lampe projecteur 150w RS7,1.0,160.0,1,ELECTRICITE,0.0010438413361169101,0.0939457202505219,15.031315240083504
Bouchon 40 PEHD,16.0,160.0,2,PLOMBERIE,0.016701461377870562,1.5031315240083505,15.031315240083504
Gaz 404 13 KG,8.0,160.0,5,CLIMATISATION,0.008350730688935281,0.7515657620041752,15.031315240083504
Tube PPR 32,32.0,160.0,3,PLOMBERIE,0.033402922755741124,3.006263048016701,15.031315240083504
Hublot LED 24W MEDHUB ,2.0,160.0,1,ELECTRICITE,0.0020876826722338203,0.1878914405010438,15.031315240083504
Detecteur de mouvement 360°,7.0,154.0,4,ELECTRICITE,0.007306889352818371,0.6576200417536534,14.467640918580376
Cuivre avec armaflex 1/2*1/4 - rouleau 20m,1.0,154.0,1,CLIMATISATION,0.0010438413361169101,0.0939457202505219,14.467640918580374
Té polyéthylène Ø20,6.0,150.0,6,PLOMBERIE,0.006263048016701462,0.5636743215031316,14.09185803757829
Raccord cuivre 1/4,6.0,150.0,2,CLIMATISATION,0.006263048016701462,0.5636743215031316,14.09185803757829
Manchon polyéthylène Ø25,5.0,150.0,4,PLOMBERIE,0.005219206680584551,0.4697286012526096,14.09185803757829
Raccord cuivre 3/8,6.0,150.0,2,CLIMATISATION,0.006263048016701462,0.5636743215031316,14.09185803757829
Vanne double raccord 75 PEHD HP,15.0,150.0,1,PLOMBERIE,0.015657620041753653,1.4091858037578289,14.09185803757829
Réduction 100/75 double sortie PEHD,15.0,150.0,2,PLOMBERIE,0.015657620041753653,1.4091858037578289,14.09185803757829
Coude PVC Ø160 90°,6.0,150.0,3,PLOMBERIE,0.006263048016701462,0.5636743215031316,14.09185803757829
Poignée porte en acier (Pair),15.0,150.0,11,MENUISERIE,0.015657620041753653,1.4091858037578289,14.09185803757829
Ecrous Ø12mm,100.0,150.0,1,DIVERS,0.10438413361169102,9.394572025052192,14.091858037578287
Lavabo d'occasion,1.0,150.0,1,PLOMBERIE,0.0010438413361169101,0.0939457202505219,14.091858037578286
Serrure vitre INOX,74.0,148.0,2,MENUISERIE,0.07724425887265135,6.951983298538622,13.903966597077243
Bombe de peinture gris,4.0,144.0,3,PEINTURE,0.0041753653444676405,0.3757828810020876,13.528183716075155
Bouchon PVC Ø75,16.0,144.0,10,PLOMBERIE,0.016701461377870562,1.5031315240083505,13.528183716075155
Reducteur pvc 110*40,9.0,144.0,2,PLOMBERIE,0.009394572025052192,0.8455114822546972,13.528183716075155
Vis de fixation,18.0,144.0,3,DIVERS,0.018789144050104383,1.6910229645093944,13.528183716075155
Y pvc Ø75,11.0,143.0,8,PLOMBERIE,0.011482254697286013,1.033402922755741,13.434237995824635
 Téflon,28.0,140.0,27,PLOMBERIE,0.029227557411273485,2.6304801670146136,13.152400835073069
Extracteur d'air sanitaire silencieux MEDHUB,7.0,140.0,4,PLOMBERIE,0.007306889352818371,0.6576200417536534,13.152400835073069
Chlore 13 PH MEDHUB ,7.0,140.0,3,PLOMBERIE,0.007306889352818371,0.6576200417536534,13.152400835073069
Barrette 100PCS 4mm²  MEDHUB,2.0,140.0,2,ELECTRICITE,0.0020876826722338203,0.1878914405010438,13.152400835073067
Vanne service de purgeur de Circuite hydraulique de PAC,1.0,140.0,1,CLIMATISATION,0.0010438413361169101,0.0939457202505219,13.152400835073067
"Baguette brasure cuivre auto-décapante, diamètre 3 mm",2.0,140.0,1,CLIMATISATION,0.0020876826722338203,0.1878914405010438,13.152400835073067
Lampe projecteur 70w RS7,1.0,140.0,1,ELECTRICITE,0.0010438413361169101,0.0939457202505219,13.152400835073067
Flexible sanitaire FF 1/2X1/2,6.0,138.0,6,PLOMBERIE,0.006263048016701462,0.5636743215031316,12.964509394572026
"Réduction laiton à visser MF  1"" - 1/2",6.0,138.0,4,PLOMBERIE,0.006263048016701462,0.5636743215031316,12.964509394572026
Té pvc Ø100,8.0,136.0,2,PLOMBERIE,0.008350730688935281,0.7515657620041752,12.776617954070979
Coude PVC Ø160 45°,3.0,135.0,2,PLOMBERIE,0.003131524008350731,0.2818371607515658,12.68267223382046
Mamelon 1/2*1/2,5.0,130.0,3,PLOMBERIE,0.005219206680584551,0.4697286012526096,12.21294363256785
coude femlle ppr 32,26.0,130.0,6,PLOMBERIE,0.027139874739039668,2.44258872651357,12.21294363256785
Serre câble,65.0,130.0,1,ELECTROMECANIQUE,0.06784968684759916,6.106471816283925,12.21294363256785
"Réduction laiton à visser MF 1""-3/4",5.0,130.0,3,PLOMBERIE,0.005219206680584551,0.4697286012526096,12.21294363256785
Hublot blanc,3.0,129.0,3,ELECTRICITE,0.003131524008350731,0.2818371607515658,12.11899791231733
Flexible sanitaire FF 3/8X1/2,8.0,128.0,8,PLOMBERIE,0.008350730688935281,0.7515657620041752,12.025052192066804
Raccord polyéthylène Ø20*1/2 MAL,4.0,128.0,3,PLOMBERIE,0.0041753653444676405,0.3757828810020876,12.025052192066804
Connecteur pour câble torsadé - CEGELEC -,7.0,126.0,2,ELECTRICITE,0.007306889352818371,0.6576200417536534,11.837160751565762
Réglette LED 1x18W Etanche MEDHUB,5.0,125.0,1,ELECTRICITE,0.005219206680584551,0.4697286012526096,11.743215031315241
Fléxible mitijeur Ø3/8,5.0,125.0,5,PLOMBERIE,0.005219206680584551,0.4697286012526096,11.743215031315241
Raccord tournant femelle PPR 63,25.0,125.0,1,PLOMBERIE,0.026096033402922755,2.348643006263048,11.74321503131524
Raccord tourant femelle PPR 32,25.0,125.0,1,PLOMBERIE,0.026096033402922755,2.348643006263048,11.74321503131524
Flexible sanitaire MF 3/8X3/8,4.0,124.0,3,PLOMBERIE,0.0041753653444676405,0.3757828810020876,11.649269311064716
Rondelle Ø12mm,172.0,120.4,7,DIVERS,0.17954070981210857,16.158663883089773,11.311064718162841
Vis autoperseurse 100PCS,6.0,120.0,4,DIVERS,0.006263048016701462,0.5636743215031316,11.273486430062631
Driver LED 18W MEDHUB,10.0,120.0,1,ELECTRICITE,0.010438413361169102,0.9394572025052192,11.273486430062631
"Colliers de serrage 3,6X300mm 100PCS MEDHUB ",3.0,120.0,2,DIVERS,0.003131524008350731,0.2818371607515658,11.273486430062631
Raccord union réduit,12.0,120.0,3,PLOMBERIE,0.012526096033402923,1.1273486430062631,11.273486430062631
Interrupteur double allumage,10.0,120.0,8,ELECTRICITE,0.010438413361169102,0.9394572025052192,11.273486430062631
Fusible 125A - AM Ø22*58,1.0,120.0,1,ELECTRICITE,0.0010438413361169101,0.0939457202505219,11.27348643006263
Support climat,1.0,120.0,1,CLIMATISATION,0.0010438413361169101,0.0939457202505219,11.27348643006263
Douille de spot,59.0,118.0,26,ELECTRICITE,0.061586638830897704,5.542797494780793,11.085594989561587
Thermostat,23.0,115.0,4,CLIMATISATION,0.024008350730688934,2.1607515657620042,10.80375782881002
Té polyéthylène Ø25*3/4 FEMELLE,3.0,114.0,3,PLOMBERIE,0.003131524008350731,0.2818371607515658,10.7098121085595
Condensateur 04 µf,6.0,114.0,6,CLIMATISATION,0.006263048016701462,0.5636743215031316,10.7098121085595
Monchon a sertir cuivre Ø50L 10M,7.0,112.0,1,ELECTRICITE,0.007306889352818371,0.6576200417536534,10.521920668058454
Té retube chrome 16*1/2,4.0,112.0,1,PLOMBERIE,0.0041753653444676405,0.3757828810020876,10.521920668058453
Coude pvc  Ø75/45°,8.0,112.0,6,PLOMBERIE,0.008350730688935281,0.7515657620041752,10.521920668058453
coude 45 40 PEHD HP,11.0,110.0,2,PLOMBERIE,0.011482254697286013,1.033402922755741,10.33402922755741
Câble acier 4mm,22.0,110.0,2,MECANIQUE,0.022964509394572025,2.066805845511482,10.33402922755741
colle gerflex MEDHUB,11.0,110.0,3,MENUISERIE,0.011482254697286013,1.033402922755741,10.33402922755741
Té polyéthylène Ø50,6.0,108.0,1,PLOMBERIE,0.006263048016701462,0.5636743215031316,10.146137787056368
Bouchon PVC Ø40,18.0,108.0,6,PLOMBERIE,0.018789144050104383,1.6910229645093944,10.146137787056366
Flexible gasoil 3/8 F/F 50cm,2.0,106.0,2,HYDRAULIQUE,0.0020876826722338203,0.1878914405010438,9.958246346555322
"""Flexible hydraulique 1/4 400bar 2M y compris les raccords""",21.0,105.0,6,HYDRAULIQUE,0.021920668058455117,1.9728601252609606,9.864300626304804
Bande adhésif aluminium armé,35.0,105.0,8,CLIMATISATION,0.03653444676409186,3.288100208768267,9.864300626304802
Té pvc Ø75,7.0,105.0,3,PLOMBERIE,0.007306889352818371,0.6576200417536534,9.864300626304802
Purgeur de Circuite hydraulique de PAC,1.0,105.0,1,CLIMATISATION,0.0010438413361169101,0.0939457202505219,9.8643006263048
Tube 75 CPVC HP,82.0,102.5,2,PLOMBERIE,0.08559498956158663,7.703549060542797,9.629436325678496
Vanne à 3 voies,10.0,100.0,1,CLIMATISATION,0.010438413361169102,0.9394572025052192,9.394572025052192
Jupiter 1L,100.0,100.0,2,PLOMBERIE,0.10438413361169102,9.394572025052192,9.394572025052192
Interrupteur double allumage étanche va et vient,40.0,100.0,1,ELECTRICITE,0.04175365344467641,3.757828810020877,9.394572025052192
La graisse à base de lithium EP2 MEDHUB,20.0,100.0,2,MECANIQUE,0.020876826722338204,1.8789144050104385,9.394572025052192
Vanne à papillon,20.0,100.0,2,PLOMBERIE,0.020876826722338204,1.8789144050104385,9.394572025052192
Interrupteur simple allumage va et vient blanc,40.0,100.0,1,ELECTRICITE,0.04175365344467641,3.757828810020877,9.394572025052192
Fusible gG 100A 22X58 500V,25.0,100.0,1,ELECTRICITE,0.026096033402922755,2.348643006263048,9.394572025052192
Y pvc Ø100,5.0,100.0,3,PLOMBERIE,0.005219206680584551,0.4697286012526096,9.394572025052192
Interrupteur double allumage étanche,40.0,100.0,1,ELECTRICITE,0.04175365344467641,3.757828810020877,9.394572025052192
Bouton poussoir NO MEDHUB,20.0,100.0,1,ELECTRICITE,0.020876826722338204,1.8789144050104385,9.394572025052192
Compresseur 9000,5.0,100.0,1,CLIMATISATION,0.005219206680584551,0.4697286012526096,9.394572025052192
Interrupteur double allumage va et vient blanc,40.0,100.0,1,ELECTRICITE,0.04175365344467641,3.757828810020877,9.394572025052192
Mamelon plastique mâle-mâle 1/2,5.0,100.0,3,PLOMBERIE,0.005219206680584551,0.4697286012526096,9.394572025052192
Disjoncteur différentiel 63 A 30mA Bipôle 220V,10.0,100.0,2,ELECTRICITE,0.010438413361169102,0.9394572025052192,9.394572025052192
Interrupteur double allumage blanc,40.0,100.0,1,ELECTRICITE,0.04175365344467641,3.757828810020877,9.394572025052192
Electrovanne,20.0,100.0,1,ELECTROMECANIQUE,0.020876826722338204,1.8789144050104385,9.394572025052192
Disjoncteur différentiel 63 A 300mA 4 Pôles 380V MEDHUB,10.0,100.0,2,ELECTRICITE,0.010438413361169102,0.9394572025052192,9.394572025052192
Fiche connecteur d'électrovanne,20.0,100.0,1,ELECTROMECANIQUE,0.020876826722338204,1.8789144050104385,9.394572025052192
Raccord union tournant,10.0,100.0,1,PLOMBERIE,0.010438413361169102,0.9394572025052192,9.394572025052192
Receveur de douche,10.0,100.0,1,PLOMBERIE,0.010438413361169102,0.9394572025052192,9.394572025052192
Bouchon pour collecteurs,20.0,100.0,2,PLOMBERIE,0.020876826722338204,1.8789144050104385,9.394572025052192
Toilette anglaise suspendu complète,1.0,100.0,1,PLOMBERIE,0.0010438413361169101,0.0939457202505219,9.39457202505219
Projecteur LED 100W MEDHUB,4.0,100.0,2,ELECTRICITE,0.0041753653444676405,0.3757828810020876,9.39457202505219
Condensateur de démarrage de 30 µf ,3.0,96.0,3,CLIMATISATION,0.003131524008350731,0.2818371607515658,9.018789144050105
Boite mural de prise carrée,12.0,96.0,7,ELECTRICITE,0.012526096033402923,1.1273486430062631,9.018789144050105
Kit de fixation pour cuvette standard,32.0,96.0,7,PLOMBERIE,0.033402922755741124,3.006263048016701,9.018789144050103
Té pvc Ø110,4.0,96.0,4,PLOMBERIE,0.0041753653444676405,0.3757828810020876,9.018789144050103
Vis hexagon socket head cap screw Ø 8,32.0,96.0,6,DIVERS,0.033402922755741124,3.006263048016701,9.018789144050103
Bouchon PVC Ø110,8.0,96.0,5,PLOMBERIE,0.008350730688935281,0.7515657620041752,9.018789144050103
HUILE HYDRAULIQUE 68 ,19.0,95.0,4,HYDRAULIQUE,0.019832985386221295,1.7849686847599167,8.924843423799583
Baguette de brasure de l'acier,6.0,90.0,1,MECANIQUE,0.006263048016701462,0.5636743215031316,8.455114822546973
Raccord retube chrome 20*1/2 Femelle,3.0,90.0,3,PLOMBERIE,0.003131524008350731,0.2818371607515658,8.455114822546973
Adaptateur bande LED,2.0,90.0,2,ELECTRICITE,0.0020876826722338203,0.1878914405010438,8.455114822546971
Réduction PVC Ø100/75,9.0,90.0,5,PLOMBERIE,0.009394572025052192,0.8455114822546972,8.455114822546971
Contacteur auxiliaire 380V,9.0,90.0,5,ELECTRICITE,0.009394572025052192,0.8455114822546972,8.455114822546971
Tube PVC  Ø50,9.0,90.0,5,PLOMBERIE,0.009394572025052192,0.8455114822546972,8.455114822546971
Condensateur de marche de ventilo convecteur,1.0,87.0,1,CLIMATISATION,0.0010438413361169101,0.0939457202505219,8.173277661795407
Moulure auto-adhésive MEDHUB,1.0,87.0,1,ELECTRICITE,0.0010438413361169101,0.0939457202505219,8.173277661795407
Tube PVC Ø40,8.5,85.0,3,PLOMBERIE,0.008872651356993737,0.7985386221294364,7.985386221294364
"Té polyéthylène Ø32*1"" FEMELLE",2.0,84.0,2,PLOMBERIE,0.0020876826722338203,0.1878914405010438,7.89144050104384
vanne à 4voies,8.0,81.6,1,CLIMATISATION,0.008350730688935281,0.7515657620041752,7.665970772442587
Collier de fixation tube Ø75,10.0,80.0,5,PLOMBERIE,0.010438413361169102,0.9394572025052192,7.515657620041754
Vanne metalique Ø 25,1.0,80.0,1,PLOMBERIE,0.0010438413361169101,0.0939457202505219,7.515657620041752
coude égale 45 ppr 32,16.0,80.0,2,PLOMBERIE,0.016701461377870562,1.5031315240083505,7.515657620041752
Paumelle de porte bois,13.0,78.0,10,MENUISERIE,0.013569937369519834,1.221294363256785,7.32776617954071
Bouchon galvanisée -male 3/4- D25,11.0,77.0,4,PLOMBERIE,0.011482254697286013,1.033402922755741,7.233820459290188
Panel LED 60X60 40W 6000K .H,3.0,75.0,1,ELECTRICITE,0.003131524008350731,0.2818371607515658,7.045929018789145
Répartiteur 100A,1.0,75.0,1,ELECTRICITE,0.0010438413361169101,0.0939457202505219,7.045929018789143
Panel LED apparent carre à 18W 6500 K,37.0,74.0,8,ELECTRICITE,0.038622129436325675,3.475991649269311,6.951983298538622
Scotche noir,10.0,70.0,7,ELECTRICITE,0.010438413361169102,0.9394572025052192,6.576200417536535
Tube 40 CPVC HP,56.0,70.0,2,PLOMBERIE,0.05845511482254697,5.260960334029227,6.576200417536534
Détecteur de mouvement encastré MEDHUB,7.0,70.0,5,ELECTRICITE,0.007306889352818371,0.6576200417536534,6.576200417536534
Huile HD50,1.0,70.0,1,MECANIQUE,0.0010438413361169101,0.0939457202505219,6.576200417536533
Fiche mâle et femelle 2P+T // L.A.P - 16A-250v,3.0,69.0,1,INCENDIE,0.003131524008350731,0.2818371607515658,6.482254697286013
ECROUS Ø18,30.0,66.0,1,DIVERS,0.031315240083507306,2.8183716075156577,6.200417536534448
Paire fixation toilette,11.0,66.0,7,PLOMBERIE,0.011482254697286013,1.033402922755741,6.200417536534447
Réduction PVC Ø100/40,6.0,66.0,6,PLOMBERIE,0.006263048016701462,0.5636743215031316,6.200417536534447
Mamelon en laiton,13.0,65.0,3,PLOMBERIE,0.013569937369519834,1.221294363256785,6.106471816283925
Disjoncteur 1P 20A,1.0,65.0,1,ELECTRICITE,0.0010438413361169101,0.0939457202505219,6.106471816283924
CHEVILLES METALLIQUE Ø12 .F,32.0,64.0,5,DIVERS,0.033402922755741124,3.006263048016701,6.012526096033402
Raccord polyéthylène Ø25,2.0,62.0,1,PLOMBERIE,0.0020876826722338203,0.1878914405010438,5.824634655532358
Ferme porte avec bras MEDHUB,3.0,60.0,2,MENUISERIE,0.003131524008350731,0.2818371607515658,5.6367432150313155
Té polyéthylène Ø63,3.0,60.0,3,PLOMBERIE,0.003131524008350731,0.2818371607515658,5.6367432150313155
Support split,12.0,60.0,2,CLIMATISATION,0.012526096033402923,1.1273486430062631,5.6367432150313155
Gaz 134 12 KG,3.0,60.0,1,CLIMATISATION,0.003131524008350731,0.2818371607515658,5.6367432150313155
Douille B22 MEDHUB,30.0,60.0,5,ELECTRICITE,0.031315240083507306,2.8183716075156577,5.6367432150313155
Réduction PVC Ø75-40,10.0,60.0,3,PLOMBERIE,0.010438413361169102,0.9394572025052192,5.6367432150313155
pressostat BP (Basse pression),12.0,60.0,1,CLIMATISATION,0.012526096033402923,1.1273486430062631,5.6367432150313155
Douille E40 MEDHUB,6.0,60.0,2,ELECTRICITE,0.006263048016701462,0.5636743215031316,5.6367432150313155
Produit adoucisseur 30L,15.0,60.0,1,CLIMATISATION,0.015657620041753653,1.4091858037578289,5.6367432150313155
Collier de fixation tube Ø110,5.0,60.0,3,PLOMBERIE,0.005219206680584551,0.4697286012526096,5.6367432150313155
Joint d'étanchéité latéral pour porte sectionnelle,6.0,60.0,2,ELECTROMECANIQUE,0.006263048016701462,0.5636743215031316,5.6367432150313155
Bande adhésif aluminium armé MEDHUB,20.0,60.0,6,CLIMATISATION,0.020876826722338204,1.8789144050104385,5.6367432150313155
Culotte 45 40 PVC HP,1.0,60.0,1,PLOMBERIE,0.0010438413361169101,0.0939457202505219,5.636743215031315
Siphon de sol anti-odeur inoxydable MEDHUB,1.0,60.0,1,PLOMBERIE,0.0010438413361169101,0.0939457202505219,5.636743215031315
Culotte 45 40 PVC HP MEDHUB,1.0,60.0,1,PLOMBERIE,0.0010438413361169101,0.0939457202505219,5.636743215031315
Tube LED (T5) G13 18W 6500K,75.0,58.5,3,ELECTRICITE,0.07828810020876827,7.045929018789144,5.495824634655532
Condensateur 60 µf,1.0,55.0,1,CLIMATISATION,0.0010438413361169101,0.0939457202505219,5.167014613778705
Condensateur 25 µf,1.0,55.0,1,CLIMATISATION,0.0010438413361169101,0.0939457202505219,5.167014613778705
Flexible hydraulique 1/4 400bar 2M y compris les raccords MEDHUB,11.0,55.0,2,HYDRAULIQUE,0.011482254697286013,1.033402922755741,5.167014613778705
Cache prise Goulotte,2.0,54.0,1,ELECTRICITE,0.0020876826722338203,0.1878914405010438,5.073068893528183
Tube PVC Ø75,33.0,53.0,4,PLOMBERIE,0.03444676409185804,3.1002087682672235,4.979123173277662
Demi cylindre de serrure MEDHUB,4.0,52.0,2,MENUISERIE,0.0041753653444676405,0.3757828810020876,4.885177453027139
Coude polyéthylène Ø40,3.0,51.0,3,PLOMBERIE,0.003131524008350731,0.2818371607515658,4.791231732776619
TEST,10.0,50.0,1,PLOMBERIE,0.010438413361169102,0.9394572025052192,4.697286012526096
Fiche connecteur d'électrovanne  MEDHUB,10.0,50.0,1,ELECTRICITE,0.010438413361169102,0.9394572025052192,4.697286012526096
Tube PPR 63,10.0,50.0,1,PLOMBERIE,0.010438413361169102,0.9394572025052192,4.697286012526096
Raccord cuivre 1/2,2.0,50.0,1,CLIMATISATION,0.0020876826722338203,0.1878914405010438,4.697286012526095
"Cuivre avec arma Flex 1/2, 1/4 rouleau 20m MEDHUB",1.0,50.0,1,CLIMATISATION,0.0010438413361169101,0.0939457202505219,4.697286012526095
Té polyéthylène Ø40,3.0,45.0,2,PLOMBERIE,0.003131524008350731,0.2818371607515658,4.227557411273486
Coude pvc  Ø75/87°,5.0,45.0,2,PLOMBERIE,0.005219206680584551,0.4697286012526096,4.227557411273486
Dominaux de connexion bande led,4.0,44.0,3,ELECTRICITE,0.0041753653444676405,0.3757828810020876,4.133611691022963
Drapeau personnalisé,7.0,41.089999999999996,2,DIVERS,0.007306889352818371,0.6576200417536534,3.860229645093945
Embout en plastique,90.0,40.5,2,DIVERS,0.09394572025052192,8.455114822546973,3.804801670146138
Interrupteur bouton poussoir,10.0,40.0,1,ELECTRICITE,0.010438413361169102,0.9394572025052192,3.757828810020877
"Colliers de serrage 4,7X370mm 100PCS MEDHUB",1.0,40.0,1,DIVERS,0.0010438413361169101,0.0939457202505219,3.757828810020876
Barre anti panique MEDHUB,2.0,40.0,1,MENUISERIE,0.0020876826722338203,0.1878914405010438,3.757828810020876
Siphon de sol  plastique 20*20 Sans cache,1.0,40.0,1,PLOMBERIE,0.0010438413361169101,0.0939457202505219,3.757828810020876
Mécanisme de fermeture SEVAX MINOS +  MEDHUB,2.0,40.0,2,MENUISERIE,0.0020876826722338203,0.1878914405010438,3.757828810020876
barette de connexion  100 pcs,4.0,40.0,3,ELECTRICITE,0.0041753653444676405,0.3757828810020876,3.757828810020876
Contacteur auxiliaire 220V,4.0,40.0,2,ELECTRICITE,0.0041753653444676405,0.3757828810020876,3.757828810020876
Fusible 80A - AM  Ø22*58,3.0,39.0,2,ELECTRICITE,0.003131524008350731,0.2818371607515658,3.6638830897703554
Coude 90 40 PVC HP,29.0,36.25,10,PLOMBERIE,0.030271398747390398,2.7244258872651357,3.4055323590814197
Support de prise double 45*45,2.0,36.0,1,ELECTRICITE,0.0020876826722338203,0.1878914405010438,3.3820459290187888
Collier de fixation tube Ø50,7.0,35.0,2,PLOMBERIE,0.007306889352818371,0.6576200417536534,3.288100208768267
Raccord retube chrome 20*1/2 Male,2.0,32.0,2,PLOMBERIE,0.0020876826722338203,0.1878914405010438,3.006263048016701
Vis de poignée MALE - FEMELLE,4.0,32.0,4,MENUISERIE,0.0041753653444676405,0.3757828810020876,3.006263048016701
Tube 110 CPVC HP,25.0,31.25,2,PLOMBERIE,0.026096033402922755,2.348643006263048,2.93580375782881
Bouchon PVC Ø50,5.0,30.0,5,PLOMBERIE,0.005219206680584551,0.4697286012526096,2.8183716075156577
Poignée porte en acier (Pair) MEDHUB ,3.0,30.0,2,MENUISERIE,0.003131524008350731,0.2818371607515658,2.8183716075156577
REDUCTION 75/40 DOUBLE SORTIE,3.0,30.0,1,PLOMBERIE,0.003131524008350731,0.2818371607515658,2.8183716075156577
Tige fileté Ø10mm,3.0,30.0,3,DIVERS,0.003131524008350731,0.2818371607515658,2.8183716075156577
Flexible toilette 100 CM .H,3.0,30.0,1,PLOMBERIE,0.003131524008350731,0.2818371607515658,2.8183716075156577
Fiche mâle mobile 3P+N+T 32A MEDHUB,3.0,30.0,1,ELECTRICITE,0.003131524008350731,0.2818371607515658,2.8183716075156577
Embout fil électrique,200.0,30.0,2,ELECTRICITE,0.20876826722338204,18.789144050104383,2.8183716075156573
ADJUVANT ACCELERATEUR DE PRISE,1.0,30.0,1,CONSTRUCTION,0.0010438413361169101,0.0939457202505219,2.8183716075156573
"Réduction laiton 1""*3/4",1.0,30.0,1,PLOMBERIE,0.0010438413361169101,0.0939457202505219,2.8183716075156573
Culotte 40 45 CPVC HP,23.0,28.75,4,PLOMBERIE,0.024008350730688934,2.1607515657620042,2.700939457202505
Té PPR  Ø20,3.0,27.0,1,PLOMBERIE,0.003131524008350731,0.2818371607515658,2.536534446764092
Huile hydraulique 46,5.0,25.0,1,HYDRAULIQUE,0.005219206680584551,0.4697286012526096,2.348643006263048
Huile hydraulique 68 MEDHUB,5.0,25.0,1,HYDRAULIQUE,0.005219206680584551,0.4697286012526096,2.348643006263048
Coude 90 40 CPVC HP,20.0,25.0,2,PLOMBERIE,0.020876826722338204,1.8789144050104385,2.348643006263048
Cadres Legrand 4P,1.0,25.0,1,ELECTRICITE,0.0010438413361169101,0.0939457202505219,2.3486430062630475
Prise RJ45 LAP,1.0,25.0,1,ELECTRICITE,0.0010438413361169101,0.0939457202505219,2.3486430062630475
Raccord polyéthylène Ø20,3.0,24.0,2,PLOMBERIE,0.003131524008350731,0.2818371607515658,2.2546972860125263
Monchon a sertir cuivre Ø25L 5M,6.0,24.0,1,ELECTRICITE,0.006263048016701462,0.5636743215031316,2.2546972860125263
Mamelon reduction 3/4 1/2,2.0,24.0,2,PLOMBERIE,0.0020876826722338203,0.1878914405010438,2.254697286012526
Collier Ø35 atlas,2.0,24.0,1,DIVERS,0.0020876826722338203,0.1878914405010438,2.254697286012526
Kit Joint 1/2 3/4 2/8,11.0,22.0,2,PLOMBERIE,0.011482254697286013,1.033402922755741,2.066805845511482
Revit  ,20.0,20.0,1,DIVERS,0.020876826722338204,1.8789144050104385,1.8789144050104385
prise de courant complet plinthes,4.0,20.0,2,ELECTRICITE,0.0041753653444676405,0.3757828810020876,1.878914405010438
"TIREFOND  AUTOPERCEUR 100 PCS 6,3X100",1.0,20.0,1,DIVERS,0.0010438413361169101,0.0939457202505219,1.878914405010438
Bouchon 75 PVC HP,2.0,20.0,1,PLOMBERIE,0.0020876826722338203,0.1878914405010438,1.878914405010438
"TIREFOND  AUTOPERCEUR 100 PCS 5,5X80",1.0,20.0,1,DIVERS,0.0010438413361169101,0.0939457202505219,1.878914405010438
Té femelle PPR 32,4.0,20.0,1,PLOMBERIE,0.0041753653444676405,0.3757828810020876,1.878914405010438
Disjoncteur différentiel 32 A 300mA 4 Pôles 380V,2.0,20.0,1,ELECTRICITE,0.0020876826722338203,0.1878914405010438,1.878914405010438
Cosse à sertir  D25 MEDHUB,4.0,20.0,1,ELECTRICITE,0.0041753653444676405,0.3757828810020876,1.878914405010438
Disjoncteur moteur 15KW,2.0,20.0,1,ELECTRICITE,0.0020876826722338203,0.1878914405010438,1.878914405010438
Té polyéthylène Ø25,2.0,20.0,2,PLOMBERIE,0.0020876826722338203,0.1878914405010438,1.878914405010438
Coude PPR Ø32,1.0,19.0,1,PLOMBERIE,0.0010438413361169101,0.0939457202505219,1.7849686847599162
Condensateur 08 µf,1.0,19.0,1,CLIMATISATION,0.0010438413361169101,0.0939457202505219,1.7849686847599162
Y pvc Ø50,6.0,18.0,6,PLOMBERIE,0.006263048016701462,0.5636743215031316,1.6910229645093948
Réduction PVC Ø75-50,3.0,18.0,2,PLOMBERIE,0.003131524008350731,0.2818371607515658,1.6910229645093948
Starters S10 /S2 MAZDA,4.0,16.0,3,ELECTRICITE,0.0041753653444676405,0.3757828810020876,1.5031315240083505
Teinte bleu,1.0,16.0,1,PEINTURE,0.0010438413361169101,0.0939457202505219,1.5031315240083505
Joint fibre 3/4 clim,4.0,16.0,1,CLIMATISATION,0.0041753653444676405,0.3757828810020876,1.5031315240083505
te égale ppr 32,3.0,15.0,2,PLOMBERIE,0.003131524008350731,0.2818371607515658,1.4091858037578289
Brosse métallique pour brossage bordure,1.0,15.0,1,DIVERS,0.0010438413361169101,0.0939457202505219,1.4091858037578286
Panel LED apparent rond à 18W 6500 K,7.0,14.0,3,ELECTRICITE,0.007306889352818371,0.6576200417536534,1.3152400835073068
Flexible d'evacuation Lavabo Ø32,1.0,14.0,1,PLOMBERIE,0.0010438413361169101,0.0939457202505219,1.3152400835073066
Douille GU5,50.0,12.5,1,ELECTRICITE,0.05219206680584551,4.697286012526096,1.174321503131524
Coude 75 90 CPVC HP,10.0,12.5,3,PLOMBERIE,0.010438413361169102,0.9394572025052192,1.174321503131524
Y pvc Ø32,1.0,12.0,1,PLOMBERIE,0.0010438413361169101,0.0939457202505219,1.127348643006263
Tige Inox 1M Ø8,1.0,12.0,1,DIVERS,0.0010438413361169101,0.0939457202505219,1.127348643006263
Tube multicouches RETUBE MEDHUB,1.0,10.0,1,PLOMBERIE,0.0010438413361169101,0.0939457202505219,0.939457202505219
coude égale 90 PPR 63 ,2.0,10.0,1,PLOMBERIE,0.0020876826722338203,0.1878914405010438,0.939457202505219
Collier de fixation tube Ø100,1.0,10.0,1,PLOMBERIE,0.0010438413361169101,0.0939457202505219,0.939457202505219
Lampes LED B22 15W 6500K	,1.0,10.0,1,ELECTRICITE,0.0010438413361169101,0.0939457202505219,0.939457202505219
T  75 PEHD HP,1.0,10.0,1,PLOMBERIE,0.0010438413361169101,0.0939457202505219,0.939457202505219
coude égale 90 PPR 32,2.0,10.0,1,PLOMBERIE,0.0020876826722338203,0.1878914405010438,0.939457202505219
Y pvc Ø40,3.0,9.0,2,PLOMBERIE,0.003131524008350731,0.2818371607515658,0.8455114822546974
Té pvc Ø32,1.0,8.0,1,PLOMBERIE,0.0010438413361169101,0.0939457202505219,0.7515657620041752
Cosse 95,1.0,7.0,1,ELECTRICITE,0.0010438413361169101,0.0939457202505219,0.6576200417536533
KIT DE FIXATION POUR CUVETTE STANDARD MEDHUB,2.0,6.0,1,PLOMBERIE,0.0020876826722338203,0.1878914405010438,0.5636743215031315
Joint robinet 3/4,5.0,5.0,3,PLOMBERIE,0.005219206680584551,0.4697286012526096,0.4697286012526096
Ecrou D16,3.0,3.0,1,DIVERS,0.003131524008350731,0.2818371607515658,0.2818371607515658
Bouchon 40 PVC HP,1.0,3.0,1,PLOMBERIE,0.0010438413361169101,0.0939457202505219,0.28183716075156573
CULOTTE PVC D40,2.0,2.5,1,PLOMBERIE,0.0020876826722338203,0.1878914405010438,0.23486430062630476
Interrupteur double allumage blanc MEDHUB,1.0,2.5,1,ELECTRICITE,0.0010438413361169101,0.0939457202505219,0.23486430062630476
Abattant  sanitaire suspendu,3.0,0.0,3,PLOMBERIE,0.003131524008350731,0.2818371607515658,0.0
Vis de bois,255.0,0.0,14,MENUISERIE,0.2661795407098121,23.956158663883087,0.0
Chaines de 5 maillons DN40mm,6.0,0.0,1,MECANIQUE,0.006263048016701462,0.5636743215031316,0.0
Chaine de 9 maillons DN40mm,8.0,0.0,1,MECANIQUE,0.008350730688935281,0.7515657620041752,0.0
Amourtisseur  bouclier SPC 1200 G2.8,1.0,0.0,1,MECANIQUE,0.0010438413361169101,0.0939457202505219,0.0
Presse etoupe D29,1.0,0.0,1,ELECTRICITE,0.0010438413361169101,0.0939457202505219,0.0
Chaine de 7 maillons DN40mm,6.0,0.0,1,MECANIQUE,0.006263048016701462,0.5636743215031316,0.0
Amourtisseur Bouclier  HC 1150H + Bouclier,5.0,0.0,1,MECANIQUE,0.005219206680584551,0.4697286012526096,0.0
Amourtisseur HC 1150H,3.0,0.0,1,MECANIQUE,0.003131524008350731,0.2818371607515658,0.0
transformateur 12v,4.0,0.0,3,ELECTRICITE,0.0041753653444676405,0.3757828810020876,0.0
Chaine de 7 maillons DN35mm,10.0,0.0,1,MECANIQUE,0.010438413361169102,0.9394572025052192,0.0
Chaine de 6 maillons DN50mm,10.0,0.0,1,MECANIQUE,0.010438413361169102,0.9394572025052192,0.0
Cheville plastique avec visØ 12,51.0,0.0,3,DIVERS,0.05323590814196242,4.791231732776618,0.0
Amourtiseur bouclier  SCN 1200 E2.9,1.0,0.0,1,MECANIQUE,0.0010438413361169101,0.0939457202505219,0.0
"Rouler 24 V ""ALLEN-BRADLEY""",4.0,0.0,1,ELECTRICITE,0.0041753653444676405,0.3757828810020876,0.0
Contacteur SIEMENS,1.0,0.0,1,ELECTRICITE,0.0010438413361169101,0.0939457202505219,0.0
"Presostat de pression - Huile ""NORGREN"" -Rampe-",1.0,0.0,1,ELECTROMECANIQUE,0.0010438413361169101,0.0939457202505219,0.0
Porte papier hygienique petite forme inox,6.0,0.0,2,PLOMBERIE,0.006263048016701462,0.5636743215031316,0.0
Chaine de 5 mailons DN40mm,13.0,0.0,1,MECANIQUE,0.013569937369519834,1.221294363256785,0.0
Cosse 70,8.0,0.0,1,ELECTRICITE,0.008350730688935281,0.7515657620041752,0.0
Plaque antifrictions de dimensions de dimensions 700x220x40,6.0,0.0,1,MECANIQUE,0.006263048016701462,0.5636743215031316,0.0
Vigi disjoncteur compact 4P,3.0,0.0,1,ELECTRICITE,0.003131524008350731,0.2818371607515658,0.0
Platine d’assemblage des chaines de défenses SCN 1200 E2.9,2.0,0.0,1,MECANIQUE,0.0020876826722338203,0.1878914405010438,0.0
Amourtiseur Bouclier SCN 1200 E3.0,1.0,0.0,1,MECANIQUE,0.0010438413361169101,0.0939457202505219,0.0
Plaque de signalisation Toilette,20.0,0.0,1,DIVERS,0.020876826722338204,1.8789144050104385,0.0
Amourtiseur Bouclier   SCN 1200 E1.6,1.0,0.0,1,MECANIQUE,0.0010438413361169101,0.0939457202505219,0.0
Plaque antifrictions de dimensions de dimensions 720x167x40,86.0,0.0,1,MECANIQUE,0.08977035490605428,8.079331941544886,0.0
Plaque antifrictions de dimensions de dimensions 700x300x40,12.0,0.0,1,MECANIQUE,0.012526096033402923,1.1273486430062631,0.0
Condensateur de demarage 200µf,1.0,0.0,1,ELECTRICITE,0.0010438413361169101,0.0939457202505219,0.0
Vis SPAX Ø6*60,231.0,0.0,15,MENUISERIE,0.24112734864300625,21.70146137787056,0.0
Rivet,870.0,0.0,8,DIVERS,0.9081419624217119,81.73277661795407,0.0
Chaine de 5 maillons DN50mm,8.0,0.0,1,MECANIQUE,0.008350730688935281,0.7515657620041752,0.0
"Axe de verrin ""RAMPE""",1.0,0.0,1,MECANIQUE,0.0010438413361169101,0.0939457202505219,0.0
Bouton poussoire vert,1.0,0.0,1,ELECTRICITE,0.0010438413361169101,0.0939457202505219,0.0
Bouton arrêt d'urgence XB5 AS542 (PASSERELLE),1.0,0.0,1,ELECTRICITE,0.0010438413361169101,0.0939457202505219,0.0
Boulon fusible à 300 Tonnes,44.0,0.0,1,MECANIQUE,0.04592901878914405,4.133611691022964,0.0
Boulon fusible à 200 Tonnes,50.0,0.0,2,MECANIQUE,0.05219206680584551,4.697286012526096,0.0
Boulon fusible à 150 Tonnes,76.0,0.0,1,MECANIQUE,0.07933194154488518,7.139874739039667,0.0
Boulon fusible à 100 Tonnes,54.0,0.0,1,MECANIQUE,0.05636743215031315,5.073068893528184,0.0
Boulon de fixation de clôture,90.0,0.0,1,DIVERS,0.09394572025052192,8.455114822546973,0.0
Boulon Fusible à 30 Tonnes,24.0,0.0,1,MECANIQUE,0.025052192066805846,2.2546972860125263,0.0
Reducteur pvc 160*110,1.0,0.0,1,PLOMBERIE,0.0010438413361169101,0.0939457202505219,0.0
Baguette de soudage R10 D2.5,1400.0,0.0,1,MECANIQUE,1.4613778705636744,131.5240083507307,0.0
Robinet temporisé vasque ,1.0,0.0,1,PLOMBERIE,0.0010438413361169101,0.0939457202505219,0.0
Bollard à 300 Tonnes + platine,1.0,0.0,1,MECANIQUE,0.0010438413361169101,0.0939457202505219,0.0
Bollard à 150 Tonnes + platine,2.0,0.0,1,MECANIQUE,0.0020876826722338203,0.1878914405010438,0.0
Bollard à 100 Tonnes pour quai Vrac TM2,3.0,0.0,1,MECANIQUE,0.003131524008350731,0.2818371607515658,0.0
Bollard à 100 Tonnes + platine,3.0,0.0,1,MECANIQUE,0.003131524008350731,0.2818371607515658,0.0
Scotche special NOIR,4.0,0.0,3,DIVERS,0.0041753653444676405,0.3757828810020876,0.0
Amourtisseur bouclier  SPC 1600 G2.5,4.0,0.0,1,MECANIQUE,0.0041753653444676405,0.3757828810020876,0.0
Chaine de 5 maillons DN30mm,10.0,0.0,1,MECANIQUE,0.010438413361169102,0.9394572025052192,0.0
Rondelle Ø08 mm,40.0,0.0,3,DIVERS,0.04175365344467641,3.757828810020877,0.0
Chaine de 23 maillons DN35mm,8.0,0.0,2,MECANIQUE,0.008350730688935281,0.7515657620041752,0.0
Chaine de 21 maillons DN28mm,12.0,0.0,1,MECANIQUE,0.012526096033402923,1.1273486430062631,0.0
Boitier de bouton poussoir,1.0,0.0,1,ELECTRICITE,0.0010438413361169101,0.0939457202505219,0.0
Chaine de 15 maillons DN38mm,10.0,0.0,1,MECANIQUE,0.010438413361169102,0.9394572025052192,0.0
Amourtisseur bouclier  SCN 1000 E3.0,1.0,0.0,1,MECANIQUE,0.0010438413361169101,0.0939457202505219,0.0
Chaine de 15 maillons DN32mm,8.0,0.0,1,MECANIQUE,0.008350730688935281,0.7515657620041752,0.0
Chaine de 14 maillons DN35mm,10.0,0.0,1,MECANIQUE,0.010438413361169102,0.9394572025052192,0.0
Chaine de 13 maillons DN50mm,7.0,0.0,1,MECANIQUE,0.007306889352818371,0.6576200417536534,0.0
Chaine de 11 mailons DN45mm,10.0,0.0,1,MECANIQUE,0.010438413361169102,0.9394572025052192,0.0
Carrelage NOIR 60*30 cm,805.0,0.0,1,DIVERS,0.8402922755741128,75.62630480167014,0.0
Amourtisseur bouclier  SCN 1600 E1.5,1.0,0.0,1,MECANIQUE,0.0010438413361169101,0.0939457202505219,0.0
Produit d'accrochage de reflecteur de route,13.0,0.0,1,DIVERS,0.013569937369519834,1.221294363256785,0.0
Cable de levage,4.0,0.0,1,MECANIQUE,0.0041753653444676405,0.3757828810020876,0.0
Cable armé Ø4*16MM2,80.0,0.0,1,ELECTRICITE,0.08350730688935282,7.515657620041754,0.0
Cable armé cuivre Ø5*4MM2,105.0,0.0,2,ELECTRICITE,0.10960334029227557,9.864300626304802,0.0
Cable  Ø4*10MM2,60.0,0.0,3,ELECTRICITE,0.06263048016701461,5.6367432150313155,0.0
Disjoncteur 3P 32A,1.0,0.0,1,ELECTRICITE,0.0010438413361169101,0.0939457202505219,0.0
Plaque antifrictions de dimensions de dimensions 306x134x40,18.0,0.0,1,MECANIQUE,0.018789144050104383,1.6910229645093944,0.0
Fourniture et pose de lettre en tôle galvanisé pour les dtructures décoratives de giratoire de l'autoroute (¿¿),1.0,0.0,1,DIVERS,0.0010438413361169101,0.0939457202505219,0.0
Tige de fixation,14.0,0.0,2,DIVERS,0.014613778705636743,1.3152400835073068,0.0
Fourniture et pose de lettre en tôle galvanisé pour les dtructures décoratives de giratoire de l'autoroute (t),1.0,0.0,1,DIVERS,0.0010438413361169101,0.0939457202505219,0.0
Plaque antifrictions de dimensions  1095x828x40,93.0,0.0,1,MECANIQUE,0.09707724425887265,8.736951983298539,0.0
Fourniture et pose de lettre en tôle galvanisé pour les dtructures décoratives de giratoire de l'autoroute (r),2.0,0.0,1,DIVERS,0.0020876826722338203,0.1878914405010438,0.0
Fourniture et pose de lettre en tôle galvanisé pour les dtructures décoratives de giratoire de l'autoroute (port en arab),2.0,0.0,2,DIVERS,0.0020876826722338203,0.1878914405010438,0.0
Fourniture et pose de lettre en tôle galvanisé pour les dtructures décoratives de giratoire de l'autoroute (o),1.0,0.0,1,DIVERS,0.0010438413361169101,0.0939457202505219,0.0
Fourniture et pose de lettre en tôle galvanisé pour les dtructures décoratives de giratoire de l'autoroute (n),1.0,0.0,1,DIVERS,0.0010438413361169101,0.0939457202505219,0.0
Toilette moderne d'occasion,12.0,0.0,1,PLOMBERIE,0.012526096033402923,1.1273486430062631,0.0
Tranformateur 220 - 24v,1.0,0.0,1,ELECTRICITE,0.0010438413361169101,0.0939457202505219,0.0
Fourniture et pose de lettre en tôle galvanisé pour les dtructures décoratives de giratoire de l'autoroute (med en arab),8.0,0.0,2,DIVERS,0.008350730688935281,0.7515657620041752,0.0
"Transformateur électronique ""WEIDMÜLLER"" 250 v/ 24v-10 A",1.0,0.0,1,ELECTRONIQUE,0.0010438413361169101,0.0939457202505219,0.0
Fourniture et pose de lettre en tôle galvanisé pour les dtructures décoratives de giratoire de l'autoroute (g),1.0,0.0,1,DIVERS,0.0010438413361169101,0.0939457202505219,0.0
Plaque antifrictions de dimensions  1395x868x40,102.0,0.0,1,MECANIQUE,0.10647181628392484,9.582463465553236,0.0
Fourniture et pose de lettre en tôle galvanisé pour les dtructures décoratives de giratoire de l'autoroute (e),3.0,0.0,2,DIVERS,0.003131524008350731,0.2818371607515658,0.0
Fourniture et pose de lettre en tôle galvanisé pour les dtructures décoratives de giratoire de l'autoroute (d),1.0,0.0,1,DIVERS,0.0010438413361169101,0.0939457202505219,0.0
Plaque antifrictions de dimensions  1700x865x40,98.0,0.0,1,MECANIQUE,0.1022964509394572,9.206680584551147,0.0
Fourniture et pose de lettre en tôle galvanisé pour les dtructures décoratives de giratoire de l'autoroute (a),1.0,0.0,1,DIVERS,0.0010438413361169101,0.0939457202505219,0.0
Fourniture et pose de lettre en tôle galvanisé pour les dtructures décoratives de giratoire de l'autoroute (T),1.0,0.0,1,DIVERS,0.0010438413361169101,0.0939457202505219,0.0
Fourniture et pose de lettre en tôle galvanisé pour les dtructures décoratives de giratoire de l'autoroute (D),1.0,0.0,1,DIVERS,0.0010438413361169101,0.0939457202505219,0.0
Fourniture et pose de lettre en tôle galvanisé pour les dtructures décoratives de giratoire de l'autoroute (¿),1.0,0.0,1,DIVERS,0.0010438413361169101,0.0939457202505219,0.0
Fourniture et pose de lettre en tôle galvanisé pour les dtructures décoratives de giratoire de l'autoroute (¿¿¿¿¿),1.0,0.0,1,DIVERS,0.0010438413361169101,0.0939457202505219,0.0
Plaque antifrictions de dimensions de dimensions 300x220x40,11.0,0.0,1,MECANIQUE,0.011482254697286013,1.033402922755741,0.0
"Fourniture et pose par M2S ""TMPA_CT_78_2020"" Déclencheur manuel NEMO112A",2.0,0.0,2,INCENDIE,0.0020876826722338203,0.1878914405010438,0.0
Manille droite de diamètre DN45mm,27.0,0.0,1,MECANIQUE,0.028183716075156576,2.536534446764092,0.0
Manille lyre de diamètre DN35mm,34.0,0.0,1,MECANIQUE,0.03549060542797495,3.1941544885177455,0.0
Manille lyre de diamètre DN38mm,29.0,0.0,1,MECANIQUE,0.030271398747390398,2.7244258872651357,0.0
Manille droite de diamètre DN35mm,31.0,0.0,1,MECANIQUE,0.032359081419624215,2.9123173277661794,0.0
Manille droite de diamètre DN32mm,35.0,0.0,1,MECANIQUE,0.03653444676409186,3.288100208768267,0.0
Mamelon cuivre Ø3/4,2.0,0.0,1,PLOMBERIE,0.0020876826722338203,0.1878914405010438,0.0
Lampe feu d'alignement 150W,3.0,0.0,3,BALISAGE MARITIME,0.003131524008350731,0.2818371607515658,0.0
Lampe T8 LED  9W,6.0,0.0,1,ELECTRICITE,0.006263048016701462,0.5636743215031316,0.0
Lampe E27 LED 9W Ingelec,60.0,0.0,10,ELECTRICITE,0.06263048016701461,5.6367432150313155,0.0
Monchon cheville Ø10,50.0,0.0,4,DIVERS,0.05219206680584551,4.697286012526096,0.0
Joint torique de verrin,1.0,0.0,1,MECANIQUE,0.0010438413361169101,0.0939457202505219,0.0
Moteur de centrale hydraulique,1.0,0.0,1,MECANIQUE,0.0010438413361169101,0.0939457202505219,0.0
Indicateur BASCULE EXA,3.0,0.0,3,ELECTRONIQUE,0.003131524008350731,0.2818371607515658,0.0
Imprimante de BASCULE  - Marque :MK@IURI,5.0,0.0,5,ELECTRONIQUE,0.005219206680584551,0.4697286012526096,0.0
"Panneau ""Vitesse -20-""",2.0,0.0,1,PANNEAUX DE SIGNALISATION,0.0020876826722338203,0.1878914405010438,0.0
"Panneau LED ""Barriére de train""",2.0,0.0,1,PANNEAUX DE SIGNALISATION,0.0020876826722338203,0.1878914405010438,0.0
"Piton ouvert zingue VIS ""L""",21.0,0.0,2,DIVERS,0.021920668058455117,1.9728601252609606,0.0
Fusible 63A - gG Ø22*58,3.0,0.0,3,ELECTRICITE,0.003131524008350731,0.2818371607515658,0.0
"Fourniture et pose par M2S ""TMPA_CT_78_2020"" Détecteur thermiques adressable - Marque :TECNOFIRE",1.0,0.0,1,INCENDIE,0.0010438413361169101,0.0939457202505219,0.0
"Fléxible 3/8 ""coude-coude"" 1,5M",1.0,0.0,1,ELECTROMECANIQUE,0.0010438413361169101,0.0939457202505219,0.0
"Fléxible 3/4 ""simple-simple"" 2M",4.0,0.0,1,ELECTROMECANIQUE,0.0041753653444676405,0.3757828810020876,0.0
Plaque antifrictions de dimensions  1873x350x40,96.0,0.0,1,MECANIQUE,0.10020876826722339,9.018789144050105,0.0
Plaque antifrictions de dimensions  828x102x40,89.0,0.0,1,MECANIQUE,0.09290187891440502,8.36116910229645,0.0
Plaque antifrictions de dimensions 1285x1247x40,312.0,0.0,1,MECANIQUE,0.325678496868476,29.31106471816284,0.0
Déclencheur Manuel Adressable - Marque :TECNOFIRE,18.0,0.0,5,INCENDIE,0.018789144050104383,1.6910229645093944,0.0
Plaque antifrictions de dimensions 1285x365x40,180.0,0.0,1,MECANIQUE,0.18789144050104384,16.910229645093946,0.0
Plaque antifrictions de dimensions de dimensions 1000x1000x40,14.0,0.0,1,MECANIQUE,0.014613778705636743,1.3152400835073068,0.0
Siphon de sol  inox 15*15 sans cache,4.0,0.0,2,PLOMBERIE,0.0041753653444676405,0.3757828810020876,0.0
Plaque antifrictions de dimensions de dimensions 1000x220x40,18.0,0.0,1,MECANIQUE,0.018789144050104383,1.6910229645093944,0.0
Plaque antifrictions de dimensions de dimensions 1000x300x40,12.0,0.0,1,MECANIQUE,0.012526096033402923,1.1273486430062631,0.0
Disjoncteur 4P 10A,1.0,0.0,1,ELECTRICITE,0.0010438413361169101,0.0939457202505219,0.0
Manille droite de diamètre DN50mm,11.0,0.0,1,MECANIQUE,0.011482254697286013,1.033402922755741,0.0
Disjoncteur 2P 63A,1.0,0.0,1,ELECTRICITE,0.0010438413361169101,0.0939457202505219,0.0
Plaque antifrictions de dimensions de dimensions 1000x700x40,15.0,0.0,1,MECANIQUE,0.015657620041753653,1.4091858037578289,0.0
Diffuseurs sonore et lumineux (sérine avec feu flash) 105 dB,6.0,0.0,4,INCENDIE,0.006263048016701462,0.5636743215031316,0.0
Detecteur de mouvement,1.0,0.0,1,ELECTRICITE,0.0010438413361169101,0.0939457202505219,0.0
Plaque antifrictions de dimensions de dimensions 1044x172x40,25.0,0.0,1,MECANIQUE,0.026096033402922755,2.348643006263048,0.0
Plaque antifrictions de dimensions de dimensions 1044x335x40,45.0,0.0,1,MECANIQUE,0.04697286012526096,4.227557411273486,0.0
Plaque antifrictions de dimensions de dimensions 1044x720x40,97.0,0.0,1,MECANIQUE,0.10125260960334029,9.112734864300625,0.0
Plaque antifrictions de dimensions de dimensions 1054x360x40,130.0,0.0,1,MECANIQUE,0.13569937369519833,12.21294363256785,0.0
Plaque antifrictions de dimensions de dimensions 1220x1054x40,220.0,0.0,1,MECANIQUE,0.22964509394572025,20.66805845511482,0.0
Plaque antifrictions de dimensions de dimensions 134x114x40,15.0,0.0,1,MECANIQUE,0.015657620041753653,1.4091858037578289,0.0
Déclencheur manuel FM500,3.0,0.0,1,INCENDIE,0.003131524008350731,0.2818371607515658,0.0
Défense SCN 1000 E3.0,3.0,0.0,1,MECANIQUE,0.003131524008350731,0.2818371607515658,0.0
Défense SCN 1200 E1.6,3.0,0.0,1,MECANIQUE,0.003131524008350731,0.2818371607515658,0.0
Tube PVC Ø125,29.0,0.0,2,PLOMBERIE,0.030271398747390398,2.7244258872651357,0.0
Plaque antifrictions de dimensions  865x100x40,126.0,0.0,1,MECANIQUE,0.1315240083507307,11.837160751565762,0.0
Fixation fille berbère,88.0,0.0,1,DIVERS,0.0918580375782881,8.267223382045929,0.0
Plaque antifrictions de dimensions  868x102x40,113.0,0.0,1,MECANIQUE,0.11795407098121086,10.615866388308977,0.0
Plaque antifrictions de dimensions  958x100x40 droite,75.0,0.0,1,MECANIQUE,0.07828810020876827,7.045929018789144,0.0
Socle détecteur - Marque :MORLEY-IAS,11.0,0.0,1,INCENDIE,0.011482254697286013,1.033402922755741,0.0
Socle déclencheur manuel ESSER,4.0,0.0,2,INCENDIE,0.0041753653444676405,0.3757828810020876,0.0
Slotbout mushroomhead 8*148,823.0,0.0,1,DIVERS,0.8590814196242171,77.31732776617955,0.0
Slotbout a tete bombee 8*80,1582.0,0.0,1,DIVERS,1.6513569937369519,148.62212943632568,0.0
Slotbout a tete bombee 8*148,264.0,0.0,1,DIVERS,0.2755741127348643,24.801670146137788,0.0
Défense SCN 1200 E2.9,2.0,0.0,1,MECANIQUE,0.0020876826722338203,0.1878914405010438,0.0
Slotbout  mushroomhead 8*80,759.0,0.0,1,DIVERS,0.7922755741127349,71.30480167014613,0.0
Détecteur optique adressable - Marque :TECNOFIRE,31.0,0.0,5,INCENDIE,0.032359081419624215,2.9123173277661794,0.0
Détecteur optique adressable - Marque :MORLEY-IAS,14.0,0.0,2,INCENDIE,0.014613778705636743,1.3152400835073068,0.0
Plaque antifrictions de dimensions  958x100x40 gauche,87.0,0.0,1,MECANIQUE,0.09081419624217119,8.173277661795407,0.0
Défense complète de type UE 750x2000 E1.4 avec plaque antifrictions de dimensions  2000*620*100,20.0,0.0,1,MECANIQUE,0.020876826722338204,1.8789144050104385,0.0
Défense SPC 1600 G2.5,3.0,0.0,2,MECANIQUE,0.003131524008350731,0.2818371607515658,0.0
Défense SPC 1200 G2.8,2.0,0.0,1,MECANIQUE,0.0020876826722338203,0.1878914405010438,0.0
Défense SCN 1600 E1.5,4.0,0.0,1,MECANIQUE,0.0041753653444676405,0.3757828810020876,0.0
Indicateur BASCULE MATRIX II,2.0,0.0,2,ELECTRICITE,0.0020876826722338203,0.1878914405010438,0.0
