article,total_cost,total_quantity,request_count,cumulative_cost,cumulative_pct
Lampe LED E27 15W  6500K,363500.0,1454.0,352,363500.0,2.7179789813548503
Peinture vinylique blanc 30KG,360720.0,668.0,203,724220.0,5.415171218368115
Abattant toilette anglaise standard et suspendu,294000.0,140.0,97,1018220.0,7.613481591183316
Spot LED GU10 7W 6500K,281970.0,1446.0,340,1300190.0,9.721840692621079
Ruban adhésif noire,280800.0,432.0,153,1580990.0,11.821451416044578
"Câble capotin 3G2,5",270450.0,3606.0,53,1851440.0,13.843672641649585
Robinet lavabo mitigeur,248460.0,303.0,200,2099900.0,15.70146922406341
Peinture laque 20 KG blanc,229160.0,337.0,149,2329060.0,17.4149549554727
Distributeur papier hygiénique Inox,228650.0,269.0,107,2557710.0,19.124627291337315
Distributeur savon liquide INOX,224000.0,320.0,198,2781710.0,20.79953043252985
Cylindre de serrure standard,208200.0,694.0,479,2989910.0,22.35629308429898
Câble cuivre U1000 R2V 5G16mm2,201600.0,1400.0,3,3191510.0,23.863705911372264
CÂBLE D'ALIMENTATION BASSE TENSION 5G16mm2,189239.99999999997,1200.0,2,3380750.0,25.278699975833312
silicone,187800.0,626.0,148,3568550.0,26.68292680581527
Moteur pour portail MR300/CR/MVF110,179200.0,8.0,8,3747750.0,28.0228493187693
Poignée aluminium (pair),176150.0,271.0,169,3923900.0,29.339966230916907
Fourniture de Carte cabine.,171000.0,9.0,2,4094900.0,30.618575325309422
Peinture de traçage blanc 25KG,161700.0,147.0,23,4256600.0,31.827646030357787
Drapeau Maroc,158400.0,132.0,65,4415000.0,33.01204182305822
centrale ESSER IQ8 CONTROL μ avec UGA en coffret,155250.0,3.0,3,4570250.0,34.17288429033564
Tube LED (T8) 18W 6500K	,139560.0,1163.0,86,4709810.0,35.216408765267914
Tableau de commande d'ascenseur OTIS,132000.0,106.0,7,4841810.0,36.20340525918495
Tube LED (T8) 9W 6500K,131760.0,1098.0,128,4973570.0,37.18860721402212
Manomètre de circuit de refroidissement 16 BAR (similaire à l'existant),131454.0,202.0,3,5105024.0,38.1715211315325
Luminaire Panel LED 40w 60X60 blanche IP45,130245.0,457.0,57,5235269.0,39.14539505842813
ATS sans coupure,127823.0,17.0,14,5363092.0,40.101159095109615
huile hydraulique 46,124820.0,3160.0,9,5487912.0,41.034468961554495
Luminaire Panel LED 40w 120X30 blanche IP45,114510.0,347.0,23,5602422.0,41.890688420027516
Mécanisme chasse d'eau pour WC standard et suspendu,109900.0,157.0,109,5712322.0,42.712437773675106
pompe de circulation d'eau primaire,108000.0,9.0,4,5820322.0,43.51998035960722
Fourniture de fontaine d'eau en inox avec grilles,100000.0,10.0,8,5920322.0,44.26770497621103
Vase d'expansion,100000.0,4.0,4,6020322.0,45.01542959281484
Flexible 60CM,98000.0,245.0,115,6118322.0,45.74819971708657
Cheville plastique Ø08,97075.0,1248.0,37,6215397.0,46.474053388654724
Opérateur de porte ascenseur OTIS,96000.0,12.0,7,6311397.0,47.19186902059438
Capteur numérique de marque Precia CDL de 30 Tonnes,88000.0,8.0,1,6399397.0,47.84986668320573
Chauffeau électrique 30L,87500.0,25.0,22,6486897.0,48.50412572273407
Vérins télescopiques standards simple effet,83300.0,7.0,3,6570197.0,49.126980328365036
capteur météorologique compat,82000.0,2.0,2,6652197.0,49.74011451398017
Armature LED d'éclairage industriel,80750.0,85.0,7,6732947.0,50.34390214188774
Terminal de commande ProDialog,79200.0,4.0,3,6812147.0,50.93610003823797
Capteur numérique de marque Giropes de 50 Tonnes ,76000.0,8.0,1,6888147.0,51.50437074685685
Spot D'éclairage de cabinet d'ascenseur,72300.0,4.0,4,6960447.0,52.044975644661406
Onduleur 6 KVA,69420.0,6.0,5,7029867.0,52.564046073507775
Cheville plastique Ø 12,68880.0,861.0,42,7098747.0,53.079078789424486
compresseur scroll DANFOSS SH300A4ACB,66000.0,1.0,1,7164747.0,53.572577036382995
Climatiseur Type armoire de capacité frigorifique 48000 BTU/h,63840.0,3.0,2,7228587.0,54.04992443162286
POIGNEE PORTE BOIS WC,63705.0,137.0,49,7292292.0,54.52626239863032
Cheville plastique Ø10,63200.0,986.0,41,7355492.0,54.99882435632393
Serrure porte en bois,62160.0,148.0,48,7417652.0,55.463609978004854
Tube gorge Gris D40,61950.0,2065.0,21,7479602.0,55.926825377990916
Onduleur 3 KVA,60950.0,10.0,9,7540552.0,56.382563531810945
ABATTANT TOILETTE ANGLAISE MEDHUB,60900.0,29.0,11,7601452.0,56.837927823322666
Robinet de Service,60800.0,380.0,208,7662252.0,57.292544390217785
Robinet douche mitigeur avec accessoires,60520.0,89.0,30,7722772.0,57.74506732818641
Fourniture de Carte mère.,60000.0,3.0,1,7782772.0,58.19370209814869
Toilette anglaise complète,57000.0,19.0,13,7839772.0,58.61990512961286
Groupe hydraulique de QUAI NIVELEUR RH11,55200.0,4.0,4,7894972.0,59.03264911797817
Gaz 410A 13 KG,54000.0,54.0,37,7948972.0,59.43642041094422
PEINTURE DE BORDURE,53000.0,1325.0,14,8001972.0,59.83271445774424
 Boîtier de commande « Inekma » du quai niveleur RH11,52800.0,8.0,8,8054772.0,60.22751305531106
POIGNÉE PORTE BOIS,52080.0,112.0,59,8106852.0,60.61692803563832
Batterie D'évacuation ascenseur,52000.0,7.0,4,8158852.0,61.0057448362723
Ruban adhésif noire MEDHUB,50050.0,77.0,25,8208902.0,61.37998100688251
Carte électronique optionnel PD-AUX board,50000.0,2.0,2,8258902.0,61.75384331518441
Réglette LED doubel lampeé (équipée) bipolaier 2x18w 120 cm,48750.0,250.0,1,8307652.0,62.11835906577877
Flexes control - FX18 NF avec face avant et batterie ESSER,46506.8,1.0,1,8354158.8,62.466101857773474
Poignée fenêtre aluminium,46080.0,128.0,25,8400238.8,62.81065336110452
Peinture cloture 5 KG,46020.0,236.0,84,8446258.8,63.15475622966559
Cornière en acier galvanisé de forme L y compris les accessoires de fixation,45000.0,150.0,1,8491258.8,63.4912323071373
Galets pour le quai de déchargement RENAULT AU PORT TANGER MED,45000.0,4.0,1,8536258.8,63.82770838460902
Starter S2 PHILPS,44700.0,596.0,70,8580958.8,64.16194128823092
Ruban de téflon,44200.0,130.0,115,8625158.8,64.4924355687698
Boite bouton palier ascenseur Schindler,43000.0,4.0,4,8668158.8,64.81395715390944
DISJONCTEUR DIFFERENTIEL-4P-63A-30mA TYPE A,42630.0,28.0,2,8710788.8,65.13271215796765
Starter S10 PHILPS,42150.0,562.0,25,8752938.8,65.44787808386616
Cylindre de serrure standard MEDHUB,41100.0,137.0,60,8794038.8,65.75519290129031
Peinture laque 5 KG noir,40800.0,230.0,23,8834838.8,66.06026454486468
Pointes lumineuses à LED pour éclairage extérieure,40500.0,45.0,3,8875338.8,66.36309301458921
Verrou porte manuel,39600.0,88.0,41,8914938.8,66.65919196276433
Distributeur savon liquide plastique,39600.0,66.0,31,8954538.8,66.95529091093944
Coffret bypass externe pour 1 onduleurs 40KVA,39200.0,4.0,4,8993738.8,67.24839896064813
Panel LED 60/60 apparent,38772.0,108.0,27,9032510.8,67.53830674899775
"Câble capotin 3G1,5",37800.0,504.0,10,9070310.8,67.82094665407399
"Câble capotin 3G1,5 MEDHUB",37500.0,500.0,3,9107810.8,68.10134338530042
Cable cuivre U1000 R2V 5g16mm2,37500.0,300.0,1,9145310.8,68.38174011652686
"Batterie plomb-étanche (sans entretien) 12V-7,6Ah/C20 avec leurs connectiques MEDHUB",36736.0,224.0,6,9182046.8,68.65642423168244
Boite à bouton Palier d'ascenseur OTIS,36105.0,27.0,5,9218151.8,68.92639020450724
Capteur numérique de marque PRECIA CDL de 30 Tonnes,36000.0,8.0,1,9254151.8,69.1955710664846
Fourniture de carte de charge batteries ARO.,36000.0,2.0,2,9290151.8,69.46475192846198
Thermostat mural de climatiseur PAC AIR/EAU,35000.0,20.0,19,9325151.8,69.7264555442733
Panneaux en fibre de ciment,34440.0,82.0,1,9359591.8,69.98397190223167
Fourniture d'un câble d'alimentation basse tension 5G10mm,34000.0,200.0,1,9393591.8,70.23819827187697
Poignée aluminium (Pair) MEDHUB,33150.0,51.0,12,9426741.8,70.48606898228113
Groupe hydraulique de QUAI NIVELEUR RH11 ,33000.0,2.0,2,9459741.8,70.73281810576037
Batterie plomb-étanche (sans entretien) 12V-118Ah/C10 avec leurs connectiques,32706.0,9.0,6,9492447.8,70.97736891886683
Boit a bouton cabinet d'ascenseur OTIS,31600.0,7.0,5,9524047.8,71.21364989771362
SÈCHE-MAINS AUTOMATIQUE JOFEL FUTURA AA16000,31449.0,11.0,10,9555496.8,71.44880181238936
silicone MEDHUB,31200.0,104.0,18,9586696.8,71.68209189276975
Vantail vitre de l'ascenseur OTIS,31000.0,103.0,4,9617696.8,71.91388652391693
Enduit façade,30108.0,2509.0,96,9647804.8,72.13901145148401
capteur météorologique pour la mesure de la direction et de la vitesse du vent ,30000.0,2.0,2,9677804.8,72.36332883646514
Courniére de fixation de clôture ponctuelle,29760.0,1488.0,2,9707564.8,72.58585168236644
Distributeur serviette zigzag INOX,29600.0,16.0,12,9737164.8,72.80717816888117
Carte électronique N°4 de commande PAC,29580.0,2.0,2,9766744.8,73.02835511047257
porte papier hygiène 300M en inox JOFEL,28764.0,36.0,24,9795508.8,73.2434306191925
cable capotain 3G2.5 mm,28500.0,380.0,8,9824008.8,73.45653213492457
Détecteur optique de fumée adressable TFDA-S1 (Marque Techno Fire),28350.0,81.0,17,9852358.8,73.66851206373177
Douille GU10,27880.0,328.0,43,9880238.8,73.8769776868409
Horloge astronomique,27650.0,79.0,15,9907888.8,74.08372354333186
Peinture trottoir blanc 25KG,27000.0,27.0,11,9934888.8,74.28560918981488
Kit douchette WC avec accessoires,26640.0,74.0,33,9961528.8,74.48480302767814
Détecteur de fumée optique interactif IQ8Quad O (avec socle),25800.0,43.0,12,9987328.8,74.67771597876192
Peinture laque 5 KG rouge,25330.0,149.0,27,10012658.8,74.86711462414767
Siphon de lavabo,25280.0,158.0,97,10037938.8,75.0561394072251
Compresseur DANFOSS SZ120S4VC,25272.0,1.0,1,10063210.8,75.24510437233323
"Câble U1000R2V 5G2,5",25160.0,1258.0,8,10088370.8,75.43323188587074
Carte électronique NRCP2-BASE contrôle board,25000.0,1.0,1,10113370.8,75.62016304002171
Kit de deux butoirs en acier,25000.0,5.0,5,10138370.8,75.80709419417265
Fourniture d'opérateur de porte cabine OTIS.,25000.0,1.0,1,10163370.8,75.9940253483236
Peinture hempel 20 L,24426.0,6.0,3,10187796.8,76.17666456317525
Cheville Embase,24000.0,400.0,12,10211796.8,76.35611847116016
pompe de circulation d'eau secondaire,24000.0,2.0,1,10235796.8,76.53557237914508
Split systéme mural 12000 BTU/h,23940.0,6.0,4,10259736.8,76.71457765236002
huile hydraulique 32 ,23700.0,600.0,2,10283436.8,76.89178838649514
"Boite d alimentation ESSER NETZTEIL MODULE IQ8C IQM 802426 POWER CARD 8000M""",23500.0,1.0,1,10306936.8,77.06750367139703
Panneau sandwich pour porte sectionnelle,23200.0,8.0,4,10330136.8,77.24097578244911
Fil barbelé type concertina,23000.0,100.0,1,10353136.8,77.41295244426799
"Fourniture d'un moteur de marque FORCE 70AC3 ""220V-50HZ"" (FRS:MEDINDUSTRY)",22581.0,3.0,3,10375717.8,77.5817961399433
Projecteur CAPLED FL150W,22000.0,20.0,1,10397717.8,77.74629555559613
Roue de portail - Forte charge 300KG,21700.0,62.0,35,10419417.8,77.90855179739916
Serrure porte en aluminium,21600.0,48.0,16,10441017.8,78.07006031458559
Fourniture des étriers de protection pour fontaine,21560.0,11.0,3,10462577.8,78.23126974192537
Paumelle aluminium,21504.0,168.0,47,10484081.8,78.39206044347985
Drapeau TMPA,21500.0,43.0,12,10505581.8,78.55282123604967
Tube gorge Gris D20,21480.0,1074.0,17,10527061.8,78.71343248369617
"Câble capotin 5G2,5",21350.0,427.0,11,10548411.8,78.87307168934107
CÂBLE D'ALIMENTATION BASSE TENSION 5G6mm2,21240.0,300.0,2,10569651.8,79.03188839790774
câble électrique basse tension type U1000R02V 4G4mm2,21025.0,841.0,2,10590676.8,79.18909749854868
Coffret bypass externe pour 1 onduleurs 60KVA,21000.0,2.0,2,10611676.8,79.34611966803548
TOILETTE ANGLAISE COMPLÈTE MEDHUB,21000.0,7.0,4,10632676.8,79.50314183752228
Filtre à sac de CTA,20880.0,8.0,2,10653556.8,79.65926673746915
réglette LED 120cm étanche,20535.0,111.0,10,10674091.8,79.81281198748876
Déclencheur Manuel Addressable - Marque :ESSER,20500.0,41.0,8,10694591.8,79.96609553389253
Huile hydraulique D10,20500.0,301.0,5,10715091.8,80.11937908029631
Gaz frigorifique R22,19800.0,12.0,12,10734891.8,80.26742855438387
Panel LED encastrable de 60/60CM,19740.0,84.0,16,10754631.8,80.41502939370146
Boîtier de commande CASIT « KEQ405/BP » pour moteur portai,19200.0,4.0,4,10773831.8,80.55859252008939
Condensateur courant,19200.0,64.0,11,10793031.8,80.70215564647732
Resistance préchauffage réf : (220VAC/300W 200VAC/700W) thermostat 50c°_45°,19080.0,2.0,2,10812111.8,80.84482150332532
Afficheur palier ascenseur Schindler,19000.0,8.0,5,10831111.8,80.98688918048005
Mécanisme chasse d'eau pour WC standard et suspendu MEDHUB,18900.0,27.0,21,10850011.8,81.12820913301817
Serrure porte en bois MEDHUB,18900.0,45.0,6,10868911.8,81.26952908555629
Panel LED 60/60 encastré,18795.0,105.0,38,10887706.8,81.41006392724698
Gel de silice indicatif de couleur orange Diam 2 à 4 mm/KG,18620.0,98.0,4,10906326.8,81.5492902508586
Panel LED encastrable de 120/30CM,18620.0,76.0,8,10924946.8,81.68851657447024
"Fourniture de boitier rappel Schindler.""",18000.0,3.0,3,10942946.8,81.82310700545892
Climatiseur mobile 12000BTU,18000.0,2.0,2,10960946.8,81.9576974364476
Fourniture de ventilateur d'aération Schindler.,18000.0,3.0,2,10978946.8,82.0922878674363
Fourniture d'armoire électrique,18000.0,4.0,1,10996946.8,82.22687829842498
Robinet poussoir mural,17940.0,52.0,29,11014886.8,82.3610200946437
Robinet équerre,17120.0,107.0,53,11032006.8,82.48903054900629
Fourniture de câbles R2V 5x16mm,17000.0,100.0,1,11049006.8,82.61614373382893
ROBINET LAVABO MITIJEUR MEDHUB,16400.0,20.0,14,11065406.8,82.73877057095194
Colle PVC,16120.0,62.0,55,11081526.8,82.85930377914849
Gaz 410A 13 KG MEDHUB,16000.0,16.0,8,11097526.8,82.97893971780509
Vitrage de cabine ascenseur,16000.0,3.0,3,11113526.8,83.0985756564617
Peinture trottoir rouge 25KG,16000.0,16.0,8,11129526.8,83.2182115951183
Peinture de traçage jaune 25KG,16000.0,16.0,6,11145526.8,83.33784753377492
Carte électronique de moteur porte sectionnelle référence (UST 1KL),16000.0,4.0,4,11161526.8,83.45748347243152
Moteur de porte sectionnelle 220V,16000.0,2.0,2,11177526.8,83.57711941108815
Ciment CPJ45 sac de 50KG,15678.0,201.0,74,11193204.8,83.69434767647928
Distributeur savon liquide plastique MEDHUB,15600.0,26.0,10,11208804.8,83.81099271666949
Boîtier de commande « Inekma » du quai niveleur télescopique RH21 ,15600.0,2.0,2,11224404.8,83.92763775685967
Robinet temporisateur Vasque,15390.0,171.0,24,11239794.8,84.04271257535501
Serrure de porte. w,15385.0,181.0,163,11255179.8,84.1577500076195
Carte électronique N°2 de commande PAC,14430.0,1.0,1,11269609.8,84.26564666979543
Soupape de sécurité,14400.0,16.0,5,11284009.8,84.37331901458637
Tube LED (T8) 18W 6500K MEDHUB,14400.0,120.0,10,11298409.8,84.48099135937733
Robinet temporisateur Mural,13950.0,155.0,21,11312359.8,84.58529894339357
câble électrique U1000 R2V 5G6mm,13800.0,200.0,1,11326159.8,84.68848494048488
Robinet mitigeur de lavabo,13650.0,42.0,37,11339809.8,84.7905493506513
Batterie de démarrage 12v-180Ah-1100A avec leur connectiques (sans entretien),13600.0,8.0,4,11353409.8,84.89223989850943
Ruban de téflon MEDHUB,13600.0,40.0,10,11367009.8,84.99393044636754
Carte électronique N°1 de commande PAC,13446.0,1.0,1,11380455.8,85.09446949831609
mousse polyuréthane,13440.0,112.0,13,11393895.8,85.19496368678764
Peinture métal blanc 20KG,13419.0,21.0,5,11407314.8,85.2953008530897
Split systéme mural 9000 BTU/h,13300.0,4.0,4,11420614.8,85.39474822709802
"Câble U1000R2V 3G2,5",13300.0,700.0,4,11433914.8,85.49419560110631
Résistance préchauffage réf : (BWO 155 24V) (24 VDC / 7W),13000.0,2.0,1,11446914.8,85.59139980126481
Tube gorge Gris D20  MEDHUB,13000.0,650.0,10,11459914.8,85.6886040014233
Distributeur serviette zigzag INOX MEDHUB,12950.0,7.0,3,11472864.8,85.78543433927351
Climatiseur split system mural de 12000 BTU ,12500.0,2.0,2,11485364.8,85.87889991634898
Spot LED GU10 7W 6500K MEDHUB,12480.0,64.0,22,11497844.8,85.97221594850113
Gaz frigorifique R410 A,12430.0,11.0,10,11510274.8,86.06515811834498
"Câble U1000R2V 3G2,5 MED HUB",12255.0,645.0,9,11522529.8,86.15679177010979
Moulure auto-adhesive,12006.0,138.0,10,11534535.8,86.24656358757925
Matériel déporté adressable MD4L (Marque Esser),12000.0,1.0,1,11546535.8,86.33629054157169
Câble U1000R2V 5G10,12000.0,600.0,2,11558535.8,86.42601749556415
Transponder Esserbus 4 entrées/2 sorties ; Module MD4L,12000.0,1.0,1,11570535.8,86.5157444495566
Flexible hydraulique 1/4 « 400 Bar,11950.0,29.0,23,11582485.8,86.60509754124077
AGGLOS,11900.0,2380.0,6,11594385.8,86.69407677061662
Distributeur papier hygiénique Inox MEDHUB,11900.0,14.0,14,11606285.8,86.78305599999247
Serrure porte en aluminium MEDHUB,11700.0,26.0,6,11617985.8,86.87053978013512
Câble U1000R2V 5G16,11628.0,612.0,3,11629613.8,86.95748519855381
HEMPADUR ZINC 17360,11520.0,64.0,2,11641133.8,87.04362307438657
Split 9000 complet,11500.0,23.0,13,11652633.8,87.129611405296
Groupe hydraulique 9T ENIKMA 380V,11500.0,1.0,1,11664133.8,87.21559973620543
Ciment CPJ35 sac de 50KG,11492.0,221.0,63,11675625.8,87.30152824914555
Pompe de surculation d'eau glacée de Circuite hydraulique de PAC,11484.0,2.0,2,11687109.8,87.38739694411633
Cylindre de serrure spécial 8CM,11400.0,76.0,54,11698509.8,87.47263755040917
Panneau sandwich Stucco,11400.0,6.0,2,11709909.8,87.557878156702
Robinet cuisine mitigeur (Mur),11250.0,15.0,5,11721159.8,87.64199717606994
cheville plastique D08,11200.0,140.0,3,11732359.8,87.72574233312956
Porte  savon en inox JOFEL,11063.0,37.0,32,11743422.8,87.80846310746443
"Réglette Philips 1200mm, Réf: WT120 G2 LED40S/840 PSU L1200 ",10560.0,22.0,3,11753982.8,87.8874228269778
Condensateur courant MEDHUB,10500.0,35.0,9,11764482.8,87.96593391172121
Accessoires pour la remise en état de système paratonnerre,10500.0,1.0,1,11774982.8,88.0444449964646
Butoires en acier,10389.0,3.0,3,11785371.8,88.12212610688357
PEINTURE GLYCEROPHTALIQUE MATE,10276.0,367.0,21,11795647.8,88.19896228848579
cheville  plastique D 10,10240.0,128.0,4,11805887.8,88.275529289226
"Ventouses électromagné tiques de maintien des portillons ""EM 500 G , avec embase""",10200.0,6.0,3,11816087.8,88.35179720011959
Cable de levage (Diam 7 lg= 41m) Réf : DRH170560,10200.0,1.0,1,11826287.8,88.42806511101318
Fourniture de produits de nettoyage escalator,10000.0,5.0,3,11836287.8,88.50283757267357
"""Fourniture d une venteuse électromagnétique pour porte coupe-feu avec support 12Vcc""",10000.0,2.0,1,11846287.8,88.57761003433396
Boite de réarmement BR100 pour détecteur linéaire (Marque AVS ELECTRONICS),10000.0,5.0,2,11856287.8,88.65238249599433
Elément filtrant 0280 D010 BN4HC du Filtre de pression,9900.0,6.0,6,11866187.8,88.7264072330381
"Boite d alimentation alsw285pfc power supply ""Tecnofire""",9800.0,1.0,1,11875987.8,88.79968424546529
centrale incendie Tecnofire 1 boucle avec batteries,9750.0,1.0,1,11885737.8,88.87258739558415
Générateur solaire,9700.0,1.0,1,11895437.8,88.94511668339472
Electrovanne de quai niveleur 24 v AC 31 VA,9600.0,8.0,7,11905037.8,89.01689824658868
Carte électronique N°3 de commande PAC,9570.0,1.0,1,11914607.8,89.08845549239767
System de compensation ressort à Axe avec une rainure étirée en acier galvanisé Ø25.4 mm,9500.0,5.0,3,11924107.8,89.15948933097503
Etanchiéte monocouche autoprotégée en bitume,9450.0,21.0,3,11933557.8,89.23014930724409
cable électrique U1000 RO2V 3 x 6mm,9450.0,150.0,2,11943007.8,89.30080928351315
Cylindre de serrure spécial 8CM MEDHUB,9450.0,63.0,5,11952457.8,89.37146925978222
Panel LED 60X60 40W 6000K,9350.0,374.0,43,11961807.8,89.44138151143467
Batterie M14 135AH,9200.0,4.0,1,11971007.8,89.51017217616221
Distributeur savon liquide INOX MEDHUB,9100.0,13.0,11,11980107.8,89.57821511627316
Cylindre de serrure de condamnation,9060.0,151.0,92,11989167.8,89.64595896653748
PRO-DIALOG de commande de PAC carrier,9049.0,1.0,1,11998216.8,89.71362056709395
HEMPATHANE HS 55610,9000.0,100.0,1,12007216.8,89.7809157825883
Fourniture de Lampe cabine.,9000.0,6.0,3,12016216.8,89.84821099808264
Douille E27,8965.0,163.0,49,12025181.8,89.91524450996117
DISJONCTEUR 40A COURBE C,8940.4,28.0,2,12034122.200000001,89.98209408158402
Diffuseur combiné sonore de classe B et lumineux flash rouge pour montage au mur IQ8S RB,8916.0,6.0,1,12043038.200000001,90.04876120840042
Cheville en plastique MEDHUB,8800.0,110.0,2,12051838.200000001,90.11456097466154
Peinture de traçage bleu 25KG,8800.0,8.0,3,12060638.200000001,90.18036074092268
Colle de revêtement GRIFFI,8745.0,583.0,13,12069383.200000001,90.2457492586447
Ruban adhésif aluminium,8700.0,145.0,35,12078083.200000001,90.31080130028923
Batterie plomb-étanche (sans entretien) 12V-25Ah/C20 avec leurs connectiques,8694.0,18.0,5,12086777.200000001,90.37580847845675
Socle universelle pour Détecteur (Marque Techno Fire),8643.0,129.0,13,12095420.200000001,90.44043431706982
Vernis de bois (Marron),8604.0,239.0,11,12104024.200000001,90.50476854308242
Module d'incendie multiples entrées sorties : IO500 input / Ouput module,8500.0,1.0,1,12112524.200000001,90.56832513549374
Déclencheur manuel IQ8MCP (avec socle),8451.0,9.0,4,12120975.200000001,90.63151534284293
Guide de câble DRH10GH10,8400.0,1.0,1,12129375.200000001,90.69432421063765
Câble R2V 5x6mm²,8400.0,120.0,1,12137775.200000001,90.75713307843236
FLEXIBLE 60CM MEDHUB,8400.0,21.0,16,12146175.200000001,90.81994194622709
Alimentation Electrique de Sécurité AES 24 Vcc/5 A en coffret avec batteries 24 Ah,8200.0,1.0,1,12154375.200000001,90.88125536478859
Batterie de démarrage 12v-140Ah-800A avec leur connectiques (sans entretien),8172.0,6.0,2,12162547.200000001,90.94235942045746
Batterie de démarrage 12v-50Ah-1000A avec leur connectiques (sans entretien),8172.0,6.0,3,12170719.200000001,91.00346347612633
Cable rigide R2V 3G4mm²,8160.0,170.0,3,12178879.200000001,91.06447780484119
Gaz R22 13 KG MEDHUB,8000.0,8.0,4,12186879.200000001,91.12429577416951
Resistance préchauffage réf :187_305VAC/DC 20_28VDC (Power AC2500W/DC 7W),8000.0,1.0,1,12194879.200000001,91.1841137434978
Climatiseur 9000 BTU TRANE,8000.0,2.0,2,12202879.200000001,91.24393171282611
Fourniture de photocellule escalator Schindler.,8000.0,1.0,1,12210879.200000001,91.30374968215442
Indicateur de pesage Baxtran GI400i,8000.0,2.0,1,12218879.200000001,91.36356765148273
BAGUETTE DE SOUDURE INOX 316L 4MM,7920.0,44.0,1,12226799.200000001,91.42278744111773
Aérosol dégripant,7840.0,56.0,9,12234639.200000001,91.48140905105949
Bloc autonome d'éclairage de sécurité MEDHUB,7750.0,31.0,13,12242389.200000001,91.53935770884628
"Réglette Philips 600mm, Réf: WT198C LED19S/865 PSU L600",7700.0,22.0,3,12250089.200000001,91.59693250432477
Panneau sandwich Standard,7600.0,4.0,2,12257689.200000001,91.65375957518665
Poignée fenêtre aluminium  MEDHUB,7560.0,21.0,4,12265249.200000001,91.7102875562019
"Câble capotin 5G2,5 MEDHUB",7500.0,150.0,6,12272749.200000001,91.76636690244719
Tube multicouches RETUBE,7480.0,748.0,17,12280229.200000001,91.82229670376915
Collier de serrage cloture,7350.0,245.0,2,12287579.200000001,91.87725446308954
Parachute pour rail 52x26mm,7200.0,6.0,3,12294779.200000001,91.93109063548502
Parachute de sécurité ,7200.0,6.0,3,12301979.200000001,91.98492680788048
Robinet simple de lavabo,7182.0,38.0,35,12309161.200000001,92.03862838984497
Interrupteur position 3SE5112-0CA00-1CA0,7000.0,10.0,2,12316161.200000001,92.09096911300723
Capteur numérique de marque Giropes de 40 Tonnes,7000.0,2.0,1,12323161.200000001,92.14330983616951
Bloc autonome d'éclairage de sécurité,7000.0,28.0,5,12330161.200000001,92.19565055933178
Boîtier de commande « Inekma » du quai niveleur RH11,7000.0,1.0,1,12337161.200000001,92.24799128249404
Chauffeau électrique 30L  MEDHUB,7000.0,2.0,2,12344161.200000001,92.3003320056563
Vachette de porte aluminium,6984.0,97.0,83,12351145.200000001,92.35255309287992
Cadenas passe partout clidor y compris clés,6885.0,51.0,10,12358030.200000001,92.40403393273309
White spirit 5L,6690.0,446.0,187,12364720.200000001,92.45405670958388
"Câble CR1 2*1,5 Ininflammable",6600.0,300.0,1,12371320.200000001,92.50340653427973
Ventilateur axial 230 VAC,6600.0,3.0,3,12377920.200000001,92.55275635897559
Mécanisme de chasse d'eau,6545.0,55.0,40,12384465.200000001,92.6016949351323
Lampe PROJECT 100W/12V HALOGENE,6480.0,54.0,2,12390945.200000001,92.65014749028823
Fourniture du feu d'extrémité quai tribord vert,6325.0,1.0,1,12397270.200000001,92.69744107228843
Fourniture du feu d'extrémité quai blanc,6325.0,1.0,1,12403595.200000001,92.74473465428862
Abattant toilette anglaise standard et suspendu TMSA	,6300.0,3.0,1,12409895.200000001,92.79184130513465
Bloc autonome d'éclairage,6171.0,33.0,16,12416066.200000001,92.83798339122528
poulie porte Schindler,6150.0,53.0,4,12422216.200000001,92.88396845514642
câble électrique U1000 RO2V 3 x 4mm,6075.0,150.0,1,12428291.200000001,92.92939272560508
Peinture galvanisée à froid,5940.0,135.0,10,12434231.200000001,92.97380756783136
Hublot LED 24W,5920.0,74.0,13,12440151.200000001,93.0180728651343
"Tubes fluorescent LED, 8w, 4000k",5880.0,98.0,3,12446031.200000001,93.06203907259061
Filtre à huile réf : DOOSAN 4004404-00144,5880.0,6.0,3,12451911.200000001,93.10600528004692
Parachute cable,5850.0,13.0,7,12457761.200000001,93.14974717011823
Abattant sanitaire anglaise. w,5830.0,106.0,69,12463591.200000001,93.19333951526623
Panneaux sandwich pour porte sectionnelle  dimensions 5000X600X40,5800.0,2.0,1,12469391.200000001,93.23670754302927
Projecteur LED 100W,5775.0,231.0,27,12475166.200000001,93.27988863963813
Fourniture d'un coffret polyster (800*600*250) IP66,5600.0,2.0,1,12480766.200000001,93.32176121816794
Pressostat BP de circuit frigorifique de PAC,5568.0,2.0,2,12486334.200000001,93.36339452482044
Pressostat HP de circuit frigorifique de PAC,5568.0,2.0,2,12491902.200000001,93.40502783147294
Lampe LED E27 15W 6500K MEDHUB,5500.0,22.0,10,12497402.200000001,93.44615268538615
Peinture de traçage rouge 25KG,5500.0,5.0,2,12502902.200000001,93.48727753929936
Fourniture de Bouton cabine.,5400.0,6.0,4,12508302.200000001,93.52765466859596
Câble cuivre U1000 R2V Ø3*4 MM2,5356.0,206.0,4,12513658.200000001,93.56770279906127
Boitier de commande,5300.0,1.0,1,12518958.200000001,93.60733220374127
Robinet équerre MEDHUB,5280.0,33.0,15,12524238.200000001,93.64681206349795
Borne sur rails 70mm,5135.0,79.0,13,12529373.200000001,93.68520772256056
POIGNÉE PORTE BOIS (PAIR) MEDHUB,5115.0,11.0,3,12534488.200000001,93.72345383669985
Câble U1000 R2V 3G4mm²,5100.0,204.0,15,12539588.200000001,93.76158779214664
Disjoncteur différentiel 4P 20A 300mA,5080.0,4.0,2,12544668.200000001,93.7995722026701
Coiffe d'acrotère lot 60-70 (similaire à l'existant),5040.0,12.0,1,12549708.200000001,93.83725752334693
Coiffe d'acrotère lot 71 (similaire à l'existant),5040.0,12.0,1,12554748.200000001,93.87494284402376
Coiffe d'acrotère lot 110 (similaire à l'existant),5040.0,12.0,1,12559788.200000001,93.9126281647006
Teinte de peinture laque noir,5028.0,419.0,97,12564816.200000001,93.95022375842345
"Câble CR1 de classe CR1/C1 2x1,5mm²- Résistant au feu""",5000.0,200.0,1,12569816.200000001,93.98760998925363
Fourniture de Miroir cabine OTIS.,5000.0,1.0,1,12574816.200000001,94.02499622008382
Panneaux sandwich pour porte sectionnelle  dimensions 3500X600X80,5000.0,2.0,1,12579816.200000001,94.06238245091401
Mécanisme  chasse d'eau pour WC standard. w,4950.0,66.0,55,12584766.200000001,94.0993948194359
Déclencheur manuel adressable (Marque Techno Fire),4800.0,8.0,2,12589566.200000001,94.13528560103288
Sèche main automatique Inox	,4800.0,48.0,10,12594366.200000001,94.17117638262987
Robinet douche mitigeur avec accessoires MEDHUB,4760.0,7.0,6,12599126.200000001,94.20676807438021
Batterie M15 180Ah ,4700.0,2.0,1,12603826.200000001,94.2419111313606
Câble U1000R2V 5G4,4700.0,235.0,6,12608526.200000001,94.27705418834097
Câble de détection d'incendie (044030) 2xAWG20,4545.0,505.0,9,12613071.200000001,94.31103827216562
Roulements de guidage pour passerelle piétonne ZRS 00363,4500.0,1.0,1,12617571.200000001,94.34468587991279
Sélecteur à clé,4500.0,10.0,2,12622071.200000001,94.37833348765996
Lampe LED E27 15W  6500K	,4500.0,18.0,2,12626571.200000001,94.41198109540713
Indicateur de Passage GIropes GI400i,4500.0,1.0,1,12631071.200000001,94.4456287031543
Câble U1000R2V 5G25,4500.0,300.0,1,12635571.200000001,94.47927631090147
AEROSOL DEGRIPANT GT,4480.0,32.0,12,12640051.200000001,94.51277437372532
Panel LED Rond encastré 18W 6500°K,4420.0,85.0,22,12644471.200000001,94.5458238017792
Sonde d'eau,4400.0,4.0,2,12648871.200000001,94.57872368490978
"Fléxible 1/2 ""simple-simple"" 2M Ø275 BAR",4200.0,7.0,4,12653071.200000001,94.61012811880714
Thermomètre,4200.0,6.0,5,12657271.200000001,94.6415325527045
Lampes LED B22 15W 6500K,4190.0,419.0,190,12661461.200000001,94.6728622141402
Câble U1000R2V 5G6,4180.0,220.0,7,12665641.200000001,94.70411710311424
Vase d'expansion de Circuite hydraulique de PAC,4176.0,2.0,2,12669817.200000001,94.73534208310362
Diluant 5L,4116.0,294.0,115,12673933.200000001,94.76611842832303
Contre bardage lot 110 (similaire à l'existant),4032.0,12.0,1,12677965.200000001,94.79626668486448
Contre bardage lot 71 (similaire à l'existant),4032.0,12.0,1,12681997.200000001,94.82641494140596
Diluant D44 toluene,4000.0,200.0,39,12685997.200000001,94.8563239260701
Barre anti panique,4000.0,200.0,4,12689997.200000001,94.88623291073426
spot LED GU10,4000.0,125.0,44,12693997.200000001,94.91614189539841
Serrure CF réversible,4000.0,10.0,7,12697997.200000001,94.94605088006256
Moteur de quai niveleur,4000.0,2.0,2,12701997.200000001,94.97595986472672
Batterie plomb-étanche (sans entretien) 12V-12Ah/C20 avec leurs connectiques,3971.0,19.0,1,12705968.200000001,95.00565200925205
Siphon de sol  inox 15*15,3960.0,33.0,16,12709928.200000001,95.03526190406957
Tige fileté Ø20mm,3960.0,120.0,3,12713888.200000001,95.06487179888707
huile 80W-90,3960.0,80.0,4,12717848.200000001,95.0944816937046
Réglette LED 2x18W Etanche,3925.0,157.0,12,12721773.200000001,95.12382988490629
Bobine d'électrovanne 230V électrique d'électrovanne,3920.0,8.0,4,12725693.200000001,95.15314068987716
Culotte 110 CPVC HP,3915.0,45.0,3,12729608.200000001,95.1824141086172
Poignée Modèle CF anti-accrochage,3900.0,13.0,8,12733508.200000001,95.21157536866475
Armature LED 240W MEDHUB,3860.0,193.0,8,12737368.200000001,95.24043753886565
Flow switch de circuit hydraulique de PAC,3828.0,2.0,1,12741196.200000001,95.26906043718924
Cable armé cuivre 4*10,3760.0,80.0,1,12744956.200000001,95.29717488277355
COND DE PORTAIL,3750.0,25.0,4,12748706.200000001,95.32521455589618
Siphon de sol  inox 20*20,3750.0,25.0,15,12752456.200000001,95.35325422901883
Siphon de sol anti-odeur inoxydable,3720.0,62.0,6,12756176.200000001,95.38106958475649
Huile moteur réf : (15W40 TOTAL),3675.0,35.0,1,12759851.200000001,95.40854846441668
Douille GU10 MEDHUB,3655.0,43.0,14,12763506.200000001,95.43587779915356
Poignée porte aluminium blanc en pair. w,3640.0,104.0,94,12767146.200000001,95.46309497519793
Cadenas pour vanne poste de contrôle (similaire à l'existant),3612.0,6.0,1,12770758.200000001,95.49010278834966
Roue de portail - Forte charge 400KG,3600.0,6.0,3,12774358.200000001,95.5170208745474
Boite de jonction pour capteur numérique de 60T,3600.0,2.0,1,12777958.200000001,95.54393896074514
T 110 PVC HP,3600.0,45.0,4,12781558.200000001,95.57085704694288
Serrure CLIDOR,3564.0,22.0,22,12785122.200000001,95.59750595227864
Filtre à huile réf : FPT 500086363,3560.0,4.0,2,12788682.200000001,95.62412494862973
Tube 110 PVC HP,3552.5,101.5,21,12792234.700000001,95.65068786563458
Cable rigide R2V 5G4mm²,3540.0,60.0,1,12795774.700000001,95.67715731706235
Split 12000 complet,3500.0,7.0,7,12799274.700000001,95.70332767864349
Split 18000 complet,3500.0,7.0,2,12802774.700000001,95.72949804022463
Fourniture de Switch fin de course à galet,3500.0,10.0,5,12806274.700000001,95.75566840180575
Robinet de service,3481.0,59.0,41,12809755.700000001,95.78169669570973
Disjoncteur 2P 16A,3410.0,55.0,55,12813165.700000001,95.80719410513592
Tube gorgé double paroi de diamètre 110mm,3400.0,200.0,1,12816565.700000001,95.83261674210046
Boite a boutons poussoire (3 bouton)  de commande de porte sectionnelle,3385.0,5.0,5,12819950.700000001,95.8579272203725
Coiffe d'acrotère lot 120 (similaire à l'existant),3360.0,8.0,1,12823310.700000001,95.88305076749037
Connecteur de raccordement électrique d'électrovanne ,3360.0,12.0,4,12826670.700000001,95.90817431460826
Colle PVC. w,3360.0,32.0,17,12830030.700000001,95.93329786172615
Tube LED (T8) 9W 6500K	,3360.0,28.0,2,12833390.700000001,95.95842140884405
"Cylindre de serrure TC6 (7,5CM)",3360.0,14.0,6,12836750.700000001,95.98354495596193
Siphon de sol  inox 10*10,3325.0,35.0,19,12840075.700000001,96.00840679946401
"Colliers de serrage 7,6X340mm 100PCS",3320.0,83.0,34,12843395.700000001,96.03323125673525
Starters S2 / 22w,3312.0,414.0,92,12846707.700000001,96.05799589603717
Tube 40 PEHD HP,3300.0,330.0,6,12850007.700000001,96.08267080838509
Poignée aluminium (Pair)	,3250.0,5.0,3,12853257.700000001,96.10697185842471
"Colliers de serrage 3,6X300mm 100PCS",3240.0,81.0,17,12856497.700000001,96.13119813600268
Pressostat mécanique de 16 BAR de marque DANFOSS.,3240.0,2.0,1,12859737.700000001,96.15542441358065
Graisse à base de lithium EP CL 2,3230.0,34.0,7,12862967.700000001,96.17957591869694
Robinet de service de 1/2 pouce en laiton. w,3217.5,99.0,63,12866185.200000001,96.20363395823618
Tube gorgé double paroi de diamétre 70mm,3200.0,400.0,2,12869385.200000001,96.2275611459675
"Lampe LED PLC 8,5W 6500K",3159.0,351.0,14,12872544.200000001,96.25118176660602
Flexible gasoil 3/8 F/F simple coude 90° (7m),3150.0,5.0,3,12875694.200000001,96.27473509202903
Bouteille de fluide frigorigène R 410 A,3132.0,2.0,2,12878826.200000001,96.29815382702107
Revêtement PVC,3130.0,313.0,9,12881956.200000001,96.32155760752077
Batterie de démarrage 12v-75Ah-720A avec leur connectiques (sans entretien),3096.0,4.0,2,12885052.200000001,96.34470716165082
Mastic acrylique transparent  élastique,3080.0,22.0,8,12888132.200000001,96.36773707984221
Panel LED 60X60 40W 6000K MEDHUB,3050.0,122.0,20,12891182.200000001,96.39054268064864
Fourniture de main-courant courante cabine OTIS,3000.0,1.0,1,12894182.200000001,96.41297441914675
"Bras de Barriére rond 3,25m",3000.0,1.0,1,12897182.200000001,96.43540615764486
roulement GE 110 XT 2RS/X-LS pour vérin rampe mobile,3000.0,2.0,1,12900182.200000001,96.45783789614298
Câble U1000R2V 5G4 MEDHUB,3000.0,150.0,4,12903182.200000001,96.48026963464109
"Câble U1000R2V 5G2,5  MEDHUB",3000.0,150.0,4,12906182.200000001,96.50270137313922
Anodes sacrificielles boulonnées en Zinc type NZ3,2900.0,2.0,1,12909082.200000001,96.52438538702071
Tube 75 PVC HP,2900.0,58.0,9,12911982.200000001,96.54606940090223
Douchette,2838.0,33.0,30,12914820.200000001,96.56728982552144
Coude 75 45 PVC HP,2822.0,83.0,9,12917642.200000001,96.588390614202
Panel LED carré encastré 18W,2808.0,54.0,10,12920450.200000001,96.60938672143624
Disjoncteur différentiel 4P 25A 300mA,2800.0,2.0,1,12923250.200000001,96.63032301070115
Panneau inférieur avec profilé et joint bas 3500/600 mm,2800.0,1.0,1,12926050.200000001,96.65125929996606
"câble électrique U1000 R2V 5G2,5mm",2800.0,100.0,1,12928850.200000001,96.67219558923095
Distributeur savon liquide INOX TMSA,2800.0,4.0,3,12931650.200000001,96.69313187849586
Poignée porte bois (Pair),2790.0,6.0,2,12934440.200000001,96.71399339529911
Huile Hydraulique pour rampe mobile,2730.0,35.0,7,12937170.200000001,96.7344062773324
"Faux plafond suspandu 1,350*300MM*19MM",2720.0,34.0,4,12939890.200000001,96.75474438690402
Lampe LED PLL 25W,2700.0,300.0,1,12942590.200000001,96.77493295155232
Panneau de porte sectionelle,2660.0,1.0,1,12945250.200000001,96.79482242635397
Câble galvanisé,2640.0,220.0,1,12947890.200000001,96.81456235623233
Sable de mer 50 KG,2640.0,88.0,25,12950530.200000001,96.83430228611066
Ferme porte avec bras,2580.0,129.0,6,12953110.200000001,96.85359358121904
"Cuivre avec arma Flex 1/2, 1/4 rouleau 20m",2550.0,51.0,9,12955660.200000001,96.87266055894244
Scotch de marquage au sol,2534.0,362.0,22,12958194.200000001,96.89160790072718
"Colliers de serrage 4,7X370mm 100PCS",2520.0,63.0,21,12960714.200000001,96.9104505610656
Poignée fenêtre  aluminium blanc. w,2520.0,112.0,8,12963234.200000001,96.92929322140401
Kit douchette WC avec accessoires MEDHUB,2520.0,7.0,7,12965754.200000001,96.94813588174243
"câble SYT1 2*0,8 rouge pour détection incendie",2500.0,500.0,3,12968254.200000001,96.96682899715753
Fourniture de doigt magnétique KONE.,2500.0,1.0,1,12970754.200000001,96.98552211257262
Plaque alvéolaires en polycarbonate ep 10mm,2500.0,1.0,1,12973254.200000001,97.00421522798771
Manomètre,2500.0,5.0,4,12975754.200000001,97.02290834340282
Filtre hydraulique de retour HF 7906,2490.0,3.0,3,12978244.200000001,97.04152668635624
"câble électrique U1000 RO2V 3 x2,5mm",2475.0,150.0,1,12980719.200000001,97.06003287061719
Boite de mousse de polyuréthanne,2440.0,14.0,5,12983159.200000001,97.07827735126232
Scotch aluminium,2415.0,35.0,12,12985574.200000001,97.0963349007533
Joint d'étanchité bas pour portes sectionnelle épaisseur : 70 mm,2404.0,2.0,1,12987978.200000001,97.11431020053645
Cheville méttalique Ø20*80,2400.0,200.0,2,12990378.200000001,97.13225559133495
Filtre déshydrateur PARKER PR 305S,2400.0,2.0,2,12992778.200000001,97.15020098213344
Détecteurs optique adressable CAP112A (avec socle),2395.0,5.0,2,12995173.200000001,97.16810898670111
"câble électrique 3*2,5mm",2380.0,200.0,8,12997553.200000001,97.18590483257627
Barrette 100PCS 4mm²   ,2380.0,34.0,21,12999933.200000001,97.20370067845144
"Robinet poussoir lavabo ""VASQUE""",2350.0,26.0,26,13002283.200000001,97.22127220694163
Coude 45 110 PVC HP,2346.0,69.0,16,13004629.200000001,97.23881382644716
Vachette de bois,2304.0,32.0,24,13006933.200000001,97.25604140161371
Flexible gasoil bague 3/8 *3/8 F/F (3m),2300.0,2.0,1,13009233.200000001,97.2732390677956
Réglette étanch 1Xtube LED 127 Cm 1x25W classe M0,2300.0,10.0,8,13011533.200000001,97.29043673397749
Teinte de peinture vinylique noir,2292.0,191.0,15,13013825.200000001,97.30757458219004
Télécommande universelle,2280.0,38.0,4,13016105.200000001,97.32462270344861
Poignée porte coupe-feu,2250.0,3.0,2,13018355.200000001,97.34144650732219
Porte papier rouleau INOX,2240.0,7.0,7,13020595.200000001,97.35819553873412
Fourniture disjoncteur magnétothermique 32A,2240.0,4.0,1,13022835.200000001,97.37494457014606
Poignée de porte en bois,2205.0,45.0,31,13025040.200000001,97.39143189794216
Ruban de masquage de PEINTURE,2205.0,245.0,58,13027245.200000001,97.40791922573827
Cadenas,2200.0,220.0,21,13029445.200000001,97.42436916730355
Chemin de Cable perforé 3m,2160.0,24.0,2,13031605.200000001,97.4405200190222
Panel LED 30X120 40W 6000K,2125.0,85.0,3,13033730.200000001,97.45640916712503
Bande Led,2108.0,34.0,2,13035838.200000001,97.47217120204304
PARAF.24KV NORMAL 610MM YH10W-24KVE2,2100.0,1.0,1,13037938.200000001,97.48787341899173
Carburant de machine de TRACAGE AU SOL,2100.0,210.0,4,13040038.200000001,97.5035756359404
Siphon de lavabo MEDHUB,2080.0,13.0,9,13042118.200000001,97.51912830796576
Extracteur d'air sanitaire silencieux,2060.0,103.0,3,13044178.200000001,97.53453143506779
Projecteur LED 240W MEDHUB,2060.0,103.0,5,13046238.200000001,97.54993456216984
Douille GU10	,2040.0,24.0,4,13048278.200000001,97.56518814434855
Cheville metallique Ø 10,2038.0,1019.0,17,13050316.200000001,97.58042677203494
Contre bardage lot 120 (similaire à l'existant),2016.0,6.0,1,13052332.200000001,97.59550090030568
Gaz R22 13 KG,2000.0,2.0,2,13054332.200000001,97.61045539263775
Fourniture de déflecteurs a brosses escalator Schindler.,2000.0,1.0,1,13056332.200000001,97.62540988496983
Ballaste électronique 40W,2000.0,100.0,1,13058332.200000001,97.6403643773019
Fourniture de Plaque désignation cabine.,2000.0,1.0,1,13060332.200000001,97.65531886963397
Multiprises rackable,1994.0,8.0,4,13062326.200000001,97.67022849848907
Ressort gauche standard de porte sectionnelle,1993.0,1.0,1,13064319.200000001,97.68513065009797
Détecteurs optique de fumée FDO500 (avec socle),1980.0,6.0,2,13066299.200000001,97.69993559750672
Poignée porte coupe feu,1950.0,195.0,30,13068249.200000001,97.7145162275305
lampe T8 60 cm LED,1944.0,108.0,22,13070193.200000001,97.72905199407728
"Lampe led stick E27  ""NICHES""",1924.0,26.0,2,13072117.200000001,97.74343821570073
Câble cuivre souple U1000  1G25mm2,1920.0,40.0,1,13074037.200000001,97.75779452833953
Fourniture de tuyau PEHD Ø32MM,1920.0,96.0,1,13075957.200000001,97.77215084097833
Barre antipanique Bricard,1900.0,1.0,1,13077857.200000001,97.78635760869379
Vachette CLEDOR de porte rosace INOX CND,1890.0,14.0,12,13079747.200000001,97.80048960394761
Cadenas MEDHUB,1850.0,185.0,13,13081597.200000001,97.81432250935478
Verrou porte manuel MEDHUB,1800.0,4.0,3,13083397.200000001,97.82778155245366
Ruban LED 10W 6500K,1800.0,150.0,3,13085197.200000001,97.84124059555252
Huile moteur 15w40,1794.0,46.0,2,13086991.200000001,97.85465477517438
Detecteur chaleur thermovelocimetrique IQ8QUADTD interactif ESSER NF,1790.0,4.0,4,13088781.200000001,97.8680390458116
Prise de courant 2P+T blanc,1790.0,179.0,21,13090571.200000001,97.8814233164488
Kit de fixation réglable pour lavabo,1785.0,119.0,17,13092356.200000001,97.89477020085519
Thermistance de gaz,1776.0,1.0,1,13094132.200000001,97.90804979004606
Teinte de peinture laque bleu,1752.0,146.0,17,13095884.200000001,97.92114992532896
Armaflex ACE Tapis d'isolation autoadhésif,1740.0,4.0,2,13097624.200000001,97.93416033365787
Robinet équerre chromé 1/2,1716.0,39.0,25,13099340.200000001,97.94699128807879
"Cuivre avec arma Flex 3/4, 3/8  rouleau 20m",1700.0,34.0,2,13101040.200000001,97.95970260656107
Driver LED 18W,1692.0,141.0,3,13102732.200000001,97.972354107074
Panel led 24 W carrée,1680.0,15.0,6,13104412.200000001,97.98491588063294
Culotte  75 PVC HP,1680.0,30.0,6,13106092.200000001,97.99747765419188
Joint d'étanchité bas pour portes sectionnelle épaisseur : 40 mm,1676.0,2.0,1,13107768.200000001,98.01000951876617
hublot ronde étanche,1653.0,57.0,33,13109421.200000001,98.02236940667862
Ciment blanc,1624.0,28.0,7,13111045.200000001,98.03451245445227
Robinet équerre chromé  3/8,1584.0,36.0,16,13112629.200000001,98.04635641237928
Culotte 110 PVC HP,1566.0,18.0,5,13114195.200000001,98.05806577987529
T  75 PVC HP,1560.0,24.0,3,13115755.200000001,98.0697302838943
Paumelle vitre INOX,1540.0,77.0,6,13117295.200000001,98.08124524299001
Robinet équaire 1/2*3/4,1540.0,22.0,10,13118835.200000001,98.0927602020857
"Boite jonction à résine 16,25,35 mm2",1530.0,9.0,7,13120365.200000001,98.10420038871975
Coude 90 40 PEHD HP,1520.0,152.0,5,13121885.200000001,98.11556580289212
Lampe projecteur 70W,1520.0,19.0,1,13123405.200000001,98.12693121706451
Silicone blanc. w,1507.5,67.0,40,13124912.700000001,98.1382031656598
Connecteur,1500.0,6.0,1,13126412.700000001,98.14941903490886
Split 24000 complet,1500.0,3.0,2,13127912.700000001,98.16063490415792
Roulette petite axe de porte sectionnelle ,1495.0,23.0,7,13129407.700000001,98.17181338717614
Module BR100 « AVS électronic »,1482.0,1.0,1,13130889.700000001,98.18289466599421
prise de courant électrique encastré,1476.0,41.0,21,13132365.700000001,98.19393108133528
Manomètre à glycérine 0 - 16 bar Boîtier en acier 1/4,1476.0,12.0,8,13133841.700000001,98.20496749667636
Filtre à gasoil réf FF5485 (Cummins 110KVA).,1450.0,1.0,1,13135291.700000001,98.21580950361711
Détecteur optiques CAP112,1440.0,3.0,1,13136731.700000001,98.2265767380962
Capteur de pression de circuit hydraulique de PAC,1427.0,1.0,1,13138158.700000001,98.23724676837514
disjoncteur magnétothermique 4P+N 16A,1415.0,5.0,2,13139573.700000001,98.24782707170009
Mécanisme chasse d'eau pour WC standard et suspendu	,1400.0,2.0,2,13140973.700000001,98.25829521633254
Huile 5W40,1400.0,200.0,1,13142373.700000001,98.268763360965
Spot &tanche ronde 10W LED IP54,1400.0,28.0,9,13143773.700000001,98.27923150559744
"Fléxible 3/4 ""simple-simple"" 1,5M Ø215 BAR",1400.0,2.0,2,13145173.700000001,98.2896996502299
"Panneau ""Rond point""",1400.0,2.0,2,13146573.700000001,98.30016779486236
Mécanisme de fermeture SEVAX MINOS +,1380.0,69.0,3,13147953.700000001,98.31048639457148
"Robinet équerre ,diamètre de  1/2   pouce en laiton. w",1380.0,48.0,36,13149333.700000001,98.32080499428062
Coude 90 125 PVC HP,1360.0,40.0,3,13150693.700000001,98.33097404906643
Filtre déshydrateur CASTEL DF 308/4,1350.0,1.0,1,13152043.700000001,98.34106833139057
Détecteurs optiques CAP320,1344.0,4.0,1,13153387.700000001,98.35111775023773
Tube 75 PEHDHP,1310.0,131.0,5,13154697.700000001,98.36091294271525
Soupape de sécurité de Circuite hydraulique de PAC,1305.0,5.0,4,13156002.700000001,98.37067074896193
Détecteur de chaleur thermostatique interactif IQ8Quad TM (Marque Esser),1300.0,2.0,2,13157302.700000001,98.38039116897778
Carte électronique universel,1300.0,26.0,2,13158602.700000001,98.39011158899362
Carte électronique universel split system,1300.0,1.0,1,13159902.700000001,98.39983200900949
Prise de courant électrique étanche apparent,1280.0,40.0,30,13161182.700000001,98.40940288410201
Boite étanche 240*180,1275.0,255.0,16,13162457.700000001,98.4189363729637
Robinet OM,1275.0,15.0,13,13163732.700000001,98.4284698618254
Pistolet de lavage a haute pression KPS 65,1250.0,1.0,1,13164982.700000001,98.43781641953295
Disjoncteur magnetothermique 50A,1240.0,2.0,1,13166222.700000001,98.44708820477884
lampe LED E27,1230.0,123.0,37,13167452.700000001,98.45628521756306
Serrure porte coupe feu,1220.0,61.0,4,13168672.700000001,98.46540745788563
Baguette d'argent pure,1215.0,15.0,3,13169887.700000001,98.47449231197737
T 40 PVC HP,1200.0,25.0,4,13171087.700000001,98.48346500737661
Contacteur 24 V,1200.0,1.0,1,13172287.700000001,98.49243770277586
Armature LED 100W MEDHUB,1200.0,60.0,4,13173487.700000001,98.50141039817511
"Cuivre avec arma Flex 3/8, 1/4  rouleau 20m",1200.0,24.0,4,13174687.700000001,98.51038309357435
Hublot extérieur ovale - Verre - E27 -60W - IP44,1200.0,8.0,4,13175887.700000001,98.5193557889736
Humidificateur BLCT2C00W0,1200.0,1.0,1,13177087.700000001,98.52832848437284
Drapeau Maroc	,1200.0,1.0,1,13178287.700000001,98.53730117977209
Ecrou Ø20,1188.0,396.0,3,13179475.700000001,98.54618414821734
Câble en acier galvanisé de porte sectionnelle Ø4mm/ML ,1155.0,165.0,12,13180630.700000001,98.55482036753911
Culotte 45 125 PVC HP,1140.0,19.0,5,13181770.700000001,98.56334442816839
Télécommande universelle MEDHUB,1140.0,19.0,9,13182910.700000001,98.57186848879768
Prise de sol 220V,1140.0,3.0,1,13184050.700000001,98.58039254942696
Coude 90 110 PVC HP,1122.0,33.0,8,13185172.700000001,98.58878201962526
Filtre d'air HF6710,1110.0,3.0,3,13186282.700000001,98.59708176286956
Panel led carré 3 w,1110.0,37.0,18,13187392.700000001,98.60538150611387
Led panel 6 w carrée,1102.0,29.0,14,13188494.700000001,98.61362143138884
Spot encastré carre au plafond 100X100 10W LED IP44,1100.0,11.0,5,13189594.700000001,98.62184640217147
Peinture de traçage vert 25KG,1100.0,1.0,1,13190694.700000001,98.63007137295412
Plâtre en poudre,1096.0,1096.0,58,13191790.700000001,98.6382664347521
Coude 90 75 PVC HP,1088.0,32.0,5,13192878.700000001,98.64640167858076
Spot encastré circulaire au plafond 260 10W LED IP44,1080.0,9.0,3,13193958.700000001,98.65447710444008
Vis auto Perceuse,1080.0,180.0,3,13195038.700000001,98.66255253029938
Panel LED 120 CM 48W,1080.0,3.0,2,13196118.700000001,98.67062795615871
Huile 15W40,1070.0,200.0,1,13197188.700000001,98.67862860955637
Interrupteur sectionneur 63A-4P,1050.0,1.0,1,13198238.700000001,98.68647971803071
Fixation de lavabo,1050.0,30.0,11,13199288.700000001,98.69433082650505
Flexible sanitaire Ø 12mm  Femelle 3/8,1034.0,47.0,26,13200322.700000001,98.70206229904073
Huile hydraulique 68,1020.0,204.0,12,13201342.700000001,98.7096890901301
Paumelle INOX,1020.0,102.0,9,13202362.700000001,98.71731588121946
Driver LED 40W,1020.0,85.0,1,13203382.700000001,98.72494267230881
Tube PVC Ø110,1015.0,35.0,2,13204397.700000001,98.73253207716735
Tige fileté Ø16,1012.0,46.0,7,13205409.700000001,98.74009905028737
Contacteur de démarrage du compresseur de PAC,1010.0,1.0,1,13206419.700000001,98.74765106891506
Scotche noir SPECIAL,1008.0,21.0,3,13207427.700000001,98.75518813305044
Siphon plastique Ø40,1008.0,21.0,17,13208435.700000001,98.7627251971858
Détecteur thermo vélocimétrique adressable TFDA-TR1 (Marque Techno Fire),1000.0,2.0,1,13209435.700000001,98.77020244335183
Chlore 13 PH,1000.0,50.0,2,13210435.700000001,98.77767968951788
Coude 90 110 PEHD HP,1000.0,100.0,2,13211435.700000001,98.78515693568391
Huile hydraulique 46 M,1000.0,200.0,1,13212435.700000001,98.79263418184996
Huile hydraulique 32 M,1000.0,200.0,1,13213435.700000001,98.800111428016
Split 12000 complet MEDHUB,1000.0,2.0,2,13214435.700000001,98.80758867418203
Prise de courant 2P+T blanc MEDHUB,1000.0,100.0,12,13215435.700000001,98.81506592034806
Vachette de porte en aluminium 5 cm,979.0,11.0,10,13216414.700000001,98.82238614434462
Réglette LED 2x18W Etanche MEDHUB,975.0,39.0,12,13217389.700000001,98.8296764593565
Câble nu 25mm² Cuivre,967.5,150.0,1,13218357.200000001,98.83691069502215
Robinet lavabo - MITIGEUR-,966.0,3.0,3,13219323.200000001,98.84413371481854
Anti gel 50%,960.5000000000001,170.0,1,13220283.700000001,98.85131560976103
Coude 45 125 PVC HP,952.0,28.0,3,13221235.700000001,98.85843394811108
Film sablé rouleau 30m,950.0,95.0,8,13222185.700000001,98.86553733196882
Serrure double cylindre,940.0,94.0,42,13223125.700000001,98.8725659433649
Silicone spécial vitre,940.0,47.0,6,13224065.700000001,98.87959455476097
Fiche prise 2P+T 16A industrielle souple femelle marque famatel,924.0,21.0,7,13224989.700000001,98.88650353021839
Compresseur 12000,920.0,46.0,2,13225909.700000001,98.89338259669115
Collier de serrage 7x300mm,900.0,30.0,1,13226809.700000001,98.90011211824059
Ballast 150W,900.0,2.0,2,13227709.700000001,98.90684163979002
Cylindre de serrure spécial 12CM,900.0,75.0,21,13228609.700000001,98.91357116133945
Projecteur LED 240W,900.0,45.0,5,13229509.700000001,98.9203006828889
Verrou porte manuel	TMSA,900.0,2.0,1,13230409.700000001,98.92703020443832
Serrure porte en aluminium TMSA,900.0,2.0,1,13231309.700000001,98.93375972598776
"Drapeau MAROC G,T",891.0,3.0,2,13232200.700000001,98.9404219523217
Raccord union male,870.0,87.0,11,13233070.700000001,98.94692715648615
Flexible  évacuation toilette,864.0,36.0,25,13233934.700000001,98.95338749717361
Vis de cloture,855.0,57.0,2,13234789.700000001,98.95978054264557
Interrupteur simple allumage encastré,840.0,30.0,22,13235629.700000001,98.96606142942504
Raccord retube mal 16*1/2,832.0,16.0,6,13236461.700000001,98.97228249823519
Raccord union femelle,820.0,82.0,12,13237281.700000001,98.97841384009133
Silicone spécial vitre MEDHUB,820.0,41.0,3,13238101.700000001,98.9845451819475
Serrure manuel,816.0,24.0,15,13238917.700000001,98.99064661481898
Serrure d’angle avec barillet SEVAX,800.0,40.0,2,13239717.700000001,98.99662841175181
colle gerflex,800.0,80.0,5,13240517.700000001,99.00261020868464
Tambour standard de la porte sectionnelle côté gauche,800.0,1.0,1,13241317.700000001,99.00859200561747
Projecteur LED 480W MEDHUB,800.0,40.0,3,13242117.700000001,99.0145738025503
ROBINET DE SERVICE MEDHUB,800.0,5.0,4,13242917.700000001,99.02055559948313
Tambour standard de la porte sectionnelle côté droite,800.0,1.0,1,13243717.700000001,99.02653739641596
Interrupteur simple allumage blanc,800.0,80.0,3,13244517.700000001,99.03251919334879
Rouleau filtre G4,800.0,40.0,2,13245317.700000001,99.03850099028162
Armature LED 100W,800.0,40.0,1,13246117.700000001,99.04448278721445
Réglette LED 1x18W Etanche,800.0,32.0,5,13246917.700000001,99.05046458414728
Transformateur 24V 220V 360W,780.0,2.0,2,13247697.700000001,99.05629683615679
Vachette porte verre,770.0,1.0,1,13248467.700000001,99.06205431570464
Barrette de connexion 4mm2,770.0,11.0,4,13249237.700000001,99.0678117952525
Spot LED GU5 7W 6500K,759.0,253.0,5,13249996.700000001,99.0734870250925
Demi cylindre de serrure,754.0,58.0,34,13250750.700000001,99.07912486870171
Lavabo,750.0,25.0,6,13251500.700000001,99.08473280332623
Robinet cuisine mitigeur (Mur) MEDHUB,750.0,1.0,1,13252250.700000001,99.09034073795077
"Câble capotin 3G2,5	",750.0,10.0,10,13253000.700000001,99.09594867257529
"Flexible sanitaire Ø 12mm Femelle Femelle 1/2"""" 15x21",748.0,34.0,21,13253748.700000001,99.1015416527075
"Flexible sanitaire Ø 12mm Femelle Mâle 1/2"""" 15x21",726.0,33.0,22,13254474.700000001,99.10697013342403
Poignée de condamnation CND,720.0,3.0,3,13255194.700000001,99.11235375066359
Lavabo avec colonne,720.0,24.0,4,13255914.700000001,99.11773736790312
Huile hydraulique 80W90,715.0,143.0,5,13256629.700000001,99.12308359891185
Connecteur pour detecteur inductif,702.0,3.0,3,13257331.700000001,99.1283326257204
Lampe P38 18W,700.0,4.0,2,13258031.700000001,99.13356669803662
"Panneau ""Vitesse -40-""",700.0,1.0,1,13258731.700000001,99.13880077035286
Flexible toilette 100 CM,700.0,70.0,14,13259431.700000001,99.14403484266909
"Panneau ""Obligation ""flèche""",700.0,1.0,1,13260131.700000001,99.14926891498531
"Panneau "" Interdiction de tourner à gauche """,700.0,1.0,1,13260831.700000001,99.15450298730154
"Panneau ""Klaxon interdit""",700.0,1.0,1,13261531.700000001,99.15973705961775
Détecteur de mouvement apparent,690.0,69.0,9,13262221.700000001,99.16489635947234
Vanne metalique Ø50,690.0,6.0,2,13262911.700000001,99.17005565932689
Filtre à air réf : AH1136 (Cummins 110KVA).,680.0,1.0,1,13263591.700000001,99.1751401867198
Projecteur LED 480W,680.0,34.0,3,13264271.700000001,99.18022471411271
Abattant WC,675.0,15.0,15,13264946.700000001,99.18527185527478
Cheville métallique Ø20x80 avec tige filetée à expansion,672.0,24.0,5,13265618.700000001,99.19029656469836
Condensateur 10 µf,665.0,19.0,7,13266283.700000001,99.19526893339878
Ecrou de boulon M6,660.0,220.0,4,13266943.700000001,99.20020391586836
Rondelle Ø20mm,658.0,470.0,5,13267601.700000001,99.20512394384562
Paire de cosses pour batteries,658.0,7.0,2,13268259.700000001,99.21004397182287
Té retube femelle Ø16*1/2,650.0,26.0,15,13268909.700000001,99.21490418183079
Lampe T38,650.0,13.0,2,13269559.700000001,99.21976439183872
T 110 PVC HP ,640.0,8.0,1,13270199.700000001,99.22454982938498
Teinte de peinture vinylique beige,636.0,53.0,16,13270835.700000001,99.22930535794659
Goulotte de câblage,605.0,220.0,29,13271440.700000001,99.23382909187704
Bombe de peinture noir matte,602.0,14.0,5,13272042.700000001,99.23833039406898
"Batterie NP7-12 12V,7.0Ah / C20",600.0,3.0,1,13272642.700000001,99.2428167417686
Câble galvanisé MEDHUB,600.0,50.0,1,13273242.700000001,99.24730308946823
Panneau sandwich 600x60x40 MEDHUB,600.0,30.0,3,13273842.700000001,99.25178943716786
Charnière porte coupe feu,600.0,60.0,2,13274442.700000001,99.25627578486747
lampe LED B22,590.0,59.0,24,13275032.700000001,99.26068736010544
Panel LED encastré rond à 24W 6500 K,590.0,59.0,14,13275622.700000001,99.26509893534342
Manchon à sertir en aluminium ,589.0,31.0,5,13276211.700000001,99.2695030333352
La graisse à base de lithium EP2,585.0,117.0,6,13276796.700000001,99.27387722234234
Vis auto-perceuse DIN-7504-K ,570.0,190.0,3,13277366.700000001,99.27813925265697
Fourniture disjoncteur magnétothermique 40A,560.0,1.0,1,13277926.700000001,99.28232651050996
Barrette 4mm²   MEDHUB,560.0,8.0,3,13278486.700000001,99.28651376836294
Boite de sol Inox,555.0,111.0,1,13279041.700000001,99.29066363998508
Flexible M-F 1/2*3/8,550.0,25.0,9,13279591.700000001,99.2947761253764
Raccord retube femelle 16*1/2,546.0,13.0,4,13280137.700000001,99.29885870178306
Y pvc Ø110,544.0,34.0,4,13280681.700000001,99.30292632369739
Fourniture de conduite en PVC Ø75MM,540.0,18.0,2,13281221.700000001,99.30696403662705
Robinet cuisine mitigeur (Vasque) MEDHUB,540.0,18.0,2,13281761.700000001,99.31100174955671
Filtre à huile réf : LF l6015 (Cummins 110KVA).,530.0,1.0,1,13282291.700000001,99.31496469002471
Prise de courant apparent IP55 2P+T,530.0,53.0,25,13282821.700000001,99.31892763049271
Interrupteur simple allumage étanche apparent,528.0,24.0,19,13283349.700000001,99.32287561646838
Brique rouge,515.0,515.0,2,13283864.700000001,99.32672639824389
Coude pvc  Ø110/87°,512.0,32.0,8,13284376.700000001,99.3305547482809
Paumelle aluminium MEDHUB,512.0,4.0,2,13284888.700000001,99.33438309831791
Plaque de signalisation sanitaire,510.0,34.0,1,13285398.700000001,99.3381964938626
Tube 110 PEHD HP,510.0,51.0,3,13285908.700000001,99.34200988940727
Filtre à huile réf :1R-0739 (DEUTZ).,510.0,1.0,1,13286418.700000001,99.34582328495195
Cosse a sertir 25-50MM T6,500.0,20.0,1,13286918.700000001,99.34956190803497
Douille E40,500.0,50.0,1,13287418.700000001,99.353300531118
Vanne polyéthylène Ø 63,500.0,10.0,3,13287918.700000001,99.357039154201
"Cuivre avec arma Flex 3/4, 3/8 rouleau 20m MEDHUB",500.0,10.0,4,13288418.700000001,99.36077777728403
Vanne double union PPR 63,500.0,50.0,1,13288918.700000001,99.36451640036704
Vanne double union PPR 32,500.0,50.0,1,13289418.700000001,99.36825502345008
Sèche main automatique Inox MEDHUB,500.0,5.0,4,13289918.700000001,99.37199364653308
Cosse à sertir,500.0,100.0,2,13290418.700000001,99.37573226961611
Vanne d'arrêt PPR 63,500.0,50.0,1,13290918.700000001,99.37947089269913
Vanne d'arrêt PPR 32,500.0,50.0,1,13291418.700000001,99.38320951578214
split 18000 complet MEDHUB,500.0,1.0,1,13291918.700000001,99.38694813886516
Bois TEC hydrofuge,500.0,50.0,1,13292418.700000001,99.39068676194817
Bouchon  110 PVC HP,500.0,50.0,2,13292918.700000001,99.3944253850312
Fiche mâle mobile 3P+N+T 32A,500.0,50.0,1,13293418.700000001,99.39816400811422
Joint d'étanchéité bas pour portes sectionnelle,500.0,50.0,1,13293918.700000001,99.40190263119723
Joint d'étanchéité bas pour porte issue de secours,500.0,50.0,1,13294418.700000001,99.40564125428025
Fiche mâle mobile 2P+T 32A,500.0,50.0,3,13294918.700000001,99.40937987736328
Prolongateur industriel 3P+N+T 32A,500.0,50.0,1,13295418.700000001,99.4131185004463
Prolongateur industriel 2P+T 32A,500.0,50.0,1,13295918.700000001,99.41685712352931
Teinte de peinture vinylique bleu,492.0,41.0,12,13296410.700000001,99.420535928643
Cheville metallique Ø 12,482.0,241.0,24,13296892.700000001,99.42413996129503
Roulette petite axe de porte sectionnelle,480.0,3.0,2,13297372.700000001,99.42772903945473
Ballast 12 v 250 w YF,480.0,2.0,1,13297852.700000001,99.43131811761444
"Collier de serrage 7,6X340mm 100PCS MEDHUB",480.0,12.0,3,13298332.700000001,99.43490719577413
Coude 45 40 PVC HP,476.0,14.0,5,13298808.700000001,99.43846636494916
Raccord polyéthylène Ø63,475.0,19.0,2,13299283.700000001,99.44201805687804
Manomètre de pression de Circuite hydraulique de PAC,471.0,3.0,2,13299754.700000001,99.44553983982225
Colliers de serrage noir 2.5X200M (100 pcs),460.0,23.0,4,13300214.700000001,99.4489793730586
Détecteur de mouvement encastré,460.0,46.0,5,13300674.700000001,99.452418906295
Coude pvc  Ø110/45°,450.0,30.0,9,13301124.700000001,99.45578366706971
Roue de portail-FORTE CHARGE 350KG,450.0,1.0,1,13301574.700000001,99.45914842784443
"Cuivre avec arma Flex 3/8, 1/4 rouleau 20m MEDHUB",450.0,9.0,3,13302024.700000001,99.46251318861914
Fin de course,450.0,12.0,7,13302474.700000001,99.46587794939386
Prise de courant complet plinthes,450.0,90.0,2,13302924.700000001,99.46924271016859
Selecteur a clé,448.0,8.0,6,13303372.700000001,99.47259251645096
Goulotte autocolant,448.0,8.0,1,13303820.700000001,99.47594232273335
Fiche prise 2P+T 16A industrielle souple male marque famatel,442.0,17.0,9,13304262.700000001,99.47924726553875
"Collier de serrage 4,7X370mm 100PCS MEDHUB",440.0,11.0,4,13304702.700000001,99.48253725385179
Cosse a sertir STD 25MM,440.0,20.0,1,13305142.700000001,99.48582724216485
Robinet col de signe,440.0,2.0,2,13305582.700000001,99.4891172304779
Culotte  110 PVC HP,435.0,5.0,3,13306017.700000001,99.49236983256013
Scotch aluminium haut température,435.0,5.0,1,13306452.700000001,99.49562243464236
Colle bois,432.0,6.0,6,13306884.700000001,99.49885260498608
Boite étanche 240*180 MEDHUB,430.0,86.0,5,13307314.700000001,99.50206782083748
Horloge mécanique,429.0,33.0,4,13307743.700000001,99.50527555944272
Cosse 35,427.0,61.0,6,13308170.700000001,99.5084683435556
Gond à vis epiton rond,423.0,141.0,10,13308593.700000001,99.51163121868385
Lampe LED flamme E14 3000K,420.0,70.0,1,13309013.700000001,99.51477166207358
Aérosol dégrippant MEDHUB,420.0,3.0,1,13309433.700000001,99.51791210546332
Serrure porte BOIS TMSA,420.0,1.0,1,13309853.700000001,99.52105254885305
Robinet cuisine mitigeur (Vasque),420.0,14.0,6,13310273.700000001,99.52419299224279
Relais FINDER type 44.62S 10A 250V,420.0,2.0,1,13310693.700000001,99.52733343563253
Lampe LED B22 15W 6500K MEDHUB,410.0,41.0,12,13311103.700000001,99.53039910656061
ECROUS Ø14,408.0,204.0,3,13311511.700000001,99.53344982299635
Serrure de milieu sans béquille avec barillet SEVAX,400.0,20.0,1,13311911.700000001,99.53644072146275
Plaque + Support plinthes,400.0,80.0,1,13312311.700000001,99.53943161992918
Cadenas ,400.0,200.0,6,13312711.700000001,99.5424225183956
Panneau sandwich 600x60x40,400.0,20.0,1,13313111.700000001,99.545413416862
Tige fileté 1m 6 8 ET 10 Ø,400.0,16.0,2,13313511.700000001,99.54840431532843
Film sablé rouleau 30m MEDHUB,400.0,40.0,2,13313911.700000001,99.55139521379483
"Tambour de porte sectionnelle  (Ensemble: Gauche/Droit)""",400.0,20.0,1,13314311.700000001,99.55438611226126
Disjoncteur différentiel 2P*63A,400.0,2.0,1,13314711.700000001,99.55737701072766
Lampe T8 / 120cm 36W,400.0,50.0,1,13315111.700000001,99.56036790919408
Tambour de porte sectionnelle  (Ensemble: Gauche/Droit) MEDHUB,400.0,20.0,2,13315511.700000001,99.56335880766049
Manchon a sertir 16MM,400.0,20.0,1,13315911.700000001,99.56634970612691
Teinte de peinture laque vert,396.0,33.0,3,13316307.700000001,99.56931069560866
Anti gel 50% MEDHUB,395.5,70.0,3,13316703.200000001,99.57226794646733
Condensateur 35 µf,390.0,10.0,8,13317093.200000001,99.57518407247208
Cuivre de clim 3/8,390.0,6.0,1,13317483.200000001,99.57810019847683
Cable porte sectionnelle,384.0,32.0,3,13317867.200000001,99.5809714610046
Té 40 PEHD HP,384.0,8.0,3,13318251.200000001,99.58384272353236
Thermomètre de Circuite hydraulique de PAC,383.0,1.0,1,13318634.200000001,99.58670650881395
Réduction 40/32 double sortie PEHD,380.0,38.0,8,13319014.200000001,99.58954786235705
Plinthe 100x45,375.0,75.0,6,13319389.200000001,99.59235182966931
Flexible sanitaire Ø 12mm Femelle Femelle 1/2 3/8,374.0,17.0,15,13319763.200000001,99.5951483197354
Led panel 3 w rond,368.0,16.0,8,13320131.200000001,99.5978999463245
Tube LED (t8) 9W 6500K,360.0,3.0,1,13320491.200000001,99.60059175494429
SIKA FLEX ,360.0,6.0,1,13320851.200000001,99.60328356356406
Boite étanche 210*170*80,360.0,12.0,9,13321211.200000001,99.60597537218383
Disjoncteur divisionnaire 63 A 4 pôles 380V,360.0,36.0,2,13321571.200000001,99.60866718080361
Manchon a sertir 10MM,360.0,20.0,1,13321931.200000001,99.61135898942338
Kit douchette WC avec accessoires	,360.0,1.0,1,13322291.200000001,99.61405079804315
"Câble souple 3x2,5mm²",360.0,20.0,1,13322651.200000001,99.61674260666292
Vis hexagon socket head cap screw Ø 6,358.0,179.0,2,13323009.200000001,99.61941946079037
Fusible miniature corps céramique 5X20  16 A 220V,350.0,50.0,2,13323359.200000001,99.62203649694848
Coude 90 75 PEHD HP,350.0,35.0,2,13323709.200000001,99.6246535331066
Câble en acier de diamètre 4mm,350.0,70.0,7,13324059.200000001,99.62727056926471
Porte fusible modulaire compact 4 pôles 22X58,350.0,50.0,2,13324409.200000001,99.62988760542282
Fusible modulaire compact 4 pôle 20 A,350.0,50.0,2,13324759.200000001,99.63250464158094
Peinture laque 5 KG vert,340.0,2.0,1,13325099.200000001,99.63504690527739
peinture laque 5 kg jaune,340.0,2.0,2,13325439.200000001,99.63758916897383
Collecteur avec robinet TRIO,340.0,68.0,3,13325779.200000001,99.6401314326703
Disjoncteur divisionnaire 25 A 4 pôles 380V,340.0,34.0,6,13326119.200000001,99.64267369636674
Chauffeau électrique instantané,340.0,17.0,13,13326459.200000001,99.64521596006321
Ecrou de boulon M8,336.0,336.0,6,13326795.200000001,99.64772831477498
Barrette de connexion,330.0,33.0,9,13327125.200000001,99.65019580600978
Goupille de porte sectionnelle,330.0,11.0,2,13327455.200000001,99.65266329724457
scotch noir électrique,330.0,60.0,34,13327785.200000001,99.65513078847937
Coude polyéthylène Ø20 MAL,325.0,13.0,8,13328110.200000001,99.65756089348334
ECROUS Ø10,321.6,268.0,6,13328431.8,99.65996557585032
Réduction 110/100 double sortie PEHD,320.0,32.0,5,13328751.8,99.66235829462346
Cosse a sertir 16MM T6,320.0,20.0,1,13329071.8,99.6647510133966
Flexible sanitaire MF 1/2X1/2,320.0,16.0,13,13329391.8,99.66714373216972
Cosse a sertir STD 16MM,320.0,20.0,1,13329711.8,99.66953645094286
"Barrette de connexion 2,5mm",318.5,49.0,22,13330030.3,99.67191795384673
ECROUS Ø8,306.0,510.0,12,13330336.3,99.67420599117355
Vanne double raccord 40 PVC HP,300.0,30.0,1,13330636.3,99.67644916502336
Charnière en acier de 3 mm d'épaisseur,300.0,1.0,1,13330936.3,99.67869233887316
Lavabo Vasque,300.0,10.0,1,13331236.3,99.68093551272298
"Câble U1000R2V 3G1,5",300.0,100.0,1,13331536.3,99.68317868657279
Disjoncteur différentiel 63 A 300mA 4 Pôles 380V,300.0,30.0,2,13331836.3,99.68542186042261
Condensateur courant 50 Uf MEDHUB,300.0,1.0,1,13332136.3,99.68766503427241
"Vis à tôle TF PO21 acier inoxydable 5,5X60 100PCS",300.0,15.0,3,13332436.3,99.68990820812222
Vanne double raccord 110 PEHD HP,300.0,30.0,1,13332736.3,99.69215138197204
Prise monophasé femelle 16A 2P+T - 3 broches,300.0,4.0,1,13333036.3,99.69439455582186
Bornier sur rail 16mm² onka ,300.0,20.0,1,13333336.3,99.69663772967165
Starter S2 PHILPS MEDHUB,300.0,4.0,1,13333636.3,99.69888090352147
Coude pvc  Ø100/90°,297.0,33.0,8,13333933.3,99.70110164563279
Ecrous Ø16mm,281.6,128.0,4,13334214.9,99.70320723815314
Lampe T5 / 120cm,280.0,35.0,7,13334494.9,99.70530086707963
Rouleau filtre G4 MEDHUB,280.0,14.0,4,13334774.9,99.70739449600612
collier de serrage,280.0,7.0,4,13335054.9,99.7094881249326
Cosse a sertir STD 10MM T6,280.0,20.0,1,13335334.9,99.71158175385911
Compresseur 18000,280.0,14.0,1,13335614.9,99.7136753827856
Bouchon 110 PVC HP,280.0,28.0,5,13335894.9,99.71576901171208
Condensateur 45 µf,275.0,5.0,2,13336169.9,99.71782525440774
Vis autoperseurse ,272.6,1363.0,44,13336442.5,99.7198635517126
Retube Ø16,272.0,17.0,2,13336714.5,99.72189736266976
Huile 15W40 MEDHUB,267.5,50.0,1,13336982.0,99.72389752601917
Compresseur 24000,260.0,13.0,1,13337242.0,99.72584161002234
Coude retube femelle 16*1/2,260.0,5.0,3,13337502.0,99.72778569402551
Armaflex bande d'isolation autoadhésif,260.0,1.0,1,13337762.0,99.72972977802868
Vanne double raccord 40 PEHD HP,260.0,26.0,2,13338022.0,99.73167386203185
Prise de courant encastré IP55 2P+T,259.0,37.0,12,13338281.0,99.73361046878885
Siphon plastique Ø32,258.0,6.0,3,13338539.0,99.73553959829971
Condensateur de démarrage de 35 µf ,256.0,8.0,7,13338795.0,99.73745377331821
kit de fixation de robinet de lavabo,252.0,21.0,16,13339047.0,99.73933803935205
Cordon Adaptateur RGB HK117,250.0,1.0,1,13339297.0,99.74120735089356
Anti Algue,250.0,25.0,1,13339547.0,99.74307666243507
TUBE MULTICOUCHE RETUBE MEDHUB,250.0,25.0,1,13339797.0,99.74494597397657
Fourniture d'un répartiteur tétrapolaire 63A,240.0,2.0,1,13340037.0,99.74674051305642
Cheville métalique Ø16mm,240.0,120.0,5,13340277.0,99.74853505213628
Barrette  100PCS 16mm²,240.0,24.0,10,13340517.0,99.75032959121613
SIKA LATEX,240.0,4.0,1,13340757.0,99.75212413029597
Colle pour carrelage,240.0,200.0,2,13340997.0,99.75391866937582
Tube carrée 40X40 6M,240.0,20.0,1,13341237.0,99.75571320845566
Cosse a sertir 10MM T6,240.0,20.0,1,13341477.0,99.75750774753553
Cornière 40/40 6M,240.0,20.0,1,13341717.0,99.75930228661537
Boitier de commande a trois boutons,236.0,1.0,1,13341953.0,99.76106691671055
Coude pvc  Ø50/45°,234.0,18.0,11,13342187.0,99.76281659231341
Disjoncteur divisionnaire 32A 2 pôles 220V,230.0,23.0,3,13342417.0,99.7645363589316
Condensateur 06 µf,228.0,12.0,10,13342645.0,99.76624117105746
Coude polyéthylène Ø20 EGAL,225.0,9.0,5,13342870.0,99.76792355144481
Raccord polyéthylène Ø40,225.0,15.0,5,13343095.0,99.76960593183217
Acide sulferique,224.0,28.0,1,13343319.0,99.77128083497337
Tube 40 PVC HP,222.0,37.0,3,13343541.0,99.77294078362222
Coude pvc  Ø100/45°,221.0,17.0,7,13343762.0,99.77459325502491
Bouchon  110 PEHD HP,220.0,22.0,1,13343982.0,99.77623824918145
Condensateur 40 µf,220.0,4.0,4,13344202.0,99.77788324333797
Disjoncteur différentiel 63 A 300mA Bipôle 220V,220.0,22.0,2,13344422.0,99.7795282374945
Kit douche complet,220.0,1.0,1,13344642.0,99.78117323165104
Rondelle Ø16mm,218.0,218.0,9,13344860.0,99.78280327131522
Cheville metallique Ø 8,216.0,216.0,5,13345076.0,99.7844183564871
Soupape de pression,216.0,18.0,5,13345292.0,99.78603344165894
Barrette 100PCS 4mm²,210.0,3.0,3,13345502.0,99.78760366335382
prise tétrapolaire femelle 32A 3P+N+T - 5 broches,210.0,2.0,1,13345712.0,99.78917388504868
Raccord union égale,210.0,21.0,8,13345922.0,99.79074410674356
Porte fusible modulaire compact 4 pôles 8X32,210.0,30.0,1,13346132.0,99.79231432843842
Bouchon PVC Ø100,207.0,23.0,11,13346339.0,99.7938621183948
Parachute  porte sectionnelle ensemble : gauche / droit MEDHUB,206.15,35.0,3,13346545.15,99.79540355269194
Revit,202.0,202.0,9,13346747.15,99.79691395641747
Cheville embase,201.0,201.0,13,13346948.15,99.79841688289684
Douille B22,201.0,67.0,4,13347149.15,99.79991980937622
Vanne double raccord 75 PVC HP,200.0,20.0,1,13347349.15,99.80141525860942
Disjoncteur COMPACT 63 A 400V,200.0,20.0,1,13347549.15,99.80291070784263
Arma Flex tapis m²,200.0,10.0,1,13347749.15,99.80440615707585
Vanne double raccord 110 PVC HP,200.0,20.0,1,13347949.15,99.80590160630905
Disjoncteur différentiel 32 A 30mA Bipôle 220V,200.0,20.0,2,13348149.15,99.80739705554225
Coude 45 110 PEHD HP,200.0,20.0,1,13348349.15,99.80889250477546
Disjoncteur divisionnaire 25A 2 pôles 220V,200.0,20.0,1,13348549.15,99.81038795400868
Produit de nettoyage (champoing moquette) (20L),200.0,10.0,1,13348749.15,99.81188340324188
Disjoncteur COMPACT 25 A 400V,200.0,20.0,1,13348949.15,99.81337885247508
Ruban adhésif électricien (scotch) (noir-jaune-vert-rouge),200.0,20.0,3,13349149.15,99.81487430170829
Colliers serre cable en plastique,200.0,200.0,3,13349349.15,99.8163697509415
Gaz 407 13 KG,200.0,10.0,1,13349549.15,99.81786520017471
Arma Flex rouleau 18 50ml,200.0,10.0,1,13349749.15,99.81936064940791
Serre câble MEDHUB,200.0,100.0,3,13349949.15,99.82085609864112
Culotte  110 PEHD HP,200.0,20.0,1,13350149.15,99.82235154787433
Revêtement PVC MED HUB,200.0,20.0,1,13350349.15,99.82384699710754
"Collier de serrage 3,6X300mm 100PCS MEDHUB",200.0,5.0,4,13350549.15,99.82534244634074
Serrure porte en métal,200.0,40.0,2,13350749.15,99.82683789557395
Fusible aM 50A 14X51 400V,200.0,50.0,2,13350949.15,99.82833334480716
Coude retube égale Ø16 égale,196.0,14.0,6,13351145.15,99.8297988850557
Condensateur 30 µf,195.0,5.0,5,13351340.15,99.83125694805808
"Fusible ACR, tipo NT 1. In=125A. 500V- 50Hz. gL. 120kA",192.0,2.0,2,13351532.15,99.83269257932196
Panel LED apparent rond à 18W 6500 K ,192.0,96.0,23,13351724.15,99.83412821058583
Réduction 75/40 double sortie PEHD,190.0,19.0,3,13351914.15,99.83554888735739
Interrupteur simple allumage,187.0,17.0,16,13352101.15,99.83694713239043
"Manchon â sertir de diamétre 16,25,35 mm2",186.0,31.0,5,13352287.15,99.83833790017732
Cosses de batteries,184.0,8.0,4,13352471.15,99.83971371347187
Bouchon  75 PVC HP,180.0,18.0,4,13352651.15,99.84105961778175
Interrupteur poussoir avec voyant,180.0,6.0,6,13352831.15,99.84240552209165
Tube LED (T8) 18W 6500K,180.0,6.0,3,13353011.15,99.84375142640152
Interrupteur simple allumage MEDHUB,180.0,18.0,6,13353191.15,99.84509733071143
Collier polyéthylène  Ø90,180.0,2.0,2,13353371.15,99.84644323502131
Parachute  porte sectionnelle ensemble : gauche / droit,176.7,30.0,1,13353547.85,99.84776446441884
Rondelle Ø10 mm,173.0,346.0,11,13353720.85,99.84905802800557
Peinture laque 5 KG bleu,170.0,1.0,1,13353890.85,99.85032915985379
TE égale,170.0,34.0,1,13354060.85,99.85160029170201
Culotte 75 PVC HP,168.0,3.0,1,13354228.85,99.85285646905791
soupape de pression MEDHUB,168.0,14.0,4,13354396.85,99.85411264641381
Condensateur de démarrage,168.0,28.0,19,13354564.85,99.8553688237697
Teinte de peinture laque jaune,168.0,14.0,13,13354732.85,99.8566250011256
Tube PPR Ø32,162.0,9.0,2,13354894.85,99.85783631500449
Sika Top-122 ,162.0,9.0,2,13355056.85,99.85904762888339
Hublot LED 24W MEDHUB ,160.0,2.0,1,13355216.85,99.86024398826996
Relais d interface 12Vcc,160.0,2.0,2,13355376.85,99.86144034765653
Tube PPR 32,160.0,32.0,3,13355536.85,99.86263670704308
Flexible toilette 100 CM MEDHUB,160.0,16.0,2,13355696.85,99.86383306642965
Gaz 404 13 KG,160.0,8.0,5,13355856.85,99.86502942581622
Bouton poussoir industrielle,160.0,1.0,1,13356016.85,99.86622578520279
Lampe projecteur 150w RS7,160.0,1.0,1,13356176.85,99.86742214458936
Bouchon 40 PEHD,160.0,16.0,2,13356336.85,99.86861850397591
Detecteur de mouvement 360°,154.0,7.0,4,13356490.85,99.86976999988548
Cuivre avec armaflex 1/2*1/4 - rouleau 20m,154.0,1.0,1,13356644.85,99.87092149579506
Raccord cuivre 3/8,150.0,6.0,2,13356794.85,99.87204308271997
Vanne double raccord 75 PEHD HP,150.0,15.0,1,13356944.85,99.87316466964486
Raccord cuivre 1/4,150.0,6.0,2,13357094.85,99.87428625656977
Coude PVC Ø160 90°,150.0,6.0,3,13357244.85,99.87540784349468
Ecrous Ø12mm,150.0,100.0,1,13357394.85,99.8765294304196
Té polyéthylène Ø20,150.0,6.0,6,13357544.85,99.87765101734449
Lavabo d'occasion,150.0,1.0,1,13357694.85,99.8787726042694
Poignée porte en acier (Pair),150.0,15.0,11,13357844.85,99.87989419119431
Manchon polyéthylène Ø25,150.0,5.0,4,13357994.85,99.8810157781192
Réduction 100/75 double sortie PEHD,150.0,15.0,2,13358144.85,99.88213736504412
Serrure vitre INOX,148.0,74.0,2,13358292.85,99.88324399747668
Reducteur pvc 110*40,144.0,9.0,2,13358436.85,99.8843207209246
Vis de fixation,144.0,18.0,3,13358580.85,99.8853974443725
Bombe de peinture gris,144.0,4.0,3,13358724.85,99.88647416782041
Bouchon PVC Ø75,144.0,16.0,10,13358868.85,99.88755089126833
Y pvc Ø75,143.0,11.0,8,13359011.85,99.88862013747007
Vanne service de purgeur de Circuite hydraulique de PAC,140.0,1.0,1,13359151.85,99.88966695193332
Chlore 13 PH MEDHUB ,140.0,7.0,3,13359291.85,99.89071376639657
Extracteur d'air sanitaire silencieux MEDHUB,140.0,7.0,4,13359431.85,99.8917605808598
"Baguette brasure cuivre auto-décapante, diamètre 3 mm",140.0,2.0,1,13359571.85,99.89280739532305
Barrette 100PCS 4mm²  MEDHUB,140.0,2.0,2,13359711.85,99.8938542097863
Lampe projecteur 70w RS7,140.0,1.0,1,13359851.85,99.89490102424953
 Téflon,140.0,28.0,27,13359991.85,99.89594783871279
Flexible sanitaire FF 1/2X1/2,138.0,6.0,6,13360129.85,99.8969796986837
"Réduction laiton à visser MF  1"" - 1/2",138.0,6.0,4,13360267.85,99.89801155865462
Té pvc Ø100,136.0,8.0,2,13360403.85,99.8990284641332
Coude PVC Ø160 45°,135.0,3.0,2,13360538.85,99.90003789236562
Serre câble,130.0,65.0,1,13360668.85,99.9010099343672
Mamelon 1/2*1/2,130.0,5.0,3,13360798.85,99.90198197636879
"Réduction laiton à visser MF 1""-3/4",130.0,5.0,3,13360928.85,99.90295401837037
coude femlle ppr 32,130.0,26.0,6,13361058.85,99.90392606037194
Hublot blanc,129.0,3.0,3,13361187.85,99.90489062512738
Flexible sanitaire FF 3/8X1/2,128.0,8.0,8,13361315.85,99.90584771263661
Raccord polyéthylène Ø20*1/2 MAL,128.0,4.0,3,13361443.85,99.90680480014588
Connecteur pour câble torsadé - CEGELEC -,126.0,7.0,2,13361569.85,99.9077469331628
Raccord tournant femelle PPR 63,125.0,25.0,1,13361694.85,99.90868158893355
Réglette LED 1x18W Etanche MEDHUB,125.0,5.0,1,13361819.85,99.9096162447043
Fléxible mitijeur Ø3/8,125.0,5.0,5,13361944.85,99.91055090047506
Raccord tourant femelle PPR 32,125.0,25.0,1,13362069.85,99.91148555624582
Flexible sanitaire MF 3/8X3/8,124.0,4.0,3,13362193.85,99.91241273477041
Rondelle Ø12mm,120.4,172.0,7,13362314.25,99.9133129952088
Vis autoperseurse 100PCS,120.0,6.0,4,13362434.25,99.91421026474873
Raccord union réduit,120.0,12.0,3,13362554.25,99.91510753428865
Support climat,120.0,1.0,1,13362674.25,99.91600480382857
Fusible 125A - AM Ø22*58,120.0,1.0,1,13362794.25,99.91690207336849
"Colliers de serrage 3,6X300mm 100PCS MEDHUB ",120.0,3.0,2,13362914.25,99.91779934290842
Driver LED 18W MEDHUB,120.0,10.0,1,13363034.25,99.91869661244834
Interrupteur double allumage,120.0,10.0,8,13363154.25,99.91959388198826
Douille de spot,118.0,59.0,26,13363272.25,99.92047619703585
Thermostat,115.0,23.0,4,13363387.25,99.92133608034496
Té polyéthylène Ø25*3/4 FEMELLE,114.0,3.0,3,13363501.25,99.92218848640788
Condensateur 04 µf,114.0,6.0,6,13363615.25,99.92304089247082
Monchon a sertir cuivre Ø50L 10M,112.0,7.0,1,13363727.25,99.92387834404141
Coude pvc  Ø75/45°,112.0,8.0,6,13363839.25,99.924715795612
Té retube chrome 16*1/2,112.0,4.0,1,13363951.25,99.92555324718259
Câble acier 4mm,110.0,22.0,2,13364061.25,99.92637574426087
coude 45 40 PEHD HP,110.0,11.0,2,13364171.25,99.92719824133913
colle gerflex MEDHUB,110.0,11.0,3,13364281.25,99.92802073841739
Bouchon PVC Ø40,108.0,18.0,6,13364389.25,99.92882828100332
Té polyéthylène Ø50,108.0,6.0,1,13364497.25,99.92963582358925
Flexible gasoil 3/8 F/F 50cm,106.0,2.0,2,13364603.25,99.93042841168285
Bande adhésif aluminium armé,105.0,35.0,8,13364708.25,99.9312135225303
"""Flexible hydraulique 1/4 400bar 2M y compris les raccords""",105.0,21.0,6,13364813.25,99.93199863337773
Purgeur de Circuite hydraulique de PAC,105.0,1.0,1,13364918.25,99.93278374422516
Té pvc Ø75,105.0,7.0,3,13365023.25,99.9335688550726
Tube 75 CPVC HP,102.5,82.0,2,13365125.75,99.9343352728046
Jupiter 1L,100.0,100.0,2,13365225.75,99.93508299742122
La graisse à base de lithium EP2 MEDHUB,100.0,20.0,2,13365325.75,99.93583072203782
Y pvc Ø100,100.0,5.0,3,13365425.75,99.93657844665442
Compresseur 9000,100.0,5.0,1,13365525.75,99.93732617127102
Vanne à papillon,100.0,20.0,2,13365625.75,99.93807389588764
Vanne à 3 voies,100.0,10.0,1,13365725.75,99.93882162050424
Mamelon plastique mâle-mâle 1/2,100.0,5.0,3,13365825.75,99.93956934512084
Disjoncteur différentiel 63 A 30mA Bipôle 220V,100.0,10.0,2,13365925.75,99.94031706973743
Disjoncteur différentiel 63 A 300mA 4 Pôles 380V MEDHUB,100.0,10.0,2,13366025.75,99.94106479435405
Interrupteur simple allumage va et vient blanc,100.0,40.0,1,13366125.75,99.94181251897065
Toilette anglaise suspendu complète,100.0,1.0,1,13366225.75,99.94256024358725
Fusible gG 100A 22X58 500V,100.0,25.0,1,13366325.75,99.94330796820385
Projecteur LED 100W MEDHUB,100.0,4.0,2,13366425.75,99.94405569282047
Interrupteur double allumage étanche va et vient,100.0,40.0,1,13366525.75,99.94480341743707
Receveur de douche,100.0,10.0,1,13366625.75,99.94555114205367
Interrupteur double allumage étanche,100.0,40.0,1,13366725.75,99.94629886667028
Bouton poussoir NO MEDHUB,100.0,20.0,1,13366825.75,99.94704659128688
Raccord union tournant,100.0,10.0,1,13366925.75,99.94779431590348
Bouchon pour collecteurs,100.0,20.0,2,13367025.75,99.94854204052008
Fiche connecteur d'électrovanne,100.0,20.0,1,13367125.75,99.94928976513668
Interrupteur double allumage va et vient blanc,100.0,40.0,1,13367225.75,99.9500374897533
Electrovanne,100.0,20.0,1,13367325.75,99.9507852143699
Interrupteur double allumage blanc,100.0,40.0,1,13367425.75,99.9515329389865
Té pvc Ø110,96.0,4.0,4,13367521.75,99.95225075461845
Bouchon PVC Ø110,96.0,8.0,5,13367617.75,99.95296857025038
Condensateur de démarrage de 30 µf ,96.0,3.0,3,13367713.75,99.95368638588232
Kit de fixation pour cuvette standard,96.0,32.0,7,13367809.75,99.95440420151425
Vis hexagon socket head cap screw Ø 8,96.0,32.0,6,13367905.75,99.95512201714621
Boite mural de prise carrée,96.0,12.0,7,13368001.75,99.95583983277814
HUILE HYDRAULIQUE 68 ,95.0,19.0,4,13368096.75,99.95655017116391
Contacteur auxiliaire 380V,90.0,9.0,5,13368186.75,99.95722312331885
Adaptateur bande LED,90.0,2.0,2,13368276.75,99.9578960754738
Réduction PVC Ø100/75,90.0,9.0,5,13368366.75,99.95856902762874
Baguette de brasure de l'acier,90.0,6.0,1,13368456.75,99.95924197978368
Tube PVC  Ø50,90.0,9.0,5,13368546.75,99.95991493193863
Raccord retube chrome 20*1/2 Femelle,90.0,3.0,3,13368636.75,99.96058788409357
Condensateur de marche de ventilo convecteur,87.0,1.0,1,13368723.75,99.96123840451003
Moulure auto-adhésive MEDHUB,87.0,1.0,1,13368810.75,99.96188892492647
Tube PVC Ø40,85.0,8.5,3,13368895.75,99.96252449085058
"Té polyéthylène Ø32*1"" FEMELLE",84.0,2.0,2,13368979.75,99.96315257952853
vanne à 4voies,81.6,8.0,1,13369061.35,99.96376272281567
Vanne metalique Ø 25,80.0,1.0,1,13369141.35,99.96436090250896
Collier de fixation tube Ø75,80.0,10.0,5,13369221.35,99.96495908220223
coude égale 45 ppr 32,80.0,16.0,2,13369301.35,99.96555726189553
Paumelle de porte bois,78.0,13.0,10,13369379.35,99.96614048709647
Bouchon galvanisée -male 3/4- D25,77.0,11.0,4,13369456.35,99.96671623505125
Répartiteur 100A,75.0,1.0,1,13369531.35,99.9672770285137
Panel LED 60X60 40W 6000K .H,75.0,3.0,1,13369606.35,99.96783782197616
Panel LED apparent carre à 18W 6500 K,74.0,37.0,8,13369680.35,99.96839113819244
Tube 40 CPVC HP,70.0,56.0,2,13369750.35,99.96891454542407
Détecteur de mouvement encastré MEDHUB,70.0,7.0,5,13369820.35,99.9694379526557
Scotche noir,70.0,10.0,7,13369890.35,99.96996135988732
Huile HD50,70.0,1.0,1,13369960.35,99.97048476711893
Fiche mâle et femelle 2P+T // L.A.P - 16A-250v,69.0,3.0,1,13370029.35,99.9710006971044
Réduction PVC Ø100/40,66.0,6.0,6,13370095.35,99.97149419535135
Paire fixation toilette,66.0,11.0,7,13370161.35,99.97198769359831
ECROUS Ø18,66.0,30.0,1,13370227.35,99.97248119184528
Disjoncteur 1P 20A,65.0,1.0,1,13370292.35,99.97296721284606
Mamelon en laiton,65.0,13.0,3,13370357.35,99.97345323384685
CHEVILLES METALLIQUE Ø12 .F,64.0,32.0,5,13370421.35,99.97393177760148
Raccord polyéthylène Ø25,62.0,2.0,1,13370483.35,99.97439536686377
Gaz 134 12 KG,60.0,3.0,1,13370543.35,99.97484400163373
Ferme porte avec bras MEDHUB,60.0,3.0,2,13370603.35,99.97529263640371
Culotte 45 40 PVC HP,60.0,1.0,1,13370663.35,99.97574127117367
Siphon de sol anti-odeur inoxydable MEDHUB,60.0,1.0,1,13370723.35,99.97618990594363
Joint d'étanchéité latéral pour porte sectionnelle,60.0,6.0,2,13370783.35,99.9766385407136
Té polyéthylène Ø63,60.0,3.0,3,13370843.35,99.97708717548355
Douille E40 MEDHUB,60.0,6.0,2,13370903.35,99.97753581025351
Douille B22 MEDHUB,60.0,30.0,5,13370963.35,99.97798444502347
Culotte 45 40 PVC HP MEDHUB,60.0,1.0,1,13371023.35,99.97843307979343
Support split,60.0,12.0,2,13371083.35,99.9788817145634
Réduction PVC Ø75-40,60.0,10.0,3,13371143.35,99.97933034933337
pressostat BP (Basse pression),60.0,12.0,1,13371203.35,99.97977898410333
Bande adhésif aluminium armé MEDHUB,60.0,20.0,6,13371263.35,99.98022761887329
Produit adoucisseur 30L,60.0,15.0,1,13371323.35,99.98067625364325
Collier de fixation tube Ø110,60.0,5.0,3,13371383.35,99.9811248884132
Tube LED (T5) G13 18W 6500K,58.5,75.0,3,13371441.85,99.98156230731392
Condensateur 60 µf,55.0,1.0,1,13371496.85,99.98197355585306
Condensateur 25 µf,55.0,1.0,1,13371551.85,99.98238480439218
Flexible hydraulique 1/4 400bar 2M y compris les raccords MEDHUB,55.0,11.0,2,13371606.85,99.98279605293132
Cache prise Goulotte,54.0,2.0,1,13371660.85,99.98319982422429
Tube PVC Ø75,53.0,33.0,4,13371713.85,99.9835961182711
Demi cylindre de serrure MEDHUB,52.0,4.0,2,13371765.85,99.98398493507172
Coude polyéthylène Ø40,51.0,3.0,3,13371816.85,99.9843662746262
TEST,50.0,10.0,1,13371866.85,99.98474013693449
Raccord cuivre 1/2,50.0,2.0,1,13371916.85,99.9851139992428
Fiche connecteur d'électrovanne  MEDHUB,50.0,10.0,1,13371966.85,99.98548786155109
Tube PPR 63,50.0,10.0,1,13372016.85,99.98586172385939
"Cuivre avec arma Flex 1/2, 1/4 rouleau 20m MEDHUB",50.0,1.0,1,13372066.85,99.9862355861677
Coude pvc  Ø75/87°,45.0,5.0,2,13372111.85,99.98657206224517
Té polyéthylène Ø40,45.0,3.0,2,13372156.85,99.98690853832264
Dominaux de connexion bande led,44.0,4.0,3,13372200.85,99.98723753715394
Drapeau personnalisé,41.089999999999996,7.0,2,13372241.94,99.9875447771989
Embout en plastique,40.5,90.0,2,13372282.44,99.98784760566863
Mécanisme de fermeture SEVAX MINOS +  MEDHUB,40.0,2.0,2,13372322.44,99.98814669551528
"Colliers de serrage 4,7X370mm 100PCS MEDHUB",40.0,1.0,1,13372362.44,99.98844578536192
Contacteur auxiliaire 220V,40.0,4.0,2,13372402.44,99.98874487520855
Barre anti panique MEDHUB,40.0,2.0,1,13372442.44,99.9890439650552
Interrupteur bouton poussoir,40.0,10.0,1,13372482.44,99.98934305490184
barette de connexion  100 pcs,40.0,4.0,3,13372522.44,99.98964214474849
Siphon de sol  plastique 20*20 Sans cache,40.0,1.0,1,13372562.44,99.98994123459512
Fusible 80A - AM  Ø22*58,39.0,3.0,2,13372601.44,99.9902328471956
Coude 90 40 PVC HP,36.25,29.0,10,13372637.69,99.99050389736912
Support de prise double 45*45,36.0,2.0,1,13372673.69,99.9907730782311
Collier de fixation tube Ø50,35.0,7.0,2,13372708.69,99.9910347818469
Vis de poignée MALE - FEMELLE,32.0,4.0,4,13372740.69,99.99127405372423
Raccord retube chrome 20*1/2 Male,32.0,2.0,2,13372772.69,99.99151332560153
Tube 110 CPVC HP,31.25,25.0,2,13372803.94,99.99174698954421
Bouchon PVC Ø50,30.0,5.0,5,13372833.94,99.9919713069292
Tige fileté Ø10mm,30.0,3.0,3,13372863.94,99.99219562431418
ADJUVANT ACCELERATEUR DE PRISE,30.0,1.0,1,13372893.94,99.99241994169917
Flexible toilette 100 CM .H,30.0,3.0,1,13372923.94,99.99264425908414
Embout fil électrique,30.0,200.0,2,13372953.94,99.99286857646914
"Réduction laiton 1""*3/4",30.0,1.0,1,13372983.94,99.99309289385411
Fiche mâle mobile 3P+N+T 32A MEDHUB,30.0,3.0,1,13373013.94,99.99331721123909
Poignée porte en acier (Pair) MEDHUB ,30.0,3.0,2,13373043.94,99.99354152862408
REDUCTION 75/40 DOUBLE SORTIE,30.0,3.0,1,13373073.94,99.99376584600905
Culotte 40 45 CPVC HP,28.75,23.0,4,13373102.69,99.99398081683633
Té PPR  Ø20,27.0,3.0,1,13373129.69,99.9941827024828
Huile hydraulique 46,25.0,5.0,1,13373154.69,99.99436963363696
Prise RJ45 LAP,25.0,1.0,1,13373179.69,99.99455656479111
Coude 90 40 CPVC HP,25.0,20.0,2,13373204.69,99.99474349594526
Cadres Legrand 4P,25.0,1.0,1,13373229.69,99.99493042709942
Huile hydraulique 68 MEDHUB,25.0,5.0,1,13373254.69,99.99511735825357
Mamelon reduction 3/4 1/2,24.0,2.0,2,13373278.69,99.99529681216156
Monchon a sertir cuivre Ø25L 5M,24.0,6.0,1,13373302.69,99.99547626606955
Raccord polyéthylène Ø20,24.0,3.0,2,13373326.69,99.99565571997752
Collier Ø35 atlas,24.0,2.0,1,13373350.69,99.99583517388551
Kit Joint 1/2 3/4 2/8,22.0,11.0,2,13373372.69,99.99599967330116
Revit  ,20.0,20.0,1,13373392.69,99.99614921822447
"TIREFOND  AUTOPERCEUR 100 PCS 6,3X100",20.0,1.0,1,13373412.69,99.99629876314779
Té polyéthylène Ø25,20.0,2.0,2,13373432.69,99.99644830807112
"TIREFOND  AUTOPERCEUR 100 PCS 5,5X80",20.0,1.0,1,13373452.69,99.99659785299444
Disjoncteur moteur 15KW,20.0,2.0,1,13373472.69,99.99674739791776
Disjoncteur différentiel 32 A 300mA 4 Pôles 380V,20.0,2.0,1,13373492.69,99.99689694284109
Bouchon 75 PVC HP,20.0,2.0,1,13373512.69,99.9970464877644
Cosse à sertir  D25 MEDHUB,20.0,4.0,1,13373532.69,99.99719603268773
Té femelle PPR 32,20.0,4.0,1,13373552.69,99.99734557761104
prise de courant complet plinthes,20.0,4.0,2,13373572.69,99.99749512253436
Condensateur 08 µf,19.0,1.0,1,13373591.69,99.99763719021152
Coude PPR Ø32,19.0,1.0,1,13373610.69,99.99777925788868
Réduction PVC Ø75-50,18.0,3.0,2,13373628.69,99.99791384831967
Y pvc Ø50,18.0,6.0,6,13373646.69,99.99804843875066
Teinte bleu,16.0,1.0,1,13373662.69,99.9981680746893
Joint fibre 3/4 clim,16.0,4.0,1,13373678.69,99.99828771062796
Starters S10 /S2 MAZDA,16.0,4.0,3,13373694.69,99.99840734656662
Brosse métallique pour brossage bordure,15.0,1.0,1,13373709.69,99.99851950525911
te égale ppr 32,15.0,3.0,2,13373724.69,99.9986316639516
Panel LED apparent rond à 18W 6500 K,14.0,7.0,3,13373738.69,99.99873634539792
Flexible d'evacuation Lavabo Ø32,14.0,1.0,1,13373752.69,99.99884102684426
Douille GU5,12.5,50.0,1,13373765.19,99.99893449242133
Coude 75 90 CPVC HP,12.5,10.0,3,13373777.69,99.9990279579984
Tige Inox 1M Ø8,12.0,1.0,1,13373789.69,99.9991176849524
Y pvc Ø32,12.0,1.0,1,13373801.69,99.99920741190638
Collier de fixation tube Ø100,10.0,1.0,1,13373811.69,99.99928218436804
Tube multicouches RETUBE MEDHUB,10.0,1.0,1,13373821.69,99.99935695682971
coude égale 90 PPR 63 ,10.0,2.0,1,13373831.69,99.99943172929136
Lampes LED B22 15W 6500K	,10.0,1.0,1,13373841.69,99.99950650175303
T  75 PEHD HP,10.0,1.0,1,13373851.69,99.99958127421469
coude égale 90 PPR 32,10.0,2.0,1,13373861.69,99.99965604667635
Y pvc Ø40,9.0,3.0,2,13373870.69,99.99972334189184
Té pvc Ø32,8.0,1.0,1,13373878.69,99.99978315986117
Cosse 95,7.0,1.0,1,13373885.69,99.99983550058434
KIT DE FIXATION POUR CUVETTE STANDARD MEDHUB,6.0,2.0,1,13373891.69,99.99988036406134
Joint robinet 3/4,5.0,5.0,3,13373896.69,99.99991775029216
Ecrou D16,3.0,3.0,1,13373899.69,99.99994018203066
Bouchon 40 PVC HP,3.0,1.0,1,13373902.69,99.99996261376916
CULOTTE PVC D40,2.5,2.0,1,13373905.19,99.99998130688456
Interrupteur double allumage blanc MEDHUB,2.5,1.0,1,13373907.69,99.99999999999999
Bouton arrêt d'urgence XB5 AS542 (PASSERELLE),0.0,1.0,1,13373907.69,99.99999999999999
Cheville plastique avec visØ 12,0.0,51.0,3,13373907.69,99.99999999999999
Vis SPAX Ø6*60,0.0,231.0,15,13373907.69,99.99999999999999
"Presostat de pression - Huile ""NORGREN"" -Rampe-",0.0,1.0,1,13373907.69,99.99999999999999
Amourtisseur bouclier  SCN 1000 E3.0,0.0,1.0,1,13373907.69,99.99999999999999
Amourtisseur bouclier  SCN 1600 E1.5,0.0,1.0,1,13373907.69,99.99999999999999
Presse etoupe D29,0.0,1.0,1,13373907.69,99.99999999999999
Vis de bois,0.0,255.0,14,13373907.69,99.99999999999999
Bouton poussoire vert,0.0,1.0,1,13373907.69,99.99999999999999
Chaines de 5 maillons DN40mm,0.0,6.0,1,13373907.69,99.99999999999999
Chaine de 9 maillons DN40mm,0.0,8.0,1,13373907.69,99.99999999999999
Rondelle Ø08 mm,0.0,40.0,3,13373907.69,99.99999999999999
Amourtisseur bouclier  SPC 1600 G2.5,0.0,4.0,1,13373907.69,99.99999999999999
"Axe de verrin ""RAMPE""",0.0,1.0,1,13373907.69,99.99999999999999
Baguette de soudage R10 D2.5,0.0,1400.0,1,13373907.69,99.99999999999999
Vigi disjoncteur compact 4P,0.0,3.0,1,13373907.69,99.99999999999999
Amourtisseur HC 1150H,0.0,3.0,1,13373907.69,99.99999999999999
Amourtisseur Bouclier  HC 1150H + Bouclier,0.0,5.0,1,13373907.69,99.99999999999999
Porte papier hygienique petite forme inox,0.0,6.0,2,13373907.69,99.99999999999999
Amourtisseur  bouclier SPC 1200 G2.8,0.0,1.0,1,13373907.69,99.99999999999999
Amourtiseur bouclier  SCN 1200 E2.9,0.0,1.0,1,13373907.69,99.99999999999999
Amourtiseur Bouclier SCN 1200 E3.0,0.0,1.0,1,13373907.69,99.99999999999999
Platine d’assemblage des chaines de défenses SCN 1200 E2.9,0.0,2.0,1,13373907.69,99.99999999999999
Plaque de signalisation Toilette,0.0,20.0,1,13373907.69,99.99999999999999
Condensateur de demarage 200µf,0.0,1.0,1,13373907.69,99.99999999999999
Contacteur SIEMENS,0.0,1.0,1,13373907.69,99.99999999999999
Plaque antifrictions de dimensions de dimensions 720x167x40,0.0,86.0,1,13373907.69,99.99999999999999
Amourtiseur Bouclier   SCN 1200 E1.6,0.0,1.0,1,13373907.69,99.99999999999999
Cosse 70,0.0,8.0,1,13373907.69,99.99999999999999
Abattant  sanitaire suspendu,0.0,3.0,3,13373907.69,99.99999999999999
"Rouler 24 V ""ALLEN-BRADLEY""",0.0,4.0,1,13373907.69,99.99999999999999
transformateur 12v,0.0,4.0,3,13373907.69,99.99999999999999
Chaine de 7 maillons DN40mm,0.0,6.0,1,13373907.69,99.99999999999999
Chaine de 7 maillons DN35mm,0.0,10.0,1,13373907.69,99.99999999999999
Robinet temporisé vasque ,0.0,1.0,1,13373907.69,99.99999999999999
Bollard à 150 Tonnes + platine,0.0,2.0,1,13373907.69,99.99999999999999
Boulon fusible à 300 Tonnes,0.0,44.0,1,13373907.69,99.99999999999999
Boulon fusible à 200 Tonnes,0.0,50.0,2,13373907.69,99.99999999999999
Scotche special NOIR,0.0,4.0,3,13373907.69,99.99999999999999
Boulon fusible à 150 Tonnes,0.0,76.0,1,13373907.69,99.99999999999999
Boulon fusible à 100 Tonnes,0.0,54.0,1,13373907.69,99.99999999999999
Boulon de fixation de clôture,0.0,90.0,1,13373907.69,99.99999999999999
Cable  Ø4*10MM2,0.0,60.0,3,13373907.69,99.99999999999999
Cable armé cuivre Ø5*4MM2,0.0,105.0,2,13373907.69,99.99999999999999
Cable armé Ø4*16MM2,0.0,80.0,1,13373907.69,99.99999999999999
Cable de levage,0.0,4.0,1,13373907.69,99.99999999999999
Boulon Fusible à 30 Tonnes,0.0,24.0,1,13373907.69,99.99999999999999
Reducteur pvc 160*110,0.0,1.0,1,13373907.69,99.99999999999999
Bollard à 300 Tonnes + platine,0.0,1.0,1,13373907.69,99.99999999999999
Carrelage NOIR 60*30 cm,0.0,805.0,1,13373907.69,99.99999999999999
Chaine de 11 mailons DN45mm,0.0,10.0,1,13373907.69,99.99999999999999
Chaine de 6 maillons DN50mm,0.0,10.0,1,13373907.69,99.99999999999999
Chaine de 13 maillons DN50mm,0.0,7.0,1,13373907.69,99.99999999999999
Chaine de 14 maillons DN35mm,0.0,10.0,1,13373907.69,99.99999999999999
Chaine de 15 maillons DN32mm,0.0,8.0,1,13373907.69,99.99999999999999
Produit d'accrochage de reflecteur de route,0.0,13.0,1,13373907.69,99.99999999999999
Chaine de 15 maillons DN38mm,0.0,10.0,1,13373907.69,99.99999999999999
Bollard à 100 Tonnes pour quai Vrac TM2,0.0,3.0,1,13373907.69,99.99999999999999
Bollard à 100 Tonnes + platine,0.0,3.0,1,13373907.69,99.99999999999999
Boitier de bouton poussoir,0.0,1.0,1,13373907.69,99.99999999999999
Rivet,0.0,870.0,8,13373907.69,99.99999999999999
Chaine de 21 maillons DN28mm,0.0,12.0,1,13373907.69,99.99999999999999
Chaine de 23 maillons DN35mm,0.0,8.0,2,13373907.69,99.99999999999999
Chaine de 5 maillons DN30mm,0.0,10.0,1,13373907.69,99.99999999999999
Chaine de 5 maillons DN50mm,0.0,8.0,1,13373907.69,99.99999999999999
Chaine de 5 mailons DN40mm,0.0,13.0,1,13373907.69,99.99999999999999
Manille lyre de diamètre DN38mm,0.0,29.0,1,13373907.69,99.99999999999999
Disjoncteur 4P 10A,0.0,1.0,1,13373907.69,99.99999999999999
Plaque antifrictions de dimensions de dimensions 700x300x40,0.0,12.0,1,13373907.69,99.99999999999999
Fourniture et pose de lettre en tôle galvanisé pour les dtructures décoratives de giratoire de l'autoroute (¿¿¿¿¿),0.0,1.0,1,13373907.69,99.99999999999999
Fourniture et pose de lettre en tôle galvanisé pour les dtructures décoratives de giratoire de l'autoroute (¿),0.0,1.0,1,13373907.69,99.99999999999999
Tige de fixation,0.0,14.0,2,13373907.69,99.99999999999999
Fourniture et pose de lettre en tôle galvanisé pour les dtructures décoratives de giratoire de l'autoroute (t),0.0,1.0,1,13373907.69,99.99999999999999
Plaque antifrictions de dimensions  1700x865x40,0.0,98.0,1,13373907.69,99.99999999999999
Fourniture et pose de lettre en tôle galvanisé pour les dtructures décoratives de giratoire de l'autoroute (r),0.0,2.0,1,13373907.69,99.99999999999999
Fourniture et pose de lettre en tôle galvanisé pour les dtructures décoratives de giratoire de l'autoroute (port en arab),0.0,2.0,2,13373907.69,99.99999999999999
Fourniture et pose de lettre en tôle galvanisé pour les dtructures décoratives de giratoire de l'autoroute (o),0.0,1.0,1,13373907.69,99.99999999999999
Fourniture et pose de lettre en tôle galvanisé pour les dtructures décoratives de giratoire de l'autoroute (n),0.0,1.0,1,13373907.69,99.99999999999999
Toilette moderne d'occasion,0.0,12.0,1,13373907.69,99.99999999999999
Tranformateur 220 - 24v,0.0,1.0,1,13373907.69,99.99999999999999
Fourniture et pose de lettre en tôle galvanisé pour les dtructures décoratives de giratoire de l'autoroute (med en arab),0.0,8.0,2,13373907.69,99.99999999999999
"Transformateur électronique ""WEIDMÜLLER"" 250 v/ 24v-10 A",0.0,1.0,1,13373907.69,99.99999999999999
Fourniture et pose de lettre en tôle galvanisé pour les dtructures décoratives de giratoire de l'autoroute (g),0.0,1.0,1,13373907.69,99.99999999999999
Plaque antifrictions de dimensions  1873x350x40,0.0,96.0,1,13373907.69,99.99999999999999
Fourniture et pose de lettre en tôle galvanisé pour les dtructures décoratives de giratoire de l'autoroute (e),0.0,3.0,2,13373907.69,99.99999999999999
Fourniture et pose de lettre en tôle galvanisé pour les dtructures décoratives de giratoire de l'autoroute (d),0.0,1.0,1,13373907.69,99.99999999999999
Plaque antifrictions de dimensions  828x102x40,0.0,89.0,1,13373907.69,99.99999999999999
Fourniture et pose de lettre en tôle galvanisé pour les dtructures décoratives de giratoire de l'autoroute (a),0.0,1.0,1,13373907.69,99.99999999999999
Fourniture et pose de lettre en tôle galvanisé pour les dtructures décoratives de giratoire de l'autoroute (T),0.0,1.0,1,13373907.69,99.99999999999999
Fourniture et pose de lettre en tôle galvanisé pour les dtructures décoratives de giratoire de l'autoroute (¿¿),0.0,1.0,1,13373907.69,99.99999999999999
"Fourniture et pose par M2S ""TMPA_CT_78_2020"" Déclencheur manuel NEMO112A",0.0,2.0,2,13373907.69,99.99999999999999
"Fléxible 3/8 ""coude-coude"" 1,5M",0.0,1.0,1,13373907.69,99.99999999999999
"Fourniture et pose par M2S ""TMPA_CT_78_2020"" Détecteur thermiques adressable - Marque :TECNOFIRE",0.0,1.0,1,13373907.69,99.99999999999999
Manille droite de diamètre DN50mm,0.0,11.0,1,13373907.69,99.99999999999999
Manille droite de diamètre DN45mm,0.0,27.0,1,13373907.69,99.99999999999999
Monchon cheville Ø10,0.0,50.0,4,13373907.69,99.99999999999999
Manille droite de diamètre DN35mm,0.0,31.0,1,13373907.69,99.99999999999999
Manille droite de diamètre DN32mm,0.0,35.0,1,13373907.69,99.99999999999999
Moteur de centrale hydraulique,0.0,1.0,1,13373907.69,99.99999999999999
Mamelon cuivre Ø3/4,0.0,2.0,1,13373907.69,99.99999999999999
Lampe feu d'alignement 150W,0.0,3.0,3,13373907.69,99.99999999999999
Lampe T8 LED  9W,0.0,6.0,1,13373907.69,99.99999999999999
Lampe E27 LED 9W Ingelec,0.0,60.0,10,13373907.69,99.99999999999999
Joint torique de verrin,0.0,1.0,1,13373907.69,99.99999999999999
"Panneau ""Vitesse -20-""",0.0,2.0,1,13373907.69,99.99999999999999
"Panneau LED ""Barriére de train""",0.0,2.0,1,13373907.69,99.99999999999999
Indicateur BASCULE EXA,0.0,3.0,3,13373907.69,99.99999999999999
Imprimante de BASCULE  - Marque :MK@IURI,0.0,5.0,5,13373907.69,99.99999999999999
"Piton ouvert zingue VIS ""L""",0.0,21.0,2,13373907.69,99.99999999999999
Plaque antifrictions de dimensions  1095x828x40,0.0,93.0,1,13373907.69,99.99999999999999
Plaque antifrictions de dimensions  1395x868x40,0.0,102.0,1,13373907.69,99.99999999999999
Fusible 63A - gG Ø22*58,0.0,3.0,3,13373907.69,99.99999999999999
Fourniture et pose de lettre en tôle galvanisé pour les dtructures décoratives de giratoire de l'autoroute (D),0.0,1.0,1,13373907.69,99.99999999999999
"Fléxible 3/4 ""simple-simple"" 2M",0.0,4.0,1,13373907.69,99.99999999999999
Plaque antifrictions de dimensions de dimensions 700x220x40,0.0,6.0,1,13373907.69,99.99999999999999
Défense SCN 1000 E3.0,0.0,3.0,1,13373907.69,99.99999999999999
Plaque antifrictions de dimensions de dimensions 1000x1000x40,0.0,14.0,1,13373907.69,99.99999999999999
Déclencheur Manuel Adressable - Marque :TECNOFIRE,0.0,18.0,5,13373907.69,99.99999999999999
Siphon de sol  inox 15*15 sans cache,0.0,4.0,2,13373907.69,99.99999999999999
Plaque antifrictions de dimensions de dimensions 1000x220x40,0.0,18.0,1,13373907.69,99.99999999999999
Plaque antifrictions de dimensions de dimensions 1000x300x40,0.0,12.0,1,13373907.69,99.99999999999999
Plaque antifrictions de dimensions de dimensions 1000x700x40,0.0,15.0,1,13373907.69,99.99999999999999
Plaque antifrictions de dimensions de dimensions 1044x172x40,0.0,25.0,1,13373907.69,99.99999999999999
Manille lyre de diamètre DN35mm,0.0,34.0,1,13373907.69,99.99999999999999
Disjoncteur 3P 32A,0.0,1.0,1,13373907.69,99.99999999999999
Disjoncteur 2P 63A,0.0,1.0,1,13373907.69,99.99999999999999
Plaque antifrictions de dimensions de dimensions 1044x335x40,0.0,45.0,1,13373907.69,99.99999999999999
Diffuseurs sonore et lumineux (sérine avec feu flash) 105 dB,0.0,6.0,4,13373907.69,99.99999999999999
Detecteur de mouvement,0.0,1.0,1,13373907.69,99.99999999999999
Plaque antifrictions de dimensions de dimensions 1044x720x40,0.0,97.0,1,13373907.69,99.99999999999999
Plaque antifrictions de dimensions de dimensions 1054x360x40,0.0,130.0,1,13373907.69,99.99999999999999
Plaque antifrictions de dimensions de dimensions 1220x1054x40,0.0,220.0,1,13373907.69,99.99999999999999
Plaque antifrictions de dimensions de dimensions 134x114x40,0.0,15.0,1,13373907.69,99.99999999999999
Plaque antifrictions de dimensions de dimensions 300x220x40,0.0,11.0,1,13373907.69,99.99999999999999
Plaque antifrictions de dimensions de dimensions 306x134x40,0.0,18.0,1,13373907.69,99.99999999999999
Déclencheur manuel FM500,0.0,3.0,1,13373907.69,99.99999999999999
Défense SCN 1200 E1.6,0.0,3.0,1,13373907.69,99.99999999999999
Plaque antifrictions de dimensions  865x100x40,0.0,126.0,1,13373907.69,99.99999999999999
Défense SCN 1200 E2.9,0.0,2.0,1,13373907.69,99.99999999999999
Plaque antifrictions de dimensions  868x102x40,0.0,113.0,1,13373907.69,99.99999999999999
Plaque antifrictions de dimensions  958x100x40 droite,0.0,75.0,1,13373907.69,99.99999999999999
Fixation fille berbère,0.0,88.0,1,13373907.69,99.99999999999999
Socle détecteur - Marque :MORLEY-IAS,0.0,11.0,1,13373907.69,99.99999999999999
Socle déclencheur manuel ESSER,0.0,4.0,2,13373907.69,99.99999999999999
Slotbout mushroomhead 8*148,0.0,823.0,1,13373907.69,99.99999999999999
Slotbout a tete bombee 8*80,0.0,1582.0,1,13373907.69,99.99999999999999
Slotbout a tete bombee 8*148,0.0,264.0,1,13373907.69,99.99999999999999
Slotbout  mushroomhead 8*80,0.0,759.0,1,13373907.69,99.99999999999999
Tube PVC Ø125,0.0,29.0,2,13373907.69,99.99999999999999
Plaque antifrictions de dimensions  958x100x40 gauche,0.0,87.0,1,13373907.69,99.99999999999999
Plaque antifrictions de dimensions 1285x1247x40,0.0,312.0,1,13373907.69,99.99999999999999
Détecteur optique adressable - Marque :TECNOFIRE,0.0,31.0,5,13373907.69,99.99999999999999
Détecteur optique adressable - Marque :MORLEY-IAS,0.0,14.0,2,13373907.69,99.99999999999999
Plaque antifrictions de dimensions 1285x365x40,0.0,180.0,1,13373907.69,99.99999999999999
Défense complète de type UE 750x2000 E1.4 avec plaque antifrictions de dimensions  2000*620*100,0.0,20.0,1,13373907.69,99.99999999999999
Défense SPC 1600 G2.5,0.0,3.0,2,13373907.69,99.99999999999999
Défense SPC 1200 G2.8,0.0,2.0,1,13373907.69,99.99999999999999
Défense SCN 1600 E1.5,0.0,4.0,1,13373907.69,99.99999999999999
Indicateur BASCULE MATRIX II,0.0,2.0,2,13373907.69,99.99999999999999
