article,total_demand,avg_demand_per_request,demand_std,current_stock,famille,total_cost,daily_demand,reorder_point,needs_reorder,suggested_order_qty
 Boîtier de commande « Inekma » du quai niveleur RH11,8.0,1.0,0.0,0,ELECTROMECANIQUE,52800.0,0.008350730688935281,0.058455114822546964,True,0.0
Panel LED apparent carre à 18W 6500 K,37.0,4.625,6.368168608679534,0,ELECTRICITE,74.0,0.038622129436325675,9.822607819073582,True,20.0
Opérateur de porte ascenseur OTIS,12.0,1.7142857142857142,0.7559289460184544,0,ELECTRICITE,96000.0,0.012526096033402923,1.221576091261502,True,2.0
PEINTURE DE BORDURE,1325.0,94.64285714285714,106.81515820321582,105,PEINTURE,53000.0,1.383089770354906,169.9043656973081,True,235.0
POIGNEE PORTE BOIS WC,137.0,2.795918367346939,3.883617256269892,0,MENUISERIE,63705.0,0.1430062630480167,6.826469725740955,True,14.0
POIGNÉE PORTE BOIS,112.0,1.8983050847457628,1.7586722583287313,3,MENUISERIE,52080.0,0.11691022964509394,3.4563799950087546,True,4.0
PRO-DIALOG de commande de PAC carrier,1.0,1.0,0.0,0,CLIMATISATION,9049.0,0.0010438413361169101,0.0073068893528183704,True,0.0
Paire fixation toilette,11.0,1.5714285714285714,0.7867957924694431,0,PLOMBERIE,66.0,0.011482254697286013,1.2605694715851667,True,3.0
Panel LED 120 CM 48W,3.0,1.5,0.7071067811865476,0,ELECTRICITE,1080.0,0.003131524008350731,1.0825808398382766,True,2.0
Panel LED 30X120 40W 6000K,85.0,28.333333333333332,39.80368492154129,10,ELECTRICITE,2125.0,0.08872651356993737,60.326612977301494,True,111.0
Panel LED 60/60 apparent,108.0,4.0,6.9724733499228675,0,ELECTRICITE,38772.0,0.1127348643006263,11.247854074988686,True,22.0
Panel LED 60/60 encastré,105.0,2.763157894736842,2.4098246042075546,0,ELECTRICITE,18795.0,0.10960334029227557,4.381960288357261,True,9.0
Panel LED 60X60 40W 6000K,374.0,8.69767441860465,23.339660588099036,35,ELECTRICITE,9350.0,0.3903966597077244,37.74226750010263,True,40.0
Panel LED 60X60 40W 6000K .H,3.0,3.0,0.0,0,ELECTRICITE,75.0,0.003131524008350731,0.021920668058455117,True,0.0
Panel LED 60X60 40W 6000K MEDHUB,122.0,6.1,7.765646345146987,0,ELECTRICITE,3050.0,0.12734864300626306,12.539910018764322,True,25.0
Panel LED Rond encastré 18W 6500°K,85.0,3.8636363636363638,2.964800716750333,0,ELECTRICITE,4420.0,0.08872651356993737,5.068286670115062,True,10.0
Panel LED apparent rond à 18W 6500 K,7.0,2.3333333333333335,1.5275252316519465,0,ELECTRICITE,14.0,0.007306889352818371,2.3424360729476486,True,5.0
Parachute  porte sectionnelle ensemble : gauche / droit,30.0,30.0,0.0,0,ELECTROMECANIQUE,176.7,0.031315240083507306,0.21920668058455114,True,0.0
Panel LED apparent rond à 18W 6500 K ,96.0,4.173913043478261,4.579124310022639,4,ELECTRICITE,192.0,0.10020876826722339,7.570147842904522,True,11.0
Panel LED carré encastré 18W,54.0,5.4,6.077280093375106,0,ELECTRICITE,2808.0,0.05636743215031315,9.51049216511485,True,19.0
Panel LED encastrable de 120/30CM,76.0,9.5,15.602197647401194,0,ELECTRICITE,18620.0,0.07933194154488518,23.958620061915987,True,48.0
Panel LED encastrable de 60/60CM,84.0,5.25,3.8384024454626084,0,ELECTRICITE,19740.0,0.08768267223382047,6.371382373830656,True,13.0
Panel LED encastré rond à 24W 6500 K,59.0,4.214285714285714,3.906179944426749,4,ELECTRICITE,590.0,0.061586638830897704,6.290376388456407,True,9.0
Panel led 24 W carrée,15.0,2.5,1.0488088481701514,1,ELECTRICITE,1680.0,0.015657620041753653,1.6828166125475028,True,2.0
"Panneau "" Interdiction de tourner à gauche """,1.0,1.0,0.0,0,PANNEAUX DE SIGNALISATION,700.0,0.0010438413361169101,0.0073068893528183704,True,0.0
"Panneau ""Klaxon interdit""",1.0,1.0,0.0,0,PANNEAUX DE SIGNALISATION,700.0,0.0010438413361169101,0.0073068893528183704,True,0.0
"Panneau ""Rond point""",2.0,1.0,0.0,0,PANNEAUX DE SIGNALISATION,1400.0,0.0020876826722338203,0.014613778705636741,True,0.0
"Panneau ""Vitesse -20-""",2.0,2.0,0.0,0,PANNEAUX DE SIGNALISATION,0.0,0.0020876826722338203,0.014613778705636741,True,0.0
"Panneau LED ""Barriére de train""",2.0,2.0,0.0,0,PANNEAUX DE SIGNALISATION,0.0,0.0020876826722338203,0.014613778705636741,True,0.0
Panneau sandwich 600x60x40,20.0,20.0,0.0,0,MECANIQUE,400.0,0.020876826722338204,0.14613778705636743,True,0.0
Panneau sandwich 600x60x40 MEDHUB,30.0,10.0,0.0,0,MECANIQUE,600.0,0.031315240083507306,0.21920668058455114,True,0.0
Panneau sandwich pour porte sectionnelle,8.0,2.0,0.0,0,MECANIQUE,23200.0,0.008350730688935281,0.058455114822546964,True,0.0
Onduleur 6 KVA,6.0,1.2,0.4472135954999579,0,ELECTRICITE,69420.0,0.006263048016701462,0.7146617293668471,True,1.0
Onduleur 3 KVA,10.0,1.1111111111111112,0.3333333333333333,0,ELECTRICITE,60950.0,0.010438413361169102,0.5730688935281837,True,1.0
Mécanisme de fermeture SEVAX MINOS +  MEDHUB,2.0,1.0,0.0,0,MENUISERIE,40.0,0.0020876826722338203,0.014613778705636741,True,0.0
Mécanisme de fermeture SEVAX MINOS +,69.0,23.0,23.643180835073778,0,MENUISERIE,1380.0,0.0720250521920668,35.96894661795513,True,72.0
Lavabo Vasque,10.0,10.0,0.0,0,PLOMBERIE,300.0,0.010438413361169102,0.07306889352818371,True,0.0
Lavabo avec colonne,24.0,6.0,10.0,0,PLOMBERIE,720.0,0.025052192066805846,15.175365344467641,True,30.0
Lavabo d'occasion,1.0,1.0,0.0,0,PLOMBERIE,150.0,0.0010438413361169101,0.0073068893528183704,True,0.0
Led panel 3 w rond,16.0,2.0,1.5118578920369088,0,ELECTRICITE,368.0,0.016701461377870562,2.384697067700457,True,5.0
Led panel 6 w carrée,29.0,2.0714285714285716,1.3847680013570567,0,ELECTRICITE,1102.0,0.030271398747390398,2.289051793267318,True,5.0
Luminaire Panel LED 40w 120X30 blanche IP45,347.0,15.08695652173913,16.56094267046376,0,ELECTRICITE,114510.0,0.36221294363256784,27.376904611123614,True,55.0
Luminaire Panel LED 40w 60X60 blanche IP45,457.0,8.017543859649123,9.581401679575041,15,ELECTRICITE,130245.0,0.477035490605428,17.711350953600558,True,20.0
Mamelon 1/2*1/2,5.0,1.6666666666666667,1.1547005383792517,0,PLOMBERIE,130.0,0.005219206680584551,1.7685852543329694,True,4.0
Mamelon cuivre Ø3/4,2.0,2.0,0.0,0,PLOMBERIE,0.0,0.0020876826722338203,0.014613778705636741,True,0.0
Mamelon en laiton,13.0,4.333333333333333,3.214550253664318,0,PLOMBERIE,65.0,0.013569937369519834,4.916814942083116,True,10.0
Manchon a sertir 10MM,20.0,20.0,0.0,0,ELECTRICITE,360.0,0.020876826722338204,0.14613778705636743,True,0.0
Manchon a sertir 16MM,20.0,20.0,0.0,0,ELECTRICITE,400.0,0.020876826722338204,0.14613778705636743,True,0.0
Manille droite de diamètre DN32mm,35.0,35.0,0.0,0,MECANIQUE,0.0,0.03653444676409186,0.255741127348643,True,1.0
Manille droite de diamètre DN35mm,31.0,31.0,0.0,0,MECANIQUE,0.0,0.032359081419624215,0.2265135699373695,True,0.0
Manille droite de diamètre DN45mm,27.0,27.0,0.0,0,MECANIQUE,0.0,0.028183716075156576,0.19728601252609604,True,0.0
Manille droite de diamètre DN50mm,11.0,11.0,0.0,0,MECANIQUE,0.0,0.011482254697286013,0.08037578288100208,True,0.0
Manille lyre de diamètre DN35mm,34.0,34.0,0.0,0,MECANIQUE,0.0,0.03549060542797495,0.24843423799582465,True,0.0
Manille lyre de diamètre DN38mm,29.0,29.0,0.0,0,MECANIQUE,0.0,0.030271398747390398,0.21189979123173278,True,0.0
Manomètre,5.0,1.25,0.5,0,CLIMATISATION,2500.0,0.005219206680584551,0.7865344467640919,True,2.0
Manomètre de circuit de refroidissement 16 BAR (similaire à l'existant),202.0,67.33333333333333,114.89270356873553,0,MECANIQUE,131454.0,0.21085594989561587,173.81504700237258,True,348.0
Module d'incendie multiples entrées sorties : IO500 input / Ouput module,1.0,1.0,0.0,0,INCENDIE,8500.0,0.0010438413361169101,0.0073068893528183704,True,0.0
Monchon a sertir cuivre Ø25L 5M,6.0,6.0,0.0,0,ELECTRICITE,24.0,0.006263048016701462,0.04384133611691023,True,0.0
Monchon a sertir cuivre Ø50L 10M,7.0,7.0,0.0,0,ELECTRICITE,112.0,0.007306889352818371,0.0511482254697286,True,0.0
Monchon cheville Ø10,50.0,12.5,5.0,0,DIVERS,0.0,0.05219206680584551,7.865344467640918,True,16.0
Moteur de centrale hydraulique,1.0,1.0,0.0,0,MECANIQUE,0.0,0.0010438413361169101,0.0073068893528183704,True,0.0
Moteur de porte sectionnelle 220V,2.0,1.0,0.0,0,MECANIQUE,16000.0,0.0020876826722338203,0.014613778705636741,True,0.0
Moulure auto-adhésive MEDHUB,1.0,1.0,0.0,0,ELECTRICITE,87.0,0.0010438413361169101,0.0073068893528183704,True,0.0
Mécanisme  chasse d'eau pour WC standard. w,66.0,1.2,0.48686449556014777,0,PLOMBERIE,4950.0,0.06889352818371608,1.212551440626234,True,2.0
Mécanisme de chasse d'eau,55.0,1.375,0.7741827783921406,0,PLOMBERIE,6545.0,0.05741127348643006,1.5631530819932213,True,3.0
Panneaux en fibre de ciment,82.0,82.0,0.0,0,CLIMATISATION,34440.0,0.08559498956158663,0.5991649269311065,True,1.0
Parachute  porte sectionnelle ensemble : gauche / droit MEDHUB,35.0,11.666666666666666,7.637626158259733,0,MECANIQUE,206.15,0.03653444676409186,11.712180364738241,True,23.0
"Lampe led stick E27  ""NICHES""",26.0,13.0,0.0,0,ELECTRICITE,1924.0,0.027139874739039668,0.18997912317327767,True,0.0
Poignée fenêtre  aluminium blanc. w,112.0,14.0,32.14698386207595,0,MENUISERIE,2520.0,0.11691022964509394,49.03884740062958,True,98.0
Plaque antifrictions de dimensions de dimensions 1220x1054x40,220.0,220.0,0.0,0,MECANIQUE,0.0,0.22964509394572025,1.6075156576200418,True,3.0
Plaque antifrictions de dimensions de dimensions 134x114x40,15.0,15.0,0.0,0,MECANIQUE,0.0,0.015657620041753653,0.10960334029227557,True,0.0
Plaque antifrictions de dimensions de dimensions 300x220x40,11.0,11.0,0.0,0,MECANIQUE,0.0,0.011482254697286013,0.08037578288100208,True,0.0
Plaque antifrictions de dimensions de dimensions 306x134x40,18.0,18.0,0.0,0,MECANIQUE,0.0,0.018789144050104383,0.1315240083507307,True,0.0
Plaque antifrictions de dimensions de dimensions 700x220x40,6.0,6.0,0.0,0,MECANIQUE,0.0,0.006263048016701462,0.04384133611691023,True,0.0
Plaque antifrictions de dimensions de dimensions 700x300x40,12.0,12.0,0.0,0,MECANIQUE,0.0,0.012526096033402923,0.08768267223382047,True,0.0
Plaque antifrictions de dimensions de dimensions 720x167x40,86.0,86.0,0.0,0,MECANIQUE,0.0,0.08977035490605428,0.62839248434238,True,1.0
Plaque de signalisation Toilette,20.0,20.0,0.0,0,DIVERS,0.0,0.020876826722338204,0.14613778705636743,True,0.0
Platine d’assemblage des chaines de défenses SCN 1200 E2.9,2.0,2.0,0.0,0,MECANIQUE,0.0,0.0020876826722338203,0.014613778705636741,True,0.0
Plinthe 100x45,75.0,12.5,23.535080199565922,8,ELECTRICITE,375.0,0.07828810020876827,35.85063700081026,True,64.0
Poignée Modèle CF anti-accrochage,13.0,1.625,0.9161253813129043,0,MECANIQUE,3900.0,0.013569937369519834,1.4691776335559952,True,3.0
Poignée aluminium (pair),271.0,1.6035502958579881,1.8297115792465972,0,MENUISERIE,176150.0,0.2828810020876827,4.724734383483675,True,9.0
Poignée de condamnation CND,3.0,1.0,0.0,0,MENUISERIE,720.0,0.003131524008350731,0.021920668058455117,True,0.0
Poignée de porte en bois,45.0,1.4516129032258065,1.0275767506588613,0,MENUISERIE,2205.0,0.04697286012526096,1.8701751468651189,True,4.0
Poignée porte aluminium blanc en pair. w,104.0,1.1063829787234043,0.37295925305365957,0,MENUISERIE,3640.0,0.10855949895615867,1.3193553722736,True,3.0
Parachute de sécurité ,6.0,2.0,0.0,0,MECANIQUE,7200.0,0.006263048016701462,0.04384133611691023,True,0.0
Poignée porte coupe feu,195.0,6.5,9.683793784925696,8,MENUISERIE,1950.0,0.2035490605427975,15.950534101188126,True,24.0
Poignée porte en acier (Pair),15.0,1.3636363636363635,0.8090398349558905,0,MENUISERIE,150.0,0.015657620041753653,1.3231630927261113,True,3.0
Poignée porte en acier (Pair) MEDHUB ,3.0,1.5,0.7071067811865476,0,MENUISERIE,30.0,0.003131524008350731,1.0825808398382766,True,2.0
Pointes lumineuses à LED pour éclairage extérieure,45.0,15.0,0.0,0,ELECTRICITE,40500.0,0.04697286012526096,0.3288100208768267,True,1.0
Porte  savon en inox JOFEL,37.0,1.15625,0.5148989879014481,0,PLOMBERIE,11063.0,0.038622129436325675,1.0427033879064518,True,2.0
Porte fusible modulaire compact 4 pôles 22X58,50.0,25.0,0.0,0,ELECTRICITE,350.0,0.05219206680584551,0.36534446764091855,True,1.0
Porte fusible modulaire compact 4 pôles 8X32,30.0,30.0,0.0,0,ELECTRICITE,210.0,0.031315240083507306,0.21920668058455114,True,0.0
Porte papier hygienique petite forme inox,6.0,3.0,1.4142135623730951,0,PLOMBERIE,0.0,0.006263048016701462,2.165161679676553,True,4.0
Porte papier rouleau INOX,7.0,1.0,0.0,0,PLOMBERIE,2240.0,0.007306889352818371,0.0511482254697286,True,0.0
"Presostat de pression - Huile ""NORGREN"" -Rampe-",1.0,1.0,0.0,0,ELECTROMECANIQUE,0.0,0.0010438413361169101,0.0073068893528183704,True,0.0
Presse etoupe D29,1.0,1.0,0.0,0,ELECTRICITE,0.0,0.0010438413361169101,0.0073068893528183704,True,0.0
Pressostat BP de circuit frigorifique de PAC,2.0,1.0,0.0,0,CLIMATISATION,5568.0,0.0020876826722338203,0.014613778705636741,True,0.0
Pressostat HP de circuit frigorifique de PAC,2.0,1.0,0.0,0,CLIMATISATION,5568.0,0.0020876826722338203,0.014613778705636741,True,0.0
Pressostat mécanique de 16 BAR de marque DANFOSS.,2.0,2.0,0.0,0,HYDRAULIQUE,3240.0,0.0020876826722338203,0.014613778705636741,True,0.0
Plaque antifrictions de dimensions de dimensions 1054x360x40,130.0,130.0,0.0,0,MECANIQUE,0.0,0.13569937369519833,0.9498956158663883,True,2.0
Plaque antifrictions de dimensions de dimensions 1044x720x40,97.0,97.0,0.0,0,MECANIQUE,0.0,0.10125260960334029,0.708768267223382,True,1.0
Plaque antifrictions de dimensions de dimensions 1044x335x40,45.0,45.0,0.0,0,MECANIQUE,0.0,0.04697286012526096,0.3288100208768267,True,1.0
Plaque antifrictions de dimensions de dimensions 1044x172x40,25.0,25.0,0.0,0,MECANIQUE,0.0,0.026096033402922755,0.18267223382045927,True,0.0
Paumelle aluminium MEDHUB,4.0,2.0,0.0,0,MENUISERIE,512.0,0.0041753653444676405,0.029227557411273482,True,0.0
Paumelle vitre INOX,77.0,12.833333333333334,11.14300976696452,0,MENUISERIE,1540.0,0.08037578288100208,17.277145130613796,True,35.0
Peinture cloture 5 KG,236.0,2.8095238095238093,8.711543637128552,12,PEINTURE,46020.0,0.24634655532359082,14.791741342957964,True,18.0
Peinture de traçage blanc 25KG,147.0,6.391304347826087,6.372805365091882,0,PEINTURE,161700.0,0.1534446764091858,10.633320782502123,True,21.0
Peinture de traçage bleu 25KG,8.0,2.6666666666666665,2.8867513459481287,0,PEINTURE,8800.0,0.008350730688935281,4.38858213374474,True,9.0
Peinture de traçage jaune 25KG,16.0,2.6666666666666665,2.250925735484551,0,PEINTURE,16000.0,0.016701461377870562,3.4932988328719206,True,7.0
Peinture hempel 20 L,6.0,2.0,1.0,0,PEINTURE,24426.0,0.006263048016701462,1.5438413361169103,True,3.0
Peinture laque 5 KG bleu,1.0,1.0,0.0,0,PEINTURE,170.0,0.0010438413361169101,0.0073068893528183704,True,0.0
Peinture laque 5 KG noir,230.0,10.0,19.439884025093637,27,PEINTURE,40800.0,0.24008350730688935,30.840410588788682,True,35.0
Peinture laque 5 KG rouge,149.0,5.518518518518518,5.465770199582478,0,PEINTURE,25330.0,0.15553235908141963,9.287381812943654,True,19.0
Peinture métal blanc 20KG,21.0,4.2,4.43846820423443,0,PEINTURE,13419.0,0.021920668058455117,6.811146982760831,True,14.0
Peinture vinylique blanc 30KG,668.0,3.29064039408867,8.120336351355917,0,PEINTURE,360720.0,0.697286012526096,17.06150661471655,True,34.0
"Piton ouvert zingue VIS ""L""",21.0,10.5,10.606601717798213,0,DIVERS,0.0,0.021920668058455117,16.063347253106507,True,32.0
Plaque + Support plinthes,80.0,80.0,0.0,0,ELECTRICITE,400.0,0.08350730688935282,0.5845511482254697,True,1.0
Plaque antifrictions de dimensions  1095x828x40,93.0,93.0,0.0,0,MECANIQUE,0.0,0.09707724425887265,0.6795407098121086,True,1.0
Plaque antifrictions de dimensions  1395x868x40,102.0,102.0,0.0,0,MECANIQUE,0.0,0.10647181628392484,0.7453027139874738,True,1.0
Plaque antifrictions de dimensions  1700x865x40,98.0,98.0,0.0,0,MECANIQUE,0.0,0.1022964509394572,0.7160751565762005,True,1.0
Plaque antifrictions de dimensions  1873x350x40,96.0,96.0,0.0,0,MECANIQUE,0.0,0.10020876826722339,0.7014613778705637,True,1.0
Plaque antifrictions de dimensions  828x102x40,89.0,89.0,0.0,0,MECANIQUE,0.0,0.09290187891440502,0.6503131524008351,True,1.0
Plaque antifrictions de dimensions  865x100x40,126.0,126.0,0.0,0,MECANIQUE,0.0,0.1315240083507307,0.9206680584551148,True,2.0
Plaque antifrictions de dimensions  868x102x40,113.0,113.0,0.0,0,MECANIQUE,0.0,0.11795407098121086,0.825678496868476,True,2.0
Plaque antifrictions de dimensions  958x100x40 droite,75.0,75.0,0.0,0,MECANIQUE,0.0,0.07828810020876827,0.5480167014613778,True,1.0
Plaque antifrictions de dimensions  958x100x40 gauche,87.0,87.0,0.0,0,MECANIQUE,0.0,0.09081419624217119,0.6356993736951984,True,1.0
Plaque antifrictions de dimensions 1285x1247x40,312.0,312.0,0.0,0,MECANIQUE,0.0,0.325678496868476,2.279749478079332,True,5.0
Plaque antifrictions de dimensions 1285x365x40,180.0,180.0,0.0,0,MECANIQUE,0.0,0.18789144050104384,1.3152400835073068,True,3.0
Plaque antifrictions de dimensions de dimensions 1000x1000x40,14.0,14.0,0.0,0,MECANIQUE,0.0,0.014613778705636743,0.1022964509394572,True,0.0
Plaque antifrictions de dimensions de dimensions 1000x220x40,18.0,18.0,0.0,0,MECANIQUE,0.0,0.018789144050104383,0.1315240083507307,True,0.0
Plaque antifrictions de dimensions de dimensions 1000x300x40,12.0,12.0,0.0,0,MECANIQUE,0.0,0.012526096033402923,0.08768267223382047,True,0.0
Plaque antifrictions de dimensions de dimensions 1000x700x40,15.0,15.0,0.0,0,MECANIQUE,0.0,0.015657620041753653,0.10960334029227557,True,0.0
Lavabo,25.0,4.166666666666667,4.535048695071164,0,PLOMBERIE,750.0,0.026096033402922755,6.985245276427205,True,14.0
Lampe feu d'alignement 150W,3.0,1.0,0.0,0,BALISAGE MARITIME,0.0,0.003131524008350731,0.021920668058455117,True,0.0
Flexible sanitaire FF 3/8X1/2,8.0,1.0,0.0,0,PLOMBERIE,128.0,0.008350730688935281,0.058455114822546964,True,0.0
Fourniture et pose de lettre en tôle galvanisé pour les dtructures décoratives de giratoire de l'autoroute (port en arab),2.0,1.0,0.0,0,DIVERS,0.0,0.0020876826722338203,0.014613778705636741,True,0.0
Fourniture de ventilateur d'aération Schindler.,3.0,1.5,0.7071067811865476,0,ELECTRICITE,18000.0,0.003131524008350731,1.0825808398382766,True,2.0
Fourniture disjoncteur magnétothermique 32A,4.0,4.0,0.0,0,ELECTRICITE,2240.0,0.0041753653444676405,0.029227557411273482,True,0.0
Fourniture disjoncteur magnétothermique 40A,1.0,1.0,0.0,0,ELECTRICITE,560.0,0.0010438413361169101,0.0073068893528183704,True,0.0
Fourniture du feu d'extrémité quai blanc,1.0,1.0,0.0,0,BALISAGE MARITIME,6325.0,0.0010438413361169101,0.0073068893528183704,True,0.0
Fourniture du feu d'extrémité quai tribord vert,1.0,1.0,0.0,0,BALISAGE MARITIME,6325.0,0.0010438413361169101,0.0073068893528183704,True,0.0
Fourniture et pose de lettre en tôle galvanisé pour les dtructures décoratives de giratoire de l'autoroute (D),1.0,1.0,0.0,0,DIVERS,0.0,0.0010438413361169101,0.0073068893528183704,True,0.0
Fourniture et pose de lettre en tôle galvanisé pour les dtructures décoratives de giratoire de l'autoroute (T),1.0,1.0,0.0,0,DIVERS,0.0,0.0010438413361169101,0.0073068893528183704,True,0.0
Fourniture et pose de lettre en tôle galvanisé pour les dtructures décoratives de giratoire de l'autoroute (a),1.0,1.0,0.0,0,DIVERS,0.0,0.0010438413361169101,0.0073068893528183704,True,0.0
Fourniture et pose de lettre en tôle galvanisé pour les dtructures décoratives de giratoire de l'autoroute (d),1.0,1.0,0.0,0,DIVERS,0.0,0.0010438413361169101,0.0073068893528183704,True,0.0
Fourniture et pose de lettre en tôle galvanisé pour les dtructures décoratives de giratoire de l'autoroute (e),3.0,1.5,0.7071067811865476,0,DIVERS,0.0,0.003131524008350731,1.0825808398382766,True,2.0
Fourniture et pose de lettre en tôle galvanisé pour les dtructures décoratives de giratoire de l'autoroute (g),1.0,1.0,0.0,0,DIVERS,0.0,0.0010438413361169101,0.0073068893528183704,True,0.0
Fourniture et pose de lettre en tôle galvanisé pour les dtructures décoratives de giratoire de l'autoroute (med en arab),8.0,4.0,4.242640687119285,0,DIVERS,0.0,0.008350730688935281,6.422416145501475,True,13.0
Fourniture et pose de lettre en tôle galvanisé pour les dtructures décoratives de giratoire de l'autoroute (n),1.0,1.0,0.0,0,DIVERS,0.0,0.0010438413361169101,0.0073068893528183704,True,0.0
Fourniture et pose de lettre en tôle galvanisé pour les dtructures décoratives de giratoire de l'autoroute (o),1.0,1.0,0.0,0,DIVERS,0.0,0.0010438413361169101,0.0073068893528183704,True,0.0
Fourniture et pose de lettre en tôle galvanisé pour les dtructures décoratives de giratoire de l'autoroute (r),2.0,2.0,0.0,0,DIVERS,0.0,0.0020876826722338203,0.014613778705636741,True,0.0
Gaz 410A 13 KG MEDHUB,16.0,2.0,1.1952286093343936,0,CLIMATISATION,16000.0,0.016701461377870562,1.9097531436466841,True,4.0
Fourniture et pose de lettre en tôle galvanisé pour les dtructures décoratives de giratoire de l'autoroute (t),1.0,1.0,0.0,0,DIVERS,0.0,0.0010438413361169101,0.0073068893528183704,True,0.0
Fourniture et pose de lettre en tôle galvanisé pour les dtructures décoratives de giratoire de l'autoroute (¿),1.0,1.0,0.0,0,DIVERS,0.0,0.0010438413361169101,0.0073068893528183704,True,0.0
Fourniture et pose de lettre en tôle galvanisé pour les dtructures décoratives de giratoire de l'autoroute (¿¿),1.0,1.0,0.0,0,DIVERS,0.0,0.0010438413361169101,0.0073068893528183704,True,0.0
Fourniture et pose de lettre en tôle galvanisé pour les dtructures décoratives de giratoire de l'autoroute (¿¿¿¿¿),1.0,1.0,0.0,0,DIVERS,0.0,0.0010438413361169101,0.0073068893528183704,True,0.0
"Fourniture et pose par M2S ""TMPA_CT_78_2020"" Déclencheur manuel NEMO112A",2.0,1.0,0.0,0,INCENDIE,0.0,0.0020876826722338203,0.014613778705636741,True,0.0
"Fourniture et pose par M2S ""TMPA_CT_78_2020"" Détecteur thermiques adressable - Marque :TECNOFIRE",1.0,1.0,0.0,0,INCENDIE,0.0,0.0010438413361169101,0.0073068893528183704,True,0.0
Fusible 63A - gG Ø22*58,3.0,1.0,0.0,0,ELECTRICITE,0.0,0.003131524008350731,0.021920668058455117,True,0.0
Fusible aM 50A 14X51 400V,50.0,25.0,0.0,0,ELECTRICITE,200.0,0.05219206680584551,0.36534446764091855,True,1.0
Fusible gG 100A 22X58 500V,25.0,25.0,0.0,0,ELECTRICITE,100.0,0.026096033402922755,0.18267223382045927,True,0.0
Fusible miniature corps céramique 5X20  16 A 220V,50.0,25.0,0.0,0,ELECTRICITE,350.0,0.05219206680584551,0.36534446764091855,True,1.0
Fusible modulaire compact 4 pôle 20 A,50.0,25.0,0.0,0,ELECTRICITE,350.0,0.05219206680584551,0.36534446764091855,True,1.0
Galets pour le quai de déchargement RENAULT AU PORT TANGER MED,4.0,4.0,0.0,0,MECANIQUE,45000.0,0.0041753653444676405,0.029227557411273482,True,0.0
Gaz 404 13 KG,8.0,1.6,0.5477225575051661,0,CLIMATISATION,160.0,0.008350730688935281,0.8800389510802961,True,2.0
Gaz 407 13 KG,10.0,10.0,0.0,0,CLIMATISATION,200.0,0.010438413361169102,0.07306889352818371,True,0.0
Fourniture de produits de nettoyage escalator,5.0,1.6666666666666667,0.5773502691896257,0,DIVERS,10000.0,0.005219206680584551,0.9025598505485305,True,2.0
Fourniture de photocellule escalator Schindler.,1.0,1.0,0.0,0,ELECTRICITE,8000.0,0.0010438413361169101,0.0073068893528183704,True,0.0
Fourniture de main-courant courante cabine OTIS,1.0,1.0,0.0,0,DIVERS,3000.0,0.0010438413361169101,0.0073068893528183704,True,0.0
Fourniture de fontaine d'eau en inox avec grilles,10.0,1.25,0.7071067811865476,0,PLOMBERIE,100000.0,0.010438413361169102,1.1337290653080052,True,2.0
Flexible sanitaire MF 3/8X3/8,4.0,1.3333333333333333,0.5773502691896257,0,PLOMBERIE,124.0,0.0041753653444676405,0.8952529611957121,True,2.0
Flexible sanitaire Ø 12mm  Femelle 3/8,47.0,1.8076923076923077,1.1320505560876961,0,PLOMBERIE,1034.0,0.049060542797494784,2.0414996337140074,True,4.0
"Flexible sanitaire Ø 12mm Femelle Femelle 1/2"""" 15x21",34.0,1.619047619047619,1.2440333788202982,0,PLOMBERIE,748.0,0.03549060542797495,2.114484306226272,True,4.0
"Flexible sanitaire Ø 12mm Femelle Mâle 1/2"""" 15x21",33.0,1.5,0.7400128699009548,0,PLOMBERIE,726.0,0.03444676409185804,1.3511466534944385,True,3.0
Flexible toilette 100 CM,70.0,5.0,10.332919760127377,6,PLOMBERIE,700.0,0.07306889352818371,16.01086189488835,True,26.0
Flexible toilette 100 CM .H,3.0,3.0,0.0,0,PLOMBERIE,30.0,0.003131524008350731,0.021920668058455117,True,0.0
Flexible toilette 100 CM MEDHUB,16.0,8.0,9.899494936611665,2,PLOMBERIE,160.0,0.016701461377870562,14.966152634562592,True,28.0
Flow switch de circuit hydraulique de PAC,2.0,2.0,0.0,0,CLIMATISATION,3828.0,0.0020876826722338203,0.014613778705636741,True,0.0
"Fléxible 1/2 ""simple-simple"" 2M Ø275 BAR",7.0,1.75,0.5,0,ELECTROMECANIQUE,4200.0,0.007306889352818371,0.8011482254697286,True,2.0
"Fléxible 3/4 ""simple-simple"" 1,5M Ø215 BAR",2.0,1.0,0.0,0,ELECTROMECANIQUE,1400.0,0.0020876826722338203,0.014613778705636741,True,0.0
"Fléxible 3/4 ""simple-simple"" 2M",4.0,4.0,0.0,0,ELECTROMECANIQUE,0.0,0.0041753653444676405,0.029227557411273482,True,0.0
"Fléxible 3/8 ""coude-coude"" 1,5M",1.0,1.0,0.0,0,ELECTROMECANIQUE,0.0,0.0010438413361169101,0.0073068893528183704,True,0.0
Fléxible mitijeur Ø3/8,5.0,1.0,0.0,0,PLOMBERIE,125.0,0.005219206680584551,0.03653444676409186,True,0.0
Fourniture d'opérateur de porte cabine OTIS.,1.0,1.0,0.0,0,ELECTRICITE,25000.0,0.0010438413361169101,0.0073068893528183704,True,0.0
Fourniture d'un coffret polyster (800*600*250) IP66,2.0,2.0,0.0,0,ELECTRICITE,5600.0,0.0020876826722338203,0.014613778705636741,True,0.0
Fourniture d'un câble d'alimentation basse tension 5G10mm,200.0,200.0,0.0,0,ELECTRICITE,34000.0,0.20876826722338204,1.4613778705636742,True,3.0
"Fourniture d'un moteur de marque FORCE 70AC3 ""220V-50HZ"" (FRS:MEDINDUSTRY)",3.0,1.0,0.0,0,MECANIQUE,22581.0,0.003131524008350731,0.021920668058455117,True,0.0
Fourniture d'un répartiteur tétrapolaire 63A,2.0,2.0,0.0,0,ELECTRICITE,240.0,0.0020876826722338203,0.014613778705636741,True,0.0
Fourniture de Bouton cabine.,6.0,1.5,0.5773502691896257,0,ELECTRICITE,5400.0,0.006263048016701462,0.9098667399013488,True,2.0
Fourniture de Carte cabine.,9.0,4.5,2.1213203435596424,0,ELECTRICITE,171000.0,0.009394572025052192,3.247742519514829,True,6.0
Fourniture de Carte mère.,3.0,3.0,0.0,0,ELECTRICITE,60000.0,0.003131524008350731,0.021920668058455117,True,0.0
Fourniture de Lampe cabine.,6.0,2.0,0.0,0,ELECTRICITE,9000.0,0.006263048016701462,0.04384133611691023,True,0.0
Fourniture de Miroir cabine OTIS.,1.0,1.0,0.0,0,DIVERS,5000.0,0.0010438413361169101,0.0073068893528183704,True,0.0
Fourniture de Plaque désignation cabine.,1.0,1.0,0.0,0,DIVERS,2000.0,0.0010438413361169101,0.0073068893528183704,True,0.0
"Fourniture de boitier rappel Schindler.""",3.0,1.0,0.0,0,ELECTRICITE,18000.0,0.003131524008350731,0.021920668058455117,True,0.0
Fourniture de carte de charge batteries ARO.,2.0,1.0,0.0,0,ELECTRICITE,36000.0,0.0020876826722338203,0.014613778705636741,True,0.0
Fourniture de câbles R2V 5x16mm,100.0,100.0,0.0,0,ELECTRICITE,17000.0,0.10438413361169102,0.7306889352818371,True,1.0
Fourniture de doigt magnétique KONE.,1.0,1.0,0.0,0,DIVERS,2500.0,0.0010438413361169101,0.0073068893528183704,True,0.0
Fourniture de déflecteurs a brosses escalator Schindler.,1.0,1.0,0.0,0,ELECTRICITE,2000.0,0.0010438413361169101,0.0073068893528183704,True,0.0
Gaz 410A 13 KG,54.0,1.4594594594594594,1.3037253160461753,0,CLIMATISATION,54000.0,0.05636743215031315,2.350159999121455,True,5.0
Gaz R22 13 KG,2.0,1.0,0.0,0,CLIMATISATION,2000.0,0.0020876826722338203,0.014613778705636741,True,0.0
Lampe T8 LED  9W,6.0,6.0,0.0,0,ELECTRICITE,0.0,0.006263048016701462,0.04384133611691023,True,0.0
Joint d'étanchéité bas pour porte issue de secours,50.0,50.0,0.0,0,ELECTROMECANIQUE,500.0,0.05219206680584551,0.36534446764091855,True,1.0
 Téflon,28.0,1.037037037037037,0.19245008972987526,0,PLOMBERIE,140.0,0.029227557411273485,0.4932680364737273,True,1.0
Indicateur de Passage GIropes GI400i,1.0,1.0,0.0,0,ELECTRONIQUE,4500.0,0.0010438413361169101,0.0073068893528183704,True,0.0
Indicateur de pesage Baxtran GI400i,2.0,2.0,0.0,0,ELECTRONIQUE,8000.0,0.0020876826722338203,0.014613778705636741,True,0.0
Interrupteur double allumage blanc,40.0,40.0,0.0,0,ELECTRICITE,100.0,0.04175365344467641,0.29227557411273486,True,1.0
Interrupteur double allumage va et vient blanc,40.0,40.0,0.0,0,ELECTRICITE,100.0,0.04175365344467641,0.29227557411273486,True,1.0
Interrupteur double allumage étanche,40.0,40.0,0.0,0,ELECTRICITE,100.0,0.04175365344467641,0.29227557411273486,True,1.0
Interrupteur double allumage étanche va et vient,40.0,40.0,0.0,0,ELECTRICITE,100.0,0.04175365344467641,0.29227557411273486,True,1.0
Interrupteur position 3SE5112-0CA00-1CA0,10.0,5.0,4.242640687119285,0,ELECTROMECANIQUE,7000.0,0.010438413361169102,6.437029924207112,True,13.0
Interrupteur poussoir avec voyant,6.0,1.0,0.0,0,ELECTRICITE,180.0,0.006263048016701462,0.04384133611691023,True,0.0
Interrupteur sectionneur 63A-4P,1.0,1.0,0.0,0,ELECTRICITE,1050.0,0.0010438413361169101,0.0073068893528183704,True,0.0
Interrupteur simple allumage,17.0,1.0625,0.24999999999999997,0,ELECTRICITE,187.0,0.017745302713987474,0.49921711899791227,True,1.0
Interrupteur simple allumage va et vient blanc,40.0,40.0,0.0,0,ELECTRICITE,100.0,0.04175365344467641,0.29227557411273486,True,1.0
Joint d'étanchité bas pour portes sectionnelle épaisseur : 40 mm,2.0,2.0,0.0,0,MECANIQUE,1676.0,0.0020876826722338203,0.014613778705636741,True,0.0
Joint d'étanchité bas pour portes sectionnelle épaisseur : 70 mm,2.0,2.0,0.0,0,MECANIQUE,2404.0,0.0020876826722338203,0.014613778705636741,True,0.0
Joint d'étanchéité bas pour portes sectionnelle,50.0,50.0,0.0,0,ELECTROMECANIQUE,500.0,0.05219206680584551,0.36534446764091855,True,1.0
Gaz R22 13 KG MEDHUB,8.0,2.0,1.1547005383792515,0,CLIMATISATION,8000.0,0.008350730688935281,1.7905059223914241,True,4.0
Joint torique de verrin,1.0,1.0,0.0,0,MECANIQUE,0.0,0.0010438413361169101,0.0073068893528183704,True,0.0
Jupiter 1L,100.0,50.0,0.0,0,PLOMBERIE,100.0,0.10438413361169102,0.7306889352818371,True,1.0
KIT DE FIXATION POUR CUVETTE STANDARD MEDHUB,2.0,2.0,0.0,0,PLOMBERIE,6.0,0.0020876826722338203,0.014613778705636741,True,0.0
Kit douche complet,1.0,1.0,0.0,0,PLOMBERIE,220.0,0.0010438413361169101,0.0073068893528183704,True,0.0
La graisse à base de lithium EP2,117.0,19.5,39.44489827594945,0,DIVERS,585.0,0.12212943632567849,60.02225346820393,True,120.0
Lampe E27 LED 9W Ingelec,60.0,6.0,4.944132324730441,0,ELECTRICITE,0.0,0.06263048016701461,7.854611848264764,True,16.0
Lampe LED E27 15W  6500K,1454.0,4.130681818181818,6.3051529228047585,16,ELECTRICITE,363500.0,1.5177453027139876,20.081946503205053,True,24.0
"Lampe LED PLC 8,5W 6500K",351.0,25.071428571428573,84.90126780399262,0,ELECTRICITE,3159.0,0.3663883089770355,129.91661986882818,True,260.0
Lampe LED PLL 25W,300.0,300.0,0.0,0,ELECTRICITE,2700.0,0.31315240083507306,2.1920668058455113,True,4.0
Lampe LED flamme E14 3000K,70.0,70.0,0.0,0,ELECTRICITE,420.0,0.07306889352818371,0.511482254697286,True,1.0
Lampe PROJECT 100W/12V HALOGENE,54.0,27.0,32.526911934581186,0,ELECTRICITE,6480.0,0.05636743215031315,49.18493992692397,True,98.0
Lampe T38,13.0,6.5,7.7781745930520225,0,ELECTRICITE,650.0,0.013569937369519834,11.762251451164673,True,24.0
Lampe T5 / 120cm,35.0,5.0,6.708203932499369,10,ELECTRICITE,280.0,0.03653444676409186,10.318047026097696,True,11.0
Lampe T8 / 120cm 36W,50.0,50.0,0.0,0,ELECTRICITE,400.0,0.05219206680584551,0.36534446764091855,True,1.0
Indicateur BASCULE EXA,3.0,1.0,0.0,0,ELECTRONIQUE,0.0,0.003131524008350731,0.021920668058455117,True,0.0
Imprimante de BASCULE  - Marque :MK@IURI,5.0,1.0,0.0,0,ELECTRONIQUE,0.0,0.005219206680584551,0.03653444676409186,True,0.0
Humidificateur BLCT2C00W0,1.0,1.0,0.0,0,ELECTRICITE,1200.0,0.0010438413361169101,0.0073068893528183704,True,0.0
Huile moteur 15w40,46.0,23.0,11.313708498984761,0,MECANIQUE,1794.0,0.04801670146137787,17.306679658706788,True,35.0
Gaz frigorifique R22,12.0,1.0,0.0,0,CLIMATISATION,19800.0,0.012526096033402923,0.08768267223382047,True,0.0
Gaz frigorifique R410 A,11.0,1.1,0.31622776601683794,0,CLIMATISATION,12430.0,0.011482254697286013,0.554717431906259,True,1.0
Gel de silice indicatif de couleur orange Diam 2 à 4 mm/KG,98.0,24.5,26.6020049369717,2,ELECTRONIQUE,18620.0,0.1022964509394572,40.61908256203375,True,79.0
Goulotte autocolant,8.0,8.0,0.0,0,ELECTRICITE,448.0,0.008350730688935281,0.058455114822546964,True,0.0
Goulotte de câblage,220.0,7.586206896551724,11.905932618954871,5,ELECTRICITE,605.0,0.22964509394572025,19.46641458605235,True,34.0
Goupille de porte sectionnelle,11.0,5.5,4.949747468305833,0,MECANIQUE,330.0,0.011482254697286013,7.5049969853397505,True,15.0
Graisse à base de lithium EP CL 2,34.0,4.857142857142857,2.5934900185253222,0,ELECTROMECANIQUE,3230.0,0.03549060542797495,4.138669265783808,True,8.0
Groupe hydraulique 9T ENIKMA 380V,1.0,1.0,0.0,0,MECANIQUE,11500.0,0.0010438413361169101,0.0073068893528183704,True,0.0
Groupe hydraulique de QUAI NIVELEUR RH11,4.0,1.0,0.0,0,HYDRAULIQUE,55200.0,0.0041753653444676405,0.029227557411273482,True,0.0
Guide de câble DRH10GH10,1.0,1.0,0.0,0,ELECTROMECANIQUE,8400.0,0.0010438413361169101,0.0073068893528183704,True,0.0
Générateur solaire,1.0,1.0,0.0,0,BALISAGE MARITIME,9700.0,0.0010438413361169101,0.0073068893528183704,True,0.0
HEMPADUR ZINC 17360,64.0,32.0,9.899494936611665,0,PEINTURE,11520.0,0.06680584551148225,15.316883323497873,True,31.0
HEMPATHANE HS 55610,100.0,100.0,0.0,0,PEINTURE,9000.0,0.10438413361169102,0.7306889352818371,True,1.0
HUILE HYDRAULIQUE 68 ,19.0,4.75,0.5,0,HYDRAULIQUE,95.0,0.019832985386221295,0.8888308977035491,True,2.0
Horloge astronomique,79.0,5.266666666666667,14.119220267152892,0,ELECTRICITE,27650.0,0.0824634655532359,21.75607465960199,True,44.0
Horloge mécanique,33.0,8.25,7.804912982645397,0,ELECTRICITE,429.0,0.03444676409185804,11.948496822611101,True,24.0
Hublot LED 24W MEDHUB ,2.0,2.0,0.0,0,ELECTRICITE,160.0,0.0020876826722338203,0.014613778705636741,True,0.0
Hublot blanc,3.0,1.0,0.0,0,ELECTRICITE,129.0,0.003131524008350731,0.021920668058455117,True,0.0
Hublot extérieur ovale - Verre - E27 -60W - IP44,8.0,2.0,0.0,0,ELECTROMECANIQUE,1200.0,0.008350730688935281,0.058455114822546964,True,0.0
Huile 15W40,200.0,200.0,0.0,0,HYDRAULIQUE,1070.0,0.20876826722338204,1.4613778705636742,True,3.0
Huile 15W40 MEDHUB,50.0,50.0,0.0,0,HYDRAULIQUE,267.5,0.05219206680584551,0.36534446764091855,True,1.0
Huile 5W40,200.0,200.0,0.0,0,HYDRAULIQUE,1400.0,0.20876826722338204,1.4613778705636742,True,3.0
Huile HD50,1.0,1.0,0.0,0,MECANIQUE,70.0,0.0010438413361169101,0.0073068893528183704,True,0.0
Huile Hydraulique pour rampe mobile,35.0,5.0,0.0,0,HYDRAULIQUE,2730.0,0.03653444676409186,0.255741127348643,True,1.0
Huile hydraulique 32 M,200.0,200.0,0.0,0,HYDRAULIQUE,1000.0,0.20876826722338204,1.4613778705636742,True,3.0
Huile hydraulique 46 M,200.0,200.0,0.0,0,HYDRAULIQUE,1000.0,0.20876826722338204,1.4613778705636742,True,3.0
Huile hydraulique 68,204.0,17.0,38.76268120945008,6,HYDRAULIQUE,1020.0,0.21294363256784968,59.63462724215007,True,113.0
Huile hydraulique 80W90,143.0,28.6,35.564026768632374,0,HYDRAULIQUE,715.0,0.14926931106471816,54.390925330401586,True,109.0
Huile hydraulique D10,301.0,60.2,41.475293850676934,0,ELECTRICITE,20500.0,0.31419624217118997,64.41231447121373,True,129.0
Prise de courant 2P+T blanc MEDHUB,100.0,8.333333333333334,12.593889812367767,2,ELECTRICITE,1000.0,0.10438413361169102,19.62152365383349,True,37.0
Prise de courant complet plinthes,90.0,45.0,57.982756057296896,20,ELECTRICITE,450.0,0.09394572025052192,87.631754127699,True,155.0
Prise de courant électrique étanche apparent,40.0,1.3333333333333333,0.7111590022187595,0,ELECTRICITE,1280.0,0.04175365344467641,1.3590140774408739,True,3.0
Té retube chrome 16*1/2,4.0,4.0,0.0,0,PLOMBERIE,112.0,0.0041753653444676405,0.029227557411273482,True,0.0
Tube PVC Ø40,8.5,2.8333333333333335,1.2583057392117916,0,PLOMBERIE,85.0,0.008872651356993737,1.9495671683166436,True,4.0
Tube PVC Ø75,33.0,8.25,13.200378782444085,0,PLOMBERIE,53.0,0.03444676409185804,20.041695522309134,True,40.0
Tube carrée 40X40 6M,20.0,20.0,0.0,0,DIVERS,240.0,0.020876826722338204,0.14613778705636743,True,0.0
Tube gorge Gris D20,1074.0,63.1764705882353,71.08202594021013,0,ELECTRICITE,21480.0,1.1210855949895615,114.47063807524212,True,229.0
Tube gorge Gris D20  MEDHUB,650.0,65.0,55.22680508593631,0,ELECTRICITE,13000.0,0.6784968684759917,87.5896857082364,True,175.0
Tube gorge Gris D40,2065.0,98.33333333333333,82.33063423376097,0,ELECTRICITE,61950.0,2.1555323590814197,138.58467786421141,True,277.0
Tube gorgé double paroi de diamètre 110mm,200.0,200.0,0.0,0,ELECTRICITE,3400.0,0.20876826722338204,1.4613778705636742,True,3.0
Tube gorgé double paroi de diamétre 70mm,400.0,200.0,0.0,0,ELECTRICITE,3200.0,0.4175365344467641,2.9227557411273484,True,6.0
"Tubes fluorescent LED, 8w, 4000k",98.0,32.666666666666664,26.558112382722786,0,ELECTRICITE,5880.0,0.1022964509394572,40.553243730660384,True,81.0
Té 40 PEHD HP,8.0,2.6666666666666665,2.0816659994661326,0,PLOMBERIE,384.0,0.008350730688935281,3.180954114021746,True,6.0
Té PPR  Ø20,3.0,3.0,0.0,0,PLOMBERIE,27.0,0.003131524008350731,0.021920668058455117,True,0.0
Té femelle PPR 32,4.0,4.0,0.0,0,PLOMBERIE,20.0,0.0041753653444676405,0.029227557411273482,True,0.0
Té polyéthylène Ø20,6.0,1.0,0.0,0,PLOMBERIE,150.0,0.006263048016701462,0.04384133611691023,True,0.0
Té pvc Ø100,8.0,4.0,2.8284271247461903,0,PLOMBERIE,136.0,0.008350730688935281,4.301095801941833,True,9.0
Télécommande universelle,38.0,9.5,13.868429375143148,4,CLIMATISATION,2280.0,0.03966597077244259,21.080305858121818,True,38.0
Vanne à papillon,20.0,10.0,0.0,0,PLOMBERIE,100.0,0.020876826722338204,0.14613778705636743,True,0.0
Télécommande universelle MEDHUB,19.0,2.111111111111111,1.0540925533894598,0,CLIMATISATION,1140.0,0.019832985386221295,1.7199697277877388,True,3.0
Vachette CLEDOR de porte rosace INOX CND,14.0,1.1666666666666667,0.5773502691896257,0,MENUISERIE,1890.0,0.014613778705636743,0.9683218547238958,True,2.0
Vachette de bois,32.0,1.3333333333333333,0.8681147322824311,0,MENUISERIE,2304.0,0.033402922755741124,1.5359925577138345,True,3.0
Vachette de porte aluminium,97.0,1.1686746987951808,0.5136971943886534,0,MENUISERIE,6984.0,0.10125260960334029,1.479314058806362,True,3.0
Vanne d'arrêt PPR 32,50.0,50.0,0.0,0,PLOMBERIE,500.0,0.05219206680584551,0.36534446764091855,True,1.0
Vanne d'arrêt PPR 63,50.0,50.0,0.0,0,PLOMBERIE,500.0,0.05219206680584551,0.36534446764091855,True,1.0
Vanne double raccord 110 PEHD HP,30.0,30.0,0.0,0,PLOMBERIE,300.0,0.031315240083507306,0.21920668058455114,True,0.0
Vanne double raccord 110 PVC HP,20.0,20.0,0.0,0,PLOMBERIE,200.0,0.020876826722338204,0.14613778705636743,True,0.0
Vanne double raccord 40 PEHD HP,26.0,13.0,15.556349186104045,0,PLOMBERIE,260.0,0.027139874739039668,23.524502902329345,True,47.0
Vanne double raccord 40 PVC HP,30.0,30.0,0.0,0,PLOMBERIE,300.0,0.031315240083507306,0.21920668058455114,True,0.0
Vanne double raccord 75 PEHD HP,15.0,15.0,0.0,0,PLOMBERIE,150.0,0.015657620041753653,0.10960334029227557,True,0.0
Vanne double raccord 75 PVC HP,20.0,20.0,0.0,0,PLOMBERIE,200.0,0.020876826722338204,0.14613778705636743,True,0.0
Vanne double union PPR 32,50.0,50.0,0.0,0,PLOMBERIE,500.0,0.05219206680584551,0.36534446764091855,True,1.0
Vanne double union PPR 63,50.0,50.0,0.0,0,PLOMBERIE,500.0,0.05219206680584551,0.36534446764091855,True,1.0
Tube PVC Ø125,29.0,14.5,12.020815280171307,0,PLOMBERIE,0.0,0.030271398747390398,18.243122711488695,True,36.0
Tube PVC Ø110,35.0,17.5,21.920310216782973,0,PLOMBERIE,1015.0,0.03653444676409186,33.1362064525231,True,66.0
Tube PVC  Ø50,9.0,1.8,1.0954451150103321,0,PLOMBERIE,90.0,0.009394572025052192,1.7089296766908635,True,3.0
Tube PPR 63,10.0,10.0,0.0,0,PLOMBERIE,50.0,0.010438413361169102,0.07306889352818371,True,0.0
"TIREFOND  AUTOPERCEUR 100 PCS 6,3X100",1.0,1.0,0.0,0,DIVERS,20.0,0.0010438413361169101,0.0073068893528183704,True,0.0
TUBE MULTICOUCHE RETUBE MEDHUB,25.0,25.0,0.0,0,PLOMBERIE,250.0,0.026096033402922755,0.18267223382045927,True,0.0
Tableau de commande d'ascenseur OTIS,106.0,15.142857142857142,17.5824587911605,0,ELECTRICITE,132000.0,0.11064718162839249,27.148218458139496,True,54.0
Tambour de porte sectionnelle  (Ensemble: Gauche/Droit) MEDHUB,20.0,10.0,0.0,0,MECANIQUE,400.0,0.020876826722338204,0.14613778705636743,True,0.0
"Tambour de porte sectionnelle  (Ensemble: Gauche/Droit)""",20.0,20.0,0.0,0,MECANIQUE,400.0,0.020876826722338204,0.14613778705636743,True,0.0
Teinte bleu,1.0,1.0,0.0,0,PEINTURE,16.0,0.0010438413361169101,0.0073068893528183704,True,0.0
Teinte de peinture laque vert,33.0,11.0,16.46207763315433,18,PEINTURE,396.0,0.03444676409185804,24.9342437983745,True,32.0
Terminal de commande ProDialog,4.0,1.3333333333333333,0.5773502691896257,0,CLIMATISATION,79200.0,0.0041753653444676405,0.8952529611957121,True,2.0
Thermistance de gaz,1.0,1.0,0.0,0,CLIMATISATION,1776.0,0.0010438413361169101,0.0073068893528183704,True,0.0
Thermomètre,6.0,1.2,0.4472135954999579,0,CLIMATISATION,4200.0,0.006263048016701462,0.7146617293668471,True,1.0
Thermostat,23.0,5.75,9.5,0,CLIMATISATION,115.0,0.024008350730688934,14.418058455114823,True,29.0
Thermostat mural de climatiseur PAC AIR/EAU,20.0,1.0526315789473684,0.22941573387056188,0,CLIMATISATION,35000.0,0.020876826722338204,0.49026138786221024,True,1.0
Tige de fixation,14.0,7.0,5.656854249492381,0,DIVERS,0.0,0.014613778705636743,8.587577825178029,True,17.0
Tige fileté Ø20mm,120.0,40.0,52.73518749374084,0,DIVERS,3960.0,0.12526096033402923,79.97960796294946,True,160.0
Toilette anglaise complète,19.0,1.4615384615384615,1.1266014242982163,0,PLOMBERIE,57000.0,0.019832985386221295,1.8287330341508736,True,4.0
Toilette anglaise suspendu complète,1.0,1.0,0.0,0,PLOMBERIE,100.0,0.0010438413361169101,0.0073068893528183704,True,0.0
Toilette moderne d'occasion,12.0,12.0,0.0,0,PLOMBERIE,0.0,0.012526096033402923,0.08768267223382047,True,0.0
Tranformateur 220 - 24v,1.0,1.0,0.0,0,ELECTRICITE,0.0,0.0010438413361169101,0.0073068893528183704,True,0.0
Transformateur 24V 220V 360W,2.0,1.0,0.0,0,ELECTRICITE,780.0,0.0020876826722338203,0.014613778705636741,True,0.0
"Transformateur électronique ""WEIDMÜLLER"" 250 v/ 24v-10 A",1.0,1.0,0.0,0,ELECTRONIQUE,0.0,0.0010438413361169101,0.0073068893528183704,True,0.0
Transponder Esserbus 4 entrées/2 sorties ; Module MD4L,1.0,1.0,0.0,0,ELECTRICITE,12000.0,0.0010438413361169101,0.0073068893528183704,True,0.0
Tube 110 CPVC HP,25.0,12.5,16.263455967290593,0,PLOMBERIE,31.25,0.026096033402922755,24.577856184756346,True,49.0
Tube 110 PEHD HP,51.0,17.0,19.697715603592208,0,PLOMBERIE,510.0,0.05323590814196242,29.919224762382047,True,60.0
Tube 110 PVC HP,101.5,4.833333333333333,7.084019574601226,5,PLOMBERIE,3552.5,0.10594989561586639,11.367678631212904,True,18.0
Tube 40 CPVC HP,56.0,28.0,31.11269837220809,0,PLOMBERIE,70.0,0.05845511482254697,47.078233362069966,True,94.0
Tube 40 PVC HP,37.0,12.333333333333334,15.50268793897798,0,PLOMBERIE,222.0,0.038622129436325675,23.52438681452125,True,47.0
Tube 75 CPVC HP,82.0,41.0,0.0,0,PLOMBERIE,102.5,0.08559498956158663,0.5991649269311065,True,1.0
Tube LED (T5) G13 18W 6500K,75.0,25.0,32.046840717924134,0,ELECTRICITE,58.5,0.07828810020876827,48.618277778347576,True,97.0
Tube LED (t8) 9W 6500K,3.0,3.0,0.0,0,ELECTRICITE,360.0,0.003131524008350731,0.021920668058455117,True,0.0
Vanne à 3 voies,10.0,10.0,0.0,0,CLIMATISATION,100.0,0.010438413361169102,0.07306889352818371,True,0.0
Vantail vitre de l'ascenseur OTIS,103.0,25.75,49.5,0,ELECTRICITE,31000.0,0.10751565762004175,75.00260960334029,True,150.0
Prise monophasé femelle 16A 2P+T - 3 broches,4.0,4.0,0.0,0,ELECTRICITE,300.0,0.0041753653444676405,0.029227557411273482,True,0.0
porte papier hygiène 300M en inox JOFEL,36.0,1.5,0.834057656228299,0,PLOMBERIE,28764.0,0.037578288100208766,1.5141345010439098,True,3.0
"câble SYT1 2*0,8 rouge pour détection incendie",500.0,166.66666666666666,125.83057392117915,0,INCENDIE,2500.0,0.5219206680584552,192.3993055581779,True,385.0
"câble électrique 3*2,5mm",200.0,25.0,18.134418735022717,0,ELECTRICITE,2380.0,0.20876826722338204,28.663005973097746,True,57.0
câble électrique U1000 R2V 5G6mm,200.0,200.0,0.0,0,ELECTRICITE,13800.0,0.20876826722338204,1.4613778705636742,True,3.0
câble électrique U1000 RO2V 3 x 4mm,150.0,150.0,0.0,0,ELECTRICITE,6075.0,0.15657620041753653,1.0960334029227556,True,2.0
"câble électrique U1000 RO2V 3 x2,5mm",150.0,150.0,0.0,0,ELECTRICITE,2475.0,0.15657620041753653,1.0960334029227556,True,2.0
câble électrique basse tension type U1000R02V 4G4mm2,841.0,420.5,536.6940469205896,0,ELECTRICITE,21025.0,0.8778705636743215,811.1861643266046,True,1622.0
disjoncteur magnétothermique 4P+N 16A,5.0,2.5,2.1213203435596424,0,ELECTRICITE,1415.0,0.005219206680584551,3.218514962103556,True,6.0
huile 80W-90,80.0,20.0,22.0,0,HYDRAULIQUE,3960.0,0.08350730688935282,33.58455114822547,True,67.0
huile hydraulique 32 ,600.0,300.0,141.4213562373095,0,HYDRAULIQUE,23700.0,0.6263048016701461,216.5161679676553,True,433.0
huile hydraulique 46,3160.0,351.1111111111111,17.638342073763933,0,HYDRAULIQUE,124820.0,3.298538622129436,49.547283465551956,True,99.0
lampe LED E27,123.0,3.324324324324324,3.9303240893655897,0,ELECTRICITE,1230.0,0.12839248434237996,6.794233524445045,True,14.0
lampe T8 60 cm LED,108.0,4.909090909090909,2.5803117365947585,0,ELECTRICITE,1944.0,0.1127348643006263,4.659611654996522,True,9.0
pompe de circulation d'eau primaire,9.0,2.25,0.9574271077563381,0,CLIMATISATION,108000.0,0.009394572025052192,1.5019026658098724,True,3.0
pompe de circulation d'eau secondaire,2.0,2.0,0.0,0,CLIMATISATION,24000.0,0.0020876826722338203,0.014613778705636741,True,0.0
poulie porte Schindler,53.0,13.25,24.5,0,ELECTRICITE,6150.0,0.055323590814196244,37.13726513569937,True,74.0
Vase d'expansion,4.0,1.0,0.0,0,CLIMATISATION,100000.0,0.0041753653444676405,0.029227557411273482,True,0.0
pressostat BP (Basse pression),12.0,12.0,0.0,0,CLIMATISATION,60.0,0.012526096033402923,0.08768267223382047,True,0.0
prise de courant complet plinthes,4.0,2.0,0.0,0,ELECTRICITE,20.0,0.0041753653444676405,0.029227557411273482,True,0.0
prise de courant électrique encastré,41.0,1.9523809523809523,1.499206139134658,0,ELECTRICITE,1476.0,0.04279749478079332,2.54839167216754,True,5.0
prise tétrapolaire femelle 32A 3P+N+T - 5 broches,2.0,2.0,0.0,0,ELECTRICITE,210.0,0.0020876826722338203,0.014613778705636741,True,0.0
roulement GE 110 XT 2RS/X-LS pour vérin rampe mobile,2.0,2.0,0.0,0,MECANIQUE,3000.0,0.0020876826722338203,0.014613778705636741,True,0.0
réglette LED 120cm étanche,111.0,11.1,27.053239690983,0,ELECTRICITE,20535.0,0.11586638830897704,41.39092425463734,True,83.0
scotch noir électrique,60.0,1.7647058823529411,1.2075224705710643,0,ELECTRICITE,330.0,0.06263048016701461,2.2496970670256986,True,4.0
silicone,626.0,4.22972972972973,5.933984441758211,5,DIVERS,187800.0,0.6534446764091858,13.475089397501616,True,22.0
silicone MEDHUB,104.0,5.777777777777778,5.34190487676618,0,DIVERS,31200.0,0.10855949895615867,8.77277380784238,True,18.0
soupape de pression MEDHUB,14.0,3.5,0.5773502691896257,0,CLIMATISATION,168.0,0.014613778705636743,0.9683218547238958,True,2.0
split 18000 complet MEDHUB,1.0,1.0,0.0,0,CLIMATISATION,500.0,0.0010438413361169101,0.0073068893528183704,True,0.0
spot LED GU10,125.0,2.840909090909091,2.1343609883880097,0,ELECTRICITE,4000.0,0.1304801670146138,4.114902651684311,True,8.0
te égale ppr 32,3.0,1.5,0.7071067811865476,0,PLOMBERIE,15.0,0.003131524008350731,1.0825808398382766,True,2.0
transformateur 12v,4.0,1.3333333333333333,0.5773502691896257,0,ELECTRICITE,0.0,0.0041753653444676405,0.8952529611957121,True,2.0
coude égale 90 PPR 63 ,2.0,2.0,0.0,0,PLOMBERIE,10.0,0.0020876826722338203,0.014613778705636741,True,0.0
coude égale 90 PPR 32,2.0,2.0,0.0,0,PLOMBERIE,10.0,0.0020876826722338203,0.014613778705636741,True,0.0
coude égale 45 ppr 32,16.0,8.0,2.8284271247461903,0,PLOMBERIE,80.0,0.016701461377870562,4.35955091676438,True,9.0
coude femlle ppr 32,26.0,4.333333333333333,3.8297084310253524,1,PLOMBERIE,130.0,0.027139874739039668,5.9345417697113065,True,11.0
Vernis de bois (Marron),239.0,21.727272727272727,16.888403767620602,13,PEINTURE,8604.0,0.24947807933194155,27.078952206754494,True,41.0
Vigi disjoncteur compact 4P,3.0,3.0,0.0,0,ELECTRICITE,0.0,0.003131524008350731,0.021920668058455117,True,0.0
Vis SPAX Ø6*60,231.0,15.4,11.095687708037106,0,MENUISERIE,0.0,0.24112734864300625,18.331423002556704,True,37.0
Vis auto Perceuse,180.0,60.0,36.05551275463989,0,DIVERS,1080.0,0.18789144050104384,55.39850921546714,True,111.0
Vis auto-perceuse DIN-7504-K ,190.0,63.333333333333336,23.094010767585033,10,ELECTROMECANIQUE,570.0,0.19832985386221294,36.02932512841304,True,62.0
Vis autoperseurse ,1363.0,30.977272727272727,40.606729100026755,15,DIVERS,272.6,1.4227557411273486,70.86938383793157,True,127.0
Vis autoperseurse 100PCS,6.0,1.5,0.5773502691896257,0,DIVERS,120.0,0.006263048016701462,0.9098667399013488,True,2.0
Vis de bois,255.0,18.214285714285715,11.429910635821136,0,MENUISERIE,0.0,0.2661795407098121,19.008122738700386,True,38.0
Vis de cloture,57.0,28.5,12.020815280171307,0,DIVERS,855.0,0.059498956158663886,18.44771561336761,True,37.0
Vis de fixation,18.0,6.0,3.4641016151377544,0,DIVERS,144.0,0.018789144050104383,5.3276764310573625,True,11.0
Vis hexagon socket head cap screw Ø 6,179.0,89.5,27.577164466275352,0,DIVERS,358.0,0.18684759916492694,42.67367989356752,True,85.0
"Vis à tôle TF PO21 acier inoxydable 5,5X60 100PCS",15.0,5.0,0.0,0,MENUISERIE,300.0,0.015657620041753653,0.10960334029227557,True,0.0
Vitrage de cabine ascenseur,3.0,1.0,0.0,0,ELECTRICITE,16000.0,0.003131524008350731,0.021920668058455117,True,0.0
Y pvc Ø100,5.0,1.6666666666666667,0.5773502691896257,0,PLOMBERIE,100.0,0.005219206680584551,0.9025598505485305,True,2.0
Y pvc Ø110,34.0,8.5,11.210114480533491,2,PLOMBERIE,544.0,0.03549060542797495,17.06360595879606,True,32.0
Y pvc Ø32,1.0,1.0,0.0,0,PLOMBERIE,12.0,0.0010438413361169101,0.0073068893528183704,True,0.0
barette de connexion  100 pcs,4.0,1.3333333333333333,0.5773502691896257,0,ELECTRICITE,40.0,0.0041753653444676405,0.8952529611957121,True,2.0
cable capotain 3G2.5 mm,380.0,47.5,28.66057521105554,0,ELECTRICITE,28500.0,0.3966597077244259,45.76748077065429,True,92.0
cable électrique U1000 RO2V 3 x 6mm,150.0,75.0,41.012193308819754,0,ELECTRICITE,9450.0,0.15657620041753653,62.61432336615239,True,125.0
capteur météorologique compat,2.0,1.0,0.0,0,ELECTRONIQUE,82000.0,0.0020876826722338203,0.014613778705636741,True,0.0
capteur météorologique pour la mesure de la direction et de la vitesse du vent ,2.0,1.0,0.0,0,ELECTRONIQUE,30000.0,0.0020876826722338203,0.014613778705636741,True,0.0
centrale ESSER IQ8 CONTROL μ avec UGA en coffret,3.0,1.0,0.0,0,INCENDIE,155250.0,0.003131524008350731,0.021920668058455117,True,0.0
centrale incendie Tecnofire 1 boucle avec batteries,1.0,1.0,0.0,0,INCENDIE,9750.0,0.0010438413361169101,0.0073068893528183704,True,0.0
cheville  plastique D 10,128.0,32.0,35.13782387494517,0,DIVERS,10240.0,0.1336116910229645,53.642017649578506,True,107.0
colle gerflex,80.0,16.0,29.13760456866693,0,MENUISERIE,800.0,0.08350730688935282,44.29095800122587,True,89.0
colle gerflex MEDHUB,11.0,3.6666666666666665,2.3094010767585034,0,MENUISERIE,110.0,0.011482254697286013,3.544477398018757,True,7.0
collier de serrage,7.0,1.75,1.5,0,DIVERS,280.0,0.007306889352818371,2.3011482254697286,True,5.0
compresseur scroll DANFOSS SH300A4ACB,1.0,1.0,0.0,0,CLIMATISATION,66000.0,0.0010438413361169101,0.0073068893528183704,True,0.0
coude 45 40 PEHD HP,11.0,5.5,6.363961030678928,0,PLOMBERIE,110.0,0.011482254697286013,9.626317328899393,True,19.0
"TIREFOND  AUTOPERCEUR 100 PCS 5,5X80",1.0,1.0,0.0,0,DIVERS,20.0,0.0010438413361169101,0.0073068893528183704,True,0.0
TEST,10.0,10.0,0.0,0,PLOMBERIE,50.0,0.010438413361169102,0.07306889352818371,True,0.0
TE égale,34.0,34.0,0.0,0,PLOMBERIE,170.0,0.03549060542797495,0.24843423799582465,True,0.0
Robinet simple de lavabo,38.0,1.0857142857142856,0.3734913631120908,0,PLOMBERIE,7182.0,0.03966597077244259,0.8378988400752343,True,2.0
Revêtement PVC,313.0,34.77777777777778,62.655362455614636,14,MENUISERIE,3130.0,0.3267223382045929,96.2701000508541,True,179.0
Revêtement PVC MED HUB,20.0,20.0,0.0,0,PLOMBERIE,200.0,0.020876826722338204,0.14613778705636743,True,0.0
Rivet,870.0,108.75,81.49276917967279,0,DIVERS,0.0,0.9081419624217119,128.59614750646116,True,257.0
Robinet col de signe,2.0,1.0,0.0,0,PLOMBERIE,440.0,0.0020876826722338203,0.014613778705636741,True,0.0
Robinet cuisine mitigeur (Vasque),14.0,2.3333333333333335,3.265986323710904,1,PLOMBERIE,420.0,0.014613778705636743,5.001275936505813,True,9.0
Robinet cuisine mitigeur (Vasque) MEDHUB,18.0,9.0,4.242640687119285,0,PLOMBERIE,540.0,0.018789144050104383,6.495485039029658,True,13.0
Robinet de Service,380.0,1.8269230769230769,2.909063988423123,0,PLOMBERIE,60800.0,0.3966597077244259,7.140213936705666,True,14.0
Robinet de service,59.0,1.4390243902439024,0.6726358780129438,0,PLOMBERIE,3481.0,0.061586638830897704,1.4400602888356997,True,3.0
Robinet de service de 1/2 pouce en laiton. w,99.0,1.5714285714285714,1.2143534814378325,0,PLOMBERIE,3217.5,0.10334029227557412,2.5449122680857674,True,5.0
Robinet lavabo - MITIGEUR-,3.0,1.0,0.0,0,PLOMBERIE,966.0,0.003131524008350731,0.021920668058455117,True,0.0
Robinet lavabo mitigeur,303.0,1.515,1.78203626964539,0,PLOMBERIE,248460.0,0.3162839248434238,4.8870418783720515,True,10.0
Robinet mitigeur de lavabo,42.0,1.135135135135135,0.4191368221424546,0,PLOMBERIE,13650.0,0.04384133611691023,0.9355945860320536,True,2.0
"Robinet poussoir lavabo ""VASQUE""",26.0,1.0,0.0,0,PLOMBERIE,2350.0,0.027139874739039668,0.18997912317327767,True,0.0
Robinet poussoir mural,52.0,1.793103448275862,0.9015585847705068,0,PLOMBERIE,17940.0,0.054279749478079335,1.7322961235023155,True,3.0
Robinet temporisateur Mural,155.0,7.380952380952381,24.299127948295162,0,PLOMBERIE,13950.0,0.1617954070981211,37.58125977212959,True,75.0
T 110 PVC HP ,8.0,8.0,0.0,0,PLOMBERIE,640.0,0.008350730688935281,0.058455114822546964,True,0.0
Robinet temporisateur Vasque,171.0,7.125,24.13605007128296,0,PLOMBERIE,15390.0,0.17849686847599164,37.45355318625638,True,75.0
"Robinet équerre ,diamètre de  1/2   pouce en laiton. w",48.0,1.3333333333333333,0.5855400437691199,0,PLOMBERIE,1380.0,0.05010438413361169,1.229040754588962,True,2.0
Robinet équerre chromé  3/8,36.0,2.25,1.390443574307614,0,PLOMBERIE,1584.0,0.037578288100208766,2.3487133781628824,True,5.0
Robinet équerre chromé 1/2,39.0,1.56,1.0832051206181281,0,PLOMBERIE,1716.0,0.0407098121085595,1.9097763656871085,True,4.0
Rondelle Ø08 mm,40.0,13.333333333333334,5.773502691896258,0,DIVERS,0.0,0.04175365344467641,8.952529611957122,True,18.0
Rondelle Ø10 mm,346.0,31.454545454545453,38.96758559716944,2,DIVERS,173.0,0.36116910229645094,60.97956211182932,True,120.0
Rondelle Ø20mm,470.0,94.0,128.32770550430644,30,DIVERS,658.0,0.4906054279749478,195.9257962522843,True,362.0
Rouleau filtre G4,40.0,20.0,0.0,0,CLIMATISATION,800.0,0.04175365344467641,0.29227557411273486,True,1.0
Rouleau filtre G4 MEDHUB,14.0,3.5,0.5773502691896257,0,CLIMATISATION,280.0,0.014613778705636743,0.9683218547238958,True,2.0
"Rouler 24 V ""ALLEN-BRADLEY""",4.0,4.0,0.0,0,ELECTRICITE,0.0,0.0041753653444676405,0.029227557411273482,True,0.0
Ruban LED 10W 6500K,150.0,50.0,0.0,0,ELECTRICITE,1800.0,0.15657620041753653,1.0960334029227556,True,2.0
Ruban de masquage de PEINTURE,245.0,4.224137931034483,3.583799333786949,1,DIVERS,2205.0,0.255741127348643,7.165886892120925,True,13.0
Ruban de téflon MEDHUB,40.0,4.0,7.831560082980487,0,PLOMBERIE,13600.0,0.04175365344467641,12.039615698583464,True,24.0
Réduction 110/100 double sortie PEHD,32.0,6.4,9.423375191511798,0,PLOMBERIE,320.0,0.033402922755741124,14.368883246557886,True,29.0
Revit,202.0,22.444444444444443,17.429221949868495,0,DIVERS,202.0,0.21085594989561587,27.619824574072055,True,55.0
Retube Ø16,17.0,8.5,2.1213203435596424,0,PLOMBERIE,272.0,0.017745302713987474,3.306197634337376,True,7.0
Resistance préchauffage réf :187_305VAC/DC 20_28VDC (Power AC2500W/DC 7W),1.0,1.0,0.0,0,HYDRAULIQUE,8000.0,0.0010438413361169101,0.0073068893528183704,True,0.0
Resistance préchauffage réf : (220VAC/300W 200VAC/700W) thermostat 50c°_45°,2.0,1.0,0.0,0,HYDRAULIQUE,19080.0,0.0020876826722338203,0.014613778705636741,True,0.0
Produit adoucisseur 30L,15.0,15.0,0.0,0,CLIMATISATION,60.0,0.015657620041753653,0.10960334029227557,True,0.0
Produit d'accrochage de reflecteur de route,13.0,13.0,0.0,0,DIVERS,0.0,0.013569937369519834,0.09498956158663883,True,0.0
Produit de nettoyage (champoing moquette) (20L),10.0,10.0,0.0,0,DIVERS,200.0,0.010438413361169102,0.07306889352818371,True,0.0
Projecteur LED 100W,231.0,8.555555555555555,14.153915830374762,0,ELECTRICITE,5775.0,0.24112734864300625,22.918765186063187,True,46.0
Projecteur LED 100W MEDHUB,4.0,2.0,1.4142135623730951,2,ELECTRICITE,100.0,0.0041753653444676405,2.1505479009709165,True,2.0
Projecteur LED 240W,45.0,9.0,16.777961735562517,0,ELECTRICITE,900.0,0.04697286012526096,25.495752624220604,True,51.0
Projecteur LED 240W MEDHUB,103.0,20.6,13.446189051177289,0,ELECTRICITE,2060.0,0.10751565762004175,20.921893180106228,True,42.0
Projecteur LED 480W,34.0,11.333333333333334,15.37313674346694,0,ELECTRICITE,680.0,0.03549060542797495,23.308139353196232,True,47.0
Projecteur LED 480W MEDHUB,40.0,13.333333333333334,5.773502691896258,1,ELECTRICITE,800.0,0.04175365344467641,8.952529611957122,True,17.0
Prolongateur industriel 2P+T 32A,50.0,50.0,0.0,0,ELECTRICITE,500.0,0.05219206680584551,0.36534446764091855,True,1.0
Prolongateur industriel 3P+N+T 32A,50.0,50.0,0.0,0,ELECTRICITE,500.0,0.05219206680584551,0.36534446764091855,True,1.0
REDUCTION 75/40 DOUBLE SORTIE,3.0,3.0,0.0,0,PLOMBERIE,30.0,0.003131524008350731,0.021920668058455117,True,0.0
Raccord cuivre 1/2,2.0,2.0,0.0,0,CLIMATISATION,50.0,0.0020876826722338203,0.014613778705636741,True,0.0
Raccord cuivre 1/4,6.0,3.0,1.4142135623730951,0,CLIMATISATION,150.0,0.006263048016701462,2.165161679676553,True,4.0
Raccord cuivre 3/8,6.0,3.0,1.4142135623730951,0,CLIMATISATION,150.0,0.006263048016701462,2.165161679676553,True,4.0
Raccord polyéthylène Ø20*1/2 MAL,4.0,1.3333333333333333,0.5773502691896258,0,PLOMBERIE,128.0,0.0041753653444676405,0.8952529611957123,True,2.0
Raccord polyéthylène Ø25,2.0,2.0,0.0,0,PLOMBERIE,62.0,0.0020876826722338203,0.014613778705636741,True,0.0
Raccord polyéthylène Ø40,15.0,3.0,2.3452078799117144,0,PLOMBERIE,225.0,0.015657620041753653,3.627415160159847,True,7.0
Raccord retube femelle 16*1/2,13.0,3.25,1.707825127659933,0,PLOMBERIE,546.0,0.013569937369519834,2.6567272530765385,True,5.0
Raccord retube mal 16*1/2,16.0,2.6666666666666665,1.8618986725025255,0,PLOMBERIE,832.0,0.016701461377870562,2.909758238398882,True,6.0
Raccord tourant femelle PPR 32,25.0,25.0,0.0,0,PLOMBERIE,125.0,0.026096033402922755,0.18267223382045927,True,0.0
Raccord tournant femelle PPR 63,25.0,25.0,0.0,0,PLOMBERIE,125.0,0.026096033402922755,0.18267223382045927,True,0.0
Raccord union male,87.0,7.909090909090909,13.367531899752816,0,PLOMBERIE,870.0,0.09081419624217119,20.686997223324422,True,41.0
Raccord union réduit,12.0,4.0,2.0,0,PLOMBERIE,120.0,0.012526096033402923,3.0876826722338206,True,6.0
Raccord union tournant,10.0,10.0,0.0,0,PLOMBERIE,100.0,0.010438413361169102,0.07306889352818371,True,0.0
Receveur de douche,10.0,10.0,0.0,0,PLOMBERIE,100.0,0.010438413361169102,0.07306889352818371,True,0.0
Reducteur pvc 160*110,1.0,1.0,0.0,0,PLOMBERIE,0.0,0.0010438413361169101,0.0073068893528183704,True,0.0
Relais FINDER type 44.62S 10A 250V,2.0,2.0,0.0,0,ELECTRICITE,420.0,0.0020876826722338203,0.014613778705636741,True,0.0
Relais d interface 12Vcc,2.0,1.0,0.0,0,ELECTRICITE,160.0,0.0020876826722338203,0.014613778705636741,True,0.0
Réduction 75/40 double sortie PEHD,19.0,6.333333333333333,5.507570547286102,4,PLOMBERIE,190.0,0.019832985386221295,8.400186718632703,True,13.0
Réduction PVC Ø100/75,9.0,1.8,1.3038404810405297,1,PLOMBERIE,90.0,0.009394572025052192,2.02152272573616,True,3.0
"Réduction laiton 1""*3/4",1.0,1.0,0.0,0,PLOMBERIE,30.0,0.0010438413361169101,0.0073068893528183704,True,0.0
Slotbout  mushroomhead 8*80,759.0,759.0,0.0,0,DIVERS,0.0,0.7922755741127349,5.545929018789144,True,11.0
Slotbout a tete bombee 8*80,1582.0,1582.0,0.0,0,DIVERS,0.0,1.6513569937369519,11.559498956158663,True,23.0
Slotbout mushroomhead 8*148,823.0,823.0,0.0,0,DIVERS,0.0,0.8590814196242171,6.01356993736952,True,12.0
Socle déclencheur manuel ESSER,4.0,2.0,1.4142135623730951,0,INCENDIE,0.0,0.0041753653444676405,2.1505479009709165,True,4.0
Socle détecteur - Marque :MORLEY-IAS,11.0,11.0,0.0,0,INCENDIE,0.0,0.011482254697286013,0.08037578288100208,True,0.0
Socle universelle pour Détecteur (Marque Techno Fire),129.0,9.923076923076923,11.926591706920705,0,INCENDIE,8643.0,0.13465553235908143,18.83247628689463,True,38.0
Sonde d'eau,4.0,2.0,1.4142135623730951,0,CLIMATISATION,4400.0,0.0041753653444676405,2.1505479009709165,True,4.0
Soupape de pression,18.0,3.6,3.714835124201342,0,CLIMATISATION,216.0,0.018789144050104383,5.703776694652744,True,11.0
Soupape de sécurité,16.0,3.2,1.3038404810405297,0,CLIMATISATION,14400.0,0.016701461377870562,2.0726709512058887,True,4.0
Soupape de sécurité de Circuite hydraulique de PAC,5.0,1.25,0.5,0,CLIMATISATION,1305.0,0.005219206680584551,0.7865344467640919,True,2.0
Split 12000 complet,7.0,1.0,0.0,0,CLIMATISATION,3500.0,0.007306889352818371,0.0511482254697286,True,0.0
Split 12000 complet MEDHUB,2.0,1.0,0.0,0,CLIMATISATION,1000.0,0.0020876826722338203,0.014613778705636741,True,0.0
Split 18000 complet,7.0,3.5,3.5355339059327378,0,CLIMATISATION,3500.0,0.007306889352818371,5.354449084368835,True,11.0
Split 24000 complet,3.0,1.5,0.7071067811865476,0,CLIMATISATION,1500.0,0.003131524008350731,1.0825808398382766,True,2.0
Split 9000 complet,23.0,1.7692307692307692,1.3008872711759818,0,CLIMATISATION,11500.0,0.024008350730688934,2.1193893618787953,True,4.0
Split systéme mural 12000 BTU/h,6.0,1.5,1.0,1,CLIMATISATION,23940.0,0.006263048016701462,1.5438413361169103,True,2.0
Spot D'éclairage de cabinet d'ascenseur,4.0,1.0,0.0,0,ELECTRICITE,72300.0,0.0041753653444676405,0.029227557411273482,True,0.0
Spot LED GU10 7W 6500K,1446.0,4.252941176470588,6.919735160162928,18,ELECTRICITE,281970.0,1.5093945720250521,20.945364744419756,True,24.0
Spot LED GU5 7W 6500K,253.0,50.6,110.35080425624456,0,ELECTRICITE,759.0,0.2640918580375783,167.3748493906299,True,335.0
Starter S2 PHILPS MEDHUB,4.0,4.0,0.0,0,ELECTRICITE,300.0,0.0041753653444676405,0.029227557411273482,True,0.0
Starters S10 /S2 MAZDA,4.0,1.3333333333333333,0.5773502691896257,0,ELECTRICITE,16.0,0.0041753653444676405,0.8952529611957121,True,2.0
Starters S2 / 22w,414.0,4.5,7.503112907100846,0,ELECTRICITE,3312.0,0.4321503131524008,14.279721552718074,True,29.0
Support climat,1.0,1.0,0.0,0,CLIMATISATION,120.0,0.0010438413361169101,0.0073068893528183704,True,0.0
Support split,12.0,6.0,5.656854249492381,0,CLIMATISATION,60.0,0.012526096033402923,8.572964046472391,True,17.0
System de compensation ressort à Axe avec une rainure étirée en acier galvanisé Ø25.4 mm,5.0,1.6666666666666667,0.5773502691896257,0,MECANIQUE,9500.0,0.005219206680584551,0.9025598505485305,True,2.0
SÈCHE-MAINS AUTOMATIQUE JOFEL FUTURA AA16000,11.0,1.1,0.31622776601683794,0,PLOMBERIE,31449.0,0.011482254697286013,0.554717431906259,True,1.0
Sèche main automatique Inox	,48.0,4.8,8.011103405759894,1,PLOMBERIE,4800.0,0.05010438413361169,12.367385797575123,True,24.0
Sèche main automatique Inox MEDHUB,5.0,1.25,0.5,0,PLOMBERIE,500.0,0.005219206680584551,0.7865344467640919,True,2.0
Sélecteur à clé,10.0,5.0,5.656854249492381,0,ELECTRICITE,4500.0,0.010438413361169102,8.558350267766755,True,17.0
T  75 PVC HP,24.0,8.0,9.643650760992955,0,PLOMBERIE,1560.0,0.025052192066805846,14.640841485957074,True,29.0
Slotbout a tete bombee 8*148,264.0,264.0,0.0,0,DIVERS,0.0,0.2755741127348643,1.9290187891440502,True,4.0
Siphon plastique Ø40,21.0,1.2352941176470589,0.6642111641550714,0,PLOMBERIE,1008.0,0.021920668058455117,1.149761422641793,True,2.0
Réglette LED 1x18W Etanche,32.0,6.4,5.128352561983234,0,ELECTRICITE,800.0,0.033402922755741124,7.926349302265038,True,16.0
Siphon plastique Ø32,6.0,2.0,1.7320508075688772,0,PLOMBERIE,258.0,0.006263048016701462,2.6419175474702263,True,5.0
Réglette LED 1x18W Etanche MEDHUB,5.0,5.0,0.0,0,ELECTRICITE,125.0,0.005219206680584551,0.03653444676409186,True,0.0
Réglette LED 2x18W Etanche,157.0,13.083333333333334,24.08491920960777,0,ELECTRICITE,3925.0,0.1638830897703549,37.27456044280414,True,75.0
Réglette LED doubel lampeé (équipée) bipolaier 2x18w 120 cm,250.0,250.0,0.0,0,ELECTRICITE,48750.0,0.2609603340292276,1.826722338204593,True,4.0
Répartiteur 100A,1.0,1.0,0.0,0,ELECTRICITE,75.0,0.0010438413361169101,0.0073068893528183704,True,0.0
Résistance préchauffage réf : (BWO 155 24V) (24 VDC / 7W),2.0,2.0,0.0,0,HYDRAULIQUE,13000.0,0.0020876826722338203,0.014613778705636741,True,0.0
SIKA FLEX ,6.0,6.0,0.0,0,CONSTRUCTION,360.0,0.006263048016701462,0.04384133611691023,True,0.0
Scotch aluminium,35.0,2.9166666666666665,1.9286515936521478,0,CLIMATISATION,2415.0,0.03653444676409186,3.1487185178268646,True,6.0
Scotch de marquage au sol,362.0,16.454545454545453,38.51867484335762,50,DIVERS,2534.0,0.3778705636743215,60.423106210756686,True,71.0
Scotche noir,10.0,1.4285714285714286,0.7867957924694432,0,ELECTRICITE,70.0,0.010438413361169102,1.2532625822323487,True,3.0
Scotche noir SPECIAL,21.0,7.0,7.937253933193772,0,ELECTRICITE,1008.0,0.021920668058455117,12.059325576199843,True,24.0
Scotche special NOIR,4.0,1.3333333333333333,0.5773502691896257,0,DIVERS,0.0,0.0041753653444676405,0.8952529611957121,True,2.0
Serre câble,65.0,65.0,0.0,0,ELECTROMECANIQUE,130.0,0.06784968684759916,0.47494780793319413,True,1.0
Serre câble MEDHUB,100.0,33.333333333333336,14.433756729740644,0,MECANIQUE,200.0,0.10438413361169102,22.381324029892802,True,45.0
Serrure de milieu sans béquille avec barillet SEVAX,20.0,20.0,0.0,0,MENUISERIE,400.0,0.020876826722338204,0.14613778705636743,True,0.0
Serrure de porte. w,181.0,1.1104294478527608,0.44452964418536783,0,MENUISERIE,15385.0,0.18893528183716074,1.989341439138177,True,4.0
Serrure double cylindre,94.0,2.238095238095238,4.684221172266365,0,MENUISERIE,940.0,0.09812108559498957,7.713179357564473,True,15.0
Serrure d’angle avec barillet SEVAX,40.0,20.0,0.0,0,MENUISERIE,800.0,0.04175365344467641,0.29227557411273486,True,1.0
Serrure manuel,24.0,1.6,1.1212238211627763,0,MENUISERIE,816.0,0.025052192066805846,1.8572010762118052,True,4.0
Serrure porte coupe feu,61.0,15.25,17.03672503740082,0,MENUISERIE,1220.0,0.06367432150313153,26.00080780662315,True,52.0
Serrure porte en aluminium,48.0,3.0,5.072803301265814,7,MENUISERIE,21600.0,0.05010438413361169,7.959935640834002,True,9.0
Serrure porte en bois MEDHUB,45.0,7.5,8.093207028119323,11,MENUISERIE,18900.0,0.04697286012526096,12.468620563055811,True,14.0
Serrure porte en métal,40.0,20.0,14.142135623730951,0,MENUISERIE,200.0,0.04175365344467641,21.505479009709163,True,43.0
Serrure vitre INOX,74.0,37.0,0.0,0,MENUISERIE,148.0,0.07724425887265135,0.5407098121085594,True,1.0
Sika Top-122 ,9.0,4.5,0.7071067811865476,0,CONSTRUCTION,162.0,0.009394572025052192,1.1264221759551867,True,2.0
Silicone blanc. w,67.0,1.675,1.1632734537524392,0,DIVERS,1507.5,0.06993736951983298,2.2344717672674896,True,4.0
Silicone spécial vitre,47.0,7.833333333333333,15.76599716689898,0,DIVERS,940.0,0.049060542797494784,23.992419549930933,True,48.0
Silicone spécial vitre MEDHUB,41.0,13.666666666666666,10.96965511460289,0,PLOMBERIE,820.0,0.04279749478079332,16.754065135369892,True,34.0
Siphon de sol  inox 15*15 sans cache,4.0,2.0,1.4142135623730951,0,PLOMBERIE,0.0,0.0041753653444676405,2.1505479009709165,True,4.0
Siphon de sol  inox 20*20,25.0,1.6666666666666667,0.8997354108424375,0,PLOMBERIE,3750.0,0.026096033402922755,1.5322753500841153,True,3.0
Flexible sanitaire MF 1/2X1/2,16.0,1.2307692307692308,0.43852900965351455,0,PLOMBERIE,320.0,0.016701461377870562,0.7747037441253657,True,2.0
Indicateur BASCULE MATRIX II,2.0,1.0,0.0,0,ELECTRICITE,0.0,0.0020876826722338203,0.014613778705636741,True,0.0
Flexible sanitaire FF 1/2X1/2,6.0,1.0,0.0,0,PLOMBERIE,138.0,0.006263048016701462,0.04384133611691023,True,0.0
Cheville metallique Ø 8,216.0,43.2,44.73477394600312,34,DIVERS,216.0,0.2254697286012526,68.68044901921346,True,103.0
Cheville méttalique Ø20*80,200.0,100.0,0.0,0,DIVERS,2400.0,0.20876826722338204,1.4613778705636742,True,3.0
Cheville plastique avec visØ 12,51.0,17.0,7.937253933193772,0,DIVERS,0.0,0.05323590814196242,12.278532256784395,True,25.0
Chlore 13 PH,50.0,25.0,0.0,0,PLOMBERIE,1000.0,0.05219206680584551,0.36534446764091855,True,1.0
Chlore 13 PH MEDHUB ,7.0,2.3333333333333335,0.5773502691896257,0,PLOMBERIE,140.0,0.007306889352818371,0.9171736292541672,True,2.0
Climatiseur 9000 BTU TRANE,2.0,1.0,0.0,0,CLIMATISATION,8000.0,0.0020876826722338203,0.014613778705636741,True,0.0
Climatiseur Type armoire de capacité frigorifique 48000 BTU/h,3.0,1.5,0.7071067811865476,0,CLIMATISATION,63840.0,0.003131524008350731,1.0825808398382766,True,2.0
Climatiseur mobile 12000BTU,2.0,1.0,0.0,0,CLIMATISATION,18000.0,0.0020876826722338203,0.014613778705636741,True,0.0
Climatiseur split system mural de 12000 BTU ,2.0,1.0,0.0,0,CLIMATISATION,12500.0,0.0020876826722338203,0.014613778705636741,True,0.0
Coffret bypass externe pour 1 onduleurs 40KVA,4.0,1.0,0.0,0,ELECTRICITE,39200.0,0.0041753653444676405,0.029227557411273482,True,0.0
Coffret bypass externe pour 1 onduleurs 60KVA,2.0,1.0,0.0,0,ELECTRICITE,21000.0,0.0020876826722338203,0.014613778705636741,True,0.0
Coiffe d'acrotère lot 110 (similaire à l'existant),12.0,12.0,0.0,0,DIVERS,5040.0,0.012526096033402923,0.08768267223382047,True,0.0
Coiffe d'acrotère lot 60-70 (similaire à l'existant),12.0,12.0,0.0,0,DIVERS,5040.0,0.012526096033402923,0.08768267223382047,True,0.0
Coiffe d'acrotère lot 71 (similaire à l'existant),12.0,12.0,0.0,0,DIVERS,5040.0,0.012526096033402923,0.08768267223382047,True,0.0
Colle PVC. w,32.0,1.8823529411764706,2.2327772207829106,0,PLOMBERIE,3360.0,0.033402922755741124,3.5829862904645537,True,7.0
Colle de revêtement GRIFFI,583.0,44.84615384615385,27.82638482282045,0,PEINTURE,8745.0,0.6085594989561587,45.99949372692379,True,92.0
Collecteur avec robinet TRIO,68.0,22.666666666666668,32.39341496868358,0,PLOMBERIE,340.0,0.0709812108559499,49.08699092901702,True,98.0
"Collier de serrage 3,6X300mm 100PCS MEDHUB",5.0,1.25,0.5,0,DIVERS,200.0,0.005219206680584551,0.7865344467640919,True,2.0
"Collier de serrage 4,7X370mm 100PCS MEDHUB",11.0,2.75,1.707825127659933,0,DIVERS,440.0,0.011482254697286013,2.6421134743709014,True,5.0
"Collier de serrage 7,6X340mm 100PCS MEDHUB",12.0,4.0,2.6457513110645907,0,DIVERS,480.0,0.012526096033402923,4.056309638830706,True,8.0
Collier de serrage 7x300mm,30.0,30.0,0.0,0,ELECTRICITE,900.0,0.031315240083507306,0.21920668058455114,True,0.0
Collier de serrage cloture,245.0,122.5,171.82694782833104,0,DIVERS,7350.0,0.255741127348643,259.53060963393705,True,519.0
Collier polyéthylène  Ø90,2.0,1.0,0.0,0,PLOMBERIE,180.0,0.0020876826722338203,0.014613778705636741,True,0.0
"Colliers de serrage 3,6X300mm 100PCS",81.0,4.764705882352941,10.609720847910573,0,DIVERS,3240.0,0.08455114822546973,16.506439309444147,True,33.0
"Colliers de serrage 3,6X300mm 100PCS MEDHUB ",3.0,1.5,0.7071067811865476,0,DIVERS,120.0,0.003131524008350731,1.0825808398382766,True,2.0
"Colliers de serrage 4,7X370mm 100PCS",63.0,3.0,3.1304951684997055,0,DIVERS,2520.0,0.06576200417536535,5.156076781977116,True,10.0
"Colliers de serrage 4,7X370mm 100PCS MEDHUB",1.0,1.0,0.0,0,DIVERS,40.0,0.0010438413361169101,0.0073068893528183704,True,0.0
"Colliers de serrage 7,6X340mm 100PCS",83.0,2.4411764705882355,2.776428668223374,0,ELECTRICITE,3320.0,0.08663883089770355,4.771114818618986,True,10.0
Cheville métalique Ø16mm,120.0,24.0,31.567388235329194,0,DIVERS,240.0,0.12526096033402923,48.22790907533199,True,96.0
Cheville metallique Ø 10,1019.0,59.94117647058823,217.8048067043733,62,DIVERS,2038.0,1.0636743215031315,334.1529303070819,True,606.0
Compresseur 12000,46.0,23.0,0.0,0,CLIMATISATION,920.0,0.04801670146137787,0.33611691022964507,True,1.0
Cheville en plastique MEDHUB,110.0,55.0,63.63961030678928,0,DIVERS,8800.0,0.11482254697286012,96.26317328899394,True,193.0
Carte électronique NRCP2-BASE contrôle board,1.0,1.0,0.0,0,CLIMATISATION,25000.0,0.0010438413361169101,0.0073068893528183704,True,0.0
Carte électronique N°1 de commande PAC,1.0,1.0,0.0,0,CLIMATISATION,13446.0,0.0010438413361169101,0.0073068893528183704,True,0.0
Carte électronique N°2 de commande PAC,1.0,1.0,0.0,0,CLIMATISATION,14430.0,0.0010438413361169101,0.0073068893528183704,True,0.0
Carte électronique N°3 de commande PAC,1.0,1.0,0.0,0,CLIMATISATION,9570.0,0.0010438413361169101,0.0073068893528183704,True,0.0
Carte électronique N°4 de commande PAC,2.0,1.0,0.0,0,CLIMATISATION,29580.0,0.0020876826722338203,0.014613778705636741,True,0.0
Carte électronique optionnel PD-AUX board,2.0,1.0,0.0,0,CLIMATISATION,50000.0,0.0020876826722338203,0.014613778705636741,True,0.0
Carte électronique universel,26.0,13.0,16.97056274847714,4,CLIMATISATION,1300.0,0.027139874739039668,25.645823245888987,True,47.0
Carte électronique universel split system,1.0,1.0,0.0,0,CLIMATISATION,1300.0,0.0010438413361169101,0.0073068893528183704,True,0.0
Chaine de 11 mailons DN45mm,10.0,10.0,0.0,0,MECANIQUE,0.0,0.010438413361169102,0.07306889352818371,True,0.0
Chaine de 13 maillons DN50mm,7.0,7.0,0.0,0,MECANIQUE,0.0,0.007306889352818371,0.0511482254697286,True,0.0
Chaine de 14 maillons DN35mm,10.0,10.0,0.0,0,MECANIQUE,0.0,0.010438413361169102,0.07306889352818371,True,0.0
Chaine de 15 maillons DN32mm,8.0,8.0,0.0,0,MECANIQUE,0.0,0.008350730688935281,0.058455114822546964,True,0.0
Chaine de 15 maillons DN38mm,10.0,10.0,0.0,0,MECANIQUE,0.0,0.010438413361169102,0.07306889352818371,True,0.0
Chaine de 21 maillons DN28mm,12.0,12.0,0.0,0,MECANIQUE,0.0,0.012526096033402923,0.08768267223382047,True,0.0
Chaine de 23 maillons DN35mm,8.0,4.0,0.0,0,MECANIQUE,0.0,0.008350730688935281,0.058455114822546964,True,0.0
Chaine de 5 maillons DN30mm,10.0,10.0,0.0,0,MECANIQUE,0.0,0.010438413361169102,0.07306889352818371,True,0.0
Chaine de 5 maillons DN50mm,8.0,8.0,0.0,0,MECANIQUE,0.0,0.008350730688935281,0.058455114822546964,True,0.0
Chaine de 5 mailons DN40mm,13.0,13.0,0.0,0,MECANIQUE,0.0,0.013569937369519834,0.09498956158663883,True,0.0
Chaine de 6 maillons DN50mm,10.0,10.0,0.0,0,MECANIQUE,0.0,0.010438413361169102,0.07306889352818371,True,0.0
Chaine de 7 maillons DN35mm,10.0,10.0,0.0,0,MECANIQUE,0.0,0.010438413361169102,0.07306889352818371,True,0.0
Chaine de 7 maillons DN40mm,6.0,6.0,0.0,0,MECANIQUE,0.0,0.006263048016701462,0.04384133611691023,True,0.0
Chaine de 9 maillons DN40mm,8.0,8.0,0.0,0,MECANIQUE,0.0,0.008350730688935281,0.058455114822546964,True,0.0
Chaines de 5 maillons DN40mm,6.0,6.0,0.0,0,MECANIQUE,0.0,0.006263048016701462,0.04384133611691023,True,0.0
Charnière porte coupe feu,60.0,30.0,36.76955262170047,0,MENUISERIE,600.0,0.06263048016701461,55.59274229371981,True,111.0
Chauffeau électrique instantané,17.0,1.3076923076923077,1.1094003924504583,0,PLOMBERIE,340.0,0.017745302713987474,1.7883177076735999,True,4.0
Chemin de Cable perforé 3m,24.0,12.0,15.556349186104045,6,ELECTRICITE,2160.0,0.025052192066805846,23.509889123623708,True,41.0
Cheville embase,201.0,15.461538461538462,13.048725254569153,0,DIVERS,201.0,0.20981210855949894,21.041772641770223,True,42.0
Colliers serre cable en plastique,200.0,66.66666666666667,98.14954576223639,0,ELECTRICITE,200.0,0.20876826722338204,148.68569651391826,True,297.0
Compresseur 18000,14.0,14.0,0.0,0,CLIMATISATION,280.0,0.014613778705636743,0.1022964509394572,True,0.0
Carburant de machine de TRACAGE AU SOL,210.0,52.5,50.42155623672611,20,DIVERS,2100.0,0.21920668058455114,77.16678111918102,True,134.0
Coude 45 110 PEHD HP,20.0,20.0,0.0,0,PLOMBERIE,200.0,0.020876826722338204,0.14613778705636743,True,0.0
Coude 75 45 PVC HP,83.0,9.222222222222221,6.942221866552844,8,PLOMBERIE,2822.0,0.08663883089770355,11.019804616113191,True,14.0
Coude 75 90 CPVC HP,10.0,3.3333333333333335,2.0816659994661326,0,PLOMBERIE,12.5,0.010438413361169102,3.1955678927273827,True,6.0
Coude 90 125 PVC HP,40.0,13.333333333333334,2.886751345948129,1,PLOMBERIE,1360.0,0.04175365344467641,4.622402593034929,True,8.0
Coude 90 40 CPVC HP,20.0,10.0,11.313708498984761,0,PLOMBERIE,25.0,0.020876826722338204,17.11670053553351,True,34.0
Coude 90 40 PEHD HP,152.0,30.4,38.991024608235165,19,PLOMBERIE,1520.0,0.15866388308977036,59.59718409398114,True,100.0
Coude 90 75 PEHD HP,35.0,17.5,23.33452377915607,0,PLOMBERIE,350.0,0.03653444676409186,35.25752679608274,True,71.0
Coude 90 75 PVC HP,32.0,6.4,8.142481194328912,0,PLOMBERIE,1088.0,0.033402922755741124,12.447542250783556,True,25.0
Coude PPR Ø32,1.0,1.0,0.0,0,PLOMBERIE,19.0,0.0010438413361169101,0.0073068893528183704,True,0.0
Coude PVC Ø160 45°,3.0,1.5,0.7071067811865476,0,PLOMBERIE,135.0,0.003131524008350731,1.0825808398382766,True,2.0
Coude PVC Ø160 90°,6.0,2.0,0.0,0,PLOMBERIE,150.0,0.006263048016701462,0.04384133611691023,True,0.0
Coude pvc  Ø100/45°,17.0,2.4285714285714284,0.7867957924694432,0,PLOMBERIE,221.0,0.017745302713987474,1.304410807702077,True,3.0
Coude pvc  Ø100/90°,33.0,4.125,7.298483208369883,0,PLOMBERIE,297.0,0.03444676409185804,11.18885216119783,True,22.0
Coude pvc  Ø110/45°,30.0,3.3333333333333335,2.8284271247461903,0,PLOMBERIE,450.0,0.031315240083507306,4.461847367703837,True,9.0
Coude pvc  Ø75/45°,8.0,1.3333333333333333,0.5163977794943223,0,PLOMBERIE,112.0,0.008350730688935281,0.8330517840640304,True,2.0
Coude pvc  Ø75/87°,5.0,2.5,2.1213203435596424,0,PLOMBERIE,45.0,0.005219206680584551,3.218514962103556,True,6.0
Coude retube femelle 16*1/2,5.0,1.6666666666666667,0.5773502691896257,0,PLOMBERIE,260.0,0.005219206680584551,0.9025598505485305,True,2.0
Courniére de fixation de clôture ponctuelle,1488.0,744.0,840.0428560496184,0,DIVERS,29760.0,1.5532359081419624,1270.9369354314213,True,2542.0
"Cuivre avec arma Flex 1/2, 1/4 rouleau 20m",51.0,5.666666666666667,4.8733971724044824,1,CLIMATISATION,2550.0,0.05323590814196242,7.682747115600461,True,14.0
"Cuivre avec arma Flex 3/4, 3/8  rouleau 20m",34.0,17.0,16.97056274847714,1,CLIMATISATION,1700.0,0.03549060542797495,25.704278360711534,True,50.0
"Cuivre avec arma Flex 3/4, 3/8 rouleau 20m MEDHUB",10.0,2.5,0.5773502691896257,0,CLIMATISATION,500.0,0.010438413361169102,0.9390942973126223,True,2.0
"Cuivre avec arma Flex 3/8, 1/4  rouleau 20m",24.0,6.0,9.345230512584124,7,CLIMATISATION,1200.0,0.025052192066805846,14.193211113343827,True,21.0
"Cuivre avec arma Flex 3/8, 1/4 rouleau 20m MEDHUB",9.0,3.0,0.0,0,CLIMATISATION,450.0,0.009394572025052192,0.06576200417536535,True,0.0
Cuivre avec armaflex 1/2*1/4 - rouleau 20m,1.0,1.0,0.0,0,CLIMATISATION,154.0,0.0010438413361169101,0.0073068893528183704,True,0.0
Cuivre de clim 3/8,6.0,6.0,0.0,0,CLIMATISATION,390.0,0.006263048016701462,0.04384133611691023,True,0.0
Culotte  110 PEHD HP,20.0,20.0,0.0,0,PLOMBERIE,200.0,0.020876826722338204,0.14613778705636743,True,0.0
Culotte  75 PVC HP,30.0,5.0,3.687817782917155,0,PLOMBERIE,1680.0,0.031315240083507306,5.750933354960284,True,12.0
Culotte 110 CPVC HP,45.0,15.0,11.789826122551595,15,PLOMBERIE,3915.0,0.04697286012526096,18.01354920470422,True,21.0
Coude 45 125 PVC HP,28.0,9.333333333333334,7.023769168568493,10,PLOMBERIE,952.0,0.029227557411273485,10.740246654731655,True,11.0
Cosses de batteries,8.0,2.0,1.4142135623730951,0,ELECTRICITE,184.0,0.008350730688935281,2.17977545838219,True,4.0
Compresseur 24000,13.0,13.0,0.0,0,CLIMATISATION,260.0,0.013569937369519834,0.09498956158663883,True,0.0
Cosse à sertir,100.0,50.0,56.568542494923804,0,ELECTRICITE,500.0,0.10438413361169102,85.58350267766754,True,171.0
Compresseur 9000,5.0,5.0,0.0,0,CLIMATISATION,100.0,0.005219206680584551,0.03653444676409186,True,0.0
Compresseur DANFOSS SZ120S4VC,1.0,1.0,0.0,0,ELECTRICITE,25272.0,0.0010438413361169101,0.0073068893528183704,True,0.0
Condensateur 04 µf,6.0,1.0,0.0,0,CLIMATISATION,114.0,0.006263048016701462,0.04384133611691023,True,0.0
Condensateur 40 µf,4.0,1.0,0.0,0,CLIMATISATION,220.0,0.0041753653444676405,0.029227557411273482,True,0.0
Condensateur 45 µf,5.0,2.5,2.1213203435596424,0,CLIMATISATION,275.0,0.005219206680584551,3.218514962103556,True,6.0
Condensateur 60 µf,1.0,1.0,0.0,0,CLIMATISATION,55.0,0.0010438413361169101,0.0073068893528183704,True,0.0
Condensateur courant 50 Uf MEDHUB,1.0,1.0,0.0,0,CLIMATISATION,300.0,0.0010438413361169101,0.0073068893528183704,True,0.0
Condensateur courant MEDHUB,35.0,3.888888888888889,2.4720661623652207,0,CLIMATISATION,10500.0,0.03653444676409186,3.9638403708964742,True,8.0
Condensateur de demarage 200µf,1.0,1.0,0.0,0,ELECTRICITE,0.0,0.0010438413361169101,0.0073068893528183704,True,0.0
Connecteur,6.0,6.0,0.0,0,ELECTRICITE,1500.0,0.006263048016701462,0.04384133611691023,True,0.0
Connecteur de raccordement électrique d'électrovanne ,12.0,3.0,1.632993161855452,2,ELECTROMECANIQUE,3360.0,0.012526096033402923,2.5371724150169985,True,3.0
Contacteur 24 V,1.0,1.0,0.0,0,ELECTRICITE,1200.0,0.0010438413361169101,0.0073068893528183704,True,0.0
Contacteur SIEMENS,1.0,1.0,0.0,0,ELECTRICITE,0.0,0.0010438413361169101,0.0073068893528183704,True,0.0
Contacteur auxiliaire 220V,4.0,2.0,0.0,0,ELECTRICITE,40.0,0.0041753653444676405,0.029227557411273482,True,0.0
Contacteur auxiliaire 380V,9.0,1.8,0.4472135954999579,0,ELECTRICITE,90.0,0.009394572025052192,0.7365823974253023,True,1.0
Contre bardage lot 110 (similaire à l'existant),12.0,12.0,0.0,0,DIVERS,4032.0,0.012526096033402923,0.08768267223382047,True,0.0
Contre bardage lot 71 (similaire à l'existant),12.0,12.0,0.0,0,DIVERS,4032.0,0.012526096033402923,0.08768267223382047,True,0.0
Cordon Adaptateur RGB HK117,1.0,1.0,0.0,0,ELECTRONIQUE,250.0,0.0010438413361169101,0.0073068893528183704,True,0.0
Cornière 40/40 6M,20.0,20.0,0.0,0,DIVERS,240.0,0.020876826722338204,0.14613778705636743,True,0.0
Cornière en acier galvanisé de forme L y compris les accessoires de fixation,150.0,150.0,0.0,0,DIVERS,45000.0,0.15657620041753653,1.0960334029227556,True,2.0
Cosse 70,8.0,8.0,0.0,0,ELECTRICITE,0.0,0.008350730688935281,0.058455114822546964,True,0.0
Cosse a sertir 10MM T6,20.0,20.0,0.0,0,ELECTRICITE,240.0,0.020876826722338204,0.14613778705636743,True,0.0
Cosse a sertir 16MM T6,20.0,20.0,0.0,0,ELECTRICITE,320.0,0.020876826722338204,0.14613778705636743,True,0.0
Cosse a sertir 25-50MM T6,20.0,20.0,0.0,0,ELECTRICITE,500.0,0.020876826722338204,0.14613778705636743,True,0.0
Cosse a sertir STD 10MM T6,20.0,20.0,0.0,0,ELECTRICITE,280.0,0.020876826722338204,0.14613778705636743,True,0.0
Cosse a sertir STD 16MM,20.0,20.0,0.0,0,ELECTRICITE,320.0,0.020876826722338204,0.14613778705636743,True,0.0
Cosse a sertir STD 25MM,20.0,20.0,0.0,0,ELECTRICITE,440.0,0.020876826722338204,0.14613778705636743,True,0.0
Carrelage NOIR 60*30 cm,805.0,805.0,0.0,0,DIVERS,0.0,0.8402922755741128,5.88204592901879,True,12.0
Capteur numérique de marque PRECIA CDL de 30 Tonnes,8.0,8.0,0.0,0,ELECTROMECANIQUE,36000.0,0.008350730688935281,0.058455114822546964,True,0.0
Cylindre de serrure spécial 12CM,75.0,3.5714285714285716,5.065288032989127,0,MENUISERIE,900.0,0.07828810020876827,8.145948750945069,True,16.0
BAGUETTE DE SOUDURE INOX 316L 4MM,44.0,44.0,0.0,0,MECANIQUE,7920.0,0.04592901878914405,0.32150313152400833,True,1.0
Baguette de soudage R10 D2.5,1400.0,1400.0,0.0,0,MECANIQUE,0.0,1.4613778705636744,10.22964509394572,True,20.0
Ballast 12 v 250 w YF,2.0,2.0,0.0,0,ELECTRICITE,480.0,0.0020876826722338203,0.014613778705636741,True,0.0
Ballaste électronique 40W,100.0,100.0,0.0,0,ELECTRICITE,2000.0,0.10438413361169102,0.7306889352818371,True,1.0
Bande Led,34.0,17.0,18.384776310850235,11,ELECTRICITE,2108.0,0.03549060542797495,27.825598704271176,True,45.0
Bande adhésif aluminium armé,35.0,4.375,4.627171304989074,0,CLIMATISATION,105.0,0.03653444676409186,7.196498084832254,True,14.0
Bande adhésif aluminium armé MEDHUB,20.0,3.3333333333333335,1.3662601021279464,0,CLIMATISATION,60.0,0.020876826722338204,2.195527940248287,True,4.0
Barre anti panique MEDHUB,2.0,2.0,0.0,0,MENUISERIE,40.0,0.0020876826722338203,0.014613778705636741,True,0.0
Barrette  100PCS 16mm²,24.0,2.4,1.837873166945363,0,ELECTRICITE,240.0,0.025052192066805846,2.9321750948856855,True,6.0
Barrette 100PCS 4mm²,3.0,1.0,0.0,0,ELECTRICITE,210.0,0.003131524008350731,0.021920668058455117,True,0.0
Barrette 100PCS 4mm²  MEDHUB,2.0,1.0,0.0,0,ELECTRICITE,140.0,0.0020876826722338203,0.014613778705636741,True,0.0
Barrette 4mm²   MEDHUB,8.0,2.6666666666666665,2.0816659994661326,0,ELECTRICITE,560.0,0.008350730688935281,3.180954114021746,True,6.0
Barrette de connexion,33.0,3.6666666666666665,2.783882181415011,0,ELECTRICITE,330.0,0.03444676409185804,4.416950620765523,True,9.0
"Barrette de connexion 2,5mm",49.0,2.227272727272727,3.2209406816113324,0,ELECTRICITE,318.5,0.0511482254697286,5.1894486007050995,True,10.0
Barrette de connexion 4mm2,11.0,2.75,1.5,0,ELECTRICITE,770.0,0.011482254697286013,2.330375782881002,True,5.0
Batterie D'évacuation ascenseur,7.0,1.75,0.9574271077563382,0,ELECTRICITE,52000.0,0.007306889352818371,1.487288887104236,True,3.0
Batterie M14 135AH,4.0,4.0,0.0,0,ELECTRICITE,9200.0,0.0041753653444676405,0.029227557411273482,True,0.0
Batterie M15 180Ah ,2.0,2.0,0.0,0,ELECTRICITE,4700.0,0.0020876826722338203,0.014613778705636741,True,0.0
"Batterie NP7-12 12V,7.0Ah / C20",3.0,3.0,0.0,0,ELECTRICITE,600.0,0.003131524008350731,0.021920668058455117,True,0.0
Batterie de démarrage 12v-140Ah-800A avec leur connectiques (sans entretien),6.0,3.0,1.4142135623730951,0,ELECTRICITE,8172.0,0.006263048016701462,2.165161679676553,True,4.0
Batterie de démarrage 12v-50Ah-1000A avec leur connectiques (sans entretien),6.0,2.0,0.0,0,ELECTRICITE,8172.0,0.006263048016701462,0.04384133611691023,True,0.0
Batterie plomb-étanche (sans entretien) 12V-118Ah/C10 avec leurs connectiques,9.0,1.5,1.224744871391589,0,ELECTRICITE,32706.0,0.009394572025052192,1.9028793112627487,True,4.0
Batterie plomb-étanche (sans entretien) 12V-12Ah/C20 avec leurs connectiques,19.0,19.0,0.0,0,ELECTRICITE,3971.0,0.019832985386221295,0.13883089770354906,True,0.0
Batterie plomb-étanche (sans entretien) 12V-25Ah/C20 avec leurs connectiques,18.0,3.6,3.5777087639996634,0,ELECTRICITE,8694.0,0.018789144050104383,5.498087154350226,True,11.0
"Batterie plomb-étanche (sans entretien) 12V-7,6Ah/C20 avec leurs connectiques MEDHUB",224.0,37.333333333333336,19.418204517067654,6,ELECTRICITE,36736.0,0.23382045929018788,30.7640499906328,True,56.0
Bloc autonome d'éclairage de sécurité MEDHUB,31.0,2.3846153846153846,1.8045526471705549,0,ELECTRICITE,7750.0,0.032359081419624215,2.933342540693202,True,6.0
Bois TEC hydrofuge,50.0,50.0,0.0,0,MENUISERIE,500.0,0.05219206680584551,0.36534446764091855,True,1.0
Boit a bouton cabinet d'ascenseur OTIS,7.0,1.4,0.5477225575051661,0,ELECTRICITE,31600.0,0.007306889352818371,0.8727320617274777,True,2.0
Baguette d'argent pure,15.0,5.0,4.58257569495584,5,MECANIQUE,1215.0,0.015657620041753653,6.983466882726035,True,9.0
Aérosol dégrippant MEDHUB,3.0,3.0,0.0,0,DIVERS,420.0,0.003131524008350731,0.021920668058455117,True,0.0
Boite bouton palier ascenseur Schindler,4.0,1.0,0.0,0,ELECTRICITE,43000.0,0.0041753653444676405,0.029227557411273482,True,0.0
Aérosol dégripant,56.0,6.222222222222222,10.365541203644142,10,DIVERS,7840.0,0.05845511482254697,15.957497609224042,True,22.0
"""Flexible hydraulique 1/4 400bar 2M y compris les raccords""",21.0,3.5,5.648008498577175,0,HYDRAULIQUE,105.0,0.021920668058455117,8.625457424274947,True,17.0
"""Fourniture d une venteuse électromagnétique pour porte coupe-feu avec support 12Vcc""",2.0,2.0,0.0,0,INCENDIE,10000.0,0.0020876826722338203,0.014613778705636741,True,0.0
ADJUVANT ACCELERATEUR DE PRISE,1.0,1.0,0.0,0,CONSTRUCTION,30.0,0.0010438413361169101,0.0073068893528183704,True,0.0
AEROSOL DEGRIPANT GT,32.0,2.6666666666666665,2.6742316936860857,0,DIVERS,4480.0,0.033402922755741124,4.245167999819317,True,8.0
Abattant WC,15.0,1.0,0.0,0,PLOMBERIE,675.0,0.015657620041753653,0.10960334029227557,True,0.0
Abattant sanitaire anglaise. w,106.0,1.536231884057971,3.8523472987446143,0,PLOMBERIE,5830.0,0.11064718162839249,6.553051219515669,True,13.0
Abattant toilette anglaise standard et suspendu,140.0,1.443298969072165,1.1177457985173074,0,PLOMBERIE,294000.0,0.14613778705636743,2.699583207170533,True,5.0
Accessoires pour la remise en état de système paratonnerre,1.0,1.0,0.0,0,ELECTRICITE,10500.0,0.0010438413361169101,0.0073068893528183704,True,0.0
Acide sulferique,28.0,28.0,0.0,0,PLOMBERIE,224.0,0.029227557411273485,0.2045929018789144,True,0.0
Afficheur palier ascenseur Schindler,8.0,1.6,0.5477225575051662,0,ELECTRICITE,19000.0,0.008350730688935281,0.8800389510802962,True,2.0
Amourtiseur Bouclier   SCN 1200 E1.6,1.0,1.0,0.0,0,MECANIQUE,0.0,0.0010438413361169101,0.0073068893528183704,True,0.0
Amourtiseur Bouclier SCN 1200 E3.0,1.0,1.0,0.0,0,MECANIQUE,0.0,0.0010438413361169101,0.0073068893528183704,True,0.0
Amourtiseur bouclier  SCN 1200 E2.9,1.0,1.0,0.0,0,MECANIQUE,0.0,0.0010438413361169101,0.0073068893528183704,True,0.0
Amourtisseur  bouclier SPC 1200 G2.8,1.0,1.0,0.0,0,MECANIQUE,0.0,0.0010438413361169101,0.0073068893528183704,True,0.0
Amourtisseur Bouclier  HC 1150H + Bouclier,5.0,5.0,0.0,0,MECANIQUE,0.0,0.005219206680584551,0.03653444676409186,True,0.0
Amourtisseur HC 1150H,3.0,3.0,0.0,0,MECANIQUE,0.0,0.003131524008350731,0.021920668058455117,True,0.0
Amourtisseur bouclier  SCN 1000 E3.0,1.0,1.0,0.0,0,MECANIQUE,0.0,0.0010438413361169101,0.0073068893528183704,True,0.0
Amourtisseur bouclier  SCN 1600 E1.5,1.0,1.0,0.0,0,MECANIQUE,0.0,0.0010438413361169101,0.0073068893528183704,True,0.0
Amourtisseur bouclier  SPC 1600 G2.5,4.0,4.0,0.0,0,MECANIQUE,0.0,0.0041753653444676405,0.029227557411273482,True,0.0
Anti Algue,25.0,25.0,0.0,0,MECANIQUE,250.0,0.026096033402922755,0.18267223382045927,True,0.0
Anti gel 50%,170.0,170.0,0.0,0,MECANIQUE,960.5000000000001,0.17745302713987474,1.2421711899791232,True,2.0
Arma Flex rouleau 18 50ml,10.0,10.0,0.0,0,CLIMATISATION,200.0,0.010438413361169102,0.07306889352818371,True,0.0
Arma Flex tapis m²,10.0,10.0,0.0,0,CLIMATISATION,200.0,0.010438413361169102,0.07306889352818371,True,0.0
Armature LED 100W,40.0,40.0,0.0,0,ELECTRICITE,800.0,0.04175365344467641,0.29227557411273486,True,1.0
Armature LED 240W MEDHUB,193.0,24.125,10.091545258992088,1,ELECTRICITE,3860.0,0.20146137787056367,16.54754753358208,True,32.0
Armature LED d'éclairage industriel,85.0,12.142857142857142,6.094494002200441,0,ELECTRICITE,80750.0,0.08872651356993737,9.762826598290223,True,20.0
"Axe de verrin ""RAMPE""",1.0,1.0,0.0,0,MECANIQUE,0.0,0.0010438413361169101,0.0073068893528183704,True,0.0
Boite a boutons poussoire (3 bouton)  de commande de porte sectionnelle,5.0,1.0,0.0,0,ELECTRICITE,3385.0,0.005219206680584551,0.03653444676409186,True,0.0
"Boite d alimentation ESSER NETZTEIL MODULE IQ8C IQM 802426 POWER CARD 8000M""",1.0,1.0,0.0,0,INCENDIE,23500.0,0.0010438413361169101,0.0073068893528183704,True,0.0
Capteur numérique de marque Giropes de 50 Tonnes ,8.0,8.0,0.0,0,ELECTROMECANIQUE,76000.0,0.008350730688935281,0.058455114822546964,True,0.0
Boulon de fixation de clôture,90.0,90.0,0.0,0,DIVERS,0.0,0.09394572025052192,0.6576200417536534,True,1.0
Boulon fusible à 150 Tonnes,76.0,76.0,0.0,0,MECANIQUE,0.0,0.07933194154488518,0.5553235908141962,True,1.0
Boulon fusible à 200 Tonnes,50.0,25.0,14.142135623730951,0,MECANIQUE,0.0,0.05219206680584551,21.578547903237347,True,43.0
Boulon fusible à 300 Tonnes,44.0,44.0,0.0,0,MECANIQUE,0.0,0.04592901878914405,0.32150313152400833,True,1.0
Bouteille de fluide frigorigène R 410 A,2.0,1.0,0.0,0,CLIMATISATION,3132.0,0.0020876826722338203,0.014613778705636741,True,0.0
Bouton arrêt d'urgence XB5 AS542 (PASSERELLE),1.0,1.0,0.0,0,ELECTRICITE,0.0,0.0010438413361169101,0.0073068893528183704,True,0.0
Bouton poussoir NO MEDHUB,20.0,20.0,0.0,0,ELECTRICITE,100.0,0.020876826722338204,0.14613778705636743,True,0.0
Bouton poussoir industrielle,1.0,1.0,0.0,0,MECANIQUE,160.0,0.0010438413361169101,0.0073068893528183704,True,0.0
Bouton poussoire vert,1.0,1.0,0.0,0,ELECTRICITE,0.0,0.0010438413361169101,0.0073068893528183704,True,0.0
Boîtier de commande CASIT « KEQ405/BP » pour moteur portai,4.0,1.0,0.0,0,ELECTROMECANIQUE,19200.0,0.0041753653444676405,0.029227557411273482,True,0.0
"Bras de Barriére rond 3,25m",1.0,1.0,0.0,0,DIVERS,3000.0,0.0010438413361169101,0.0073068893528183704,True,0.0
Butoires en acier,3.0,1.0,0.0,0,MECANIQUE,10389.0,0.003131524008350731,0.021920668058455117,True,0.0
CHEVILLES METALLIQUE Ø12 .F,32.0,6.4,2.1908902300206643,0,DIVERS,64.0,0.033402922755741124,3.5201558043211842,True,7.0
COND DE PORTAIL,25.0,6.25,4.031128874149275,0,DIVERS,3750.0,0.026096033402922755,6.229365545044371,True,12.0
CULOTTE PVC D40,2.0,2.0,0.0,0,PLOMBERIE,2.5,0.0020876826722338203,0.014613778705636741,True,0.0
Cable  Ø4*10MM2,60.0,20.0,8.660254037844387,0,ELECTRICITE,0.0,0.06263048016701461,13.428794417935682,True,27.0
Cable armé cuivre 4*10,80.0,80.0,0.0,0,ELECTRICITE,3760.0,0.08350730688935282,0.5845511482254697,True,1.0
Cable armé cuivre Ø5*4MM2,105.0,52.5,38.890872965260115,0,ELECTRICITE,0.0,0.10960334029227557,59.1035328299361,True,118.0
Cable armé Ø4*16MM2,80.0,80.0,0.0,0,ELECTRICITE,0.0,0.08350730688935282,0.5845511482254697,True,1.0
Cable cuivre U1000 R2V 5g16mm2,300.0,300.0,0.0,0,ELECTRICITE,37500.0,0.31315240083507306,2.1920668058455113,True,4.0
Cable de levage,4.0,4.0,0.0,0,MECANIQUE,0.0,0.0041753653444676405,0.029227557411273482,True,0.0
Cable de levage (Diam 7 lg= 41m) Réf : DRH170560,1.0,1.0,0.0,0,ELECTROMECANIQUE,10200.0,0.0010438413361169101,0.0073068893528183704,True,0.0
Cable rigide R2V 3G4mm²,170.0,56.666666666666664,40.414518843273804,0,ELECTRICITE,8160.0,0.17745302713987474,61.86394945488983,True,124.0
Cable rigide R2V 5G4mm²,60.0,60.0,0.0,0,ELECTRICITE,3540.0,0.06263048016701461,0.4384133611691023,True,1.0
Cache prise Goulotte,2.0,2.0,0.0,0,ELECTRICITE,54.0,0.0020876826722338203,0.014613778705636741,True,0.0
Cadenas ,200.0,33.333333333333336,21.36976056643281,0,DIVERS,400.0,0.20876826722338204,33.51601872021289,True,67.0
Cadenas MEDHUB,185.0,14.23076923076923,24.262982250587164,0,DIVERS,1850.0,0.1931106471816284,37.74624790615215,True,75.0
Cadenas pour vanne poste de contrôle (similaire à l'existant),6.0,6.0,0.0,0,INCENDIE,3612.0,0.006263048016701462,0.04384133611691023,True,0.0
Boulon fusible à 100 Tonnes,54.0,54.0,0.0,0,MECANIQUE,0.0,0.05636743215031315,0.3945720250521921,True,1.0
Boulon Fusible à 30 Tonnes,24.0,24.0,0.0,0,MECANIQUE,0.0,0.025052192066805846,0.17536534446764093,True,0.0
"Boite d alimentation alsw285pfc power supply ""Tecnofire""",1.0,1.0,0.0,0,INCENDIE,9800.0,0.0010438413361169101,0.0073068893528183704,True,0.0
Bouchon pour collecteurs,20.0,10.0,0.0,0,PLOMBERIE,100.0,0.020876826722338204,0.14613778705636743,True,0.0
Boite de jonction pour capteur numérique de 60T,2.0,2.0,0.0,0,ELECTRICITE,3600.0,0.0020876826722338203,0.014613778705636741,True,0.0
Boite de mousse de polyuréthanne,14.0,2.8,2.16794833886788,0,DIVERS,2440.0,0.014613778705636743,3.354218959241277,True,7.0
Boite de réarmement BR100 pour détecteur linéaire (Marque AVS ELECTRONICS),5.0,2.5,2.1213203435596424,0,INCENDIE,10000.0,0.005219206680584551,3.218514962103556,True,6.0
Boite de sol Inox,111.0,111.0,0.0,0,ELECTRICITE,555.0,0.11586638830897704,0.8110647181628393,True,2.0
"Boite jonction à résine 16,25,35 mm2",9.0,1.2857142857142858,0.7559289460184545,0,ELECTRICITE,1530.0,0.009394572025052192,1.199655423203047,True,2.0
Boite à bouton Palier d'ascenseur OTIS,27.0,5.4,5.504543577809153,0,ELECTRICITE,36105.0,0.028183716075156576,8.454101379239827,True,17.0
Boite étanche 210*170*80,12.0,1.3333333333333333,0.7071067811865476,0,ELECTRICITE,360.0,0.012526096033402923,1.1483428440136418,True,2.0
Boite étanche 240*180,255.0,15.9375,22.00747978907777,20,ELECTRICITE,1275.0,0.2661795407098121,34.87447646858534,True,50.0
Boite étanche 240*180 MEDHUB,86.0,17.2,8.526429498916883,6,ELECTRICITE,430.0,0.08977035490605428,13.418036732717704,True,21.0
Boitier de bouton poussoir,1.0,1.0,0.0,0,ELECTRICITE,0.0,0.0010438413361169101,0.0073068893528183704,True,0.0
Boitier de commande,1.0,1.0,0.0,0,ELECTRICITE,5300.0,0.0010438413361169101,0.0073068893528183704,True,0.0
Boitier de commande a trois boutons,1.0,1.0,0.0,0,ELECTRICITE,236.0,0.0010438413361169101,0.0073068893528183704,True,0.0
Bollard à 100 Tonnes + platine,3.0,3.0,0.0,0,MECANIQUE,0.0,0.003131524008350731,0.021920668058455117,True,0.0
Bollard à 100 Tonnes pour quai Vrac TM2,3.0,3.0,0.0,0,MECANIQUE,0.0,0.003131524008350731,0.021920668058455117,True,0.0
Bollard à 150 Tonnes + platine,2.0,2.0,0.0,0,MECANIQUE,0.0,0.0020876826722338203,0.014613778705636741,True,0.0
Bollard à 300 Tonnes + platine,1.0,1.0,0.0,0,MECANIQUE,0.0,0.0010438413361169101,0.0073068893528183704,True,0.0
Bombe de peinture gris,4.0,1.3333333333333333,0.5773502691896257,0,PEINTURE,144.0,0.0041753653444676405,0.8952529611957121,True,2.0
Bombe de peinture noir matte,14.0,2.8,0.8366600265340756,0,PEINTURE,602.0,0.014613778705636743,1.3572864907405706,True,3.0
Borne sur rails 70mm,79.0,6.076923076923077,3.8179736873010364,1,ELECTRICITE,5135.0,0.0824634655532359,6.304204789824206,True,12.0
Bornier sur rail 16mm² onka ,20.0,20.0,0.0,0,ELECTRICITE,300.0,0.020876826722338204,0.14613778705636743,True,0.0
Bouchon  110 PEHD HP,22.0,22.0,0.0,0,PLOMBERIE,220.0,0.022964509394572025,0.16075156576200417,True,0.0
Bouchon  110 PVC HP,50.0,25.0,33.94112549695428,0,PLOMBERIE,500.0,0.05219206680584551,51.27703271307234,True,103.0
Bouchon  75 PVC HP,18.0,4.5,2.516611478423583,0,PLOMBERIE,180.0,0.018789144050104383,3.9064412259861054,True,8.0
Bouchon 110 PVC HP,28.0,5.6,5.272570530585627,0,PLOMBERIE,280.0,0.029227557411273485,8.113448697757354,True,16.0
Bouchon 40 PEHD,16.0,8.0,2.8284271247461903,0,PLOMBERIE,160.0,0.016701461377870562,4.35955091676438,True,9.0
Bouchon 75 PVC HP,2.0,2.0,0.0,0,PLOMBERIE,20.0,0.0020876826722338203,0.014613778705636741,True,0.0
Bouchon PVC Ø40,18.0,3.0,2.898275349237888,2,PLOMBERIE,108.0,0.018789144050104383,4.478937032207562,True,7.0
Culotte 75 PVC HP,3.0,3.0,0.0,0,PLOMBERIE,168.0,0.003131524008350731,0.021920668058455117,True,0.0
vanne à 4voies,8.0,8.0,0.0,0,CLIMATISATION,81.6,0.008350730688935281,0.058455114822546964,True,0.0
Disjoncteur moteur 15KW,2.0,2.0,0.0,0,ELECTRICITE,20.0,0.0020876826722338203,0.014613778705636741,True,0.0
Détecteur optique adressable - Marque :MORLEY-IAS,14.0,7.0,5.656854249492381,0,INCENDIE,0.0,0.014613778705636743,8.587577825178029,True,17.0
Demi cylindre de serrure,58.0,1.7058823529411764,2.380850519848099,0,MENUISERIE,754.0,0.060542797494780795,3.995075362235614,True,8.0
Ecrou Ø20,396.0,132.0,148.1620734196171,131,DIVERS,1188.0,0.4133611691022965,225.13663831314173,True,319.0
Demi cylindre de serrure MEDHUB,4.0,2.0,1.4142135623730951,0,MENUISERIE,52.0,0.0041753653444676405,2.1505479009709165,True,4.0
Ecrou de boulon M6,220.0,55.0,44.347115652166906,0,DIVERS,660.0,0.22964509394572025,68.1281891358704,True,136.0
Detecteur de mouvement,1.0,1.0,0.0,0,ELECTRICITE,0.0,0.0010438413361169101,0.0073068893528183704,True,0.0
Detecteur de mouvement 360°,7.0,1.75,0.9574271077563381,0,ELECTRICITE,154.0,0.007306889352818371,1.4872888871042358,True,3.0
Diffuseur combiné sonore de classe B et lumineux flash rouge pour montage au mur IQ8S RB,6.0,6.0,0.0,0,INCENDIE,8916.0,0.006263048016701462,0.04384133611691023,True,0.0
Diffuseurs sonore et lumineux (sérine avec feu flash) 105 dB,6.0,1.5,1.0,0,INCENDIE,0.0,0.006263048016701462,1.5438413361169103,True,3.0
Disjoncteur 1P 20A,1.0,1.0,0.0,0,ELECTRICITE,65.0,0.0010438413361169101,0.0073068893528183704,True,0.0
Disjoncteur 2P 16A,55.0,1.0,0.0,0,ELECTRICITE,3410.0,0.05741127348643006,0.40187891440501045,True,1.0
Disjoncteur 2P 63A,1.0,1.0,0.0,0,ELECTRICITE,0.0,0.0010438413361169101,0.0073068893528183704,True,0.0
Disjoncteur 3P 32A,1.0,1.0,0.0,0,ELECTRICITE,0.0,0.0010438413361169101,0.0073068893528183704,True,0.0
Disjoncteur 4P 10A,1.0,1.0,0.0,0,ELECTRICITE,0.0,0.0010438413361169101,0.0073068893528183704,True,0.0
Détecteur optique de fumée adressable TFDA-S1 (Marque Techno Fire),81.0,4.764705882352941,2.9480801329998196,0,INCENDIE,28350.0,0.08455114822546973,5.0139782370780175,True,10.0
Disjoncteur COMPACT 25 A 400V,20.0,20.0,0.0,0,ELECTRICITE,200.0,0.020876826722338204,0.14613778705636743,True,0.0
Disjoncteur COMPACT 63 A 400V,20.0,20.0,0.0,0,ELECTRICITE,200.0,0.020876826722338204,0.14613778705636743,True,0.0
Disjoncteur différentiel 2P*63A,2.0,2.0,0.0,0,ELECTRICITE,400.0,0.0020876826722338203,0.014613778705636741,True,0.0
DISJONCTEUR DIFFERENTIEL-4P-63A-30mA TYPE A,28.0,14.0,0.0,0,ELECTRICITE,42630.0,0.029227557411273485,0.2045929018789144,True,0.0
DISJONCTEUR 40A COURBE C,28.0,14.0,0.0,0,ELECTRICITE,8940.4,0.029227557411273485,0.2045929018789144,True,0.0
Electrovanne,20.0,20.0,0.0,0,ELECTROMECANIQUE,100.0,0.020876826722338204,0.14613778705636743,True,0.0
Câble cuivre souple U1000  1G25mm2,40.0,40.0,0.0,0,ELECTRICITE,1920.0,0.04175365344467641,0.29227557411273486,True,1.0
Fiche mâle mobile 3P+N+T 32A,50.0,50.0,0.0,0,ELECTRICITE,500.0,0.05219206680584551,0.36534446764091855,True,1.0
Câble cuivre U1000 R2V 5G16mm2,1400.0,466.6666666666667,208.16659994661327,0,ELECTRICITE,201600.0,1.4613778705636744,322.4795450138656,True,645.0
Fiche mâle mobile 2P+T 32A,50.0,16.666666666666668,27.135462651912412,0,ELECTRICITE,500.0,0.05219206680584551,41.06853844550954,True,82.0
Fiche connecteur d'électrovanne  MEDHUB,10.0,10.0,0.0,0,ELECTRICITE,50.0,0.010438413361169102,0.07306889352818371,True,0.0
Fiche connecteur d'électrovanne,20.0,20.0,0.0,0,ELECTROMECANIQUE,100.0,0.020876826722338204,0.14613778705636743,True,0.0
Câble cuivre U1000 R2V Ø3*4 MM2,206.0,51.5,22.338307903688676,0,ELECTRICITE,5356.0,0.2150313152400835,35.0126810622136,True,70.0
Ferme porte avec bras,129.0,21.5,13.352902306240393,2,MENUISERIE,2580.0,0.13465553235908143,20.97194218587416,True,40.0
Câble de détection d'incendie (044030) 2xAWG20,505.0,56.111111111111114,40.20399372091175,0,INCENDIE,4545.0,0.5271398747390397,63.995969704540904,True,128.0
"Câble souple 3x2,5mm²",20.0,20.0,0.0,0,ELECTRICITE,360.0,0.020876826722338204,0.14613778705636743,True,0.0
Câble galvanisé,220.0,220.0,0.0,0,MECANIQUE,2640.0,0.22964509394572025,1.6075156576200418,True,3.0
Extracteur d'air sanitaire silencieux MEDHUB,7.0,1.75,0.5,0,PLOMBERIE,140.0,0.007306889352818371,0.8011482254697286,True,2.0
Extracteur d'air sanitaire silencieux,103.0,34.333333333333336,27.135462651912412,0,PLOMBERIE,2060.0,0.10751565762004175,41.45580358120891,True,83.0
Etanchiéte monocouche autoprotégée en bitume,21.0,7.0,3.4641016151377544,1,DIVERS,9450.0,0.021920668058455117,5.349597099115818,True,10.0
Câble galvanisé MEDHUB,50.0,50.0,0.0,0,ELECTRICITE,600.0,0.05219206680584551,0.36534446764091855,True,1.0
Câble nu 25mm² Cuivre,150.0,150.0,0.0,0,ELECTRICITE,967.5,0.15657620041753653,1.0960334029227556,True,2.0
Embout fil électrique,200.0,100.0,0.0,0,ELECTRICITE,30.0,0.20876826722338204,1.4613778705636742,True,3.0
Détecteur optique adressable - Marque :TECNOFIRE,31.0,6.2,8.87130204648675,0,INCENDIE,0.0,0.032359081419624215,13.533466639667495,True,27.0
Disjoncteur différentiel 32 A 30mA Bipôle 220V,20.0,10.0,0.0,0,ELECTRICITE,200.0,0.020876826722338204,0.14613778705636743,True,0.0
"Câble capotin 5G2,5",427.0,38.81818181818182,26.156521870532334,0,ELECTRICITE,21350.0,0.44572025052192066,42.35482455945195,True,85.0
Disjoncteur différentiel 4P 20A 300mA,4.0,2.0,0.0,0,ELECTRICITE,5080.0,0.0041753653444676405,0.029227557411273482,True,0.0
Disjoncteur différentiel 63 A 30mA Bipôle 220V,10.0,5.0,0.0,0,ELECTRICITE,100.0,0.010438413361169102,0.07306889352818371,True,0.0
Drapeau TMPA,43.0,3.5833333333333335,8.027887000759893,2,DIVERS,21500.0,0.04488517745302714,12.35602674331103,True,23.0
Disjoncteur divisionnaire 25 A 4 pôles 380V,34.0,5.666666666666667,5.046450898073483,0,ELECTRICITE,340.0,0.03549060542797495,7.818110585106049,True,16.0
Disjoncteur divisionnaire 32A 2 pôles 220V,23.0,7.666666666666667,11.547005383792515,0,ELECTRICITE,230.0,0.024008350730688934,17.488566530803595,True,35.0
Disjoncteur divisionnaire 63 A 4 pôles 380V,36.0,18.0,19.79898987322333,0,ELECTRICITE,360.0,0.037578288100208766,29.961532826536455,True,60.0
"Drapeau MAROC G,T",3.0,1.5,0.7071067811865476,0,SIGNALISATION,891.0,0.003131524008350731,1.0825808398382766,True,2.0
Disjoncteur magnetothermique 50A,2.0,2.0,0.0,0,ELECTRICITE,1240.0,0.0020876826722338203,0.014613778705636741,True,0.0
Douille de spot,59.0,2.269230769230769,2.0891661936321353,0,ELECTRICITE,118.0,0.061586638830897704,3.564855762264487,True,7.0
Douille GU5,50.0,50.0,0.0,0,ELECTRICITE,12.5,0.05219206680584551,0.36534446764091855,True,1.0
Douille GU10 MEDHUB,43.0,3.0714285714285716,3.2690691621336474,0,ELECTRICITE,3655.0,0.04488517745302714,5.217799985371661,True,10.0
Distributeur papier hygiénique Inox MEDHUB,14.0,1.0,0.0,0,PLOMBERIE,11900.0,0.014613778705636743,0.1022964509394572,True,0.0
Douille E40 MEDHUB,6.0,3.0,2.8284271247461903,0,ELECTRICITE,60.0,0.006263048016701462,4.2864820232361955,True,9.0
Douille E40,50.0,50.0,0.0,0,ELECTRICITE,500.0,0.05219206680584551,0.36534446764091855,True,1.0
Distributeur savon liquide plastique,66.0,2.129032258064516,3.537814160220695,0,PLOMBERIE,39600.0,0.06889352818371608,5.788975937617055,True,12.0
Douille B22 MEDHUB,30.0,6.0,5.958187643906492,7,ELECTRICITE,60.0,0.031315240083507306,9.156488146444289,True,11.0
Distributeur serviette zigzag INOX MEDHUB,7.0,2.3333333333333335,0.5773502691896258,0,PLOMBERIE,12950.0,0.007306889352818371,0.9171736292541675,True,2.0
Douchette,33.0,1.1,0.30512857662936466,0,PLOMBERIE,2838.0,0.03444676409185804,0.6988202135870533,True,1.0
Drapeau personnalisé,7.0,3.5,3.5355339059327378,0,DIVERS,41.089999999999996,0.007306889352818371,5.354449084368835,True,11.0
Driver LED 18W,141.0,47.0,39.83716857408418,0,ELECTRICITE,1692.0,0.14718162839248433,60.786024259873656,True,122.0
Driver LED 18W MEDHUB,10.0,10.0,0.0,0,ELECTRICITE,120.0,0.010438413361169102,0.07306889352818371,True,0.0
Défense SCN 1600 E1.5,4.0,4.0,0.0,0,MECANIQUE,0.0,0.0041753653444676405,0.029227557411273482,True,0.0
Détecteur de mouvement encastré,46.0,9.2,17.23948955160796,6,ELECTRICITE,460.0,0.04801670146137787,26.195351237641585,True,46.0
Détecteur de mouvement apparent,69.0,7.666666666666667,15.960889699512368,23,ELECTRICITE,690.0,0.0720250521920668,24.44550991461302,True,26.0
Détecteur de fumée optique interactif IQ8Quad O (avec socle),43.0,3.5833333333333335,2.7784342658585555,0,INCENDIE,25800.0,0.04488517745302714,4.481847640959023,True,9.0
Défense complète de type UE 750x2000 E1.4 avec plaque antifrictions de dimensions  2000*620*100,20.0,20.0,0.0,0,MECANIQUE,0.0,0.020876826722338204,0.14613778705636743,True,0.0
Défense SPC 1600 G2.5,3.0,1.5,0.7071067811865476,0,MECANIQUE,0.0,0.003131524008350731,1.0825808398382766,True,2.0
Disjoncteur différentiel 4P 25A 300mA,2.0,2.0,0.0,0,ELECTRICITE,2800.0,0.0020876826722338203,0.014613778705636741,True,0.0
Défense SPC 1200 G2.8,2.0,2.0,0.0,0,MECANIQUE,0.0,0.0020876826722338203,0.014613778705636741,True,0.0
Défense SCN 1200 E2.9,2.0,2.0,0.0,0,MECANIQUE,0.0,0.0020876826722338203,0.014613778705636741,True,0.0
Driver LED 40W,85.0,85.0,0.0,0,ELECTRICITE,1020.0,0.08872651356993737,0.6210855949895616,True,1.0
Défense SCN 1200 E1.6,3.0,3.0,0.0,0,MECANIQUE,0.0,0.003131524008350731,0.021920668058455117,True,0.0
Défense SCN 1000 E3.0,3.0,3.0,0.0,0,MECANIQUE,0.0,0.003131524008350731,0.021920668058455117,True,0.0
Disjoncteur différentiel 63 A 300mA 4 Pôles 380V,30.0,15.0,0.0,0,ELECTRICITE,300.0,0.031315240083507306,0.21920668058455114,True,0.0
Disjoncteur différentiel 63 A 300mA 4 Pôles 380V MEDHUB,10.0,5.0,0.0,0,ELECTRICITE,100.0,0.010438413361169102,0.07306889352818371,True,0.0
Déclencheur manuel FM500,3.0,3.0,0.0,0,INCENDIE,0.0,0.003131524008350731,0.021920668058455117,True,0.0
Déclencheur Manuel Adressable - Marque :TECNOFIRE,18.0,3.6,3.714835124201342,0,INCENDIE,0.0,0.018789144050104383,5.703776694652744,True,11.0
Disjoncteur différentiel 63 A 300mA Bipôle 220V,22.0,11.0,0.0,0,ELECTRICITE,220.0,0.022964509394572025,0.16075156576200417,True,0.0
"Câble capotin 5G2,5 MEDHUB",150.0,25.0,36.742346141747674,0,ELECTRICITE,7500.0,0.15657620041753653,56.20955261554427,True,112.0
Ecrou D16,3.0,3.0,0.0,0,DIVERS,3.0,0.003131524008350731,0.021920668058455117,True,0.0
"Câble U1000R2V 3G2,5 MED HUB",645.0,71.66666666666667,92.6687649642532,87,ELECTRICITE,12255.0,0.673277661795407,143.71609107894764,True,200.0
"Câble U1000R2V 3G2,5",700.0,175.0,71.4142842854285,0,ELECTRICITE,13300.0,0.7306889352818372,112.2362489751156,True,224.0
Filtre à huile réf :1R-0739 (DEUTZ).,1.0,1.0,0.0,0,HYDRAULIQUE,510.0,0.0010438413361169101,0.0073068893528183704,True,0.0
Filtre à huile réf : LF l6015 (Cummins 110KVA).,1.0,1.0,0.0,0,HYDRAULIQUE,530.0,0.0010438413361169101,0.0073068893528183704,True,0.0
Câble U1000R2V 5G10,600.0,300.0,0.0,0,ELECTRICITE,12000.0,0.6263048016701461,4.384133611691023,True,9.0
Filtre à huile réf : FPT 500086363,4.0,2.0,0.0,0,HYDRAULIQUE,3560.0,0.0041753653444676405,0.029227557411273482,True,0.0
Filtre à huile réf : DOOSAN 4004404-00144,6.0,2.0,0.0,0,HYDRAULIQUE,5880.0,0.006263048016701462,0.04384133611691023,True,0.0
Filtre à gasoil réf FF5485 (Cummins 110KVA).,1.0,1.0,0.0,0,HYDRAULIQUE,1450.0,0.0010438413361169101,0.0073068893528183704,True,0.0
Filtre à air réf : AH1136 (Cummins 110KVA).,1.0,1.0,0.0,0,HYDRAULIQUE,680.0,0.0010438413361169101,0.0073068893528183704,True,0.0
Câble U1000R2V 5G16,612.0,204.0,83.13843876330611,15,ELECTRICITE,11628.0,0.6388308977035491,129.17947442888402,True,243.0
Filtre déshydrateur PARKER PR 305S,2.0,1.0,0.0,0,CLIMATISATION,2400.0,0.0020876826722338203,0.014613778705636741,True,0.0
Filtre déshydrateur CASTEL DF 308/4,1.0,1.0,0.0,0,CLIMATISATION,1350.0,0.0010438413361169101,0.0073068893528183704,True,0.0
"Câble U1000R2V 5G2,5",1258.0,157.25,128.80078748650126,0,ELECTRICITE,25160.0,1.313152400835073,202.39324803559742,True,405.0
"Câble U1000R2V 5G2,5  MEDHUB",150.0,37.5,14.433756729740644,0,ELECTRICITE,3000.0,0.15657620041753653,22.746668497533722,True,45.0
Câble U1000R2V 5G25,300.0,300.0,0.0,0,ELECTRICITE,4500.0,0.31315240083507306,2.1920668058455113,True,4.0
Câble U1000R2V 5G4,235.0,39.166666666666664,27.83103782949293,0,ELECTRICITE,4700.0,0.2453027139874739,43.463675742151715,True,87.0
Câble U1000R2V 5G4 MEDHUB,150.0,37.5,14.433756729740644,0,ELECTRICITE,3000.0,0.15657620041753653,22.746668497533722,True,45.0
Filtre à sac de CTA,8.0,4.0,0.0,0,CLIMATISATION,20880.0,0.008350730688935281,0.058455114822546964,True,0.0
Fin de course,12.0,1.7142857142857142,0.48795003647426655,0,MECANIQUE,450.0,0.012526096033402923,0.8196077269452202,True,2.0
Filtre d'air HF6710,3.0,1.0,0.0,0,HYDRAULIQUE,1110.0,0.003131524008350731,0.021920668058455117,True,0.0
Fixation de lavabo,30.0,2.727272727272727,2.572582713574399,0,PLOMBERIE,1050.0,0.031315240083507306,4.07808075094615,True,8.0
Flexible hydraulique 1/4 400bar 2M y compris les raccords MEDHUB,11.0,5.5,6.363961030678928,0,HYDRAULIQUE,55.0,0.011482254697286013,9.626317328899393,True,19.0
Cylindre de serrure spécial 8CM MEDHUB,63.0,12.6,15.883954167649819,10,MENUISERIE,9450.0,0.06576200417536535,24.286265280702285,True,39.0
Cylindre de serrure standard,694.0,1.4488517745302714,1.8883572305801946,0,MENUISERIE,208200.0,0.7244258872651357,7.903517056726241,True,16.0
Cylindre de serrure standard MEDHUB,137.0,2.283333333333333,3.0923178003774248,2,MENUISERIE,41100.0,0.1430062630480167,5.639520541902254,True,9.0
Flexible d'evacuation Lavabo Ø32,1.0,1.0,0.0,0,PLOMBERIE,14.0,0.0010438413361169101,0.0073068893528183704,True,0.0
Flexible M-F 1/2*3/8,25.0,2.7777777777777777,3.8980051878421667,0,PLOMBERIE,550.0,0.026096033402922755,6.029680015583709,True,12.0
CÂBLE D'ALIMENTATION BASSE TENSION 5G16mm2,1200.0,600.0,282.842712474619,0,ELECTRICITE,189239.99999999997,1.2526096033402923,433.0323359353106,True,866.0
CÂBLE D'ALIMENTATION BASSE TENSION 5G6mm2,300.0,150.0,0.0,0,ELECTRICITE,21240.0,0.31315240083507306,2.1920668058455113,True,4.0
"Câble CR1 2*1,5 Ininflammable",300.0,300.0,0.0,0,INCENDIE,6600.0,0.31315240083507306,2.1920668058455113,True,4.0
Flexes control - FX18 NF avec face avant et batterie ESSER,1.0,1.0,0.0,0,INCENDIE,46506.8,0.0010438413361169101,0.0073068893528183704,True,0.0
"Câble CR1 de classe CR1/C1 2x1,5mm²- Résistant au feu""",200.0,200.0,0.0,0,INCENDIE,5000.0,0.20876826722338204,1.4613778705636742,True,3.0
Câble R2V 5x6mm²,120.0,120.0,0.0,0,ELECTRICITE,8400.0,0.12526096033402923,0.8768267223382046,True,2.0
Câble U1000 R2V 3G4mm²,204.0,13.6,9.818350166906862,0,ELECTRICITE,5100.0,0.21294363256784968,16.218130678335243,True,32.0
Fixation fille berbère,88.0,88.0,0.0,0,DIVERS,0.0,0.0918580375782881,0.6430062630480167,True,1.0
"Câble U1000R2V 3G1,5",100.0,100.0,0.0,0,ELECTRICITE,300.0,0.10438413361169102,0.7306889352818371,True,1.0
Câble U1000R2V 5G6,220.0,31.428571428571427,15.46886273407694,10,ELECTRICITE,4180.0,0.22964509394572025,24.810809758735452,True,40.0
Dominaux de connexion bande led,4.0,1.3333333333333333,0.5773502691896258,0,ELECTRICITE,44.0,0.0041753653444676405,0.8952529611957123,True,2.0
Fil barbelé type concertina,100.0,100.0,0.0,0,DIVERS,23000.0,0.10438413361169102,0.7306889352818371,True,1.0
Fiche prise 2P+T 16A industrielle souple femelle marque famatel,21.0,3.0,4.43471156521669,0,ELECTRICITE,924.0,0.021920668058455117,6.805512024234221,True,14.0
"Câble capotin 3G2,5",3606.0,68.0377358490566,72.2045604419914,21,ELECTRICITE,270450.0,3.7640918580375784,134.65548366925015,True,248.0
"Câble capotin 3G1,5 MEDHUB",500.0,166.66666666666666,57.735026918962575,0,ELECTRICITE,37500.0,0.5219206680584552,90.25598505485304,True,181.0
Film sablé rouleau 30m,95.0,11.875,14.913440725926202,1,DIVERS,950.0,0.09916492693110647,23.06431557740705,True,45.0
"Câble capotin 3G1,5",504.0,50.4,35.07832505820209,0,ELECTRICITE,37800.0,0.5260960334029228,56.30015982112359,True,113.0
Fiche mâle mobile 3P+N+T 32A MEDHUB,3.0,3.0,0.0,0,ELECTRICITE,30.0,0.003131524008350731,0.021920668058455117,True,0.0
Film sablé rouleau 30m MEDHUB,40.0,20.0,0.0,0,DIVERS,400.0,0.04175365344467641,0.29227557411273486,True,1.0
Teinte de peinture laque noir,419.0,4.319587628865979,4.032540534391692,179,PEINTURE,5028.0,0.4373695198329854,9.110397440418435,False,0.0
Teinte de peinture vinylique noir,191.0,12.733333333333333,17.5721641348171,220,PEINTURE,2292.0,0.19937369519832984,27.75386206861396,False,0.0
Teinte de peinture vinylique bleu,41.0,3.4166666666666665,1.8319554050414564,38,PEINTURE,492.0,0.04279749478079332,3.0475155710277377,False,0.0
Barre anti panique,200.0,50.0,0.0,10,MENUISERIE,4000.0,0.20876826722338204,1.4613778705636742,False,0.0
Teinte de peinture vinylique beige,53.0,3.3125,4.2066415741459755,18,PEINTURE,636.0,0.055323590814196244,6.6972274969183365,False,0.0
Déclencheur Manuel Addressable - Marque :ESSER,41.0,5.125,4.642582409453969,13,INCENDIE,20500.0,0.04279749478079332,7.263456077646508,False,2.0
Fourniture de Switch fin de course à galet,10.0,2.0,0.0,10,MECANIQUE,3500.0,0.010438413361169102,0.07306889352818371,False,0.0
Teinte de peinture laque jaune,14.0,1.0769230769230769,0.2773500981126145,39,PEINTURE,168.0,0.014613778705636743,0.518321598108379,False,0.0
Teinte de peinture laque bleu,146.0,8.588235294117647,9.981600720384305,29,PEINTURE,1752.0,0.1524008350730689,16.03920692608794,False,3.0
Hublot LED 24W,74.0,5.6923076923076925,10.811911759602735,46,ELECTRICITE,5920.0,0.07724425887265135,16.75857745151266,False,0.0
Tambour standard de la porte sectionnelle côté gauche,1.0,1.0,0.0,3,ELECTROMECANIQUE,800.0,0.0010438413361169101,0.0073068893528183704,False,0.0
Tambour standard de la porte sectionnelle côté droite,1.0,1.0,0.0,3,ELECTROMECANIQUE,800.0,0.0010438413361169101,0.0073068893528183704,False,0.0
Adaptateur bande LED,2.0,1.0,0.0,1,ELECTRICITE,90.0,0.0020876826722338203,0.014613778705636741,False,0.0
Vis hexagon socket head cap screw Ø 8,32.0,5.333333333333333,3.011090610836324,1790,DIVERS,96.0,0.033402922755741124,4.750456375544674,False,0.0
Fourniture de tuyau PEHD Ø32MM,96.0,96.0,0.0,24,PLOMBERIE,1920.0,0.10020876826722339,0.7014613778705637,False,0.0
Flexible  évacuation toilette,36.0,1.44,1.1210114480533493,14,PLOMBERIE,864.0,0.037578288100208766,1.9445651887814854,False,0.0
Vis de poignée MALE - FEMELLE,4.0,1.0,0.0,26,MENUISERIE,32.0,0.0041753653444676405,0.029227557411273482,False,0.0
Déclencheur manuel adressable (Marque Techno Fire),8.0,4.0,0.0,12,INCENDIE,4800.0,0.008350730688935281,0.058455114822546964,False,0.0
Déclencheur manuel IQ8MCP (avec socle),9.0,2.25,1.8929694486000912,32,INCENDIE,8451.0,0.009394572025052192,2.905216177075502,False,0.0
Thermomètre de Circuite hydraulique de PAC,1.0,1.0,0.0,7,CLIMATISATION,383.0,0.0010438413361169101,0.0073068893528183704,False,0.0
mousse polyuréthane,112.0,8.615384615384615,13.43216575698338,28,DIVERS,13440.0,0.11691022964509394,20.96662024299073,False,14.0
Groupe hydraulique de QUAI NIVELEUR RH11 ,2.0,1.0,0.0,2,MECANIQUE,33000.0,0.0020876826722338203,0.014613778705636741,False,0.0
Bouchon 40 PVC HP,1.0,1.0,0.0,10,PLOMBERIE,3.0,0.0010438413361169101,0.0073068893528183704,False,0.0
peinture laque 5 kg jaune,2.0,1.0,0.0,13,PEINTURE,340.0,0.0020876826722338203,0.014613778705636741,False,0.0
Bouchon PVC Ø100,23.0,2.090909090909091,2.0714509627092528,12,PLOMBERIE,207.0,0.024008350730688934,3.2752348991787015,False,0.0
Bouchon PVC Ø110,8.0,1.6,0.8944271909999159,13,PLOMBERIE,96.0,0.008350730688935281,1.4000959013224208,False,0.0
Fourniture des étriers de protection pour fontaine,11.0,3.6666666666666665,1.1547005383792515,10,DIVERS,21560.0,0.011482254697286013,1.8124265904498793,False,0.0
Barre antipanique Bricard,1.0,1.0,0.0,3,MENUISERIE,1900.0,0.0010438413361169101,0.0073068893528183704,False,0.0
Bouchon PVC Ø50,5.0,1.0,0.0,3,PLOMBERIE,30.0,0.005219206680584551,0.03653444676409186,False,0.0
Tige fileté Ø16,46.0,6.571428571428571,6.900655593423542,19,DIVERS,1012.0,0.04801670146137787,10.687100300364957,False,2.0
Tige fileté Ø10mm,3.0,1.0,0.0,17,DIVERS,30.0,0.003131524008350731,0.021920668058455117,False,0.0
Tige fileté 1m 6 8 ET 10 Ø,16.0,8.0,5.656854249492381,33,DIVERS,400.0,0.016701461377870562,8.602191603883666,False,0.0
Bouchon PVC Ø75,16.0,1.6,1.2649110640673518,6,PLOMBERIE,144.0,0.016701461377870562,2.0142768257461214,False,0.0
Alimentation Electrique de Sécurité AES 24 Vcc/5 A en coffret avec batteries 24 Ah,1.0,1.0,0.0,1,INCENDIE,8200.0,0.0010438413361169101,0.0073068893528183704,False,0.0
Tige Inox 1M Ø8,1.0,1.0,0.0,36,DIVERS,12.0,0.0010438413361169101,0.0073068893528183704,False,0.0
Bouchon galvanisée -male 3/4- D25,11.0,2.75,1.707825127659933,34,PLOMBERIE,77.0,0.011482254697286013,2.6421134743709014,False,0.0
Flexible 60CM,245.0,2.130434782608696,3.336459251305442,139,PLOMBERIE,98000.0,0.255741127348643,6.794876768398664,False,0.0
TOILETTE ANGLAISE COMPLÈTE MEDHUB,7.0,1.75,0.9574271077563381,5,PLOMBERIE,21000.0,0.007306889352818371,1.4872888871042358,False,0.0
Abattant toilette anglaise standard et suspendu TMSA	,3.0,3.0,0.0,20,PLOMBERIE,6300.0,0.003131524008350731,0.021920668058455117,False,0.0
Fiche mâle et femelle 2P+T // L.A.P - 16A-250v,3.0,3.0,0.0,37,INCENDIE,69.0,0.003131524008350731,0.021920668058455117,False,0.0
AGGLOS,2380.0,396.6666666666667,361.4612934556986,900,CONSTRUCTION,11900.0,2.4843423799582465,559.5823368432556,False,219.0
Flexible gasoil 3/8 F/F simple coude 90° (7m),5.0,1.6666666666666667,0.5773502691896257,1,HYDRAULIQUE,3150.0,0.005219206680584551,0.9025598505485305,False,1.0
Starter S2 PHILPS,596.0,8.514285714285714,25.838261067448943,227,ELECTRICITE,44700.0,0.6221294363256785,43.11229765545317,False,0.0
Starter S10 PHILPS,562.0,22.48,30.319300783494334,54,ELECTRICITE,42150.0,0.5866388308977035,49.585422991525434,False,45.0
Spot encastré circulaire au plafond 260 10W LED IP44,9.0,3.0,1.7320508075688772,85,ELECTRICITE,1080.0,0.009394572025052192,2.6638382155286813,False,0.0
Spot encastré carre au plafond 100X100 10W LED IP44,11.0,2.2,1.6431676725154984,263,ELECTRICITE,1100.0,0.011482254697286013,2.5451272916542496,False,0.0
Huile moteur réf : (15W40 TOTAL),35.0,35.0,0.0,10,HYDRAULIQUE,3675.0,0.03653444676409186,0.255741127348643,False,0.0
Spot LED GU10 7W 6500K MEDHUB,64.0,2.909090909090909,3.115385643163252,18,ELECTRICITE,12480.0,0.06680584551148225,5.140719383325253,False,0.0
Flexible gasoil bague 3/8 *3/8 F/F (3m),2.0,2.0,0.0,6,HYDRAULIQUE,2300.0,0.0020876826722338203,0.014613778705636741,False,0.0
Douille E27,163.0,3.326530612244898,2.6171529943658935,75,ELECTRICITE,8965.0,0.17014613778705637,5.116752456058235,False,0.0
ABATTANT TOILETTE ANGLAISE MEDHUB,29.0,2.6363636363636362,4.272533844751315,12,PLOMBERIE,60900.0,0.030271398747390398,6.620700558358705,False,1.0
Spot &tanche ronde 10W LED IP54,28.0,3.111111111111111,2.260776661041756,57,ELECTRICITE,1400.0,0.029227557411273485,3.595757893441548,False,0.0
Split systéme mural 9000 BTU/h,4.0,1.0,0.0,9,CLIMATISATION,13300.0,0.0041753653444676405,0.029227557411273482,False,0.0
Cable porte sectionnelle,32.0,10.666666666666666,0.5773502691896258,276,MECANIQUE,384.0,0.033402922755741124,1.0998458630746266,False,0.0
Flexible sanitaire Ø 12mm Femelle Femelle 1/2 3/8,17.0,1.1333333333333333,0.3518657752744984,13,PLOMBERIE,374.0,0.017745302713987474,0.6520157819096599,False,0.0
Douille B22,67.0,16.75,22.47035083541569,49,ELECTRICITE,201.0,0.06993736951983298,34.195087839762365,False,19.0
Ballast 150W,2.0,1.0,0.0,9,ELECTRICITE,900.0,0.0020876826722338203,0.014613778705636741,False,0.0
Cadenas,220.0,10.476190476190476,12.568289651416567,42,MENUISERIE,2200.0,0.22964509394572025,20.459950134744894,False,0.0
Douille GU10,328.0,7.627906976744186,6.035700361042081,34,ELECTRICITE,27880.0,0.34237995824634654,11.450210249287547,False,0.0
Douille GU10	,24.0,6.0,6.2182527020592095,59,ELECTRICITE,2040.0,0.025052192066805846,9.502744397556455,False,0.0
Ferme porte avec bras MEDHUB,3.0,1.5,0.7071067811865476,2,MENUISERIE,60.0,0.003131524008350731,1.0825808398382766,False,0.0
Huile hydraulique 68 MEDHUB,5.0,5.0,0.0,45,HYDRAULIQUE,25.0,0.005219206680584551,0.03653444676409186,False,0.0
Drapeau Maroc	,1.0,1.0,0.0,30,DIVERS,1200.0,0.0010438413361169101,0.0073068893528183704,False,0.0
Drapeau Maroc,132.0,2.0307692307692307,3.517675150086838,10,DIVERS,158400.0,0.13778705636743216,6.241022119702283,False,2.0
Boîtier de commande « Inekma » du quai niveleur RH11,1.0,1.0,0.0,1,ELECTRICITE,7000.0,0.0010438413361169101,0.0073068893528183704,False,0.0
T 40 PVC HP,25.0,6.25,4.9916597106239795,10,PLOMBERIE,1200.0,0.026096033402922755,7.670161799756428,False,5.0
Boîtier de commande « Inekma » du quai niveleur télescopique RH21 ,2.0,1.0,0.0,2,ELECTROMECANIQUE,15600.0,0.0020876826722338203,0.014613778705636741,False,0.0
T 110 PVC HP,45.0,11.25,4.5,44,PLOMBERIE,3600.0,0.04697286012526096,7.078810020876826,False,0.0
Vérins télescopiques standards simple effet,7.0,2.3333333333333335,0.5773502691896258,4,HYDRAULIQUE,83300.0,0.007306889352818371,0.9171736292541675,False,0.0
White spirit 5L,446.0,2.3850267379679146,2.7260965780846202,50,PEINTURE,6690.0,0.46555323590814196,7.348017518483925,False,0.0
Y pvc Ø75,11.0,1.375,0.7440238091428449,30,PLOMBERIE,143.0,0.011482254697286013,1.1964114965952695,False,0.0
Flexible gasoil 3/8 F/F 50cm,2.0,1.0,0.0,2,HYDRAULIQUE,106.0,0.0020876826722338203,0.014613778705636741,False,0.0
T  75 PEHD HP,1.0,1.0,0.0,19,PLOMBERIE,10.0,0.0010438413361169101,0.0073068893528183704,False,0.0
Brique rouge,515.0,257.5,222.73863607376248,1920,CONSTRUCTION,515.0,0.5375782881002088,337.8710021273452,False,0.0
Brosse métallique pour brossage bordure,1.0,1.0,0.0,3,DIVERS,15.0,0.0010438413361169101,0.0073068893528183704,False,0.0
Huile hydraulique 46,5.0,5.0,0.0,95,HYDRAULIQUE,25.0,0.005219206680584551,0.03653444676409186,False,0.0
Abattant  sanitaire suspendu,3.0,1.0,0.0,7,PLOMBERIE,0.0,0.003131524008350731,0.021920668058455117,False,0.0
ATS sans coupure,17.0,1.2142857142857142,0.42581531362631997,1,ELECTRICITE,127823.0,0.017745302713987474,0.7629400894373922,False,1.0
Support de prise double 45*45,2.0,2.0,0.0,4,ELECTRICITE,36.0,0.0020876826722338203,0.014613778705636741,False,0.0
Barrette 100PCS 4mm²   ,34.0,1.619047619047619,0.9734572654303052,17,ELECTRICITE,2380.0,0.03549060542797495,1.7086201361412825,False,0.0
Baguette de brasure de l'acier,6.0,6.0,0.0,25,MECANIQUE,90.0,0.006263048016701462,0.04384133611691023,False,0.0
lampe LED B22,59.0,2.4583333333333335,4.393465173628221,43,ELECTRICITE,590.0,0.061586638830897704,7.021304232258615,False,0.0
Bobine d'électrovanne 230V électrique d'électrovanne,8.0,2.0,1.1547005383792515,7,ELECTROMECANIQUE,3920.0,0.008350730688935281,1.7905059223914241,False,0.0
"Ventouses électromagné tiques de maintien des portillons ""EM 500 G , avec embase""",6.0,2.0,0.0,2,ELECTROMECANIQUE,10200.0,0.006263048016701462,0.04384133611691023,False,0.0
Interrupteur bouton poussoir,10.0,10.0,0.0,20,ELECTRICITE,40.0,0.010438413361169102,0.07306889352818371,False,0.0
Té retube femelle Ø16*1/2,26.0,1.7333333333333334,1.4375905768565216,5,PLOMBERIE,650.0,0.027139874739039668,2.3463649884580597,False,0.0
Armaflex bande d'isolation autoadhésif,1.0,1.0,0.0,9,CLIMATISATION,260.0,0.0010438413361169101,0.0073068893528183704,False,0.0
Armaflex ACE Tapis d'isolation autoadhésif,4.0,2.0,0.0,6,CLIMATISATION,1740.0,0.0041753653444676405,0.029227557411273482,False,0.0
Fourniture de conduite en PVC Ø75MM,18.0,9.0,4.242640687119285,132,PLOMBERIE,540.0,0.018789144050104383,6.495485039029658,False,0.0
Filtre hydraulique de retour HF 7906,3.0,1.0,0.0,1,HYDRAULIQUE,2490.0,0.003131524008350731,0.021920668058455117,False,0.0
ECROUS Ø8,510.0,42.5,57.56972057664278,214,DIVERS,306.0,0.5323590814196242,90.08109443490153,False,0.0
Té pvc Ø75,7.0,2.3333333333333335,1.5275252316519468,26,PLOMBERIE,105.0,0.007306889352818371,2.342436072947649,False,0.0
Té pvc Ø32,1.0,1.0,0.0,4,PLOMBERIE,8.0,0.0010438413361169101,0.0073068893528183704,False,0.0
Té pvc Ø110,4.0,1.0,0.0,16,PLOMBERIE,96.0,0.0041753653444676405,0.029227557411273482,False,0.0
Fusible 125A - AM Ø22*58,1.0,1.0,0.0,3,ELECTRICITE,120.0,0.0010438413361169101,0.0073068893528183704,False,0.0
Anti gel 50% MEDHUB,70.0,23.333333333333332,5.773502691896257,20,MECANIQUE,395.5,0.07306889352818371,9.171736292541672,False,0.0
Té polyéthylène Ø63,3.0,1.0,0.0,83,PLOMBERIE,60.0,0.003131524008350731,0.021920668058455117,False,0.0
Té polyéthylène Ø50,6.0,6.0,0.0,1,PLOMBERIE,108.0,0.006263048016701462,0.04384133611691023,False,0.0
Té polyéthylène Ø40,3.0,1.5,0.7071067811865476,37,PLOMBERIE,45.0,0.003131524008350731,1.0825808398382766,False,0.0
"Té polyéthylène Ø32*1"" FEMELLE",2.0,1.0,0.0,18,PLOMBERIE,84.0,0.0020876826722338203,0.014613778705636741,False,0.0
Ecrou de boulon M8,336.0,56.0,66.54922989787335,108,DIVERS,336.0,0.35073068893528186,102.278959669357,False,97.0
Ventilateur axial 230 VAC,3.0,1.0,0.0,1,ELECTRICITE,6600.0,0.003131524008350731,0.021920668058455117,False,0.0
Té polyéthylène Ø25,2.0,1.0,0.0,6,PLOMBERIE,20.0,0.0020876826722338203,0.014613778705636741,False,0.0
Vase d'expansion de Circuite hydraulique de PAC,2.0,1.0,0.0,1,CLIMATISATION,4176.0,0.0020876826722338203,0.014613778705636741,False,0.0
Vanne polyéthylène Ø 63,10.0,3.3333333333333335,3.214550253664318,29,PLOMBERIE,500.0,0.010438413361169102,4.8948942740246615,False,0.0
Vanne metalique Ø50,6.0,3.0,1.4142135623730951,31,PLOMBERIE,690.0,0.006263048016701462,2.165161679676553,False,0.0
Vanne metalique Ø 25,1.0,1.0,0.0,3,PLOMBERIE,80.0,0.0010438413361169101,0.0073068893528183704,False,0.0
Embout en plastique,90.0,45.0,21.213203435596427,70,DIVERS,40.5,0.09394572025052192,32.47742519514829,False,0.0
Enduit façade,2509.0,26.135416666666668,14.69021858005607,218,PEINTURE,30108.0,2.6189979123173277,40.3683132563054,False,0.0
Batterie de démarrage 12v-180Ah-1100A avec leur connectiques (sans entretien),8.0,2.0,0.0,4,ELECTRICITE,13600.0,0.008350730688935281,0.058455114822546964,False,0.0
Elément filtrant 0280 D010 BN4HC du Filtre de pression,6.0,1.0,0.0,2,HYDRAULIQUE,9900.0,0.006263048016701462,0.04384133611691023,False,0.0
Batterie de démarrage 12v-75Ah-720A avec leur connectiques (sans entretien),4.0,2.0,0.0,2,ELECTRICITE,3096.0,0.0041753653444676405,0.029227557411273482,False,0.0
Electrovanne de quai niveleur 24 v AC 31 VA,8.0,1.1428571428571428,0.3779644730092272,3,ELECTROMECANIQUE,9600.0,0.008350730688935281,0.6254018243363877,False,0.0
Armature LED 100W MEDHUB,60.0,15.0,5.773502691896258,10,ELECTRICITE,1200.0,0.06263048016701461,9.09866739901349,False,8.0
Ecrous Ø16mm,128.0,32.0,39.02136167109839,172,DIVERS,281.6,0.1336116910229645,59.467324343808336,False,0.0
Ecrous Ø12mm,100.0,100.0,0.0,200,DIVERS,150.0,0.10438413361169102,0.7306889352818371,False,0.0
Bloc autonome d'éclairage,33.0,2.0625,2.3514180118955172,11,ELECTRICITE,6171.0,0.03444676409185804,3.768254366486282,False,0.0
Bloc autonome d'éclairage de sécurité,28.0,5.6,4.277849927241488,10,ELECTRICITE,7000.0,0.029227557411273485,6.621367792741147,False,3.0
Vachette porte verre,1.0,1.0,0.0,2,MENUISERIE,770.0,0.0010438413361169101,0.0073068893528183704,False,0.0
Vachette de porte en aluminium 5 cm,11.0,1.1,0.31622776601683794,23,MENUISERIE,979.0,0.011482254697286013,0.554717431906259,False,0.0
cheville plastique D08,140.0,46.666666666666664,5.773502691896258,10,DIVERS,11200.0,0.14613778705636743,9.68321854723896,False,9.0
Té polyéthylène Ø25*3/4 FEMELLE,3.0,1.0,0.0,17,PLOMBERIE,114.0,0.003131524008350731,0.021920668058455117,False,0.0
ECROUS Ø18,30.0,30.0,0.0,470,DIVERS,66.0,0.031315240083507306,0.21920668058455114,False,0.0
Vanne service de purgeur de Circuite hydraulique de PAC,1.0,1.0,0.0,9,CLIMATISATION,140.0,0.0010438413361169101,0.0073068893528183704,False,0.0
"Baguette brasure cuivre auto-décapante, diamètre 3 mm",2.0,2.0,0.0,18,CLIMATISATION,140.0,0.0020876826722338203,0.014613778705636741,False,0.0
hublot ronde étanche,57.0,1.7272727272727273,1.2316839913490207,47,ELECTRICITE,1653.0,0.059498956158663886,2.2640186801341784,False,0.0
Fiche prise 2P+T 16A industrielle souple male marque famatel,17.0,1.8888888888888888,1.8333333333333333,5,ELECTRICITE,442.0,0.017745302713987474,2.874217118997912,False,1.0
Détecteur de mouvement encastré MEDHUB,7.0,1.4,0.8944271909999159,2,ELECTRICITE,70.0,0.007306889352818371,1.3927890119696025,False,1.0
Tube PPR Ø32,9.0,4.5,2.1213203435596424,4,PLOMBERIE,162.0,0.009394572025052192,3.247742519514829,False,2.0
Tube PPR 32,32.0,10.666666666666666,1.1547005383792515,12,PLOMBERIE,160.0,0.033402922755741124,1.965871266859065,False,0.0
Fourniture d'armoire électrique,4.0,4.0,0.0,2,ELECTRICITE,18000.0,0.0041753653444676405,0.029227557411273482,False,0.0
Tube LED (T8) 9W 6500K	,28.0,14.0,8.48528137423857,30,ELECTRICITE,3360.0,0.029227557411273485,12.93251496323677,False,0.0
Tube LED (T8) 9W 6500K,1098.0,8.578125,23.298004164123068,143,ELECTRICITE,131760.0,1.1461377870563674,42.96997075557917,False,0.0
Tube LED (T8) 18W 6500K MEDHUB,120.0,12.0,6.599663291074443,14,ELECTRICITE,14400.0,0.12526096033402923,10.77632165894987,False,8.0
Tube LED (T8) 18W 6500K	,1163.0,13.523255813953488,20.452370346841892,291,ELECTRICITE,139560.0,1.2139874739039667,39.17646783759061,False,0.0
Tube LED (T8) 18W 6500K,6.0,2.0,0.0,227,ELECTRICITE,180.0,0.006263048016701462,0.04384133611691023,False,0.0
kit de fixation de robinet de lavabo,21.0,1.3125,0.47871355387816905,11,PLOMBERIE,252.0,0.021920668058455117,0.8715150072264394,False,0.0
Tube 75 PVC HP,58.0,6.444444444444445,4.216370213557839,12,PLOMBERIE,2900.0,0.060542797494780795,6.748354902800225,False,1.0
Tube 75 PEHDHP,131.0,26.2,23.08029462550251,94,PLOMBERIE,1310.0,0.13674321503131523,35.57764444347297,False,0.0
Gond à vis epiton rond,141.0,14.1,12.151360234786702,62,DIVERS,423.0,0.14718162839248433,19.257311750927446,False,0.0
Détecteur de chaleur thermostatique interactif IQ8Quad TM (Marque Esser),2.0,1.0,0.0,8,INCENDIE,1300.0,0.0020876826722338203,0.014613778705636741,False,0.0
Tube 40 PEHD HP,330.0,55.0,80.60521074967797,399,PLOMBERIE,3300.0,0.3444676409185804,123.31908961094702,False,0.0
Y pvc Ø50,6.0,1.0,0.0,11,PLOMBERIE,18.0,0.006263048016701462,0.04384133611691023,False,0.0
"Faux plafond suspandu 1,350*300MM*19MM",34.0,8.5,5.066228051190222,16,DIVERS,2720.0,0.03549060542797495,7.847776314781156,False,0.0
Fusible 80A - AM  Ø22*58,3.0,1.5,0.7071067811865476,5,ELECTRICITE,39.0,0.003131524008350731,1.0825808398382766,False,0.0
FLEXIBLE 60CM MEDHUB,21.0,1.3125,1.0144785195688801,20,PLOMBERIE,8400.0,0.021920668058455117,1.6751624557625062,False,0.0
"Fusible ACR, tipo NT 1. In=125A. 500V- 50Hz. gL. 120kA",2.0,1.0,0.0,4,CLIMATISATION,192.0,0.0020876826722338203,0.014613778705636741,False,0.0
ECROUS Ø14,204.0,68.0,55.42562584220407,296,DIVERS,408.0,0.21294363256784968,84.62904419128105,False,0.0
ECROUS Ø10,268.0,44.666666666666664,42.19320640419103,450,DIVERS,321.6,0.2797494780793319,65.24805595284187,False,0.0
Tube multicouches RETUBE MEDHUB,1.0,1.0,0.0,15,PLOMBERIE,10.0,0.0010438413361169101,0.0073068893528183704,False,0.0
Tube multicouches RETUBE,748.0,44.0,55.61249859518992,172,PLOMBERIE,7480.0,0.7807933194154488,88.88430112869302,False,6.0
Détecteurs optiques CAP320,4.0,4.0,0.0,11,INCENDIE,1344.0,0.0041753653444676405,0.029227557411273482,False,0.0
Verrou porte manuel,88.0,2.1463414634146343,2.2974004397335275,43,MENUISERIE,39600.0,0.0918580375782881,4.089106922648308,False,0.0
Boite mural de prise carrée,12.0,1.7142857142857142,1.2535663410560174,2,ELECTRICITE,96.0,0.012526096033402923,1.9680321838178465,False,2.0
Détecteurs optique de fumée FDO500 (avec socle),6.0,3.0,1.4142135623730951,7,INCENDIE,1980.0,0.006263048016701462,2.165161679676553,False,0.0
Détecteurs optique adressable CAP112A (avec socle),5.0,2.5,0.7071067811865476,10,INCENDIE,2395.0,0.005219206680584551,1.0971946185439132,False,0.0
Gaz 134 12 KG,3.0,3.0,0.0,1,CLIMATISATION,60.0,0.003131524008350731,0.021920668058455117,False,0.0
"câble électrique U1000 R2V 5G2,5mm",100.0,100.0,0.0,200,ELECTRICITE,2800.0,0.10438413361169102,0.7306889352818371,False,0.0
Verrou porte manuel	TMSA,2.0,2.0,0.0,70,MENUISERIE,900.0,0.0020876826722338203,0.014613778705636741,False,0.0
Détecteur thermo vélocimétrique adressable TFDA-TR1 (Marque Techno Fire),2.0,2.0,0.0,8,INCENDIE,1000.0,0.0020876826722338203,0.014613778705636741,False,0.0
Détecteur optiques CAP112,3.0,3.0,0.0,1,INCENDIE,1440.0,0.003131524008350731,0.021920668058455117,False,0.0
Anodes sacrificielles boulonnées en Zinc type NZ3,2.0,2.0,0.0,8,ELECTRONIQUE,2900.0,0.0020876826722338203,0.014613778705636741,False,0.0
Verrou porte manuel MEDHUB,4.0,1.3333333333333333,0.5773502691896257,8,MENUISERIE,1800.0,0.0041753653444676405,0.8952529611957121,False,0.0
Y pvc Ø40,3.0,1.5,0.7071067811865476,14,PLOMBERIE,9.0,0.003131524008350731,1.0825808398382766,False,0.0
Cylindre de serrure spécial 8CM,76.0,1.4074074074074074,1.6992619765209116,8,MENUISERIE,11400.0,0.07933194154488518,3.1042165555955634,False,0.0
Cadenas passe partout clidor y compris clés,51.0,5.1,6.332456079595025,165,DIVERS,6885.0,0.05323590814196242,9.871335476386275,False,0.0
Condensateur de démarrage,28.0,1.4736842105263157,0.9048278567177281,7,CLIMATISATION,168.0,0.029227557411273485,1.5618346869555066,False,0.0
Prise RJ45 LAP,1.0,1.0,0.0,4,ELECTRICITE,25.0,0.0010438413361169101,0.0073068893528183704,False,0.0
Condensateur de démarrage de 30 µf ,3.0,1.0,0.0,27,CLIMATISATION,96.0,0.003131524008350731,0.021920668058455117,False,0.0
Condensateur de démarrage de 35 µf ,8.0,1.1428571428571428,0.37796447300922725,30,CLIMATISATION,256.0,0.008350730688935281,0.6254018243363878,False,0.0
Condensateur de marche de ventilo convecteur,1.0,1.0,0.0,4,CLIMATISATION,87.0,0.0010438413361169101,0.0073068893528183704,False,0.0
Câble en acier galvanisé de porte sectionnelle Ø4mm/ML ,165.0,13.75,9.677762701631554,220,ELECTROMECANIQUE,1155.0,0.1722338204592902,15.722280795662362,False,0.0
Connecteur pour câble torsadé - CEGELEC -,7.0,3.5,2.1213203435596424,25,ELECTRICITE,126.0,0.007306889352818371,3.2331287408091924,False,0.0
Connecteur pour detecteur inductif,3.0,1.0,0.0,6,ELECTROMECANIQUE,702.0,0.003131524008350731,0.021920668058455117,False,0.0
Câble en acier de diamètre 4mm,70.0,10.0,3.2145502536643185,430,MECANIQUE,350.0,0.07306889352818371,5.333307635193764,False,0.0
Pompe de surculation d'eau glacée de Circuite hydraulique de PAC,2.0,1.0,0.0,2,CLIMATISATION,11484.0,0.0020876826722338203,0.014613778705636741,False,0.0
Contacteur de démarrage du compresseur de PAC,1.0,1.0,0.0,3,CLIMATISATION,1010.0,0.0010438413361169101,0.0073068893528183704,False,0.0
Manomètre de pression de Circuite hydraulique de PAC,3.0,1.5,0.7071067811865476,5,CLIMATISATION,471.0,0.003131524008350731,1.0825808398382766,False,0.0
Poignée porte coupe-feu,3.0,1.5,0.7071067811865476,7,DIVERS,2250.0,0.003131524008350731,1.0825808398382766,False,0.0
Contre bardage lot 120 (similaire à l'existant),6.0,6.0,0.0,6,DIVERS,2016.0,0.006263048016701462,0.04384133611691023,False,0.0
Poignée porte bois (Pair),6.0,3.0,0.0,12,MENUISERIE,2790.0,0.006263048016701462,0.04384133611691023,False,0.0
Manomètre à glycérine 0 - 16 bar Boîtier en acier 1/4,12.0,1.5,0.7559289460184544,9,HYDRAULIQUE,1476.0,0.012526096033402923,1.221576091261502,False,0.0
Poignée fenêtre aluminium  MEDHUB,21.0,5.25,5.909032633745278,10,MENUISERIE,7560.0,0.021920668058455117,9.016993627027103,False,8.0
Poignée fenêtre aluminium,128.0,5.12,8.043216603656358,19,MENUISERIE,46080.0,0.1336116910229645,13.000106742645288,False,7.0
Mastic acrylique transparent  élastique,22.0,2.75,2.1876275473019366,27,DIVERS,3080.0,0.022964509394572025,3.4421928867149094,False,0.0
Matériel déporté adressable MD4L (Marque Esser),1.0,1.0,0.0,1,INCENDIE,12000.0,0.0010438413361169101,0.0073068893528183704,False,0.0
Module BR100 « AVS électronic »,1.0,1.0,0.0,1,INCENDIE,1482.0,0.0010438413361169101,0.0073068893528183704,False,0.0
Cosse 35,61.0,10.166666666666666,11.754431788336971,27,ELECTRICITE,427.0,0.06367432150313153,18.077367933027375,False,9.0
Poignée aluminium (Pair) MEDHUB,51.0,4.25,6.017021310793693,28,MENUISERIE,33150.0,0.05323590814196242,9.398183323184275,False,0.0
Poignée aluminium (Pair)	,5.0,1.6666666666666667,0.5773502691896257,32,MENUISERIE,3250.0,0.005219206680584551,0.9025598505485305,False,0.0
Plâtre en poudre,1096.0,18.896551724137932,16.75906631320075,179,CONSTRUCTION,1096.0,1.1440501043841336,33.14695020049007,False,0.0
Cosse 95,1.0,1.0,0.0,120,ELECTRICITE,7.0,0.0010438413361169101,0.0073068893528183704,False,0.0
Prise de courant 2P+T blanc,179.0,8.523809523809524,18.51653058112952,104,ELECTRICITE,1790.0,0.18684759916492694,29.08272906584877,False,0.0
Prise de courant apparent IP55 2P+T,53.0,2.12,2.3151673805580453,105,ELECTRICITE,530.0,0.055323590814196244,3.8600162065364416,False,0.0
Diluant D44 toluene,200.0,5.128205128205129,4.730525102595778,250,PEINTURE,4000.0,0.20876826722338204,8.557165524457343,False,0.0
Prise de courant encastré IP55 2P+T,37.0,3.0833333333333335,4.010403138505321,32,ELECTRICITE,259.0,0.038622129436325675,6.2859596138122615,False,0.0
Diluant 5L,294.0,2.5565217391304347,2.2679742268865204,151,PEINTURE,4116.0,0.3068893528183716,5.550186810058381,False,0.0
Raccord union femelle,82.0,6.833333333333333,12.013880860626733,23,PLOMBERIE,820.0,0.08559498956158663,18.619986217871205,False,14.0
Raccord retube chrome 20*1/2 Male,2.0,1.0,0.0,7,PLOMBERIE,32.0,0.0020876826722338203,0.014613778705636741,False,0.0
Raccord retube chrome 20*1/2 Femelle,3.0,1.0,0.0,4,PLOMBERIE,90.0,0.003131524008350731,0.021920668058455117,False,0.0
Raccord polyéthylène Ø63,19.0,9.5,7.7781745930520225,170,PLOMBERIE,475.0,0.019832985386221295,11.806092787281584,False,0.0
Colliers de serrage noir 2.5X200M (100 pcs),23.0,5.75,4.112987559751022,8,INCENDIE,460.0,0.024008350730688934,6.337539794741355,False,5.0
Detecteur chaleur thermovelocimetrique IQ8QUADTD interactif ESSER NF,4.0,1.0,0.0,16,INCENDIE,1790.0,0.0041753653444676405,0.029227557411273482,False,0.0
Raccord polyéthylène Ø20,3.0,1.5,0.7071067811865476,3,PLOMBERIE,24.0,0.003131524008350731,1.0825808398382766,False,0.0
Mamelon plastique mâle-mâle 1/2,5.0,1.6666666666666667,0.5773502691896257,36,PLOMBERIE,100.0,0.005219206680584551,0.9025598505485305,False,0.0
Flexible hydraulique 1/4 « 400 Bar,29.0,1.2608695652173914,0.619192384874173,8,HYDRAULIQUE,11950.0,0.030271398747390398,1.1406883685429925,False,0.0
ROBINET DE SERVICE MEDHUB,5.0,1.25,0.5,10,PLOMBERIE,800.0,0.005219206680584551,0.7865344467640919,False,0.0
Mamelon reduction 3/4 1/2,2.0,1.0,0.0,121,PLOMBERIE,24.0,0.0020876826722338203,0.014613778705636741,False,0.0
Purgeur de Circuite hydraulique de PAC,1.0,1.0,0.0,9,CLIMATISATION,105.0,0.0010438413361169101,0.0073068893528183704,False,0.0
Condensateur 06 µf,12.0,1.2,0.4216370213557839,10,CLIMATISATION,228.0,0.012526096033402923,0.7201382042674963,False,0.0
Condensateur 08 µf,1.0,1.0,0.0,29,CLIMATISATION,19.0,0.0010438413361169101,0.0073068893528183704,False,0.0
Condensateur 10 µf,19.0,2.7142857142857144,2.984084768360628,27,CLIMATISATION,665.0,0.019832985386221295,4.614958050244492,False,0.0
Condensateur 25 µf,1.0,1.0,0.0,18,CLIMATISATION,55.0,0.0010438413361169101,0.0073068893528183704,False,0.0
Condensateur 30 µf,5.0,1.0,0.0,2,CLIMATISATION,195.0,0.005219206680584551,0.03653444676409186,False,0.0
Condensateur 35 µf,10.0,1.25,0.7071067811865476,5,CLIMATISATION,390.0,0.010438413361169102,1.1337290653080052,False,0.0
Projecteur CAPLED FL150W,20.0,20.0,0.0,20,ELECTRICITE,22000.0,0.020876826722338204,0.14613778705636743,False,0.0
Manchon polyéthylène Ø25,5.0,1.25,0.5,28,PLOMBERIE,150.0,0.005219206680584551,0.7865344467640919,False,0.0
Manchon à sertir en aluminium ,31.0,6.2,3.6331804249169903,41,ELECTROMECANIQUE,589.0,0.032359081419624215,5.676284207312856,False,0.0
Condensateur courant,64.0,5.818181818181818,4.468068527186704,17,CLIMATISATION,19200.0,0.06680584551148225,7.169743709360431,False,0.0
"Manchon â sertir de diamétre 16,25,35 mm2",31.0,6.2,1.3038404810405297,37,ELECTRICITE,186.0,0.032359081419624215,2.1822742914981643,False,0.0
Prise de sol 220V,3.0,3.0,0.0,4,ELECTRICITE,1140.0,0.003131524008350731,0.021920668058455117,False,0.0
Plaque de signalisation sanitaire,34.0,34.0,0.0,60,PLOMBERIE,510.0,0.03549060542797495,0.24843423799582465,False,0.0
"Câble capotin 3G2,5	",10.0,1.0,0.0,10,ELECTRICITE,750.0,0.010438413361169102,0.07306889352818371,False,0.0
Moteur de quai niveleur,2.0,1.0,0.0,1,ELECTROMECANIQUE,4000.0,0.0020876826722338203,0.014613778705636741,False,0.0
Moteur pour portail MR300/CR/MVF110,8.0,1.0,0.0,4,ELECTROMECANIQUE,179200.0,0.008350730688935281,0.058455114822546964,False,0.0
POIGNÉE PORTE BOIS (PAIR) MEDHUB,11.0,3.6666666666666665,3.7859388972001824,10,MENUISERIE,5115.0,0.011482254697286013,5.7592841286812755,False,2.0
Coude retube égale Ø16 égale,14.0,2.3333333333333335,1.0327955589886444,13,PLOMBERIE,196.0,0.014613778705636743,1.6514897894224239,False,0.0
Paire de cosses pour batteries,7.0,3.5,2.1213203435596424,18,ELECTRICITE,658.0,0.007306889352818371,3.2331287408091924,False,0.0
"Cuivre avec arma Flex 1/2, 1/4 rouleau 20m MEDHUB",1.0,1.0,0.0,1,CLIMATISATION,50.0,0.0010438413361169101,0.0073068893528183704,False,0.0
Paumelle de porte bois,13.0,1.3,0.6749485577105528,5,MENUISERIE,78.0,0.013569937369519834,1.107412398152468,False,0.0
Paumelle aluminium,168.0,3.574468085106383,3.041343244794141,63,MENUISERIE,21504.0,0.17536534446764093,5.789572278464697,False,0.0
Paumelle INOX,102.0,11.333333333333334,12.757350822173073,31,MENUISERIE,1020.0,0.10647181628392484,19.881328947247084,False,9.0
Parachute pour rail 52x26mm,6.0,2.0,0.0,2,MECANIQUE,7200.0,0.006263048016701462,0.04384133611691023,False,0.0
Parachute cable,13.0,1.8571428571428572,0.37796447300922725,11,MECANIQUE,5850.0,0.013569937369519834,0.6619362711004797,False,0.0
Panneaux sandwich pour porte sectionnelle  dimensions 5000X600X40,2.0,2.0,0.0,1,MECANIQUE,5800.0,0.0020876826722338203,0.014613778705636741,False,0.0
Panneaux sandwich pour porte sectionnelle  dimensions 3500X600X80,2.0,2.0,0.0,4,MECANIQUE,5000.0,0.0020876826722338203,0.014613778705636741,False,0.0
Panneau sandwich Stucco,6.0,3.0,1.4142135623730951,4,MECANIQUE,11400.0,0.006263048016701462,2.165161679676553,False,0.0
Panneau sandwich Standard,4.0,2.0,1.4142135623730951,9,MECANIQUE,7600.0,0.0041753653444676405,2.1505479009709165,False,0.0
Culotte  110 PVC HP,5.0,1.6666666666666667,1.1547005383792517,5,PLOMBERIE,435.0,0.005219206680584551,1.7685852543329694,False,0.0
Panneau inférieur avec profilé et joint bas 3500/600 mm,1.0,1.0,0.0,18,MECANIQUE,2800.0,0.0010438413361169101,0.0073068893528183704,False,0.0
Panneau de porte sectionelle,1.0,1.0,0.0,21,MECANIQUE,2660.0,0.0010438413361169101,0.0073068893528183704,False,0.0
"Panneau ""Vitesse -40-""",1.0,1.0,0.0,3,PANNEAUX DE SIGNALISATION,700.0,0.0010438413361169101,0.0073068893528183704,False,0.0
Culotte 110 PVC HP,18.0,3.6,2.3021728866442674,7,PLOMBERIE,1566.0,0.018789144050104383,3.5847833383171315,False,0.0
"Panneau ""Obligation ""flèche""",1.0,1.0,0.0,1,PANNEAUX DE SIGNALISATION,700.0,0.0010438413361169101,0.0073068893528183704,False,0.0
Culotte 40 45 CPVC HP,23.0,5.75,5.737304826019502,10,PLOMBERIE,28.75,0.024008350730688934,8.774015694144074,False,8.0
Culotte 45 125 PVC HP,19.0,3.8,2.6832815729997477,6,PLOMBERIE,1140.0,0.019832985386221295,4.163753257203171,False,2.0
Panel led carré 3 w,37.0,2.0555555555555554,1.055641551364534,29,ELECTRICITE,1110.0,0.038622129436325675,1.853817233101081,False,0.0
Culotte 45 40 PVC HP,1.0,1.0,0.0,14,PLOMBERIE,60.0,0.0010438413361169101,0.0073068893528183704,False,0.0
Culotte 45 40 PVC HP MEDHUB,1.0,1.0,0.0,10,PLOMBERIE,60.0,0.0010438413361169101,0.0073068893528183704,False,0.0
"Cylindre de serrure TC6 (7,5CM)",14.0,2.3333333333333335,2.8047578623950176,6,DIVERS,3360.0,0.014613778705636743,4.309433244531983,False,3.0
Peinture de traçage rouge 25KG,5.0,2.5,2.1213203435596424,10,PEINTURE,5500.0,0.005219206680584551,3.218514962103556,False,0.0
Peinture de traçage vert 25KG,1.0,1.0,0.0,3,PEINTURE,1100.0,0.0010438413361169101,0.0073068893528183704,False,0.0
Peinture galvanisée à froid,135.0,13.5,17.328524974093373,120,PEINTURE,5940.0,0.1409185803757829,26.97921752377054,False,0.0
Coude 90 40 PVC HP,29.0,2.9,3.071373199943851,24,PLOMBERIE,36.25,0.030271398747390398,4.818959591147509,False,0.0
Cosse à sertir  D25 MEDHUB,4.0,4.0,0.0,12,ELECTRICITE,20.0,0.0041753653444676405,0.029227557411273482,False,0.0
Moulure auto-adhesive,138.0,13.8,10.891382934330341,61,ELECTRICITE,12006.0,0.1440501043841336,17.34542513218445,False,0.0
Coude 45 110 PVC HP,69.0,4.3125,4.362243306679106,52,PLOMBERIE,2346.0,0.0720250521920668,7.047540325363127,False,0.0
Multiprises rackable,8.0,2.0,0.0,14,ELECTRICITE,1994.0,0.008350730688935281,0.058455114822546964,False,0.0
Coude 45 40 PVC HP,14.0,2.8,1.4832396974191326,62,PLOMBERIE,476.0,0.014613778705636743,2.3271559970681563,False,0.0
Câble acier 4mm,22.0,11.0,1.4142135623730951,210,MECANIQUE,110.0,0.022964509394572025,2.282071909321647,False,0.0
Mécanisme chasse d'eau pour WC standard et suspendu,157.0,1.4403669724770642,1.480935594296605,9,PLOMBERIE,109900.0,0.1638830897703549,3.3685850198373917,False,0.0
Coude 90 110 PEHD HP,100.0,50.0,0.0,20,PLOMBERIE,1000.0,0.10438413361169102,0.7306889352818371,False,0.0
Coude 90 110 PVC HP,33.0,4.125,2.948970764763288,52,PLOMBERIE,1122.0,0.03444676409185804,4.664583495787938,False,0.0
Mécanisme chasse d'eau pour WC standard et suspendu	,2.0,1.0,0.0,35,PLOMBERIE,1400.0,0.0020876826722338203,0.014613778705636741,False,0.0
Mécanisme chasse d'eau pour WC standard et suspendu MEDHUB,27.0,1.2857142857142858,0.9023778112773575,8,PLOMBERIE,18900.0,0.028183716075156576,1.5508527294421321,False,0.0
Coude polyéthylène Ø20 EGAL,9.0,1.8,1.3038404810405297,25,PLOMBERIE,225.0,0.009394572025052192,2.02152272573616,False,0.0
Peinture laque 20 KG blanc,337.0,2.261744966442953,2.288029877056284,94,PEINTURE,229160.0,0.35177453027139877,5.894466527484218,False,0.0
Coude polyéthylène Ø20 MAL,13.0,1.625,0.7440238091428449,7,PLOMBERIE,325.0,0.013569937369519834,1.211025275300906,False,0.0
Plaque alvéolaires en polycarbonate ep 10mm,1.0,1.0,0.0,2,DIVERS,2500.0,0.0010438413361169101,0.0073068893528183704,False,0.0
Coude polyéthylène Ø40,3.0,1.0,0.0,22,PLOMBERIE,51.0,0.003131524008350731,0.021920668058455117,False,0.0
PARAF.24KV NORMAL 610MM YH10W-24KVE2,1.0,1.0,0.0,1,ELECTRICITE,2100.0,0.0010438413361169101,0.0073068893528183704,False,0.0
Pistolet de lavage a haute pression KPS 65,1.0,1.0,0.0,1,PLOMBERIE,1250.0,0.0010438413361169101,0.0073068893528183704,False,0.0
Peinture trottoir rouge 25KG,16.0,2.0,1.7728105208558367,13,PEINTURE,16000.0,0.016701461377870562,2.776126010928849,False,0.0
Peinture trottoir blanc 25KG,27.0,2.4545454545454546,3.2973818815428815,14,PEINTURE,27000.0,0.028183716075156576,5.143358834840418,False,0.0
PEINTURE GLYCEROPHTALIQUE MATE,367.0,17.476190476190474,20.461229307202068,44,PEINTURE,10276.0,0.38308977035490605,33.37347235328745,False,23.0
Peinture laque 5 KG vert,2.0,2.0,0.0,30,PEINTURE,340.0,0.0020876826722338203,0.014613778705636741,False,0.0
Coude pvc  Ø110/87°,32.0,4.0,4.20883424647321,11,PLOMBERIE,512.0,0.033402922755741124,6.547071829000004,False,2.0
Coude pvc  Ø50/45°,18.0,1.6363636363636365,0.8090398349558905,4,PLOMBERIE,234.0,0.018789144050104383,1.3450837607845665,False,0.0
Collier Ø35 atlas,2.0,2.0,0.0,26,DIVERS,24.0,0.0020876826722338203,0.014613778705636741,False,0.0
Raccord union égale,21.0,2.625,1.8468119248354136,10,PLOMBERIE,210.0,0.021920668058455117,2.9236625636623064,False,0.0
Interrupteur double allumage,10.0,1.25,0.7071067811865476,2,ELECTRICITE,120.0,0.010438413361169102,1.1337290653080052,False,0.0
Serrure porte BOIS TMSA,1.0,1.0,0.0,10,MENUISERIE,420.0,0.0010438413361169101,0.0073068893528183704,False,0.0
Joint fibre 3/4 clim,4.0,4.0,0.0,126,CLIMATISATION,16.0,0.0041753653444676405,0.029227557411273482,False,0.0
Joint robinet 3/4,5.0,1.6666666666666667,0.5773502691896257,9,PLOMBERIE,5.0,0.005219206680584551,0.9025598505485305,False,0.0
Serrure CLIDOR,22.0,1.0,0.0,32,MENUISERIE,3564.0,0.022964509394572025,0.16075156576200417,False,0.0
Serrure CF réversible,10.0,1.4285714285714286,0.5345224838248488,2,MECANIQUE,4000.0,0.010438413361169102,0.8748526192654569,False,0.0
Disjoncteur divisionnaire 25A 2 pôles 220V,20.0,20.0,0.0,5,ELECTRICITE,200.0,0.020876826722338204,0.14613778705636743,False,0.0
Selecteur a clé,8.0,1.3333333333333333,0.816496580927726,2,ELECTRICITE,448.0,0.008350730688935281,1.283199986214136,False,1.0
Kit Joint 1/2 3/4 2/8,11.0,5.5,6.363961030678928,43,PLOMBERIE,22.0,0.011482254697286013,9.626317328899393,False,0.0
Kit de deux butoirs en acier,5.0,1.0,0.0,1,MECANIQUE,25000.0,0.005219206680584551,0.03653444676409186,False,0.0
Kit de fixation pour cuvette standard,32.0,4.571428571428571,3.6903993847614407,34,PLOMBERIE,96.0,0.033402922755741124,5.769419536432348,False,0.0
Scotch aluminium haut température,5.0,5.0,0.0,5,CLIMATISATION,435.0,0.005219206680584551,0.03653444676409186,False,0.0
Charnière en acier de 3 mm d'épaisseur,1.0,1.0,0.0,19,MECANIQUE,300.0,0.0010438413361169101,0.0073068893528183704,False,0.0
Sable de mer 50 KG,88.0,3.52,1.8055470085267789,37,CONSTRUCTION,2640.0,0.0918580375782881,3.351326775838185,False,0.0
SIKA LATEX,4.0,4.0,0.0,52,CONSTRUCTION,240.0,0.0041753653444676405,0.029227557411273482,False,0.0
Kit de fixation réglable pour lavabo,119.0,7.0,8.463155439905378,120,PLOMBERIE,1785.0,0.12421711899791232,13.564252992843453,False,0.0
Chauffeau électrique 30L,25.0,1.1363636363636365,0.3512500866571044,3,PLOMBERIE,87500.0,0.026096033402922755,0.7095473638061158,False,0.0
Chauffeau électrique 30L  MEDHUB,2.0,1.0,0.0,3,PLOMBERIE,7000.0,0.0020876826722338203,0.014613778705636741,False,0.0
Réglette étanch 1Xtube LED 127 Cm 1x25W classe M0,10.0,1.25,0.4629100498862757,2,ELECTRICITE,2300.0,0.010438413361169102,0.7674339683575973,False,0.0
"Réglette Philips 600mm, Réf: WT198C LED19S/865 PSU L600",22.0,7.333333333333333,10.96965511460289,98,ELECTRICITE,7700.0,0.022964509394572025,16.615234237666343,False,0.0
"Réglette Philips 1200mm, Réf: WT120 G2 LED40S/840 PSU L1200 ",22.0,7.333333333333333,5.8594652770823155,40,ELECTRICITE,10560.0,0.022964509394572025,8.949949481385477,False,0.0
Réglette LED 2x18W Etanche MEDHUB,39.0,3.25,2.8643577734887544,16,ELECTRICITE,975.0,0.0407098121085595,4.581505344993048,False,0.0
Kit douchette WC avec accessoires,74.0,2.242424242424242,2.121766702395421,83,PLOMBERIE,26640.0,0.07724425887265135,3.723359865701691,False,0.0
Cheville Embase,400.0,33.333333333333336,34.90593420070923,1230,DIVERS,24000.0,0.4175365344467641,55.2816570421912,False,0.0
Kit douchette WC avec accessoires	,1.0,1.0,0.0,35,PLOMBERIE,360.0,0.0010438413361169101,0.0073068893528183704,False,0.0
"Réduction laiton à visser MF 1""-3/4",5.0,1.6666666666666667,0.5773502691896258,31,PLOMBERIE,130.0,0.005219206680584551,0.9025598505485307,False,0.0
"Réduction laiton à visser MF  1"" - 1/2",6.0,1.5,1.0,8,PLOMBERIE,138.0,0.006263048016701462,1.5438413361169103,False,0.0
Joint d'étanchéité latéral pour porte sectionnelle,6.0,3.0,0.0,61,ELECTROMECANIQUE,60.0,0.006263048016701462,0.04384133611691023,False,0.0
Cylindre de serrure de condamnation,151.0,1.641304347826087,2.5830449777160216,9,MENUISERIE,9060.0,0.15762004175365343,4.977907758849606,False,1.0
Reducteur pvc 110*40,9.0,4.5,4.949747468305833,34,PLOMBERIE,144.0,0.009394572025052192,7.490383206634114,False,0.0
Serrure porte en aluminium MEDHUB,26.0,4.333333333333333,5.163977794943222,14,MENUISERIE,11700.0,0.027139874739039668,7.935945815588112,False,2.0
Cadres Legrand 4P,1.0,1.0,0.0,3,ELECTRICITE,25.0,0.0010438413361169101,0.0073068893528183704,False,0.0
Capteur de pression de circuit hydraulique de PAC,1.0,1.0,0.0,2,CLIMATISATION,1427.0,0.0010438413361169101,0.0073068893528183704,False,0.0
Capteur numérique de marque Giropes de 40 Tonnes,2.0,2.0,0.0,2,ELECTRONIQUE,7000.0,0.0020876826722338203,0.014613778705636741,False,0.0
Interrupteur double allumage blanc MEDHUB,1.0,1.0,0.0,3,ELECTRICITE,2.5,0.0010438413361169101,0.0073068893528183704,False,0.0
Capteur numérique de marque Precia CDL de 30 Tonnes,8.0,8.0,0.0,2,ELECTRONIQUE,88000.0,0.008350730688935281,0.058455114822546964,False,0.0
Distributeur serviette zigzag INOX,16.0,1.3333333333333333,0.778498944161523,6,PLOMBERIE,29600.0,0.016701461377870562,1.2846586458873783,False,0.0
Distributeur savon liquide plastique MEDHUB,26.0,2.6,1.2649110640673518,19,PLOMBERIE,15600.0,0.027139874739039668,2.087345719274305,False,0.0
Distributeur savon liquide INOX TMSA,4.0,1.3333333333333333,0.5773502691896258,7,PLOMBERIE,2800.0,0.0041753653444676405,0.8952529611957123,False,0.0
Siphon de sol anti-odeur inoxydable MEDHUB,1.0,1.0,0.0,19,PLOMBERIE,60.0,0.0010438413361169101,0.0073068893528183704,False,0.0
Siphon de sol anti-odeur inoxydable,62.0,10.333333333333334,19.4593593591019,43,PLOMBERIE,3720.0,0.06471816283924843,29.64206617852759,False,16.0
Siphon de sol  plastique 20*20 Sans cache,1.0,1.0,0.0,2,PLOMBERIE,40.0,0.0010438413361169101,0.0073068893528183704,False,0.0
Distributeur savon liquide INOX MEDHUB,13.0,1.1818181818181819,0.4045199174779452,15,PLOMBERIE,9100.0,0.013569937369519834,0.7017694378035566,False,0.0
Distributeur savon liquide INOX,320.0,1.6161616161616161,1.8995434701705103,35,PLOMBERIE,224000.0,0.33402922755741127,5.187519798157645,False,0.0
Siphon de sol  inox 15*15,33.0,2.0625,1.8427786989579986,8,PLOMBERIE,3960.0,0.03444676409185804,3.0052953970800043,False,0.0
Siphon de sol  inox 10*10,35.0,1.8421052631578947,1.344253526630914,9,PLOMBERIE,3325.0,0.03653444676409186,2.272121417295014,False,0.0
Siphon de lavabo MEDHUB,13.0,1.4444444444444444,0.5270462766947299,13,PLOMBERIE,2080.0,0.013569937369519834,0.8855589766287337,False,0.0
Siphon de lavabo,158.0,1.6288659793814433,1.757837139479852,55,PLOMBERIE,25280.0,0.1649269311064718,3.7912442269650803,False,0.0
Carte électronique de moteur porte sectionnelle référence (UST 1KL),4.0,1.0,0.0,4,ELECTROMECANIQUE,16000.0,0.0041753653444676405,0.029227557411273482,False,0.0
Interrupteur simple allumage MEDHUB,18.0,3.0,2.280350850198276,16,ELECTRICITE,180.0,0.018789144050104383,3.5520502836481445,False,0.0
Interrupteur simple allumage blanc,80.0,26.666666666666668,17.559422921421234,36,ELECTRICITE,800.0,0.08350730688935282,26.92368553035732,False,18.0
Interrupteur simple allumage encastré,30.0,1.3636363636363635,0.6579516949597689,2,ELECTRICITE,840.0,0.031315240083507306,1.2061342230242045,False,0.0
Distributeur papier hygiénique Inox,269.0,2.514018691588785,2.8495762213277893,23,PLOMBERIE,228650.0,0.2807933194154488,6.239917567899826,False,0.0
Interrupteur simple allumage étanche apparent,24.0,1.263157894736842,0.5619514869490163,10,ELECTRICITE,528.0,0.025052192066805846,1.0182925748911653,False,0.0
Serrure porte en bois,148.0,3.0833333333333335,3.9455514046232905,33,MENUISERIE,62160.0,0.1544885177453027,6.9997467311520545,False,0.0
Serrure porte en aluminium TMSA,2.0,2.0,0.0,23,MENUISERIE,900.0,0.0020876826722338203,0.014613778705636741,False,0.0
Kit douchette WC avec accessoires MEDHUB,7.0,1.0,0.0,16,PLOMBERIE,2520.0,0.007306889352818371,0.0511482254697286,False,0.0
Réduction PVC Ø75-50,3.0,1.5,0.7071067811865476,3,PLOMBERIE,18.0,0.003131524008350731,1.0825808398382766,False,0.0
Réduction PVC Ø75-40,10.0,3.3333333333333335,4.041451884327381,10,PLOMBERIE,60.0,0.010438413361169102,6.135246720019255,False,2.0
Réduction PVC Ø100/40,6.0,1.0,0.0,7,PLOMBERIE,66.0,0.006263048016701462,0.04384133611691023,False,0.0
Robinet équerre,107.0,2.018867924528302,5.212745349465525,24,PLOMBERIE,17120.0,0.11169102296450939,8.600955184949854,False,0.0
Robinet équaire 1/2*3/4,22.0,2.2,1.3165611772087666,6,PLOMBERIE,1540.0,0.022964509394572025,2.135593331575154,False,0.0
Robinet temporisé vasque ,1.0,1.0,0.0,6,PLOMBERIE,0.0,0.0010438413361169101,0.0073068893528183704,False,0.0
Disjoncteur différentiel 32 A 300mA 4 Pôles 380V,2.0,2.0,0.0,1,ELECTRICITE,20.0,0.0020876826722338203,0.014613778705636741,False,0.0
Lampe P38 18W,4.0,2.0,1.4142135623730951,4,ELECTRICITE,700.0,0.0041753653444676405,2.1505479009709165,False,0.0
Coiffe d'acrotère lot 120 (similaire à l'existant),8.0,8.0,0.0,4,DIVERS,3360.0,0.008350730688935281,0.058455114822546964,False,0.0
Robinet douche mitigeur avec accessoires MEDHUB,7.0,1.1666666666666667,0.408248290463863,11,PLOMBERIE,4760.0,0.007306889352818371,0.6635206611655231,False,0.0
Robinet douche mitigeur avec accessoires,89.0,2.966666666666667,3.9955434944562866,12,PLOMBERIE,60520.0,0.09290187891440502,6.6436283940852645,False,1.0
Colle PVC,62.0,1.1272727272727272,0.5790971726347275,9,PLOMBERIE,16120.0,0.06471816283924843,1.3216728988268303,False,0.0
Colle bois,6.0,1.0,0.0,14,MENUISERIE,432.0,0.006263048016701462,0.04384133611691023,False,0.0
Robinet cuisine mitigeur (Mur) MEDHUB,1.0,1.0,0.0,8,PLOMBERIE,750.0,0.0010438413361169101,0.0073068893528183704,False,0.0
Robinet cuisine mitigeur (Mur),15.0,3.0,3.9370039370059056,11,PLOMBERIE,11250.0,0.015657620041753653,6.015109245801134,False,1.0
Robinet OM,15.0,1.1538461538461537,0.554700196225229,1,PLOMBERIE,1275.0,0.015657620041753653,0.9416536346301192,False,1.0
Colle pour carrelage,200.0,100.0,0.0,50,PEINTURE,240.0,0.20876826722338204,1.4613778705636742,False,0.0
Lampe projecteur 150w RS7,1.0,1.0,0.0,79,ELECTRICITE,160.0,0.0010438413361169101,0.0073068893528183704,False,0.0
Collier de fixation tube Ø100,1.0,1.0,0.0,11,PLOMBERIE,10.0,0.0010438413361169101,0.0073068893528183704,False,0.0
Revit  ,20.0,20.0,0.0,150,DIVERS,20.0,0.020876826722338204,0.14613778705636743,False,0.0
Collier de fixation tube Ø110,5.0,1.6666666666666667,0.5773502691896257,7,PLOMBERIE,60.0,0.005219206680584551,0.9025598505485305,False,0.0
Collier de fixation tube Ø50,7.0,3.5,3.5355339059327378,7,PLOMBERIE,35.0,0.007306889352818371,5.354449084368835,False,4.0
Ressort gauche standard de porte sectionnelle,1.0,1.0,0.0,2,MECANIQUE,1993.0,0.0010438413361169101,0.0073068893528183704,False,0.0
Collier de fixation tube Ø75,10.0,2.0,1.414213562373095,3,PLOMBERIE,80.0,0.010438413361169102,2.194389237087826,False,1.0
Lampe projecteur 70W,19.0,19.0,0.0,2,ELECTRICITE,1520.0,0.019832985386221295,0.13883089770354906,False,0.0
Lampe projecteur 70w RS7,1.0,1.0,0.0,49,ELECTRICITE,140.0,0.0010438413361169101,0.0073068893528183704,False,0.0
Lampes LED B22 15W 6500K,419.0,2.205263157894737,2.568629157836399,183,ELECTRICITE,4190.0,0.4373695198329854,6.914530375585496,False,0.0
Lampes LED B22 15W 6500K	,1.0,1.0,0.0,60,ELECTRICITE,10.0,0.0010438413361169101,0.0073068893528183704,False,0.0
Ciment blanc,28.0,4.0,7.937253933193772,47,CONSTRUCTION,1624.0,0.029227557411273485,12.110473801669572,False,0.0
Robinet équerre MEDHUB,33.0,2.2,2.8081514000698546,9,PLOMBERIE,5280.0,0.03444676409185804,4.453354448747788,False,0.0
Ciment CPJ45 sac de 50KG,201.0,2.7162162162162162,6.271309470370448,57,CONSTRUCTION,15678.0,0.20981210855949894,10.875648965472164,False,0.0
Roulette petite axe de porte sectionnelle ,23.0,3.2857142857142856,3.6839419880650364,11,ELECTROMECANIQUE,1495.0,0.024008350730688934,5.693971437212377,False,0.0
Cheville metallique Ø 12,241.0,10.041666666666666,10.101567535123777,120,DIVERS,482.0,0.25156576200417535,16.913311636714894,False,0.0
Réduction 40/32 double sortie PEHD,38.0,4.75,4.652188425123938,136,PLOMBERIE,380.0,0.03966597077244259,7.2559444330930045,False,0.0
La graisse à base de lithium EP2 MEDHUB,20.0,10.0,0.0,10,MECANIQUE,100.0,0.020876826722338204,0.14613778705636743,False,0.0
Réduction 100/75 double sortie PEHD,15.0,7.5,9.192388155425117,25,PLOMBERIE,150.0,0.015657620041753653,13.898185573429952,False,3.0
Ruban de téflon,130.0,1.1304347826086956,0.40871512685476713,14,PLOMBERIE,44200.0,0.13569937369519833,1.562968306148539,False,0.0
Cheville métallique Ø20x80 avec tige filetée à expansion,24.0,4.8,2.2803508501982757,76,ELECTROMECANIQUE,672.0,0.025052192066805846,3.5958916197650543,False,0.0
Ruban adhésif électricien (scotch) (noir-jaune-vert-rouge),20.0,6.666666666666667,2.8867513459481287,10,INCENDIE,200.0,0.020876826722338204,4.47626480597856,False,0.0
Ruban adhésif noire MEDHUB,77.0,3.08,3.740766409886259,33,ELECTRICITE,50050.0,0.08037578288100208,6.173780094996403,False,0.0
Ruban adhésif noire,432.0,2.823529411764706,5.486967390600281,30,ELECTRICITE,280800.0,0.4509394572025052,11.387027286317958,False,0.0
Ruban adhésif aluminium,145.0,4.142857142857143,2.756200039086819,9,CLIMATISATION,8700.0,0.151356993736952,5.193799014788892,False,1.0
Lampe LED B22 15W 6500K MEDHUB,41.0,3.4166666666666665,3.1466673086799553,22,ELECTRICITE,410.0,0.04279749478079332,5.019583426485486,False,0.0
Roulette petite axe de porte sectionnelle,3.0,1.5,0.7071067811865476,15,MECANIQUE,480.0,0.003131524008350731,1.0825808398382766,False,0.0
Ciment CPJ35 sac de 50KG,221.0,3.507936507936508,7.993693110464702,43,CONSTRUCTION,11492.0,0.23068893528183715,13.605362212669913,False,0.0
Roulements de guidage pour passerelle piétonne ZRS 00363,1.0,1.0,0.0,9,MECANIQUE,4500.0,0.0010438413361169101,0.0073068893528183704,False,0.0
Cheville plastique Ø 12,861.0,20.5,23.649111776235443,832,DIVERS,68880.0,0.8987473903966597,41.76489939712978,False,0.0
Cheville plastique Ø08,1248.0,33.729729729729726,44.515695514583925,218,DIVERS,97075.0,1.302713987473904,75.89254118419322,False,0.0
Roue de portail-FORTE CHARGE 350KG,1.0,1.0,0.0,14,DIVERS,450.0,0.0010438413361169101,0.0073068893528183704,False,0.0
Roue de portail - Forte charge 400KG,6.0,2.0,0.0,15,DIVERS,3600.0,0.006263048016701462,0.04384133611691023,False,0.0
Roue de portail - Forte charge 300KG,62.0,1.7714285714285714,0.8075276096432458,44,DIVERS,21700.0,0.06471816283924843,1.6643185543396077,False,0.0
Cheville plastique Ø10,986.0,24.048780487804876,41.30674958134093,185,DIVERS,63200.0,1.0292275574112735,69.1647172738903,False,0.0
Rondelle Ø16mm,218.0,24.22222222222222,31.25211103980729,90,DIVERS,218.0,0.22755741127348644,48.47106843862534,False,7.0
Rondelle Ø12mm,172.0,24.571428571428573,34.539142736211346,128,DIVERS,120.4,0.17954070981210857,53.06549907300178,False,0.0
Lampe LED E27 15W  6500K	,18.0,9.0,1.4142135623730951,320,ELECTRICITE,4500.0,0.018789144050104383,2.2528443519103734,False,0.0
Lampe LED E27 15W 6500K MEDHUB,22.0,2.2,1.5491933384829668,20,ELECTRICITE,5500.0,0.022964509394572025,2.4845415734864544,False,0.0
ROBINET LAVABO MITIJEUR MEDHUB,20.0,1.4285714285714286,1.0894095588038444,11,PLOMBERIE,16400.0,0.020876826722338204,1.780252125262134,False,0.0
